task_id,cells
f_ccd66f233790827829f8,"[[5, 1], [5, 2], [5, 4], [6, 1], [6, 2], [6, 3], [6, 4]]"
f_f821b57b91a91c9f50c6,"[[2, 0], [3, 0], [3, 1], [3, 2], [3, 3]]"
f_4ad62a49f2f3d7cce51a,"[[1, 0], [1, 1], [1, 2], [1, 3], [1, 4], [1, 5], [6, 2]]"
f_2ade353bd8f26f72e39b,"[[1, 0], [2, 0], [3, 0], [3, 1], [3, 2], [3, 3], [4, 0]]"
f_3fbdc54e794756bf85e3,"[[1, 2], [2, 1], [2, 2], [2, 4], [3, 1], [3, 2], [3, 4]]"
f_f8e3f02c02554a8a9933,"[[2, 0], [2, 1], [2, 3], [5, 0], [5, 1], [5, 3]]"
f_0266012b18e532091ce4,"[[1, 0], [1, 1], [2, 0], [2, 1]]"
f_80c7e1315adfb7f1c21d,"[[4, 2], [5, 0], [5, 2], [5, 4], [6, 0], [6, 2], [6, 4]]"
f_376bcac90fd5fb84f557,"[[2, 1], [2, 2], [2, 3], [2, 4], [4, 1], [4, 2], [4, 3], [4, 4]]"
f_f3d1164bb8d818f1120b,"[[1, 0], [1, 1], [2, 0], [2, 1], [3, 0], [3, 1], [3, 3]]"
f_fcca17f13b2dd0d459cb,"[[0, 0], [0, 1], [0, 2], [1, 1], [1, 2]]"
f_1e981bb2549d64578895,"[[2, 0], [2, 2], [2, 4], [3, 0], [3, 2], [3, 3], [4, 0], [4, 2], [4, 3]]"
f_a2a9f0eec2a95f2683d0,"[[1, 0], [1, 1], [1, 2], [1, 3], [1, 5], [2, 0], [2, 1], [2, 2], [2, 3], [2, 5]]"
f_329efb1e4a32ec7809f0,"[[11, 0], [12, 0], [13, 0], [14, 0], [15, 0], [16, 0], [17, 0], [18, 0], [18, 1], [18, 2], [18, 4], [18, 5]]"
f_39c094269b1784083616,"[[4, 0], [4, 1], [4, 2], [4, 3], [6, 0], [6, 1], [6, 2]]"
f_ab799d1c999c694fc296,"[[2, 2], [2, 4], [5, 2], [5, 4], [8, 1], [8, 4], [9, 3]]"
f_a00298afad81898f5c95,"[[6, 0], [6, 1], [6, 2], [7, 0], [7, 1], [7, 2], [9, 0], [9, 1], [9, 2]]"
f_ee848769cb998997a608,"[[2, 2], [3, 0], [3, 1], [3, 2]]"
f_9bd92cdecc80fc31e785,"[[1, 0], [1, 1], [1, 2], [1, 4], [1, 5], [1, 6]]"
f_4c0b24ddb0d46c21dbe9,"[[6, 0], [6, 1], [6, 2], [7, 0], [7, 1], [7, 2], [13, 0], [13, 1], [13, 2]]"
f_b0a8b30ad89faf146c09,"[[2, 0], [3, 0], [4, 0], [5, 0], [6, 0], [7, 0], [8, 0], [9, 0], [10, 0], [11, 0], [12, 0], [13, 0], [14, 0], [15, 0], [16, 0], [17, 0], [18, 0], [19, 0], [20, 4], [20, 5], [20, 7], [20, 8], [20, 9]]"
f_60e03b406e1bbf8e4c23,"[[8, 1], [8, 2], [8, 3], [12, 1], [12, 2], [12, 3]]"
f_f534a243e66b3dd59ed5,"[[5, 3], [7, 1], [7, 2]]"
f_bd1d19686504f8a44251,"[[26, 4], [27, 4], [28, 3], [28, 4], [29, 3], [29, 4], [30, 3], [30, 4]]"
f_60d2835f9b0314839a16,"[[12, 0], [13, 0], [13, 1], [13, 3], [13, 4], [13, 5], [14, 0], [14, 1]]"
f_a0643a547a7255ff54f0,"[[3, 1], [4, 0], [4, 1], [4, 2], [5, 1], [5, 2], [6, 1], [6, 2], [7, 1], [7, 2]]"
f_b8dabfa9789de6afd52c,"[[9, 0], [9, 1], [9, 2]]"
f_850dc3574813a2109fdb,"[[19, 3], [20, 0], [20, 1], [20, 2], [20, 3]]"
f_85cc4c1520ec36882199,"[[14, 0], [15, 0], [15, 2], [15, 3], [16, 0], [17, 0]]"
f_5bac2c48c7f45068ba4a,"[[2, 0], [3, 0], [3, 2], [3, 3]]"
f_e04bbf8dd2c6025e0b69,"[[2, 0], [3, 0], [4, 0], [5, 0], [6, 0], [7, 0], [8, 0], [9, 0], [10, 0], [11, 0], [12, 1]]"
f_bc3f1964e4c54f8d9e29,"[[1, 0], [1, 1], [1, 3]]"
f_622710528c1811ed9163,"[[13, 0], [14, 0], [15, 0], [15, 1], [15, 2]]"
f_fb3636f1ffefb9ad9c44,"[[1, 0], [2, 0], [3, 0], [4, 0], [5, 0], [6, 0], [7, 0], [8, 0], [9, 0], [10, 0], [11, 0], [12, 0], [13, 0], [14, 0], [15, 0], [16, 3], [16, 4], [16, 5], [16, 6], [16, 7]]"
f_c6952d3a3ae7b72d81c1,"[[4, 0], [4, 1], [7, 0], [7, 1], [10, 0], [10, 1], [11, 0], [11, 1]]"
f_eaa9642c4ee6cc89bb78,"[[3, 0], [3, 1], [3, 2], [4, 1], [4, 2], [5, 0], [5, 1], [5, 2]]"
f_04a3571dca2e76ac1f54,"[[1, 0], [3, 0]]"
f_f72393e4ed01eaa7ae66,"[[13, 0], [13, 1], [13, 2]]"
f_06d3654a30beabff2199,"[[0, 0], [6, 2], [6, 3]]"
f_b06381321559802fbe9e,"[[6, 0], [6, 1], [6, 2], [7, 0], [7, 1], [7, 2], [8, 0], [8, 1], [8, 2], [9, 0], [9, 1], [9, 2], [10, 2]]"
f_4fa0ad90b74763c44d11,"[[1, 3], [2, 3], [3, 3], [4, 3], [5, 3], [6, 3], [7, 3], [8, 3], [9, 1], [9, 2], [9, 3], [9, 4], [10, 3], [11, 1], [11, 3], [12, 1], [12, 2], [12, 3], [12, 4]]"
f_b1892d6cd91c031aec44,"[[1, 0], [1, 1], [1, 2], [1, 3], [1, 4], [2, 0], [2, 1], [2, 2], [2, 3], [2, 4]]"
f_9017b0613ff7b4730cd0,"[[2, 0], [4, 0], [4, 2], [8, 0], [8, 2]]"
f_899c23c1ff997f796327,"[[1, 1], [1, 4], [2, 2]]"
f_5b4accfcb9d3b7d3c386,"[[6, 0], [6, 2], [7, 0], [7, 2], [8, 0], [8, 1], [8, 2], [8, 3], [8, 4], [9, 0]]"
f_9c0e518cf67a23652658,"[[21, 0], [22, 4], [22, 5], [22, 6], [22, 7]]"
f_c91582c973e3ad7d4ab7,"[[4, 0], [4, 1], [5, 0], [5, 1], [6, 0], [6, 1], [7, 0], [7, 1], [8, 0], [8, 1], [8, 2], [8, 3], [8, 4]]"
f_b27c168cf092fad0522d,"[[26, 3], [26, 4], [26, 6], [26, 9], [26, 10], [27, 3]]"
f_f638ebd30d171c323291,"[[1, 0], [1, 1], [1, 2], [1, 3], [2, 0], [2, 1], [2, 2], [2, 3], [3, 0], [3, 1], [3, 2], [3, 3], [4, 0]]"
f_51fe378382d026e4b12a,"[[4, 0], [4, 1], [4, 2], [4, 3], [5, 0], [5, 1], [5, 2], [5, 3], [6, 0], [6, 1], [6, 2], [6, 3], [7, 0], [7, 1], [7, 2], [7, 3]]"
f_3e82e4cd797d2a0bab92,"[[1, 1], [2, 1], [2, 2], [2, 3]]"
f_5755a25f256422704e13,"[[9, 0], [10, 0], [10, 1], [10, 2], [10, 3], [10, 4]]"
f_7d2056f036d60e83d6ca,"[[2, 0], [3, 0], [4, 0], [5, 0], [6, 0], [7, 0], [7, 2], [8, 0], [8, 1], [8, 2], [9, 0], [9, 2]]"
f_2f88ae25ed7948157a52,"[[2, 0], [2, 1], [2, 3], [12, 1], [12, 3]]"
f_f5799f7cc87fbc06de7d,"[[1, 0], [1, 1], [1, 2]]"
f_b298f9e2c6b2d5c7bf1a,"[[3, 0], [3, 1], [3, 3], [4, 0], [4, 1], [4, 3], [4, 4], [5, 0], [5, 1], [5, 3], [5, 4]]"
f_0070b860c643ea07b601,"[[23, 0], [23, 1], [23, 2], [23, 3]]"
f_e4430c3a830704898721,"[[5, 3], [6, 0], [6, 1], [6, 2], [6, 3], [7, 0], [7, 3]]"
f_416f69aaa72f4432911b,"[[2, 0], [2, 1], [2, 2], [3, 0], [3, 1], [3, 2], [4, 1]]"
f_5700d47a4b82e592e28c,"[[2, 0], [2, 1], [2, 3], [3, 0], [3, 1], [3, 3], [4, 0], [5, 0], [5, 1], [5, 3], [6, 0], [6, 1], [6, 3], [8, 0], [8, 1], [8, 3]]"
f_4da1659a8be9ee855d8a,"[[2, 0], [2, 1], [2, 2], [2, 7], [3, 0], [3, 1], [3, 7], [4, 1], [4, 7]]"
f_f520062476718f1b6781,"[[9, 0], [9, 1], [9, 2], [10, 0], [10, 1], [10, 2], [11, 0], [11, 1], [11, 2]]"
f_95ecd36ede63f3cd2e4a,"[[2, 1], [3, 0], [3, 1], [3, 12], [4, 12]]"
f_451a1f9e2186d7100e39,"[[7, 0], [7, 1], [7, 2], [7, 3], [8, 0], [8, 1], [8, 2], [8, 3]]"
f_a4e6aaf80a56992463b8,"[[1, 2], [1, 3], [1, 4], [2, 2], [2, 3], [2, 4], [3, 2], [3, 3], [3, 4]]"
f_c4511c14ca217978d975,"[[9, 0], [10, 0], [11, 0], [11, 1], [11, 2]]"
f_316c336efad91e502a8e,"[[8, 0], [8, 1], [8, 2], [11, 0], [11, 1], [11, 2]]"
f_8724a1fc02b7b593129b,"[[3, 1], [3, 2], [4, 1], [4, 2], [5, 1], [5, 2], [6, 1], [6, 2], [7, 1], [7, 2], [8, 1], [8, 2], [9, 1], [9, 2], [10, 1], [10, 2], [11, 1], [11, 2], [12, 0], [12, 1], [12, 2], [12, 4], [13, 1], [13, 2], [14, 1], [14, 2], [15, 1], [15, 2], [16, 1], [16, 2], [17, 0], [17, 1], [17, 2], [17, 3], [18, 1], [18, 2]]"
f_75f810f340e8d91faadf,"[[10, 0], [10, 1], [10, 2], [11, 0], [12, 1]]"
f_a147a69af2d6bb131941,"[[18, 0], [19, 0], [19, 1], [19, 2], [20, 0], [21, 0]]"
f_c161fb67d1d5292ed3d6,"[[21, 0], [22, 0], [22, 1], [22, 2], [22, 3], [22, 4], [23, 0], [23, 1], [23, 2], [23, 3], [23, 4]]"
f_6e4bc50a5ec295edd49a,"[[12, 0], [13, 0], [13, 1], [13, 2]]"
f_b8fee3dd00c6f814738e,"[[0, 0], [0, 2], [1, 2]]"
f_45c3d192a095f0d945e9,"[[4, 0], [4, 1], [4, 2], [4, 3], [18, 0], [18, 1], [18, 2], [18, 3]]"
f_09841e0428ba9ab78481,"[[1, 2], [1, 3], [2, 2], [2, 3], [3, 2], [3, 3], [4, 2], [4, 3], [5, 2], [5, 3], [6, 2], [6, 3], [7, 2], [7, 3], [8, 2], [8, 3], [9, 2], [9, 3], [10, 0], [10, 1], [10, 2], [10, 3], [11, 1], [11, 2], [11, 3], [12, 1], [12, 2], [12, 3], [13, 1], [13, 2], [13, 3], [14, 1], [14, 2], [14, 3]]"
f_2f07b572fcb33539bd18,"[[2, 0], [2, 1], [2, 2], [2, 3], [5, 0], [5, 1], [5, 2], [5, 3]]"
f_b0b3a6bf4146bf143d2e,"[[16, 8], [17, 0], [17, 3], [19, 8], [22, 0], [22, 3]]"
f_537988ce9b60d8a79221,"[[2, 0], [2, 1], [2, 3], [3, 0], [4, 0], [4, 1], [5, 0]]"
f_f1bb33288f81927ce4c4,"[[1, 0], [1, 2], [1, 3], [1, 4], [6, 0], [6, 2], [6, 3], [6, 4], [7, 2], [7, 3], [7, 4], [8, 2], [8, 3], [8, 4]]"
f_d26cd10ff820a686672b,"[[3, 0], [3, 2], [3, 4], [3, 5], [4, 0], [5, 0], [6, 0], [6, 2], [6, 4], [6, 5], [7, 0], [8, 0]]"
f_57a043c72aa3bfc5ce1c,"[[14, 0], [15, 0], [16, 0], [16, 1], [16, 4], [16, 5]]"
f_7806d7ac5f81a16cf64b,"[[5, 0], [6, 0], [6, 1], [6, 3], [6, 4], [7, 0]]"
f_01cf2b025908f3af25a9,"[[1, 2], [1, 3], [1, 4], [2, 2], [2, 4]]"
f_da71a0f913b852d20abd,"[[2, 0], [2, 3], [2, 4], [2, 5], [3, 0], [3, 3], [3, 4], [3, 5]]"
f_0840aec6072cebe7d3d9,"[[1, 0], [1, 1], [1, 2], [1, 4], [16, 0], [16, 1], [16, 2], [16, 4]]"
f_657f8f25fd37e2ef929a,"[[6, 0], [6, 1], [6, 2], [6, 3], [7, 0], [7, 1], [7, 2], [7, 3]]"
f_946ed430d124f090b7b9,"[[1, 0], [1, 1], [1, 4], [2, 0], [2, 1], [2, 4]]"
f_6c62108d34012523a7da,"[[1, 1], [1, 2], [23, 1], [23, 2], [24, 1], [24, 2], [24, 3], [24, 4], [24, 5], [24, 6]]"
f_fe83cfda4761b886bb47,"[[1, 0], [1, 2], [1, 3], [1, 4], [1, 5]]"
f_e40b54abc97ab6935044,"[[5, 0], [5, 1], [5, 2], [6, 0], [6, 1], [6, 2]]"
f_ccbf9850909d8884ce08,"[[1, 0], [2, 0], [2, 1], [2, 2], [2, 3]]"
f_6cf4432652b781e0a6c5,"[[13, 1], [13, 2], [14, 1]]"
f_216d2e52a58d87592ecf,"[[1, 1], [27, 1], [28, 0], [28, 1], [29, 3], [29, 4], [29, 5], [29, 6]]"
f_38c2662714d0722431b0,"[[1, 1], [1, 3], [2, 1], [2, 3]]"
f_3a9ffe4734e79d63757f,"[[1, 0], [1, 1], [1, 2], [1, 4], [2, 1], [4, 1]]"
f_27a7bdbec9a4e6865bf6,"[[2, 4], [3, 1], [3, 3], [3, 4]]"
f_79b42000f10ef4f5f9e8,"[[6, 0], [7, 0], [8, 0], [8, 1], [8, 2], [8, 3]]"
f_fb11c283cb575dbd35e9,"[[10, 0], [11, 0], [11, 1], [11, 2], [12, 0], [13, 0], [14, 0], [14, 1], [15, 0], [16, 0]]"
f_834712297e15009c01fa,"[[3, 0], [3, 3], [3, 5], [4, 0], [4, 3], [4, 5]]"
f_10c752c94c7c29f3555c,"[[6, 0], [6, 1], [6, 2], [10, 0], [10, 1], [10, 2], [11, 0], [11, 1], [11, 2]]"
f_80dab8f9691cac2f7d95,"[[4, 2], [5, 2], [6, 2], [7, 2], [8, 2], [9, 2], [10, 2], [11, 0], [11, 1], [11, 2], [12, 1], [12, 2]]"
f_9a05ecbdb777ae14a639,"[[5, 0], [5, 1], [6, 0], [6, 1]]"
f_bd00be1cb5056638af92,"[[10, 0], [10, 2]]"
f_21cacc22694a7118f81b,"[[2, 0], [2, 2], [3, 0], [3, 2], [4, 0], [4, 2]]"
f_44afd657da3703cb8b46,"[[1, 0], [1, 1], [1, 2], [1, 3], [1, 4], [1, 5]]"
f_52243af1d293965b4f06,"[[7, 0], [7, 1], [7, 3], [8, 0], [8, 1], [8, 3], [9, 0], [9, 1], [9, 3], [9, 4]]"
f_16f38c19ed3da982d71f,"[[1, 2], [1, 4], [2, 2], [2, 4]]"
f_8023e3f1087cf95c03c8,"[[1, 1], [1, 2], [6, 0], [6, 1], [6, 2], [11, 1], [11, 2]]"
f_4125e99b7611f26a5e78,"[[0, 1], [1, 1]]"
f_77cfb7608320ac6184fa,"[[1, 0], [1, 3], [2, 0], [2, 3], [3, 0], [3, 3], [4, 0], [4, 3], [5, 0], [5, 3]]"
f_f3b8528b0f23ee7b6454,"[[1, 1], [1, 2], [1, 3], [1, 4], [2, 1], [2, 3], [3, 1], [3, 3], [3, 4], [4, 1], [4, 3], [4, 4], [5, 1], [5, 3], [5, 4], [6, 0], [7, 0], [7, 3], [8, 3], [9, 3]]"
f_d54ae75912cb286a1b62,"[[3, 4], [4, 1], [4, 2], [4, 3], [4, 4], [5, 1], [5, 2], [5, 3], [5, 4], [6, 4]]"
f_14816fc7b7af155df2bd,"[[1, 0], [1, 1], [1, 2], [1, 3], [2, 0], [2, 1], [2, 2], [2, 3]]"
f_aaafad621d2197f7dfe1,"[[6, 1], [7, 1], [8, 1], [9, 0], [9, 1], [10, 0], [10, 1], [11, 0], [11, 1], [11, 2]]"
f_b6297301ee8fb9652dc6,"[[1, 2], [12, 0]]"
f_b3df2ce06f1f2e9600b0,"[[9, 0], [10, 0], [11, 0], [12, 0], [13, 0], [13, 1], [13, 3], [13, 4], [14, 0], [14, 3], [14, 4]]"
f_24b1abf7d384cf7e3624,"[[1, 2], [6, 2]]"
f_39ef48c57bc5449e9ee5,"[[4, 2], [5, 2]]"
f_89f04f3aa3ac62c2c9a3,"[[5, 2], [5, 3], [6, 2], [6, 3]]"
f_e6fc580803b2cf9d1dcb,"[[1, 4], [2, 4], [3, 4], [4, 2], [4, 4]]"
f_85e14795e73a80ab5baf,"[[17, 0], [17, 4], [22, 0], [22, 3], [22, 4]]"
f_cb7440dfc992744ec960,"[[5, 4], [6, 4], [7, 4], [8, 4], [9, 4], [10, 4], [11, 4], [12, 4], [13, 4], [14, 4], [15, 0], [15, 1], [15, 3], [15, 4]]"
f_438a238e59828752d637,"[[5, 2], [6, 2]]"
f_6a33cfb89ca6a81f6364,"[[2, 0], [2, 1], [2, 2], [3, 0], [3, 1], [3, 2], [11, 0], [11, 1], [11, 2], [12, 0], [12, 1], [12, 2]]"
f_76522cc5001e6e1e1f84,"[[13, 0], [14, 0], [14, 1], [14, 2], [15, 0]]"
f_3623d22eb06cbdfce585,"[[1, 1], [2, 1], [3, 1], [4, 1], [4, 4], [5, 1], [5, 4]]"
f_e5ac1a4b3d86baa575ae,"[[13, 0], [13, 1], [13, 2], [13, 3], [16, 0], [16, 1], [16, 2], [16, 3], [20, 0], [20, 1], [20, 2], [20, 3], [26, 0], [26, 1], [26, 2], [26, 3]]"
f_28c39dde37e1ac297497,"[[11, 0], [11, 1], [11, 2], [23, 0], [23, 1], [23, 2]]"
f_fae857e9ee33592d3032,"[[2, 0], [2, 1], [4, 2]]"
f_23545cc1dccdb2b9f36d,"[[1, 0], [1, 1], [1, 2], [3, 0], [3, 1], [3, 2], [4, 0], [4, 1], [4, 2]]"
f_33a7b50fc2547d979c2d,"[[10, 1], [10, 2], [11, 1], [11, 2], [12, 1], [12, 2], [13, 1], [13, 2], [14, 1], [14, 2], [15, 1], [15, 2], [16, 0], [16, 1], [16, 2], [17, 1], [17, 2]]"
f_3bf1bd4dcb7c86bad649,"[[1, 1], [1, 4], [1, 5], [2, 1], [2, 3]]"
f_a6f62aabd9cb79c66348,"[[15, 0], [15, 1], [15, 2], [15, 3], [16, 0], [16, 1], [16, 2], [16, 3]]"
f_8a7cabf130852c800ed8,"[[16, 0], [17, 0], [18, 0], [18, 1], [18, 2]]"
f_7df53a2c54f816fa0cc5,"[[1, 3], [1, 4], [2, 4], [3, 4], [4, 0], [4, 4], [4, 5], [5, 4], [6, 4], [7, 4], [8, 4], [9, 4], [10, 4], [11, 4]]"
f_804e8876a4b321dd96a9,"[[2, 0], [2, 3], [3, 0], [3, 3], [4, 0], [5, 0]]"
f_0857461f984ade57cbe8,"[[2, 1], [2, 4], [3, 1], [3, 4], [4, 1], [4, 4], [5, 1], [5, 4]]"
f_855d3cf2a1249f7db445,"[[2, 0], [2, 1], [2, 4], [4, 0], [4, 1], [4, 3], [4, 4], [5, 0], [5, 1], [5, 3], [5, 4], [6, 0], [7, 0], [8, 0], [9, 0], [9, 1], [9, 3], [9, 4], [10, 0], [11, 0], [11, 1], [11, 4]]"
f_d6437553dac367204430,"[[2, 0], [2, 1], [2, 2], [2, 3], [2, 4]]"
f_9604815df2c3d05f515b,"[[2, 0], [2, 5], [5, 0], [5, 5]]"
f_8d7f9ed3bc087b4a6dd5,"[[6, 0], [6, 2], [6, 3], [11, 0], [11, 2], [11, 3]]"
f_8bbd41bed0b2a187af4c,"[[10, 0], [10, 1], [10, 2], [11, 0], [12, 0], [12, 1], [12, 2]]"
f_b891ea108f9603057e09,"[[1, 0], [2, 0], [2, 1], [2, 2]]"
f_f16f9f4bb35ee5c79428,"[[1, 0], [1, 1], [2, 0], [2, 1]]"
f_bd62e631b52ab27cd6ef,"[[1, 1], [1, 2], [1, 3], [5, 0], [5, 1], [5, 2], [5, 3]]"
f_493ad557ecc4b5e97f53,"[[3, 1], [4, 1], [5, 1], [6, 1], [7, 0], [7, 1], [7, 2]]"
f_8ded389b2a740051d047,"[[1, 0], [1, 2], [2, 0]]"
f_a6ae6ec8b5da4fd45ca1,"[[9, 0], [10, 0], [11, 0], [12, 0], [13, 0], [14, 0], [15, 0], [16, 0], [17, 0], [17, 7]]"
f_5d454a79fc63cae26731,"[[1, 2], [1, 5], [1, 6], [2, 2], [2, 5], [2, 6], [3, 2], [3, 3], [3, 4], [3, 5], [3, 6]]"
f_87f1be4b88b42d1a222c,"[[8, 1], [8, 4], [9, 1], [9, 2], [9, 3], [10, 1], [10, 3], [10, 4]]"
f_de1f2b4ff56be3349ab8,"[[4, 0], [4, 1], [4, 8], [5, 0], [5, 1], [5, 8]]"
f_ac15a267a49af50b30d6,"[[4, 0], [4, 1], [4, 3], [5, 0], [6, 0], [6, 1], [6, 3]]"
f_83477bd1ba0bdec9d7ac,"[[14, 0], [14, 1], [14, 3], [14, 5], [15, 0], [15, 1], [15, 3], [15, 5]]"
f_6965afd9ecfbe91f94eb,"[[2, 0], [3, 0], [4, 0], [5, 0], [6, 0], [7, 0], [8, 0], [9, 0], [9, 2]]"
f_1c828aa4715eece4f720,"[[3, 0], [3, 1], [3, 2], [3, 3], [3, 4], [4, 0], [4, 1]]"
f_42eef0fc4588cb79acdb,"[[2, 1], [3, 1], [4, 1], [8, 1]]"
f_a9d52e3c50b0bb62664b,"[[1, 3], [3, 3], [4, 3], [5, 2], [5, 3], [6, 3], [7, 3], [8, 3], [10, 3], [11, 3], [12, 2], [12, 3], [15, 3], [16, 3], [19, 3], [22, 3], [23, 2], [23, 3], [24, 0], [24, 1], [24, 2], [24, 3]]"
f_516e5edc6113141b6c3b,"[[1, 1], [1, 2], [2, 1], [2, 2], [6, 3]]"
f_096f70ae4053b0292f2e,"[[2, 0], [2, 1], [3, 0], [3, 1], [4, 0], [4, 1], [5, 0], [5, 1], [8, 0], [8, 1], [9, 0], [9, 1], [10, 0], [10, 1], [11, 0], [11, 1], [14, 0], [14, 1], [15, 0], [15, 1], [16, 0], [16, 1], [17, 0], [17, 1], [18, 0], [18, 1], [19, 0], [19, 1], [21, 2]]"
f_234d0b82fcb6d89d4ce7,"[[4, 0], [5, 0], [5, 1], [5, 3], [5, 4], [5, 5], [6, 0], [6, 1], [7, 0], [7, 1], [8, 0], [9, 0], [10, 0]]"
f_75a660f7194e305ba3ba,"[[22, 0], [22, 1], [22, 2], [23, 0], [23, 1], [23, 2], [26, 0], [26, 1], [26, 2]]"
f_430fa47c42fd76d98d87,"[[5, 0], [6, 0], [6, 1], [6, 4]]"
f_cff27563457fce6d780f,"[[8, 0], [9, 0], [9, 1], [9, 2]]"
f_63c2359785034f2c623e,"[[2, 0], [2, 2], [3, 0], [3, 2]]"
f_0dcb8b7cc4037b050f96,"[[16, 0], [16, 1], [17, 0], [17, 1], [17, 2]]"
f_0fddc5c9d00fd259782d,"[[2, 0], [2, 1], [2, 2], [3, 0], [3, 2], [4, 0], [4, 2], [5, 0], [5, 2]]"
f_3e49761c64f1a6ffc1f3,"[[2, 0], [3, 0], [4, 0], [4, 1], [4, 3], [4, 4]]"
f_7de18552dbd8c07578c7,"[[26, 0], [26, 1], [26, 2], [26, 3], [26, 4], [27, 0], [28, 0], [28, 1], [28, 2], [28, 3], [28, 4], [29, 0]]"
f_bad6fd6c690b674b5b9b,"[[6, 3], [7, 1], [7, 3], [7, 4]]"
f_5f8951bac1c54a49d335,"[[4, 0], [4, 1], [4, 2], [4, 3], [5, 0], [5, 1], [5, 2]]"
f_c26e675413f932dd5174,"[[3, 0], [3, 4], [8, 0], [8, 2], [8, 4]]"
f_fa23263b8ecb541870b1,"[[1, 1], [2, 1], [3, 1], [4, 1], [5, 1], [6, 1], [7, 1], [8, 1], [9, 1], [10, 1], [11, 1], [12, 1], [14, 1], [15, 1], [16, 1], [17, 1], [18, 1], [19, 1], [20, 1], [21, 1], [22, 1], [23, 1], [24, 3], [24, 4], [24, 5], [24, 6]]"
f_563e5c9775f96a557c05,"[[4, 0], [4, 1], [4, 2], [4, 3]]"
f_c2894554b84b7c55d7e0,"[[0, 0], [0, 1], [1, 1], [2, 0], [2, 1], [3, 0], [3, 1], [4, 1], [5, 1], [6, 1], [7, 1], [8, 1], [9, 1], [10, 1], [11, 1], [12, 0], [12, 1], [13, 1], [14, 1], [15, 1], [16, 1], [17, 1], [18, 1], [19, 1], [20, 1], [21, 1], [22, 0], [22, 1], [23, 1], [24, 1]]"
f_03c78e38e176eda2f2bb,"[[10, 0], [11, 0], [11, 1], [11, 2]]"
f_d37f5755d8fe7c283951,"[[6, 2], [7, 0], [7, 1], [7, 2], [7, 3], [8, 0], [8, 1], [8, 2], [8, 3]]"
f_839abf16ffb7191fab6d,"[[1, 1], [2, 1], [2, 2], [2, 3], [2, 4], [3, 1], [3, 2], [4, 1], [5, 1], [6, 1], [7, 1], [7, 2], [7, 3], [7, 4]]"
f_30e60267b9cc6e8d9b08,"[[8, 0], [9, 0], [9, 1], [9, 3], [9, 5]]"
f_9797d88dd8cf979f2644,"[[11, 0], [11, 1], [11, 2], [12, 0], [12, 1], [12, 2]]"
f_1d0ef494f834d230b40e,"[[1, 0], [1, 1], [1, 4], [2, 0], [2, 1], [2, 3], [2, 4]]"
f_aa10e5a4349486cf21e8,"[[2, 2], [2, 6], [4, 0], [4, 2], [4, 3], [5, 0], [5, 2], [5, 3], [6, 3], [7, 3]]"
f_e8163e4e4ba2d892ffc7,"[[1, 0], [1, 1], [1, 2], [1, 3], [1, 4], [2, 0], [2, 1], [2, 2], [2, 3], [2, 4], [3, 0], [3, 1], [4, 0], [4, 1], [5, 0], [5, 1], [6, 0], [6, 1], [7, 0], [7, 1]]"
f_0dc11b1be4d2fb477181,"[[1, 0], [1, 1], [1, 2], [1, 4], [2, 1], [2, 4]]"
f_34a37cc71f48646464bf,"[[1, 0], [1, 1], [1, 2], [1, 4], [2, 0], [2, 1], [2, 2], [2, 4], [3, 0], [3, 1], [3, 2], [3, 4], [4, 0], [4, 1], [4, 2], [4, 4], [5, 0], [5, 1], [5, 2], [5, 4], [6, 0], [6, 1], [7, 0], [7, 1], [8, 0], [8, 1], [9, 0], [9, 1], [10, 0], [10, 1], [11, 0], [11, 1]]"
f_a47b7858c293d116b313,"[[10, 0], [11, 0], [11, 1], [11, 2], [12, 0], [13, 0], [14, 0], [14, 1], [14, 2], [22, 0], [22, 1], [22, 2], [23, 0]]"
f_9724ce43c303cc942dba,"[[8, 3], [9, 3], [10, 3], [11, 3], [12, 3], [13, 3], [14, 3], [15, 3], [16, 3], [17, 3], [18, 3], [19, 3], [20, 3], [21, 3], [22, 3], [23, 0], [23, 1], [23, 2], [23, 3], [23, 4], [24, 0], [24, 3], [25, 3], [26, 3]]"
f_68f0ec4cbdbcd420987e,"[[8, 0], [8, 1], [9, 0], [9, 1]]"
f_f4d55923303e479a6ae1,"[[6, 3], [8, 0], [8, 3], [8, 4]]"
f_7337452609f1e6b00f6d,"[[1, 2], [2, 1], [2, 2], [2, 4]]"
f_e758ebb18ebd3bf59031,"[[1, 0], [2, 0], [2, 1], [2, 2], [2, 3]]"
f_0c95d208a24a9ae0d6d6,"[[4, 1], [4, 2], [4, 3]]"
f_0df955385f686f9c6c1a,"[[1, 2], [1, 4], [2, 2], [2, 4], [3, 2], [3, 4]]"
f_d146fff7c5321a14a844,"[[1, 0], [1, 1], [1, 2], [3, 0], [3, 1], [3, 2], [3, 3], [3, 4]]"
f_e9ba3958ed190a65d58c,"[[6, 0], [6, 1], [6, 3], [6, 4], [7, 0], [7, 1], [7, 3], [7, 4]]"
f_7cb171f6e9d5b70fe939,"[[1, 0], [1, 2], [1, 3], [2, 2], [2, 3]]"
f_af77b49d1f02b47c5cab,"[[1, 0], [1, 1], [1, 2], [1, 3], [3, 0], [3, 1], [3, 2], [3, 3]]"
f_85e160999ab646e97de7,"[[4, 0], [5, 0], [5, 1]]"
f_818bbd2c91095a5a30a2,"[[3, 4], [4, 4], [5, 4], [7, 0], [7, 3], [7, 4], [7, 7]]"
f_dbbc83650d253aef7ea9,"[[1, 1], [2, 0], [2, 1], [2, 2], [2, 3], [2, 4], [3, 1]]"
f_294151e72239aa438dbd,"[[1, 0], [1, 2], [2, 0], [2, 2]]"
f_5b28f0d2b1592e675b2d,"[[8, 0], [8, 1], [8, 6], [16, 0], [16, 1], [16, 6]]"
f_78158758cad234323770,"[[23, 1], [23, 4], [23, 12], [23, 13], [24, 1], [24, 4], [24, 12], [24, 13]]"
f_ec5f507b7444158fce2f,"[[3, 0], [3, 1], [4, 0], [4, 1], [4, 2]]"
f_3759cc32b956291436a1,"[[1, 1], [5, 1]]"
f_198155b9cae57f5cd706,"[[1, 0], [1, 1], [1, 2], [1, 3], [2, 0], [2, 1], [2, 2], [2, 3], [3, 1], [4, 1]]"
f_d47066ace21d40bea286,"[[1, 0], [1, 1], [1, 2], [1, 3], [2, 0], [2, 1], [2, 2], [2, 3], [3, 0], [3, 1], [3, 2]]"
f_e1ad60965e1b148810f8,"[[2, 0], [3, 0], [4, 0], [5, 0], [6, 0], [7, 0], [8, 0], [9, 0], [10, 0], [11, 9], [11, 10]]"
f_bb07908239eae6cbf211,"[[7, 1], [8, 1]]"
f_7ca57e131d7e8721e898,"[[1, 0], [1, 1], [1, 3], [2, 0], [2, 1], [2, 3]]"
f_87c6215a6b251ae6da39,"[[1, 1], [2, 1], [2, 2], [2, 3]]"
f_2954244aa926ea161eb2,"[[2, 1], [2, 2], [3, 0], [4, 0], [4, 1], [4, 2]]"
f_5b0ec4b030982d1879ba,"[[12, 0], [12, 1], [12, 2], [14, 0], [14, 1], [14, 2]]"
f_174a116263362d48f483,"[[2, 0], [3, 0], [4, 0], [5, 0], [6, 0], [7, 0], [7, 1], [7, 2]]"
f_7d764e79cac73b6d1327,"[[4, 0], [5, 0], [5, 4]]"
f_489d2b2f5d4ff59dee3f,"[[1, 1], [1, 3], [1, 4], [2, 1], [2, 3], [3, 1]]"
f_004048c7421e4d4d3b6a,"[[1, 0], [1, 3], [2, 0], [2, 3], [3, 0], [3, 3]]"
f_71ea05e690a0377e128b,"[[4, 0], [5, 0], [5, 1], [5, 2], [5, 3], [5, 4], [5, 5]]"
f_af2801317a6522ee2e86,"[[29, 0], [29, 1], [30, 0], [30, 1], [31, 0], [31, 1], [32, 0], [32, 1], [32, 4]]"
f_cdb07832ecfc3920dfab,"[[1, 0], [1, 1], [2, 0], [2, 1], [3, 0], [3, 1], [3, 2]]"
f_858490bf663537758134,"[[1, 0], [1, 4], [2, 0], [2, 4], [3, 0], [3, 4], [4, 0], [4, 1], [4, 2], [4, 3], [4, 4], [5, 0], [5, 4], [6, 4]]"
f_7decbef497f7e545d6a2,"[[10, 0], [11, 0], [11, 1], [11, 2], [11, 4], [12, 0]]"
f_40993e669cfb0233ce6b,"[[1, 2], [1, 3], [2, 2], [2, 3]]"
f_6b5b69aceda49a3384fe,"[[2, 0], [2, 1], [2, 2], [2, 3], [3, 0], [3, 1], [3, 2], [4, 0], [4, 1], [4, 2], [4, 3], [6, 0], [6, 1], [6, 2], [8, 0], [8, 1], [8, 2], [8, 3], [9, 0], [9, 1], [9, 2]]"
f_9ef75547bb785fee5642,"[[4, 3], [5, 5], [6, 1], [6, 2]]"
f_ec46eeffb6e31a116e71,"[[12, 2], [13, 1], [13, 2], [15, 0], [15, 1], [15, 2], [16, 0], [17, 0]]"
f_d8cabb6674b1873d681c,"[[7, 0], [7, 2], [8, 0], [8, 2], [9, 0], [9, 2], [10, 0], [10, 2]]"
f_40b7683230b75bd29577,"[[1, 1], [2, 1], [2, 3]]"
f_f537958fb42a811a556a,"[[5, 0], [5, 2], [5, 3], [5, 4], [6, 0], [6, 2], [6, 3], [6, 4]]"
f_9ab1dc4ef16f59ce341b,"[[1, 0], [1, 1], [1, 3]]"
f_62c8aca8765aca7fb361,"[[14, 0], [14, 1], [14, 2]]"
f_7565981ab260241bd23c,"[[14, 0], [14, 1], [14, 4], [15, 1], [15, 2]]"
f_52923651a8d5c9d0b777,"[[2, 0], [2, 2], [3, 0], [3, 2], [4, 0], [4, 3], [4, 4]]"
f_63105b4172be788e68a6,"[[2, 0], [2, 1], [2, 2], [2, 4], [3, 0], [3, 1], [3, 2], [3, 4]]"
f_4438a4b40c646ce751fa,"[[16, 0], [17, 0], [18, 0], [18, 1], [18, 2], [18, 3], [19, 0], [19, 1], [19, 2], [19, 3], [20, 0]]"
f_2650c736ba8523a9e1a4,"[[1, 2], [2, 0], [2, 2]]"
f_e6f23b119192fb559b0a,"[[2, 2], [3, 0], [3, 1], [3, 2], [3, 3], [4, 0], [4, 1], [4, 2], [4, 3]]"
f_fa3df415c91674702db0,"[[1, 1], [1, 2], [1, 4], [2, 1], [2, 2], [2, 4]]"
f_23a979689dc2e479ba74,"[[5, 0], [5, 2], [5, 3], [6, 0], [6, 2], [7, 0], [7, 2], [7, 3]]"
f_5d8eaeebc37448b9d890,"[[1, 0], [1, 4], [2, 0], [2, 4]]"
f_159617b6fca15d445a54,"[[1, 2], [2, 0], [2, 1], [2, 2], [2, 7], [3, 0], [3, 1], [3, 2], [3, 7], [4, 0], [4, 1], [4, 2], [4, 7], [5, 0], [5, 1], [5, 2], [5, 7], [6, 0], [6, 1], [6, 2]]"
f_fa924b242ad7c9647cd8,"[[3, 0], [3, 1], [3, 2], [4, 1], [4, 2], [5, 1], [5, 2], [6, 1], [6, 2], [7, 1], [7, 2], [7, 5], [8, 2], [9, 2], [10, 2], [11, 2]]"
f_a8837f818ab6837f22ef,"[[2, 0], [3, 0], [3, 1], [3, 3], [3, 4], [3, 5]]"
f_514963c8d82493d21161,"[[1, 3], [2, 2], [2, 4]]"
f_f9e0ba1d1eae48f382ab,"[[3, 0], [4, 0], [4, 1], [4, 4]]"
f_27d58bf99670cde5d899,"[[9, 0], [10, 0], [11, 0], [12, 0], [13, 0], [13, 11], [13, 12]]"
f_f373e5a71216ad6e13f7,"[[5, 1], [5, 3], [10, 1], [10, 3]]"
f_299d2536fa412551b6d6,"[[4, 0], [4, 1], [6, 0], [6, 1]]"
f_9860ce9bed85f146aac2,"[[2, 0], [2, 1], [2, 2], [2, 3], [2, 4], [3, 0], [3, 1], [3, 2], [3, 3], [3, 4], [3, 5], [4, 0], [5, 0]]"
f_b261a1db72b289641157,"[[1, 1], [2, 1]]"
f_b6ecf7ae1c9e104d2c5e,"[[17, 0], [17, 1], [17, 3], [17, 4], [18, 0], [18, 1], [18, 3], [18, 4]]"
f_48dc333db45011199bae,"[[1, 0], [1, 1], [1, 2], [1, 3], [1, 4], [1, 5], [3, 0], [3, 2], [6, 2]]"
f_535c5ded7ec5aaada837,"[[4, 0], [4, 2], [5, 0], [5, 2], [6, 0], [6, 2]]"
f_f9e9b51a98160e9cc7f0,"[[2, 0], [3, 0], [3, 1], [3, 2]]"
f_18fa7753607ea41218b5,"[[2, 0], [2, 2], [2, 4], [3, 0], [3, 2], [3, 3], [3, 4]]"
f_5134c9bc449a673f6501,"[[5, 0], [5, 1], [5, 2], [6, 0], [6, 1], [6, 2]]"
f_1deb9a43e3fdda0cc7de,"[[6, 3], [6, 4], [7, 3], [7, 4], [7, 5]]"
f_8c21856f89dd6c49b72b,"[[1, 0], [2, 0], [3, 0], [4, 0], [5, 0], [6, 0]]"
f_14d7c0548dcca923b578,"[[19, 0], [20, 0], [20, 1], [20, 2], [20, 3], [21, 0]]"
f_4a921baf9d87b5d884a8,"[[1, 3], [2, 1], [2, 2], [2, 3], [2, 4], [2, 5]]"
f_3312c56022d0a25c6ccb,"[[2, 0], [3, 0], [4, 0], [5, 0], [6, 0], [7, 0], [8, 0], [9, 0], [10, 0], [11, 0], [12, 0], [13, 0], [14, 0], [15, 2]]"
f_8ff7845ef15b9e73fa45,"[[3, 0], [4, 0], [5, 0], [6, 0], [7, 0], [8, 0], [9, 0], [10, 0], [11, 0], [12, 0], [13, 0], [14, 0], [15, 0], [16, 0], [17, 0], [18, 0], [19, 0], [19, 11], [20, 0], [20, 1], [21, 0], [22, 0], [23, 0], [24, 0]]"
f_1d89755c4ba5671612d1,"[[1, 0], [2, 0], [3, 0], [4, 0], [4, 2], [4, 3]]"
f_2a003ed950ddde57efdd,"[[17, 3], [17, 4], [18, 0], [18, 1], [19, 0], [20, 0]]"
f_f774465ce6671184ca11,"[[1, 3], [2, 3], [3, 3], [4, 3], [5, 3], [6, 3], [7, 3], [8, 3], [9, 2], [9, 3], [10, 0], [10, 1], [10, 2], [10, 3], [11, 2], [11, 3]]"
f_8d972ad4d1cd79593913,"[[10, 0], [10, 1], [10, 2]]"
f_78a993e44d56d89965a9,"[[1, 1], [1, 4], [1, 5], [3, 1], [3, 2], [3, 4], [3, 5], [12, 1], [12, 2], [12, 4], [12, 5]]"
f_5608af72f59c56e32c7e,"[[1, 0], [2, 0], [2, 1], [2, 3], [2, 4]]"
f_5ce07512df54fdb21c98,"[[1, 1], [1, 2], [1, 4], [2, 1], [2, 2]]"
f_6a03b820d405d79ca343,"[[1, 1], [2, 1], [3, 1], [4, 1], [5, 1], [6, 1], [7, 1], [8, 1], [9, 1], [10, 1], [11, 0], [11, 1]]"
f_607aea34eee13180e1cb,"[[2, 2], [2, 4], [4, 2], [4, 4]]"
f_23b3eef0c884f2014790,"[[2, 4], [3, 4], [4, 0], [4, 1], [4, 2], [4, 4], [4, 5], [5, 4], [6, 4], [7, 4], [8, 4]]"
f_f6648d12c4b7253bd4ae,"[[2, 0], [2, 1], [2, 2], [5, 0], [5, 1], [5, 2]]"
f_85998b57dc2cfd76d20d,"[[7, 1], [8, 1]]"
f_ae011e6827d8f80f54ec,"[[6, 0], [6, 1], [7, 0], [7, 1], [8, 0], [8, 1]]"
f_0ee705ccc9bdfa205eab,"[[20, 0], [21, 0], [21, 1], [21, 2], [22, 0]]"
f_c598a3f062f4f68851c1,"[[1, 0], [1, 2], [2, 0], [2, 2], [3, 0], [3, 2]]"
f_416d06a342756edb012d,"[[2, 0], [2, 1], [3, 0], [3, 1], [3, 2], [3, 3]]"
f_688b87a2efd3b459d3ae,"[[4, 0], [4, 1], [4, 2]]"
f_b8609e975def3e6f2988,"[[12, 0], [12, 1], [12, 2], [12, 3], [12, 4], [16, 0], [16, 1], [16, 2], [16, 4], [17, 1], [17, 2], [17, 4], [19, 0], [20, 1], [20, 2], [20, 3], [20, 4]]"
f_87732dd7d3c9299c196f,"[[1, 2], [1, 3], [1, 4], [2, 2], [2, 3], [3, 2], [3, 3]]"
f_69136357053062c4722f,"[[1, 0], [2, 0], [2, 1], [2, 2], [3, 0]]"
f_ff97957d1503690e540a,"[[1, 0], [1, 1], [1, 2], [1, 3], [2, 0], [2, 2], [2, 3], [3, 2], [3, 3]]"
f_1bfc1f43dc4949ded6d8,"[[4, 0], [4, 1], [4, 2], [4, 4], [10, 0], [10, 1], [10, 2], [10, 4], [14, 0], [14, 1], [14, 2], [14, 4]]"
f_dcf518f9809c892b0aa3,"[[6, 1], [6, 2], [6, 3], [6, 4], [7, 1], [7, 2], [7, 3], [7, 4], [8, 2], [9, 2]]"
f_080a772ef2779d5af4a6,"[[6, 0], [6, 1], [6, 2], [7, 0], [7, 1], [7, 2], [8, 0], [8, 1], [8, 2]]"
f_f920c76dba0f2548579d,"[[1, 0], [1, 1], [1, 3], [2, 0], [2, 1], [2, 3], [3, 0], [3, 1], [3, 3], [4, 0]]"
f_326130e7727b71dc8241,"[[1, 0], [2, 0], [2, 1], [2, 2], [2, 3]]"
f_bb804dfb1110fb718728,"[[1, 0], [1, 1], [2, 0], [2, 1], [3, 0], [3, 1], [4, 0], [4, 1], [5, 0], [5, 1], [6, 0], [6, 1], [7, 0], [7, 1], [8, 0], [8, 1]]"
f_2a09ddb4ab9622b1afc2,"[[10, 0], [10, 1], [10, 2], [11, 1], [11, 2], [12, 1], [13, 1], [19, 1], [19, 2]]"
f_2c4e74cb8136835cbc7c,"[[6, 1], [6, 2], [9, 1], [9, 2]]"
f_e916283b80a76f97115a,"[[9, 2], [10, 0], [10, 2]]"
f_379798001b3353ceeeb3,"[[15, 0], [15, 1], [15, 2], [16, 0], [16, 2], [16, 3]]"
f_117ee661c887baf15428,"[[7, 0], [7, 4], [7, 5], [8, 0], [8, 4], [8, 5]]"
f_e316c77e0c77e0df7341,"[[2, 0], [2, 1], [2, 2], [2, 3], [3, 0], [3, 1], [3, 2], [3, 3], [3, 4]]"
f_6cd16f9798e322ac6ecb,"[[2, 1], [3, 0], [3, 1], [3, 2], [3, 4], [3, 6], [3, 8], [4, 1]]"
f_e77bf3ccee3e188d4ee3,"[[2, 0], [3, 0], [3, 1], [3, 2], [4, 0], [4, 1], [4, 2], [7, 0], [7, 1], [7, 2]]"
f_19fada73c3ecd1326049,"[[4, 7], [5, 0], [5, 7], [6, 0], [6, 7], [7, 0], [7, 7], [8, 7]]"
f_ee1f4b51010090b57069,"[[19, 0], [20, 0], [21, 0], [21, 1], [21, 4], [21, 5], [22, 0], [22, 1], [23, 0], [23, 1], [24, 0], [25, 0]]"
f_3ef8f7420b91842b58ed,"[[2, 1], [2, 3], [3, 1], [3, 3], [3, 5], [4, 1]]"
f_6ed13c542afdad068b94,"[[1, 0], [1, 1], [1, 2], [1, 3], [1, 4], [5, 2], [5, 3], [5, 4]]"
f_5de169d85819e01a00a5,"[[20, 0], [21, 0], [21, 1], [21, 2], [21, 3]]"
f_26250fdc52f4341a8a28,"[[3, 0], [3, 1], [3, 2], [4, 0]]"
f_2dfda566ed28f95283dc,"[[8, 0], [8, 1], [8, 2], [8, 3], [8, 4], [17, 0], [17, 1], [17, 2], [17, 3], [17, 4]]"
f_131dde8fd5e8ec2c88e9,"[[2, 0], [2, 1], [3, 0], [3, 1], [4, 0], [4, 1], [5, 0], [5, 1], [6, 0], [6, 7], [6, 8]]"
f_b0a5b066963f2cd11e99,"[[2, 1], [2, 2], [2, 3], [3, 0], [3, 1], [3, 2], [3, 3]]"
f_63976c7f2ca0a390af35,"[[5, 0], [5, 1], [5, 2], [5, 3], [5, 4], [6, 0], [6, 1], [6, 2], [6, 3], [6, 4]]"
f_d50b278d78966c522f52,"[[3, 0], [3, 10], [30, 0], [30, 10]]"
f_a03b5c7cdaf11cbb1943,"[[0, 0], [1, 0], [2, 0], [3, 0], [4, 0], [5, 0], [6, 0]]"
f_1d65d9eb8fed2d7f4495,"[[3, 0], [3, 1], [3, 2], [3, 3], [3, 4], [4, 0], [4, 1], [4, 3], [4, 4]]"
f_3502b9cc1debe1cee17e,"[[1, 0], [1, 1], [1, 3], [3, 0], [3, 1], [3, 3], [4, 0], [4, 1], [4, 2], [4, 3]]"
f_299cff11af762a37aec4,"[[1, 1], [1, 2], [1, 3], [1, 4], [4, 1], [4, 2], [4, 3], [4, 4], [8, 1], [8, 2], [8, 3], [8, 4], [10, 1], [10, 2], [10, 3], [10, 4]]"
f_d9af6ddbd2f5ed122948,"[[9, 0], [10, 0], [11, 0], [12, 0], [12, 1], [12, 2]]"
f_5eb4ce1f3c8d667fd285,"[[4, 0], [4, 1], [4, 2]]"
f_4d222017a1024919d99d,"[[22, 0], [22, 1], [24, 0], [24, 1]]"
f_3e8ad57bfcf6db5ce19f,"[[1, 0], [1, 1], [1, 2], [1, 3], [2, 0], [2, 1], [2, 2], [2, 3]]"
f_127cd42fb21ea24c5f14,"[[8, 1], [8, 2], [8, 3]]"
f_8dd89345a8559e502169,"[[1, 0], [1, 1], [1, 2], [2, 0], [2, 1], [2, 2], [3, 0], [3, 1], [3, 2]]"
f_3d4999678920aec4b794,"[[1, 1], [1, 2], [2, 1], [2, 2]]"
f_ccf498be9026bcdd22f5,"[[8, 0], [8, 2], [8, 4], [8, 5], [9, 0], [9, 1], [9, 2], [9, 4], [9, 5]]"
f_608f91e051479f752e0e,"[[5, 0], [5, 2], [5, 3], [5, 4], [6, 0], [6, 2], [6, 3], [6, 4]]"
f_1b01550fb387c34a9d37,"[[6, 0], [7, 0], [7, 1], [7, 2]]"
f_7bf45f94360aa426af5b,"[[1, 0], [1, 2], [2, 0], [2, 1], [2, 2]]"
f_4f4d0898c2d426edcd60,"[[20, 0], [20, 1], [21, 0], [21, 1], [22, 0], [22, 1], [22, 3], [22, 4]]"
f_cacb5de1d0414b2c95ca,"[[1, 0], [1, 1], [1, 2], [5, 0], [5, 1], [5, 2]]"
f_b028c49449cbf4c234c8,"[[2, 1], [3, 0], [3, 1], [3, 2], [3, 3], [4, 1]]"
f_d23fa01a639ba4f1297a,"[[10, 0], [10, 2], [10, 3]]"
f_e6ccba784653f3e19462,"[[1, 1], [1, 2], [1, 4], [2, 1], [2, 2]]"
f_f72331712e5f36475fb0,"[[1, 0], [1, 1], [1, 2], [1, 3], [2, 0], [3, 0], [4, 0], [4, 1], [4, 2], [4, 3], [5, 0], [6, 0], [7, 0]]"
f_b5a261b5ddefa2519544,"[[2, 0], [2, 1], [2, 3], [4, 0], [4, 1], [4, 3]]"
f_0a46f6ae21b1789ccc40,"[[15, 0], [15, 1], [15, 3], [16, 0], [16, 1], [16, 3], [17, 0], [17, 1], [17, 3]]"
f_c819d478fa156c6c9cdd,"[[10, 0], [11, 0], [11, 1], [11, 2], [11, 3]]"
f_4be0415735b91c293b27,"[[2, 1], [2, 2], [2, 4], [4, 1], [4, 2], [4, 4], [6, 1], [6, 2], [6, 4]]"
f_5358626629ce41e58e2e,"[[7, 2], [7, 3], [7, 4], [8, 2], [8, 3], [8, 4]]"
f_022223e066fc6f611c0c,"[[1, 2], [1, 3], [2, 2], [2, 3]]"
f_ebba48095a1b25073c63,"[[1, 1], [1, 2], [1, 4], [2, 1], [2, 2]]"
f_cc11f30d40fa92d75277,"[[16, 0], [16, 1], [16, 2]]"
f_e58cdc392740c1603402,"[[1, 2], [1, 3]]"
f_17f41d71049c80437d0f,"[[3, 0], [4, 0], [4, 1], [4, 3], [4, 4], [4, 5], [5, 0], [5, 1], [6, 0], [7, 0]]"
f_f90b79680528e807207a,"[[1, 0], [1, 1], [1, 2], [1, 3], [1, 4], [1, 5], [1, 6], [2, 0], [2, 1], [2, 2], [2, 3], [2, 4], [2, 5], [2, 6]]"
f_135de63ffec6a58c1d22,"[[2, 0], [2, 1], [2, 3], [2, 4], [3, 0], [3, 1], [3, 2], [3, 3], [3, 4], [6, 0], [6, 1], [6, 2], [6, 3]]"
f_aebdff15f9471b8e9242,"[[8, 0], [8, 1], [8, 2], [8, 3], [9, 0], [9, 1], [9, 2], [9, 3]]"
f_0422db633f5c5dfb9838,"[[1, 0], [2, 0], [2, 1], [2, 2], [2, 3]]"
f_ee15ac311017e551d8eb,"[[1, 0], [2, 0], [2, 1], [2, 2], [2, 3]]"
f_be277ece660e65feff44,"[[3, 0], [3, 2], [3, 3], [3, 6], [4, 0], [4, 2], [4, 3], [4, 6], [5, 0], [5, 2], [5, 3], [5, 6], [7, 0], [7, 2], [7, 3], [7, 6], [9, 0], [9, 2], [9, 3], [9, 6], [10, 0], [10, 2], [10, 3], [10, 6]]"
f_e1c801c570e738140be2,"[[1, 1], [1, 2], [1, 3], [2, 1], [2, 2], [2, 3], [3, 1], [3, 2], [3, 3], [4, 1], [4, 2], [4, 3]]"
f_7eaf77e89d0d5b16711a,"[[16, 0], [16, 1], [16, 2], [17, 0], [17, 1], [17, 2]]"
f_9cec8915c908e0559a46,"[[4, 0], [4, 3], [5, 3]]"
f_32a6ad3a530a80750f5a,"[[2, 0], [2, 2], [2, 4], [2, 6], [3, 0], [3, 2], [3, 4], [3, 6], [4, 0], [4, 2], [4, 4], [4, 6], [5, 0], [5, 2], [5, 4], [5, 6], [6, 0], [6, 2], [6, 4], [6, 6], [7, 0], [7, 2], [7, 4], [7, 6], [8, 0], [8, 2], [8, 4], [8, 6], [9, 0], [9, 2], [9, 4], [9, 6], [10, 0], [10, 2], [10, 6], [11, 0], [11, 2], [11, 6], [12, 0], [12, 2], [12, 6], [13, 0], [13, 2], [13, 6], [14, 6], [15, 6]]"
f_aa44a76e558890f82df8,"[[2, 0], [2, 1], [2, 2], [2, 3], [3, 0], [3, 1], [3, 2], [3, 3]]"
f_5ed871899bb25b3a9241,"[[13, 0], [14, 0], [15, 0], [15, 1], [15, 3], [15, 4], [15, 5]]"
f_10237dee6eab4172d488,"[[3, 0], [3, 1], [4, 0], [10, 0], [10, 1], [11, 0], [12, 0], [13, 0]]"
f_2161359ff691b4f0574d,"[[15, 0], [15, 2], [16, 0], [16, 2], [17, 0], [17, 1], [17, 2], [18, 0], [20, 0], [21, 0], [22, 0], [23, 0]]"
f_0fe1b071b5d32c4531bf,"[[7, 0], [7, 2], [8, 0], [8, 2], [9, 0], [9, 1], [9, 2], [9, 3], [10, 0], [11, 0], [11, 2], [12, 0]]"
f_dc72710416cc4d29fae9,"[[4, 0], [4, 2], [4, 3], [5, 0], [5, 2], [5, 3]]"
f_6f7771dd0aa6eec8a36e,"[[20, 0], [20, 1], [21, 0], [21, 1], [22, 0], [22, 1], [23, 0], [23, 1], [24, 0], [24, 1], [25, 0], [25, 1], [26, 0], [26, 11], [26, 12]]"
f_b6b977345a5080b5c3c2,"[[1, 0], [1, 1], [1, 2], [1, 3], [2, 0], [2, 1], [2, 2], [2, 3]]"
f_ba237acaac99a577c925,"[[2, 0], [2, 3], [3, 0], [3, 1], [3, 2], [3, 3], [3, 4]]"
f_a1e50de379b1599ca60e,"[[1, 0], [1, 1], [1, 3], [1, 5], [2, 0], [2, 1], [2, 3], [2, 5], [3, 0], [3, 1], [3, 3], [3, 5]]"
f_846939798f7d313f742b,"[[1, 2], [1, 3], [2, 2], [2, 3], [5, 3]]"
f_a12ea05c84077c2afdbd,"[[7, 0], [8, 0], [9, 0], [9, 1], [9, 2], [9, 3]]"
f_c2d9b1b46d14da51377c,"[[6, 1], [6, 2], [6, 3], [6, 4]]"
f_c375def3da9b0cc453d7,"[[2, 1], [2, 2], [2, 3], [2, 4], [3, 1], [3, 2], [3, 3], [3, 4]]"
f_e59e19ef554bc7241e13,"[[2, 0], [2, 1], [2, 2], [3, 0], [3, 1], [3, 2]]"
f_6c3b2195c428fb04b81a,"[[2, 0], [3, 0], [3, 1], [3, 3], [3, 5], [4, 0]]"
f_5eb2d397e951c889d05a,"[[1, 0], [2, 0], [2, 5], [3, 0], [4, 0], [4, 1], [5, 0], [5, 1], [6, 0], [6, 1], [7, 0], [7, 1], [7, 4]]"
f_cd81820c19618f734270,"[[3, 0], [3, 5], [4, 0], [4, 5]]"
f_607a9c93daeea6de6668,"[[2, 0], [2, 1], [3, 0], [3, 1], [4, 0], [4, 1], [9, 0], [9, 1], [10, 0], [10, 1], [11, 0], [11, 1], [12, 0], [12, 1], [13, 0], [13, 1], [14, 0], [14, 1], [14, 2], [15, 2]]"
f_05d245bf627a0eb20d71,"[[1, 0], [1, 3], [2, 0], [2, 3]]"
f_8c801c3cb46557fe3c5f,"[[6, 0], [6, 5], [7, 0], [7, 1], [7, 5], [8, 5], [9, 5]]"
f_f6e0548a22911cfa61ee,"[[1, 1], [1, 2], [2, 1], [4, 3]]"
f_452ab740f18ac8c3a32a,"[[3, 2], [4, 2], [5, 0], [5, 2], [5, 3], [6, 0], [6, 1], [6, 2], [6, 3], [6, 4], [7, 0], [8, 0]]"
f_73b27578489f94e450f9,"[[2, 0], [2, 1], [2, 2], [2, 3], [3, 0], [3, 1], [3, 2], [3, 3]]"
f_c1ba4a7f26d57b54778c,"[[4, 1], [4, 2], [4, 3], [4, 4], [5, 1], [5, 2], [5, 3], [5, 4], [6, 1], [6, 2], [6, 3], [6, 4]]"
f_0809631d383d0d1435a4,"[[5, 0], [5, 1], [5, 2], [5, 3], [7, 0], [7, 1], [7, 2], [10, 1], [10, 2]]"
f_bc06d9dca1c32b1a2934,"[[1, 1], [1, 2], [1, 3], [2, 1], [2, 2], [2, 3]]"
f_2f30528c5185d63e74f5,"[[14, 3], [15, 0], [15, 3], [16, 0], [16, 1], [16, 2], [16, 3], [17, 0], [17, 1], [17, 2], [17, 3], [18, 0], [18, 3], [19, 0], [19, 3], [20, 0], [20, 3], [21, 0], [21, 3], [22, 0], [22, 3]]"
f_f5173bb857a49a0776e4,"[[1, 0], [1, 1], [1, 4], [2, 0], [2, 1], [2, 4]]"
f_e756806d3fd27da33e2c,"[[14, 0], [14, 1], [14, 2], [14, 3], [14, 4], [14, 5], [15, 0], [15, 1], [15, 2], [15, 3]]"
f_5f5969f95633a202cdbf,"[[1, 1], [2, 1], [3, 1], [4, 0], [4, 1], [4, 3]]"
f_02d96bc7f5a2ce257e88,"[[1, 0], [1, 1], [1, 2], [1, 3], [1, 4], [2, 0], [2, 1], [2, 2], [2, 3], [2, 4], [3, 0], [3, 1], [3, 2], [3, 3], [3, 4], [4, 0], [4, 1], [4, 2], [4, 3], [4, 4], [5, 0], [5, 1], [5, 2], [5, 3], [5, 4], [6, 0], [6, 1], [6, 2], [6, 3], [6, 4], [7, 0], [8, 0], [9, 0], [10, 0], [11, 0], [12, 0], [13, 0], [14, 0], [15, 0], [16, 0], [16, 1], [16, 2], [16, 3], [16, 4], [17, 0], [17, 1], [17, 2], [17, 3], [17, 4], [18, 0], [18, 1], [18, 2], [18, 3], [18, 4], [19, 0], [19, 1], [19, 2], [19, 3], [19, 4], [20, 0], [21, 0], [22, 0], [23, 0], [24, 0], [25, 0], [26, 0]]"
f_a2573d50116edbc15ef4,"[[0, 0], [0, 1], [1, 0], [1, 1], [2, 0], [2, 1], [3, 0], [3, 1], [4, 0], [4, 1], [5, 0], [5, 1], [6, 0], [6, 1], [7, 0], [7, 1], [8, 0], [8, 1], [9, 0], [9, 1], [10, 0], [10, 1], [11, 0], [11, 1], [12, 0], [12, 1], [13, 0], [13, 1], [14, 0], [14, 1], [15, 0], [15, 1]]"
f_48d788240b3fc6ef57e3,"[[1, 1], [1, 2], [2, 1], [2, 2], [7, 3]]"
f_ad24ae2e8e41f3b6acc2,"[[3, 2], [4, 2], [5, 2], [6, 0], [6, 1], [6, 2], [7, 1], [7, 2]]"
f_9441252a4351720d2d2f,"[[4, 0], [5, 0], [5, 1], [5, 2], [6, 0]]"
f_6f2eb03cae6fe06fe7e9,"[[5, 0], [5, 1], [5, 3], [6, 0], [6, 1], [6, 2], [6, 3], [7, 0], [7, 1], [7, 2], [7, 3], [8, 0], [8, 1], [8, 2], [8, 3], [9, 0], [9, 1], [9, 2], [9, 3], [10, 0], [10, 1], [10, 3]]"
f_59c8498677e93330f77f,"[[4, 0], [4, 3], [5, 0], [5, 1], [5, 2], [5, 3]]"
f_ceedfef0f4ba22ee12b2,"[[3, 0], [3, 1], [3, 3], [3, 4], [4, 0], [4, 1], [4, 3], [4, 4]]"
f_80e197f75bd86b54faeb,"[[1, 3], [2, 0], [2, 1], [2, 3], [3, 3], [12, 3]]"
f_e209df62757eaff1016b,"[[1, 1], [1, 3], [2, 1], [2, 3], [3, 1], [3, 3], [4, 1], [4, 3]]"
f_eaef1ed5ac02aee16940,"[[2, 0], [2, 1], [2, 13], [3, 0], [3, 1], [3, 13], [4, 13], [5, 13]]"
f_7c1e0c2193ae9523d08b,"[[8, 0], [8, 1], [8, 2], [8, 3], [8, 4], [9, 0], [9, 1], [9, 3], [9, 4], [10, 0], [10, 1], [10, 3], [10, 4], [10, 5], [11, 0]]"
f_332829e9310827d448e1,"[[5, 5], [6, 1], [6, 3], [6, 5], [6, 6], [7, 1], [7, 3], [7, 5], [7, 6]]"
f_9611e64a335f670fb9b2,"[[1, 0], [1, 1], [2, 0], [2, 1], [2, 2], [2, 3]]"
f_59d6f6a0767b19d94ed3,"[[2, 0], [2, 2], [3, 0], [3, 2], [3, 3], [3, 4], [4, 0]]"
f_50399edd67c3805757e3,"[[4, 0], [4, 2], [5, 0], [5, 2]]"
f_1a28ae714eec19896f93,"[[2, 0], [2, 1], [2, 2], [2, 3], [3, 0], [3, 1], [3, 2], [3, 3]]"
f_4b950e64b6dd12107fc7,"[[1, 1], [1, 2], [1, 4], [4, 3]]"
f_f3e840db1161f15b1660,"[[2, 0], [2, 1], [2, 2], [3, 0], [3, 1], [3, 2]]"
f_11c86cf9e150ac3115ba,"[[11, 0], [11, 1], [13, 0], [13, 1]]"
f_9d7a4f858df607f09dc5,"[[3, 0], [3, 1], [3, 2], [4, 1], [4, 2]]"
f_3e1040d87c75a733bc00,"[[2, 0], [3, 0], [4, 0], [4, 1], [4, 3], [4, 4], [5, 0], [5, 1]]"
f_90bf5e858ebc780ac750,"[[2, 1], [2, 6], [3, 1], [3, 6], [4, 1], [4, 6], [5, 1], [5, 6], [6, 1], [6, 6]]"
f_3d096d3db8bd53eb89d6,"[[3, 0], [3, 1], [3, 2], [3, 3]]"
f_180616e5a0619f0b5bff,"[[2, 0], [2, 1], [2, 2]]"
f_15cb7321cdf8d49f85af,"[[1, 0], [1, 1], [2, 0], [2, 1], [3, 0], [3, 1], [4, 0], [4, 1], [5, 0], [5, 1], [6, 0], [6, 1], [7, 0], [7, 1], [8, 0], [8, 1]]"
f_3965f5dbecd6828603c8,"[[1, 0], [1, 1], [1, 3], [2, 0], [2, 1], [2, 3]]"
f_ddb015acca7fa02357db,"[[1, 0], [1, 1], [1, 2], [2, 0], [2, 1], [2, 2], [3, 1], [3, 2], [4, 1], [4, 2]]"
f_ae876a92dff6016e0e47,"[[11, 0], [11, 3], [12, 0], [12, 3], [13, 0], [13, 3], [14, 0], [14, 3], [15, 0], [15, 3], [16, 0], [16, 3], [17, 0], [17, 3], [18, 0], [18, 3], [19, 0], [19, 3], [21, 0], [21, 3]]"
f_ab0b971bdbcc14eb8bb5,"[[15, 0], [15, 1], [15, 3], [16, 0], [16, 1], [16, 3]]"
f_926b1ebc3cc0c53caf40,"[[1, 0], [1, 1], [1, 2], [1, 3], [2, 0], [2, 1], [2, 2], [2, 3]]"
f_7063960e7441919d8a12,"[[4, 0], [4, 1], [4, 2], [5, 0], [5, 1], [5, 2]]"
f_2e49b80307176e84b9f4,"[[2, 1], [2, 10], [3, 1], [3, 10]]"
f_704cc9ac48cad353357d,"[[5, 0], [6, 0], [6, 1], [6, 2], [6, 4], [6, 6]]"
f_548647569543b9351a0c,"[[7, 0], [7, 1], [7, 2], [8, 0], [8, 1], [8, 2], [8, 3], [9, 0], [9, 1], [9, 2]]"
f_317f2cd84fac2e73d85e,"[[4, 1], [5, 0], [5, 1], [6, 1], [7, 1], [7, 2], [8, 1], [8, 2], [9, 1], [9, 2]]"
f_95f8d3d7af8e7463b4cb,"[[9, 0], [9, 1], [9, 2], [14, 0], [14, 1], [14, 2]]"
f_f57368bf38c61b294347,"[[16, 0], [16, 1], [16, 2], [17, 1], [17, 2], [17, 3], [17, 4]]"
f_e3e014f5f4a57a867298,"[[1, 2], [1, 3], [3, 3], [3, 4]]"
f_ccc6401a308d8b1b5e77,"[[1, 0], [1, 1], [1, 2], [1, 3], [2, 0], [2, 1], [2, 2], [2, 3], [3, 0], [3, 1], [3, 2], [3, 3], [4, 2], [4, 3]]"
f_7b05254bb694904081d8,"[[2, 0], [3, 0], [3, 1], [3, 2], [3, 3], [3, 4]]"
f_71d40a2741b2b9b549d1,"[[1, 0], [2, 0], [3, 0], [4, 0], [5, 0], [6, 0], [7, 0], [8, 0], [9, 0], [10, 0], [10, 2], [10, 3], [10, 5], [11, 0], [11, 2], [11, 3], [11, 5], [12, 0], [12, 2], [12, 3], [12, 5], [13, 0], [14, 0], [15, 0], [16, 0], [17, 0], [18, 0]]"
f_b12798812a382bc9fdeb,"[[7, 0], [8, 0], [8, 1], [8, 2], [8, 3], [8, 5]]"
f_beced54d8b78c91752bf,"[[3, 1], [3, 3], [3, 4], [8, 1], [8, 3]]"
f_a9877c686f62ba530734,"[[1, 0], [2, 0], [3, 0], [4, 0], [5, 0], [5, 3], [6, 0], [6, 3], [7, 0], [7, 1], [7, 2], [7, 3], [7, 4], [8, 0], [8, 1], [8, 3], [9, 0], [9, 3], [10, 0], [11, 0], [12, 0]]"
f_4193449ce69a5b964683,"[[1, 2], [1, 3], [4, 3], [5, 3]]"
f_8c503a12b640a1884c45,"[[1, 0], [1, 1], [1, 2], [2, 0], [3, 0], [3, 1], [4, 0], [4, 1], [4, 2], [5, 0], [5, 1], [6, 0], [6, 1], [6, 2], [8, 0], [8, 1]]"
f_40f64d6206b6111538c6,"[[1, 2], [3, 3]]"
f_8f4175ddc7af1a0a43da,"[[4, 0], [4, 1], [4, 2], [4, 4], [5, 0], [5, 1], [5, 2], [5, 4]]"
f_5168657fe88b99e326e8,"[[1, 0], [1, 2], [2, 0], [2, 2], [3, 0], [4, 0], [5, 0], [6, 0], [7, 0], [8, 0], [9, 0], [10, 0], [11, 0]]"
f_fab51f070c30cbc4475a,"[[15, 0], [16, 0], [16, 1], [16, 2], [16, 3], [17, 0]]"
f_c1ce8616fed1411c33ab,"[[11, 0], [11, 1], [11, 2], [11, 3], [12, 0], [12, 1], [12, 2]]"
f_e2ff497a5a61eaacd6f2,"[[2, 0], [2, 1], [3, 0], [3, 1], [4, 3], [4, 4], [4, 6], [4, 7], [4, 8], [4, 10]]"
f_468814fca3571d303392,"[[1, 3], [3, 3]]"
f_ab277499b9d15486464c,"[[0, 2], [1, 0], [1, 2]]"
f_11f0548c8a1442871633,"[[1, 2], [1, 3], [2, 2], [2, 3]]"
f_f5c68052c325ebb711e1,"[[1, 0], [1, 1], [1, 2], [1, 3], [2, 0], [2, 1], [2, 2], [2, 3]]"
f_686fa0ea450e90728c72,"[[2, 4], [2, 6], [3, 4], [3, 6], [3, 7]]"
f_97cc32818f22b16fbef1,"[[2, 0], [2, 1], [3, 0], [3, 1], [3, 2], [4, 0], [4, 1], [4, 2], [5, 0], [5, 1], [5, 2]]"
f_07a8707d24cee7490fb0,"[[5, 0], [5, 1], [5, 2], [5, 3], [6, 0], [6, 1], [6, 2], [6, 3], [19, 0], [19, 1], [19, 2], [19, 3], [20, 0], [20, 1], [20, 2], [20, 3], [22, 0], [22, 1], [22, 2], [22, 3], [24, 0], [24, 1], [24, 2], [24, 3]]"
f_8d9313076f1abe597e51,"[[6, 0], [7, 0], [7, 1], [7, 2], [7, 3], [7, 4], [7, 5]]"
f_83f7d41db5a42a6479ec,"[[1, 3], [2, 0], [2, 3], [3, 0], [3, 1], [3, 2], [3, 3], [4, 0], [4, 1], [4, 2], [4, 3], [5, 0], [5, 3], [6, 0], [6, 3], [7, 0], [7, 3], [8, 3], [9, 3], [10, 3], [11, 3], [12, 3], [13, 3], [14, 3], [15, 3], [16, 3], [17, 3], [18, 3], [19, 3], [20, 3], [21, 3], [22, 3]]"
f_8776c74914f379d556e2,"[[1, 0], [1, 2], [1, 3], [1, 4], [1, 5], [2, 0], [2, 2], [2, 3], [2, 4], [2, 5]]"
f_00e4cf3f0c86eca8511f,"[[4, 0], [4, 1], [4, 2], [5, 0], [5, 1], [5, 2]]"
f_f71347e693b79e9c9da2,"[[5, 0], [6, 0], [7, 0], [7, 1], [7, 2], [8, 0], [9, 0], [10, 0], [11, 0]]"
f_48ebdc44d072ee44d046,"[[9, 0], [9, 1], [10, 0], [10, 1], [11, 0], [11, 1], [12, 0], [12, 10], [12, 11], [13, 0], [13, 1]]"
f_b1326ad73ad85b44d237,"[[2, 0], [2, 1], [2, 2], [3, 0], [3, 1], [3, 2], [4, 0], [4, 1], [4, 2], [5, 0], [5, 2]]"
f_79313257eab9bbdb522f,"[[13, 0], [13, 2], [14, 0], [14, 1], [14, 2], [14, 3]]"
f_b9ee01b0742ab485af49,"[[1, 0], [1, 1], [2, 0], [2, 1]]"
f_f3ad7ce11568bc657a73,"[[2, 1], [2, 4], [2, 5], [3, 4], [3, 5], [4, 4], [4, 5], [5, 4], [6, 4], [7, 4], [8, 4], [14, 4], [15, 4], [16, 4], [17, 4], [18, 4], [19, 1], [19, 4]]"
f_2b36074cff9904a1069b,"[[12, 0], [12, 2], [13, 0], [13, 2], [14, 0], [14, 2], [15, 0], [15, 2], [16, 0], [16, 2], [17, 0], [17, 2], [18, 0], [18, 3]]"
f_c2087eb07ef8483e4857,"[[1, 1], [1, 2], [1, 4], [2, 1], [2, 2], [2, 3], [2, 4]]"
f_07e2889391cfac194294,"[[1, 2], [1, 4], [2, 2], [2, 4]]"
f_f913924b0d82f1c1a61c,"[[6, 1], [6, 2], [10, 1], [10, 2], [12, 1], [12, 2], [14, 1], [14, 2], [16, 1], [16, 2], [17, 1], [17, 2], [31, 4]]"
f_176c49eeaa3468e4b6bf,"[[1, 2], [2, 2], [5, 3], [7, 4]]"
f_b9c1bb911664f03750d3,"[[19, 1], [19, 2], [20, 1], [20, 2], [20, 3]]"
f_c8c7b44a350d6443e4ca,"[[1, 2], [1, 3], [1, 6], [2, 2], [2, 3], [2, 6], [3, 2], [3, 3], [3, 6], [4, 2], [4, 3], [4, 6], [5, 2], [5, 3], [5, 6], [6, 2], [6, 3], [6, 6], [7, 2], [7, 3], [7, 6], [8, 2], [8, 3], [8, 6], [9, 2], [9, 3], [9, 6], [10, 2], [10, 3], [10, 6]]"
f_2580aefc28edc7083c62,"[[10, 0], [11, 0], [12, 0], [12, 1], [12, 2], [13, 0], [14, 0]]"
f_adf4cf8393be754e012b,"[[1, 0], [1, 2], [1, 4], [2, 2], [2, 4], [2, 5]]"
f_117c08fd8fa057477ade,"[[1, 0], [1, 1], [1, 3], [1, 4], [1, 5], [3, 3], [4, 0], [4, 1], [4, 3], [4, 4], [4, 5], [5, 3], [6, 3]]"
f_4c7337483bca69358758,"[[18, 0], [19, 3], [19, 4], [19, 5], [19, 6]]"
f_baa90e14f162e88c6e8f,"[[1, 2], [1, 4], [2, 2], [2, 4]]"
f_313fba51ad63309865cd,"[[2, 8], [3, 0], [3, 8], [4, 0], [4, 6], [4, 7], [5, 0], [5, 7]]"
f_ce56ff9c118739b7bbf9,"[[0, 0], [3, 0], [3, 1], [3, 2], [3, 3]]"
f_03fb3185da12fdb696c2,"[[14, 0], [15, 0], [15, 1], [15, 2]]"
f_cdf9dfefd682fd06480d,"[[1, 0], [1, 1], [1, 2], [3, 0], [3, 1], [4, 0], [4, 1], [5, 0], [5, 1]]"
f_60f59343b284e487b0c0,"[[1, 2], [1, 3], [2, 2], [2, 3]]"
f_c062c6e443072377ea7e,"[[13, 0], [14, 0], [15, 0], [16, 0], [16, 1], [16, 2], [16, 4]]"
f_a334ec8935266db2ab42,"[[1, 1], [1, 2], [2, 1], [2, 2], [3, 0], [3, 1], [3, 2], [3, 3], [3, 4]]"
f_3fb7a02f6ef1c8752a59,"[[16, 0], [16, 2]]"
f_14cf2f7a0e0716107b0c,"[[1, 0], [1, 1], [2, 0], [2, 1], [3, 0], [3, 1], [4, 0], [4, 1], [7, 0], [7, 1], [13, 0], [13, 1], [13, 2]]"
f_9239a50b950d7076a37b,"[[2, 0], [3, 0], [4, 0], [5, 0], [6, 0], [7, 0], [8, 1]]"
f_d4e1525655df3afeda6b,"[[1, 1], [2, 0], [2, 1], [2, 2]]"
f_8ba8b0538251eaa87c88,"[[2, 0], [2, 5], [3, 5]]"
f_b74f9b596b1b931df16b,"[[2, 0], [2, 6], [3, 0], [3, 1], [3, 6], [4, 0], [4, 1], [4, 6]]"
f_f0c5799976259eafe2d0,"[[1, 0], [1, 1], [1, 2], [18, 0], [18, 1], [18, 2]]"
f_fe48dd60fb06308687e1,"[[1, 0], [2, 0], [3, 0], [3, 1], [3, 3], [3, 6], [4, 0], [5, 0], [6, 0]]"
f_d1872e7c6ad18b0b44fc,"[[2, 0], [2, 1], [2, 2], [2, 3], [3, 0], [3, 1], [3, 2], [3, 3]]"
f_41c244e2fcee5e92dc02,"[[2, 0], [2, 1], [2, 2], [12, 0], [12, 1], [12, 2], [13, 1]]"
f_69552b809ffe1da371a0,"[[8, 0], [9, 0], [9, 1], [9, 2], [9, 3]]"
f_41785678350709b6e0ae,"[[1, 1], [1, 2], [1, 3], [2, 1], [2, 2], [2, 3], [8, 3]]"
f_c6ff674bf652beab68b4,"[[4, 0], [4, 3], [4, 4], [4, 5], [5, 0], [5, 3], [5, 4], [5, 5]]"
f_4ee82fef37bbde89dfe3,"[[1, 0], [1, 3], [9, 3]]"
f_54c1ce34feddfed21b4f,"[[1, 2], [1, 5], [2, 2], [2, 5]]"
f_51263fbff61dcfc6958d,"[[3, 5], [3, 7], [4, 11]]"
f_ce5933ba4ad80b22994f,"[[1, 0], [1, 3], [2, 0], [2, 3], [18, 3]]"
f_64495324b9f5f40e0e38,"[[0, 1], [0, 2], [0, 3], [5, 1], [5, 2], [5, 3], [6, 1]]"
f_91d549ba3f1b7676a9c5,"[[2, 0], [2, 1], [2, 2]]"
f_61e349b7696b89d75d17,"[[3, 0], [3, 2], [3, 3], [3, 4], [4, 2], [4, 3], [4, 4]]"
f_5aacfce18d80be331b0c,"[[4, 5], [5, 1], [5, 3], [5, 5], [6, 5], [7, 5], [8, 5], [9, 5], [30, 1], [30, 3], [30, 5]]"
f_6e185ab1d2b3b0931646,"[[8, 0], [8, 1], [8, 2], [11, 0], [11, 1], [11, 2]]"
f_752dd0c8d34eb8603b59,"[[9, 1], [10, 1]]"
f_3ec3acae882799a544d4,"[[2, 0], [2, 1], [2, 3], [7, 0], [7, 1], [7, 3]]"
f_d48e2c6ae83440671812,"[[1, 1], [1, 2], [2, 1], [2, 2], [6, 3]]"
f_c9ddb192ae4dd921f6bd,"[[4, 0], [5, 0], [6, 0], [6, 1], [6, 2]]"
f_e9e6dcc1ae1240d6360c,"[[11, 0], [12, 0], [13, 0], [13, 1], [14, 0], [14, 1], [14, 3], [14, 4], [15, 0], [19, 0], [19, 1], [20, 0], [20, 1], [20, 3], [20, 4], [21, 0], [22, 0]]"
f_6e6603ef6a620dccae81,"[[1, 0], [1, 3], [2, 0], [2, 3], [4, 3]]"
f_5b4f7d8b6fa79e3b0377,"[[9, 0], [9, 1], [9, 2], [10, 0], [10, 1], [10, 2]]"
f_839036eb6f8573ea3faa,"[[20, 0], [20, 2], [22, 0], [22, 5]]"
f_576fa19c218915786c25,"[[1, 0], [1, 1], [1, 2], [1, 3], [2, 0], [2, 1], [2, 2], [2, 3], [3, 0], [4, 0], [5, 0], [6, 0], [7, 0], [8, 0], [9, 0], [10, 0], [11, 0], [12, 0], [13, 0], [14, 0], [15, 0], [16, 0], [17, 0], [18, 0], [19, 0], [20, 0]]"
f_43a609f5b00bb501ec3d,"[[1, 1], [1, 2], [3, 4]]"
f_4be0d19598f7ec0ae3cd,"[[7, 0], [8, 0], [8, 1], [8, 2], [8, 3]]"
f_f9b87e655e728047eb75,"[[14, 1], [14, 13], [15, 1], [15, 13], [16, 1], [16, 13], [17, 1], [17, 13]]"
f_9a841fbac91d66dc6839,"[[4, 0], [4, 1], [5, 0], [5, 1]]"
f_688965756f95c68473a3,"[[1, 1], [3, 1], [5, 1]]"
f_27836887ca028be05d4f,"[[14, 0], [14, 1], [14, 4]]"
f_5ab1dc2e1b7e11c10256,"[[1, 0], [1, 1], [1, 2], [1, 3], [1, 4], [2, 0], [2, 1], [2, 2], [2, 3], [2, 4]]"
f_b63b1fc0e9fb889ba3a4,"[[4, 0], [4, 1], [5, 0], [5, 1]]"
f_d4ad8083d22ba99aec34,"[[1, 0], [5, 0], [5, 1], [6, 0], [6, 1], [7, 1], [8, 1], [9, 1], [10, 0], [10, 1]]"
f_98f0900a286a910d9bda,"[[2, 0], [3, 0], [4, 0], [4, 1], [4, 2], [5, 0], [6, 0], [7, 0]]"
f_19f93976b6e62707002a,"[[6, 1], [6, 2], [7, 1], [7, 2], [8, 1], [8, 2], [9, 0], [9, 1], [9, 2]]"
f_18eda975bfcbf3ff5bf6,"[[2, 0], [3, 0], [3, 1], [3, 2], [3, 3], [3, 4], [4, 0], [5, 0], [6, 0], [7, 0]]"
f_e9306c5f4e56b5669c15,"[[3, 0], [3, 1], [3, 3], [3, 4], [3, 5]]"
f_2aeada135dfad738c067,"[[1, 1], [1, 2], [2, 1], [2, 2], [3, 1], [3, 2], [4, 1], [4, 2], [5, 1], [5, 2], [6, 2]]"
f_68cd0d52e515454b1ad7,"[[10, 1], [11, 0], [11, 1], [11, 3], [11, 4], [11, 6]]"
f_59fdb219521eadc85263,"[[2, 0], [3, 0], [4, 0], [5, 0], [6, 0], [7, 0], [7, 1], [7, 2], [7, 7], [8, 0]]"
f_3c58f19b188b0d6af67a,"[[10, 1], [10, 2], [10, 3], [10, 4], [13, 1], [13, 2], [13, 3], [13, 4]]"
f_7753bde5914e2a6b1978,"[[1, 1], [1, 3], [1, 4], [2, 1], [2, 3], [2, 4]]"
f_7083ed02f88b503b31e7,"[[6, 0], [6, 3], [9, 0], [9, 3]]"
f_c73e1848b5a98b1eddfa,"[[1, 0], [1, 1], [1, 2], [2, 0], [2, 1], [2, 2]]"
f_ab9b2a136fa5b1e816b0,"[[8, 0], [8, 1], [8, 4], [11, 0], [11, 1], [11, 4], [17, 0], [18, 0], [19, 0], [19, 1], [19, 4]]"
f_93cc173f871aa775474d,"[[1, 0], [2, 0], [3, 0], [4, 0], [5, 0], [6, 0], [6, 1], [6, 2], [6, 6], [7, 0], [7, 1], [8, 0], [8, 1], [9, 0], [9, 1], [10, 0], [10, 1]]"
f_fae628faa2a4c3a4f774,"[[1, 1], [1, 2], [1, 3], [2, 1], [2, 2], [2, 3]]"
f_7650c8d97c49733ccbb4,"[[25, 0], [25, 1], [25, 3], [26, 0], [26, 1], [26, 3]]"
f_d407d94c8fcf9ba0c62e,"[[10, 0], [10, 3], [11, 0], [11, 1], [11, 2], [11, 3], [12, 0], [12, 3]]"
f_67969a4a794fdcc87bbf,"[[1, 4], [2, 1], [2, 3], [2, 4], [3, 4]]"
f_d248683e6d8e23bbc86d,"[[3, 0], [3, 1], [3, 2], [4, 0], [4, 1], [4, 2], [5, 0], [5, 1], [5, 2], [6, 0], [6, 1], [6, 2], [7, 0], [7, 1], [7, 2], [8, 0], [8, 1], [8, 2], [9, 0], [9, 1], [9, 2]]"
f_0b0b6ae9020bf8fd3eba,"[[2, 0], [3, 0], [4, 0], [4, 4], [4, 5]]"
f_2e883168bd1824fd5621,"[[2, 3], [2, 4], [3, 3], [3, 4], [4, 3], [4, 4], [5, 0], [5, 3], [5, 4], [6, 0], [6, 1], [6, 3], [6, 4], [7, 0]]"
f_d5951cd4339a3745c121,"[[3, 0], [3, 1], [4, 0], [4, 1], [4, 3], [4, 4], [7, 0], [7, 1], [7, 3], [8, 0], [8, 1], [8, 3], [8, 4]]"
f_35b006177d1dc3d5acc3,"[[1, 0], [1, 1], [1, 3], [1, 4], [2, 1], [2, 4]]"
f_45738264c1da980ea663,"[[1, 0], [1, 1], [1, 2], [2, 0], [3, 0], [4, 0], [5, 0]]"
f_dbf21ca95b7dab83ef28,"[[13, 0], [13, 1], [13, 2], [13, 3]]"
f_65e93759feb8d94ca5ff,"[[1, 0], [2, 0], [2, 1], [2, 2], [2, 3], [2, 4], [3, 0], [3, 1], [3, 2], [3, 3], [3, 4], [4, 0], [4, 1], [4, 2], [5, 0], [5, 1], [5, 2], [5, 3], [5, 4], [6, 0], [6, 1], [7, 0], [7, 1], [8, 0], [8, 1], [9, 0], [9, 1], [9, 2], [9, 3], [9, 4], [10, 0], [10, 1], [11, 0], [11, 1]]"
f_b6516497ec6dd93c866c,"[[3, 0], [3, 2], [4, 0], [4, 2]]"
f_eab95596f01778f1d18c,"[[4, 0], [4, 1], [4, 2], [4, 3], [11, 0], [11, 1], [11, 2]]"
f_b41795f7bc3de2e307ec,"[[2, 1], [3, 1], [4, 1], [5, 3], [5, 4]]"
f_cc57500f34781b883075,"[[1, 1], [1, 2], [1, 4], [2, 1], [9, 1], [10, 1], [11, 1], [11, 2], [11, 3], [11, 4]]"
f_c92a51013aea8f876a9e,"[[2, 0], [2, 1], [3, 0], [3, 1], [4, 0], [4, 1]]"
f_253efad86d80a9046f33,"[[7, 0], [7, 2], [7, 3], [7, 4], [8, 0], [8, 2], [8, 3], [8, 4]]"
f_a8a14a36fe699ba3d346,"[[2, 0], [3, 0], [4, 0], [5, 0], [6, 0], [7, 0], [8, 0], [9, 0], [10, 0], [10, 9], [11, 0], [11, 1]]"
f_4828dee4ce99b498d3fa,"[[1, 0], [1, 3], [1, 4], [2, 0], [2, 3], [2, 4], [5, 0], [5, 3], [5, 4]]"
f_eb589c084627e3e4af44,"[[12, 0], [13, 0], [13, 1], [13, 2], [14, 0], [14, 1], [14, 2], [15, 0], [15, 1], [15, 2], [15, 4], [15, 5]]"
f_0390ac30b534588b27bc,"[[7, 0], [7, 1], [8, 0], [8, 1]]"
f_168b228ebc9a2a464bd7,"[[12, 6], [13, 6], [14, 0], [14, 1], [14, 6]]"
f_9b5932be15386ccf4345,"[[1, 2], [5, 2]]"
f_3a15296c377cc503e8ab,"[[10, 0], [10, 1], [11, 0], [12, 0], [13, 0], [13, 1], [14, 0]]"
f_76dd04099e343d354dad,"[[7, 3], [8, 1], [8, 3]]"
f_5c0eb46bcd70874d3620,"[[6, 1], [6, 3], [7, 1], [7, 2], [7, 3]]"
f_d5fcdd1b48e366b542ea,"[[2, 2], [7, 1], [7, 2], [7, 3], [7, 4], [8, 1], [8, 3], [9, 3], [10, 3], [11, 3], [12, 1], [12, 2], [12, 3], [12, 4], [13, 1], [13, 3], [14, 1], [14, 2], [14, 3], [14, 4], [15, 1], [15, 3], [16, 3], [17, 3]]"
f_7455d245f96a9e3b7736,"[[1, 0], [1, 1], [1, 2], [1, 3], [1, 4], [2, 0], [2, 1], [2, 2], [2, 3], [2, 4]]"
f_f1e43aa443f7e0480a52,"[[1, 0], [1, 3], [2, 0], [2, 1], [2, 2], [2, 3], [3, 0], [3, 1], [3, 2], [3, 3], [4, 0], [4, 3]]"
f_e7542a03d4bda5ed4588,"[[1, 0], [1, 1], [1, 3], [1, 4], [2, 0], [2, 1], [2, 3], [2, 4]]"
f_bb4f24b6bf8cb2f25887,"[[2, 0], [2, 1], [2, 2], [3, 0], [3, 1], [3, 2], [3, 3], [3, 4]]"
f_2d626d5d24fc3d7b7cc5,"[[22, 0], [23, 0], [24, 0], [25, 0], [26, 0], [26, 1], [26, 2]]"
f_c032bc3d92f4d8bc9778,"[[1, 2], [4, 3]]"
f_72bc6b465c5687be00ae,"[[1, 3], [1, 4], [2, 3], [2, 4], [3, 3], [3, 4], [4, 3], [4, 4], [5, 3], [5, 4], [6, 3], [6, 4], [7, 3], [7, 4], [8, 3], [8, 4], [9, 3], [9, 4], [10, 3], [10, 4], [11, 3], [11, 4], [12, 3], [12, 4], [13, 3], [13, 4], [14, 3], [14, 4], [15, 3], [15, 4], [16, 3], [16, 4], [17, 3], [17, 4], [18, 3], [18, 4], [19, 3], [19, 4], [20, 3], [20, 4], [21, 3], [21, 4], [22, 3], [22, 4], [23, 3], [23, 4]]"
f_37ef01043f22f26f5e14,"[[2, 0], [3, 0], [4, 0], [5, 0], [6, 0], [7, 0], [8, 0], [9, 0], [10, 0], [11, 0], [12, 0], [12, 7], [12, 8]]"
f_fa167453c17d81e6ded5,"[[7, 0], [7, 1], [7, 2], [7, 3], [7, 4], [8, 0], [8, 1], [8, 2], [8, 3], [8, 4]]"
f_5b43252ded335b4a7a00,"[[1, 0], [2, 0], [3, 0], [4, 0], [5, 0], [6, 0], [7, 0], [8, 0], [9, 0], [10, 0], [11, 0], [12, 0], [13, 0], [14, 0], [15, 0], [16, 0]]"
f_5ac4c9f1eb63d202d375,"[[2, 0], [2, 1], [2, 5], [3, 0]]"
f_b3bbcb558dcaffc8364a,"[[4, 0], [5, 0], [5, 1], [5, 4], [6, 0], [7, 0]]"
f_9a1d8b84a231c70c0cab,"[[6, 0], [7, 0], [8, 0], [8, 2], [8, 3], [9, 0], [9, 2], [9, 3]]"
f_f5b27f636a130448de4a,"[[9, 0], [9, 1], [9, 2], [27, 0], [27, 1], [27, 2], [27, 3]]"
f_82593bec35f3a3a469a0,"[[7, 0], [7, 1], [7, 2], [8, 0], [8, 1], [8, 2], [9, 0], [9, 1], [9, 2], [9, 3]]"
f_ee810bf53f55a0d7f145,"[[5, 0], [5, 1], [5, 8], [6, 0], [6, 1], [6, 2], [6, 4], [7, 0]]"
f_0e3cde94d754a35b5a79,"[[2, 0], [2, 1], [2, 2], [3, 0], [3, 1], [3, 2], [4, 1], [4, 2], [5, 1], [6, 1], [7, 1], [8, 1]]"
f_b8fa161a9e2c930109d2,"[[2, 0], [2, 5], [3, 0], [3, 5], [4, 0], [4, 5], [5, 0], [5, 5], [6, 0], [6, 5], [7, 0], [7, 5], [8, 0], [8, 5], [9, 0], [9, 5]]"
f_8126453e254b6c75dd3a,"[[2, 0], [2, 1], [2, 2], [3, 0], [3, 1], [3, 2]]"
f_53a88341f283ccd288be,"[[1, 0], [2, 0], [3, 0], [4, 0], [5, 0], [6, 0], [7, 0], [8, 0], [9, 0], [9, 1], [9, 2], [9, 3], [9, 4], [10, 0], [10, 1], [10, 2], [10, 3], [10, 4], [11, 0], [11, 1], [11, 2], [11, 3], [11, 4], [12, 0], [12, 1], [12, 2], [12, 3], [12, 4], [13, 0], [13, 1], [13, 2], [13, 3], [13, 4], [14, 0], [14, 1], [14, 2], [14, 3], [14, 4], [15, 0], [15, 1], [15, 2], [15, 3], [15, 4]]"
f_7cdf3336eab73f641d9f,"[[1, 2], [2, 1], [6, 3]]"
f_bd20c8d638366fb3d46a,"[[1, 1], [1, 3], [1, 4], [1, 5], [2, 1], [2, 3], [2, 4], [2, 5], [3, 1], [3, 3], [3, 4], [3, 5]]"
f_32829c00159ea7f0a3d2,"[[3, 0], [3, 1], [23, 0], [23, 1]]"
f_9d2032a34b67d44fd21c,"[[3, 4], [4, 0], [4, 2], [4, 3], [4, 4]]"
f_4ce6893c981dd4e0478f,"[[2, 0], [2, 1], [3, 0], [3, 1], [3, 3], [3, 4], [6, 0], [6, 1], [6, 3], [6, 4], [7, 0]]"
f_ee79213271c9c35857ba,"[[9, 0], [10, 0], [11, 0], [11, 2], [11, 3], [11, 4], [11, 5], [12, 0]]"
f_872d344e4fcd8f8b58c3,"[[5, 0], [5, 1], [6, 0], [6, 1]]"
f_74fcaae7d0ce479eba76,"[[0, 2], [1, 0], [1, 2]]"
f_7c8bf5a221293e384ab1,"[[3, 1], [3, 2], [3, 4], [7, 1], [7, 2], [7, 4]]"
f_56aa2cdea092d52d03d2,"[[9, 0], [9, 4], [9, 5], [9, 8], [10, 0], [10, 4], [10, 5], [10, 8]]"
f_fd96d86781042c7eeacb,"[[3, 0], [3, 3], [3, 5], [4, 0], [4, 3], [4, 5]]"
f_9ac71d925b77b97ae562,"[[4, 0], [4, 1], [5, 10]]"
f_a95ebe60e5419c3cfc92,"[[5, 0], [5, 3], [6, 0], [6, 3], [7, 0], [7, 1], [7, 3], [8, 0], [8, 3]]"
f_bfab06818f4ccb060415,"[[3, 1], [3, 4], [3, 5], [3, 6]]"
f_d63697f56b72ce6f6033,"[[1, 1], [1, 2], [1, 4], [2, 1], [2, 2], [2, 4]]"
f_09d7f25e355eeb680827,"[[1, 1], [1, 2], [2, 1], [2, 2], [3, 1], [3, 2], [4, 1], [4, 2], [5, 1], [5, 2]]"
f_60fb66502328e59449c2,"[[17, 0], [17, 2], [18, 0], [18, 2]]"
f_87647834a08d6e3a4547,"[[1, 0], [1, 1], [1, 2], [1, 3], [2, 0], [2, 1], [2, 2], [2, 3], [3, 0], [3, 1], [3, 2], [3, 3], [6, 0], [6, 1], [6, 2]]"
f_6858c79f8f013175250a,"[[2, 0], [3, 0], [3, 1], [3, 2], [3, 3], [3, 4], [3, 5]]"
f_79d04f39938392aadca5,"[[1, 0], [1, 1], [1, 2], [1, 3], [1, 4], [6, 2], [7, 0], [7, 2], [8, 0], [8, 2], [9, 0], [9, 2], [10, 0], [10, 2], [11, 0], [11, 2], [12, 0], [12, 1], [12, 2], [13, 2]]"
f_c5b835d40e29cea084f4,"[[5, 0], [6, 0], [7, 0], [7, 1], [7, 3], [8, 0]]"
f_7ad7c4f6bee047bb44ec,"[[1, 2], [1, 3], [2, 2], [2, 3]]"
f_163898f93127f676a8bd,"[[4, 0], [4, 1], [4, 2], [4, 5]]"
f_31a8cda69335d7a8c56b,"[[20, 0], [20, 2], [20, 3], [20, 4]]"
f_28b58afbd77111cb7225,"[[2, 13], [3, 0], [3, 9], [3, 10], [3, 12], [3, 13]]"
f_a98fdadbd8d49a355b7e,"[[2, 0], [3, 0], [3, 1], [3, 2], [4, 0], [4, 1]]"
f_fd7c5b74be857db4267e,"[[6, 0], [6, 3], [6, 5], [9, 0], [9, 3], [9, 5]]"
f_38c111b819acfe7dabd0,"[[2, 0], [3, 0], [3, 1], [3, 2], [4, 0], [5, 0]]"
f_5fa8ca63ffd98f407089,"[[3, 0], [3, 11], [3, 12], [4, 0], [4, 2], [4, 8], [4, 11], [4, 12]]"
f_9db6d2e08da77c8b8ed6,"[[1, 1], [1, 3], [1, 4], [1, 5]]"
f_0521fdecbfe132b66059,"[[15, 0], [16, 0], [16, 1], [16, 2], [16, 3]]"
f_fc19c27e3be352da284c,"[[1, 0], [1, 1], [1, 3], [1, 4], [2, 0], [2, 1], [2, 3], [2, 4]]"
f_f7b3596840bdbda62db8,"[[1, 1], [1, 2], [1, 4], [2, 1], [2, 2]]"
f_5a30370498e6e28a8c54,"[[11, 0], [11, 1], [11, 2], [12, 0], [12, 1], [12, 2], [15, 0], [15, 1], [15, 2]]"
f_9f8d7dd82ec481667c77,"[[1, 2], [2, 1], [2, 2], [14, 3]]"
f_59d915aeb42342b6e3c0,"[[8, 0], [8, 1], [8, 2], [12, 0], [12, 1], [12, 2], [17, 0], [17, 1], [17, 2]]"
f_d229f80fd0e147d5170c,"[[2, 0], [3, 0], [3, 1], [3, 2], [3, 3]]"
f_989e3cd87274ac4a1ed7,"[[0, 1]]"
f_560044642d95efb79d8c,"[[1, 0], [1, 1], [1, 2], [2, 0], [2, 1], [2, 2]]"
f_0dd9eaa6576ba6a9ec17,"[[5, 0], [5, 1], [5, 2], [6, 0], [6, 1], [6, 2], [7, 0], [7, 1], [7, 2]]"
f_04e7cbed259b1d6f9a89,"[[4, 0], [5, 0], [6, 0], [7, 0], [8, 0], [9, 0], [10, 0], [11, 0], [12, 0], [13, 0], [13, 7], [13, 8]]"
f_c9608aff228d6cbb2586,"[[18, 0], [18, 1], [18, 2], [18, 4], [19, 0], [19, 1], [19, 2], [19, 4]]"
f_7f264693189e625eeceb,"[[17, 0], [17, 2], [18, 0], [18, 1], [18, 2], [19, 0], [19, 2], [20, 0], [20, 2], [21, 0], [21, 2], [22, 0], [22, 2], [23, 0], [23, 2], [24, 0], [24, 2], [25, 0], [25, 2], [26, 0], [26, 2], [27, 0]]"
f_4fe3dbd772991275d093,"[[2, 0], [3, 0], [4, 0], [5, 0], [6, 0], [7, 0], [8, 0], [9, 0], [10, 0], [11, 0], [11, 11], [11, 12]]"
f_0cf9c8c8be6085af2855,"[[8, 0], [8, 1], [9, 0], [9, 1], [9, 2], [9, 3]]"
f_0928798d538058d516a2,"[[4, 1], [4, 2], [4, 3], [5, 1], [5, 2], [5, 3], [7, 1], [7, 2], [7, 3], [8, 1], [8, 2], [8, 3], [15, 1], [15, 2], [15, 3], [28, 1], [28, 2], [28, 3]]"
f_68d49278185a628ed505,"[[1, 1], [2, 1], [5, 1]]"
f_0b9d5ca88cc876c17c9b,"[[1, 0], [1, 1], [1, 2], [2, 0], [2, 1], [2, 2]]"
f_81defc7fdb1620fdabed,"[[12, 1], [13, 1], [14, 1], [15, 1], [15, 2], [16, 0], [16, 1], [16, 2], [17, 1], [18, 1], [19, 1]]"
f_b72ae252ebbbd58901a8,"[[16, 0], [16, 1]]"
f_0322782e2a011ec52bc5,"[[2, 2], [2, 3], [2, 5], [3, 2], [3, 3]]"
f_5e7f9f2be5c387bf8789,"[[3, 0], [3, 1], [3, 2], [4, 0], [4, 1], [4, 2], [9, 0], [9, 1], [9, 2]]"
f_77eee3123bdc3233c1b3,"[[5, 0], [5, 1], [5, 2], [6, 0], [6, 1], [6, 2], [7, 0], [7, 1], [7, 2]]"
f_8e68bdd60460ebe873c9,"[[11, 0], [11, 1], [11, 2]]"
f_4145e5de8cbabf0c8fbe,"[[1, 1], [1, 3], [15, 1], [15, 2], [15, 3], [16, 2], [16, 3], [16, 4], [16, 5], [16, 6], [16, 7]]"
f_43066752cd0484f91642,"[[17, 0], [17, 1], [18, 0], [18, 1], [18, 4], [18, 5], [19, 0]]"
f_c44cf60410a26df95759,"[[3, 0], [3, 1], [3, 2], [3, 3]]"
f_0ce3ae966f6512bf073d,"[[4, 0], [4, 1], [4, 2], [5, 0], [5, 1], [5, 2], [6, 0], [6, 1], [6, 2], [7, 0], [7, 1], [7, 2], [9, 2]]"
f_0c98d8acf345402100c7,"[[8, 0], [8, 1], [8, 2], [8, 4], [12, 0], [13, 0], [14, 0], [14, 1], [14, 2], [14, 4]]"
f_aca49ef7b41b5a7dc9fe,"[[1, 0], [1, 3], [2, 0], [2, 3]]"
f_1b279195d167e4135737,"[[9, 0], [9, 1], [9, 2], [15, 0], [15, 1], [15, 2]]"
f_a02af1ae86497ffc8dbc,"[[4, 1], [4, 2], [5, 0], [5, 1], [5, 3]]"
f_fba091ffae076aa1e1c5,"[[1, 0], [1, 1], [1, 2]]"
f_06a063f51b52adecba5e,"[[1, 0], [2, 0], [3, 0], [4, 0], [5, 0], [5, 1], [5, 2], [5, 3], [5, 4], [6, 0], [6, 1], [7, 0], [7, 1], [8, 0], [8, 1], [9, 0], [9, 1], [10, 0], [10, 1], [11, 0], [11, 1]]"
f_c35f2ceacf163b3a241b,"[[2, 0], [2, 5], [3, 0], [3, 5]]"
f_f559c4ce865365bd4636,"[[4, 0], [5, 0], [6, 0], [7, 0], [8, 0], [8, 1], [8, 3], [8, 4]]"
f_9874a634d67f2c96fc15,"[[7, 3], [8, 1], [8, 2], [8, 3]]"
f_b33c41132306077706cf,"[[4, 2], [10, 2]]"
f_720972b19cca6137c57a,"[[1, 0], [1, 1], [1, 2], [1, 3], [2, 0], [2, 1], [2, 2]]"
f_d1f0ce6b1fb7dfe40f92,"[[4, 2], [5, 0], [5, 2], [5, 3]]"
f_979d142c019fcbe9a1e7,"[[2, 1], [3, 0], [3, 1], [3, 4], [4, 1], [4, 4], [5, 4]]"
f_a90190e9156c8f51bfb4,"[[1, 0], [1, 1], [1, 2], [1, 3], [2, 2], [2, 3], [3, 2], [3, 3]]"
f_6586ad06d520a426662f,"[[1, 2], [1, 5], [2, 0], [2, 2], [2, 5]]"
f_5a9a5277a0d08442e5c2,"[[1, 0], [1, 1], [6, 0], [6, 1], [7, 0], [7, 1], [7, 2]]"
f_4d1a41f72b84f6baa188,"[[4, 0], [5, 0], [6, 0], [6, 1], [6, 2], [6, 3], [6, 4]]"
f_f4d28e2c5e523319064e,"[[5, 3], [5, 4], [5, 5], [7, 3], [7, 4], [7, 5]]"
f_44d4896a53c8c58ea0b6,"[[1, 0], [2, 0], [3, 0], [3, 1], [6, 0], [6, 1], [9, 0], [9, 1]]"
f_0798903956985bda34b8,"[[1, 0], [1, 1], [1, 2], [15, 1], [15, 2]]"
f_919994104241bcfaff5c,"[[2, 0], [2, 1], [2, 3], [3, 1], [3, 3]]"
f_9a966d652f3d1a0af81c,"[[6, 0], [7, 0], [8, 0], [9, 0], [10, 0], [11, 0], [11, 4], [11, 11], [11, 12]]"
f_f503f11013bcf9861346,"[[21, 0], [21, 1], [21, 2], [22, 0], [22, 1], [22, 2], [23, 0], [23, 1], [23, 2]]"
f_1956ddc9a0f4e548c085,"[[1, 1], [2, 1], [3, 1], [3, 2], [3, 3], [3, 4], [3, 5]]"
f_4227a25d2ae2ea5c68e4,"[[7, 0], [8, 0], [9, 0], [10, 0], [11, 0], [12, 0], [13, 0], [14, 0], [15, 0], [16, 0], [17, 0], [18, 0], [19, 0], [20, 0], [21, 0], [21, 2], [21, 3], [21, 4], [22, 0], [23, 0], [24, 0], [25, 0], [26, 0]]"
f_6831a00365a6181935df,"[[8, 0], [8, 1], [8, 2], [23, 0], [24, 0], [24, 1], [24, 2], [24, 3]]"
f_0adf58106c8b2dec9835,"[[2, 1], [2, 3], [6, 0], [6, 1], [6, 3], [7, 0], [7, 1], [7, 3], [8, 0], [9, 0], [9, 1], [9, 3], [9, 4], [10, 0], [10, 1], [11, 0], [11, 1]]"
f_3c8f53afe1fb10795835,"[[1, 0], [1, 1], [1, 4], [2, 0], [2, 1]]"
f_f0e9ae959721f41af0df,"[[6, 13], [7, 0], [7, 1], [7, 13], [8, 1], [8, 13], [9, 13]]"
f_a909bfab67ea926554be,"[[4, 0], [4, 1], [4, 2], [5, 0], [5, 1], [5, 2]]"
f_2d6f713c580b7edf836d,"[[7, 0], [8, 0], [8, 1], [8, 2], [8, 3], [8, 5]]"
f_1a55ed70c81f3c57196c,"[[1, 0], [1, 1], [2, 0], [2, 1]]"
f_b1aa3873eb975cb298e6,"[[5, 1], [7, 1]]"
f_972181d814b923442c10,"[[2, 0], [2, 2], [2, 6], [3, 2], [3, 6]]"
f_66a3ac8dc6796843187e,"[[1, 1], [2, 1], [3, 1]]"
f_a3fc937df4393d2f77ef,"[[1, 1], [1, 2], [1, 3], [1, 5], [23, 1], [23, 2], [23, 3], [23, 5]]"
f_3689a122501ab4e5b4c2,"[[8, 1], [8, 2], [8, 3], [8, 4], [9, 1], [9, 2], [9, 3], [9, 4], [10, 3]]"
f_c6b976bc0a22c4d47ad5,"[[12, 0], [13, 0], [14, 0], [15, 0], [15, 1], [15, 4]]"
f_058b2247515ad65f1ed4,"[[1, 1], [1, 2], [2, 1], [2, 2], [5, 3]]"
f_28b90a8e1d8e2b98dafa,"[[1, 0], [1, 1], [1, 2], [1, 4]]"
f_0b903067f9f0b48b7cdf,"[[19, 0], [19, 2], [20, 0], [20, 2], [21, 0], [21, 1], [21, 2], [21, 11], [21, 12], [22, 0]]"
f_e72c01dffc2fa2dc67c3,"[[5, 0], [5, 1], [5, 2], [5, 3]]"
f_31008f887996ad6db816,"[[5, 0], [5, 1], [6, 0], [6, 1], [6, 2]]"
f_bd33d36144b521459ea1,"[[1, 1], [1, 2], [1, 3], [1, 4], [2, 1], [2, 2], [2, 3], [2, 4], [3, 1], [3, 2], [3, 3]]"
f_a112d65a87e6d1a85cd4,"[[7, 0], [7, 1], [7, 2], [13, 0], [13, 1], [13, 2]]"
f_20f0a5e9facaca35277d,"[[2, 0], [2, 2], [3, 0], [3, 2], [4, 0], [4, 2], [5, 0], [5, 2], [6, 0], [6, 2], [7, 0], [7, 2], [8, 0], [8, 2], [9, 0], [9, 1], [9, 2], [10, 0]]"
f_c3996b96842d7f03a42f,"[[18, 0], [19, 0], [19, 1], [19, 4], [20, 0], [20, 4], [21, 4], [22, 4], [23, 4], [24, 4], [25, 4], [26, 4]]"
f_42e5c8015980af5ac948,"[[2, 0], [2, 1], [2, 3], [3, 1], [3, 3], [4, 1], [4, 3], [5, 1], [5, 3], [6, 1], [6, 3]]"
f_1afa97b7235fc301b567,"[[8, 0], [9, 0], [10, 0], [11, 0], [12, 0], [13, 0], [14, 0], [15, 0], [16, 0], [17, 0], [18, 0], [19, 0], [19, 1], [19, 2], [19, 3], [19, 4], [20, 0], [20, 1], [20, 2], [20, 4], [21, 0], [21, 1], [21, 2], [21, 4], [22, 0], [22, 1], [22, 2], [22, 4], [23, 0], [23, 1], [23, 2], [23, 4], [24, 0], [24, 1], [24, 4], [25, 0], [25, 1], [25, 4], [26, 0], [26, 1], [26, 4], [27, 0], [27, 1], [27, 4], [28, 0], [28, 1], [28, 4], [29, 0], [29, 1], [29, 4]]"
f_2a8caa9675f13bc13e82,"[[15, 0], [15, 1], [15, 2], [16, 0], [16, 1], [16, 2], [17, 0], [17, 1], [17, 2]]"
f_bedd2a96bf4caa66db53,"[[4, 0], [4, 1], [4, 2], [8, 0], [8, 1], [8, 2]]"
f_695f89526d9723a08112,"[[7, 0], [7, 1], [7, 2], [7, 4], [8, 0], [8, 1], [8, 2], [8, 4]]"
f_95c16f215a7ea52c6693,"[[1, 0], [1, 1], [1, 2], [1, 3], [2, 1], [2, 2], [3, 0], [3, 1], [3, 2], [3, 3]]"
f_e0f92ec3d22887c3f591,"[[1, 1], [1, 2], [1, 4], [2, 1], [2, 2], [2, 4]]"
f_04e918973e5305ca7e7d,"[[3, 0], [3, 1], [3, 8], [4, 0], [4, 1], [4, 8]]"
f_cc471636a6c5bb191c45,"[[11, 0], [12, 0], [13, 0], [14, 0], [15, 0], [15, 8]]"
f_97a299cf896a940658a0,"[[16, 0], [16, 1], [16, 3], [16, 4], [16, 5]]"
f_a3ab24ae0d0482b74106,"[[1, 0], [1, 1], [3, 0], [3, 1], [5, 0], [5, 1]]"
f_c6b09d468e35a2633379,"[[3, 0], [4, 0], [5, 0], [6, 0], [7, 0], [8, 0], [9, 0], [10, 0], [11, 0], [12, 0], [13, 0], [14, 0], [15, 0], [16, 0], [17, 0], [18, 0], [19, 0], [21, 3], [21, 4]]"
f_217ffcad2d028f512290,"[[1, 1], [2, 1], [2, 2], [2, 3]]"
f_fc1cc115c3256e84b709,"[[27, 0], [27, 1], [27, 2]]"
f_23e815eb6f3a0e181e16,"[[6, 0], [6, 1], [6, 2], [6, 3], [6, 4], [6, 5], [10, 0], [10, 1], [10, 2], [10, 3], [10, 4]]"
f_6ea84acafa888c44ae49,"[[1, 0], [1, 2], [2, 0], [2, 2]]"
f_5fc0f707bc2ef03807b5,"[[5, 0], [5, 1], [5, 2], [5, 3], [5, 4], [6, 0], [6, 1], [6, 2], [6, 3], [6, 4], [7, 0], [7, 1], [7, 2], [7, 3], [7, 4]]"
f_a1f8146646830049a453,"[[1, 2], [3, 1], [3, 2], [3, 4]]"
f_4551e847922202d9199b,"[[1, 0], [1, 1], [1, 2], [1, 4], [1, 5]]"
f_7e270841f77f3638360a,"[[7, 0], [7, 1], [8, 0], [8, 1]]"
f_bfb193d67234c120fdaf,"[[7, 0], [7, 1], [10, 0], [10, 1], [10, 3]]"
f_c8c0d12d1f24181e0c26,"[[1, 0], [1, 2], [1, 3], [1, 4], [2, 2], [2, 3], [2, 4], [2, 5]]"
f_e4e9f204f0dc0aee317c,"[[2, 0], [2, 2], [2, 3], [2, 4], [3, 0], [3, 2], [3, 3], [3, 4]]"
f_d2a5976a1f6cea057b3e,"[[0, 0], [1, 4]]"
f_4f8575e216a5b99acd0c,"[[1, 0], [1, 1], [1, 2], [2, 2], [3, 0], [3, 1], [3, 2], [4, 0], [4, 1], [4, 2], [5, 0], [5, 1], [5, 2]]"
f_5790e97ad13e5413979d,"[[7, 1], [7, 2]]"
f_fea4eb632b6c6b7c89e4,"[[3, 1], [3, 2], [4, 1], [4, 2]]"
f_028454da69a1b5f1b359,"[[1, 0], [1, 1], [2, 0], [2, 1], [2, 2]]"
f_d4fe5ef5255022199341,"[[15, 0], [16, 0], [16, 1], [16, 3], [16, 4], [17, 0], [17, 3], [18, 0]]"
f_448f8b752d1107710db0,"[[1, 2], [2, 2], [3, 0], [3, 1], [3, 2]]"
f_85395087e46c18766990,"[[3, 0], [3, 4], [4, 0], [4, 1], [4, 3], [4, 4], [5, 1], [5, 3], [5, 4]]"
f_8cc5b6a8ea755151d4f1,"[[1, 0], [1, 1], [1, 4], [3, 1], [3, 2], [3, 4], [4, 1], [4, 2], [4, 4], [5, 1], [5, 2], [5, 4], [6, 1], [6, 2], [6, 4], [7, 1], [7, 2], [7, 4], [8, 1], [8, 2], [8, 4], [9, 1], [9, 2], [9, 4], [10, 1], [10, 2], [10, 4], [11, 1], [11, 2], [11, 4], [12, 1], [12, 2], [12, 4], [13, 1], [13, 2], [13, 4], [14, 1], [14, 2], [14, 4], [16, 1], [16, 2], [16, 4], [17, 1], [17, 2], [17, 4], [18, 1], [18, 2], [18, 4]]"
f_3d39701657c3cb0a542c,"[[2, 0], [2, 2], [3, 0], [3, 1], [3, 2], [4, 0], [4, 2], [5, 0]]"
f_4e0dcc9d362e6843a813,"[[1, 0], [1, 2], [1, 3], [2, 0], [2, 2], [2, 3], [3, 0], [4, 0], [4, 1], [4, 2], [4, 3], [5, 0], [5, 1], [5, 2], [5, 3], [6, 0], [6, 2], [6, 3], [9, 2], [9, 3], [10, 0], [10, 2], [10, 3], [11, 0], [11, 2], [11, 3], [12, 0], [12, 1], [12, 2], [12, 3], [13, 0], [14, 0], [15, 0]]"
f_e6f7387512f61e46efbb,"[[2, 1], [2, 2], [2, 3], [2, 6], [24, 6]]"
f_f238d172bb99c5f13b81,"[[1, 0], [1, 5], [2, 0], [2, 5], [3, 0], [3, 5]]"
f_54b24a6eaf4833ad723a,"[[14, 1], [14, 2], [14, 4], [15, 0], [15, 1], [15, 3], [15, 4]]"
f_01e4e1a5f99da3dbd2e3,"[[2, 0], [2, 1], [2, 2], [3, 0], [3, 1], [3, 2], [14, 0], [14, 1], [14, 2], [16, 0], [16, 1], [16, 2]]"
f_63a57e01638c14b099a5,"[[2, 0], [3, 0], [3, 2], [4, 0], [4, 2], [5, 0], [5, 2], [5, 3], [5, 4]]"
f_e352274b03c3e3e53e17,"[[3, 0], [4, 0], [4, 1], [4, 3]]"
f_54060094f54d6b5ce673,"[[5, 0], [5, 1], [5, 2], [5, 3]]"
f_4cc55b8705af6c838e31,"[[11, 0]]"
f_f81cb07944365a0a4352,"[[2, 0], [2, 1], [2, 2]]"
f_fa46fa8f708c2f97f1e2,"[[4, 0], [5, 0], [6, 0], [6, 2], [7, 0], [7, 2], [8, 0], [8, 2], [9, 0], [9, 2]]"
f_cc4d4651b0968c78a213,"[[2, 1], [3, 1], [4, 1], [5, 1], [6, 1], [7, 1], [8, 1], [9, 0], [9, 1], [9, 2], [9, 4], [10, 0], [10, 1], [11, 1], [12, 1]]"
f_aaccf53e2c68825486bc,"[[2, 0], [2, 1], [6, 0], [6, 1], [6, 2], [6, 3]]"
f_f6290798475eb5ef734a,"[[16, 0], [16, 1], [16, 2], [16, 3], [17, 1], [17, 3], [18, 1], [18, 3], [19, 1], [19, 3], [20, 1], [20, 3], [21, 1], [21, 3], [22, 1], [22, 3]]"
f_ca82e11ece2aec8df043,"[[8, 0], [9, 0], [9, 1], [9, 3], [9, 4]]"
f_70571e536e7ea6c29bdb,"[[21, 0], [21, 1], [21, 2], [21, 3], [21, 4], [21, 5], [22, 0], [22, 1], [22, 2], [23, 0], [23, 1], [23, 2]]"
f_2724baf9cfe5931b8019,"[[16, 0], [16, 1], [16, 2], [17, 0], [17, 1], [17, 2], [18, 0], [19, 0], [20, 0], [21, 0], [22, 0], [23, 0]]"
f_b3248adcc5aeefdfa2c5,"[[1, 0], [2, 0], [3, 0], [4, 0], [5, 0], [6, 0], [7, 0], [8, 0], [9, 0], [10, 0], [12, 0], [13, 0], [14, 0], [15, 0], [16, 0], [17, 0], [19, 0], [20, 0], [21, 0], [22, 0], [23, 0], [24, 0], [25, 0], [26, 3], [26, 4], [26, 5], [26, 6]]"
f_1f1e3e5a238f7ec3c2d3,"[[10, 0], [11, 0], [11, 1], [11, 2], [11, 3], [12, 0], [13, 0], [14, 0]]"
f_7ce3ba61bffaa0a197ae,"[[1, 0], [1, 1], [1, 4], [26, 3]]"
f_97d29284de59a7b455fb,"[[2, 0], [2, 1], [2, 3], [2, 4], [3, 0], [3, 1], [3, 3], [3, 4]]"
f_ce22332963ea35caceee,"[[1, 0], [1, 1], [2, 0], [2, 1], [3, 0], [3, 1], [4, 0], [4, 1], [4, 2], [4, 3], [4, 4], [5, 0], [5, 1], [6, 0], [6, 1], [7, 0], [7, 1], [8, 0], [8, 1]]"
f_67b287fb9c56df9fc54a,"[[17, 0], [18, 0], [18, 1], [18, 2]]"
f_1aecadc9a7181b3b338c,"[[13, 0], [13, 1], [13, 2], [13, 3], [14, 0], [14, 1], [14, 2], [14, 3], [15, 0], [15, 1], [15, 3], [16, 0], [16, 1], [16, 3]]"
f_96cb8504c4a14b17e890,"[[4, 0], [5, 0], [6, 0], [6, 1], [6, 2], [6, 3], [6, 5], [7, 0], [8, 0], [9, 0]]"
f_5e907f33b5001be5e5af,"[[1, 1], [1, 2], [1, 3], [1, 4], [2, 1], [3, 1], [4, 1], [5, 2], [5, 3], [5, 4]]"
f_4bbada85084efded745c,"[[1, 0], [1, 1], [5, 0], [5, 1]]"
f_ce05ac068e8de8d39ef5,"[[2, 0], [3, 0], [4, 0], [5, 0], [6, 0], [7, 0], [8, 0], [8, 10]]"
f_9581f4b63710b666d5e0,"[[2, 1], [2, 2], [2, 3], [3, 0]]"
f_cad8cb6b1cef36cd13ce,"[[1, 0], [1, 1], [1, 2], [1, 3], [2, 0], [3, 0], [4, 0], [4, 1], [4, 2], [4, 3], [5, 0], [6, 0], [7, 0], [8, 0]]"
f_69e4c80ba6b806cd2ee9,"[[4, 0], [4, 1], [4, 2]]"
f_d58e921c98cbffa3bd84,"[[11, 0], [11, 1], [11, 2], [13, 0], [13, 1], [14, 0], [15, 0], [16, 0]]"
f_1c2e252155acd563a297,"[[8, 1], [13, 1]]"
f_da82c767b65da9a2201d,"[[9, 0], [9, 1], [9, 2], [11, 0], [11, 1], [11, 2], [12, 0], [12, 1], [12, 2], [13, 0], [13, 1], [13, 2]]"
f_ebda41aa8d5c412ef9be,"[[7, 0], [7, 1], [7, 2], [7, 4], [8, 0], [8, 1], [8, 2], [8, 3], [8, 4], [9, 0]]"
f_0770c1238c126e19f4d5,"[[3, 0], [4, 0], [5, 0], [5, 1], [6, 0], [7, 0], [7, 1], [7, 2], [8, 0], [9, 0]]"
f_41cd656d801125f7d3aa,"[[4, 0], [4, 2], [4, 3], [4, 4], [6, 0], [6, 2], [6, 3], [6, 4]]"
f_3ec80e91dc1a4a9e7365,"[[3, 0], [3, 3], [3, 4], [11, 0], [11, 3], [11, 4], [12, 0]]"
f_7add5d1c76ed854eecff,"[[1, 0], [1, 1], [1, 2], [2, 0], [2, 1], [2, 2], [3, 0], [3, 2]]"
f_caf0aae41ac7ecc1d0c0,"[[8, 0], [9, 0], [9, 1], [9, 2], [9, 5], [10, 0]]"
f_8c7b566f5898e3020c17,"[[10, 0], [10, 1], [10, 3]]"
f_eaae9597ced2a30b2d24,"[[14, 0], [14, 1], [15, 0], [18, 0], [18, 1], [20, 0], [21, 0], [21, 1]]"
f_2631e31fc79911b8608f,"[[3, 2], [4, 0], [4, 2], [4, 11], [5, 2], [6, 2], [7, 2], [8, 2], [9, 2], [10, 2], [11, 2], [12, 2], [13, 2], [14, 2]]"
f_210fd8cee9c9805157a4,"[[10, 3], [11, 3], [12, 3], [13, 3], [14, 0], [14, 1], [14, 3], [15, 0]]"
f_4c060c79085a8c68ade6,"[[1, 1], [1, 2], [1, 4], [2, 1], [2, 2]]"
f_88b8a5a2c0e0e2833667,"[[1, 0], [1, 1], [1, 2], [1, 3], [1, 4], [1, 5], [26, 2]]"
f_5c90090e739aea91391d,"[[1, 2], [1, 4], [2, 2], [2, 4], [3, 2], [3, 4], [4, 2], [4, 4], [5, 2], [5, 4]]"
f_898e1fd6b74488472ba8,"[[1, 0], [1, 2], [1, 3], [2, 0], [2, 2], [2, 3], [3, 0], [3, 1], [3, 2], [3, 3]]"
f_81030fe54820cf7f7e16,"[[2, 0], [2, 1], [10, 0], [10, 1]]"
f_7c4790c117ac966521e1,"[[2, 0], [2, 1], [2, 2], [3, 0], [3, 1], [3, 2], [4, 0], [4, 1], [4, 2], [4, 3]]"
f_698e9203e08016e260f6,"[[2, 0], [2, 1], [26, 0], [28, 2]]"
f_0803e0875042091c99a9,"[[13, 0], [13, 1], [14, 0], [14, 1], [14, 3], [14, 4], [14, 5], [15, 0], [15, 1]]"
f_68e3c5f6e6bd77b9ea6b,"[[1, 1], [1, 2], [1, 3], [1, 4], [5, 0], [5, 1], [5, 2], [5, 3], [6, 1], [6, 2], [6, 3], [6, 4], [8, 0], [8, 1], [8, 2], [8, 3]]"
f_68553d271bbee5f7f300,"[[3, 0], [3, 3], [3, 4], [3, 5], [8, 3], [8, 4], [8, 5]]"
f_a03893a6ebaa88151c82,"[[2, 1], [3, 1], [4, 1], [5, 1], [6, 1], [7, 1], [8, 1], [9, 1], [10, 1], [11, 1], [12, 1], [13, 2], [13, 4], [13, 7], [13, 8]]"
f_f8897467012e0bccc2c7,"[[15, 0], [15, 2], [16, 0], [16, 1], [16, 2], [17, 0], [18, 0], [18, 1], [18, 2]]"
f_ec6a7b74690a68cef87c,"[[9, 2], [10, 2], [11, 1], [11, 2], [12, 0], [12, 1], [12, 2], [12, 3], [12, 4]]"
f_ddc4d05a0352e99d00ad,"[[10, 0], [10, 1], [10, 2], [10, 4], [11, 0], [12, 0], [12, 1], [12, 4]]"
f_73ba21e839aceaabd032,"[[0, 2], [0, 3], [0, 4], [1, 1], [2, 1], [3, 1], [4, 1], [5, 1], [6, 1], [7, 1], [8, 1], [9, 1], [10, 1], [11, 1], [12, 1]]"
f_c8d0db7a83fac873e9c3,"[[23, 1], [24, 1], [24, 3]]"
f_80b5dcefc587ccf4f27e,"[[1, 0], [1, 2], [3, 0], [3, 2], [6, 0], [6, 2]]"
f_1760d202657d2491637c,"[[1, 2], [1, 5], [2, 1], [2, 5]]"
f_6126fe1d80e4e652f01e,"[[6, 1], [6, 2], [6, 5], [9, 1], [9, 2], [9, 3], [9, 5]]"
f_5cf84557fab5a5489773,"[[1, 0], [1, 1], [1, 3], [2, 0], [2, 1], [2, 3], [3, 0], [3, 1], [3, 3], [4, 0]]"
f_6366c997ff6410ed4aa4,"[[1, 0], [1, 3], [2, 0], [2, 3], [3, 0], [3, 3]]"
f_3750860149d03fccfaf7,"[[10, 0], [10, 1], [10, 4], [10, 5], [16, 0], [16, 1], [16, 4]]"
f_df83fb6356a1496b1a8b,"[[1, 0], [1, 1], [1, 3], [2, 0], [2, 1], [2, 3], [11, 0], [11, 1], [11, 3], [13, 0], [13, 1], [13, 3], [17, 0], [17, 1], [17, 3]]"
f_8a05773fa0d3b9197fe1,"[[4, 1]]"
f_24c8c0150bfce83742c1,"[[0, 1], [1, 1], [13, 1], [13, 2], [13, 3]]"
f_99c3b7058f8a76a3e983,"[[1, 1], [2, 1]]"
f_e47b8fa0f4a496f874f0,"[[3, 0], [3, 1], [3, 2], [4, 1], [4, 2], [5, 1], [5, 2], [6, 1], [6, 2], [7, 1], [7, 2], [8, 1], [8, 2], [9, 1]]"
f_fa2043b35c545a00ee67,"[[2, 0], [2, 3], [2, 4], [3, 0], [3, 3], [3, 4]]"
f_fc168e87bc37d8e644a1,"[[4, 0], [4, 1], [4, 2], [4, 3], [4, 4], [5, 0], [5, 2], [5, 3], [5, 4], [8, 0], [8, 1], [8, 2], [8, 3], [8, 4]]"
f_f9258ec453d06866d96b,"[[12, 0], [12, 1], [13, 0], [13, 1], [14, 0], [14, 1], [15, 1], [16, 1], [17, 1], [18, 1]]"
f_dc510d3ba6d2fcc58bb1,"[[1, 0], [1, 1], [1, 3], [1, 4], [2, 0], [2, 1], [2, 3], [2, 4], [4, 0], [4, 1], [4, 3], [4, 4]]"
f_9c3e865fe4db8a91f86d,"[[4, 0], [4, 2], [4, 3], [4, 4], [4, 5], [5, 0], [5, 2]]"
f_6ab5238d4388bb9a4d6b,"[[1, 1], [1, 2], [1, 3], [2, 1], [2, 2], [2, 3]]"
f_831c99470c1cb9ee16a8,"[[1, 2], [1, 3], [1, 4], [2, 2], [2, 3], [2, 4]]"
f_3321a8f34ab1087c7a8c,"[[1, 3], [2, 3], [3, 0], [3, 2], [3, 3], [4, 2], [4, 3], [5, 2], [5, 3], [6, 3]]"
f_d8b5016dba4dcca33c3a,"[[1, 0], [1, 1], [1, 3], [2, 1], [3, 0], [3, 1], [3, 3]]"
f_bc61e76e9d4ae194c026,"[[1, 0], [2, 0], [3, 0], [3, 1], [3, 4], [3, 5], [3, 6]]"
f_d07cec9b4740c37ba4a8,"[[8, 0], [8, 1]]"
f_ff1218bbfe048cd70f9e,"[[1, 0], [1, 1], [1, 2], [1, 3], [1, 4], [2, 0], [2, 1], [2, 2], [2, 3], [2, 4], [3, 2], [3, 3], [4, 3], [5, 3]]"
f_9f62474312b3e0b2c9ab,"[[7, 2], [7, 4], [8, 2], [8, 4]]"
f_e8c24e81e1060e58553e,"[[16, 0], [17, 0], [17, 1], [17, 2], [18, 0], [19, 0], [20, 0], [21, 0], [22, 0]]"
f_32d09fd0e17c27e779c2,"[[13, 0], [13, 1], [13, 2], [14, 1], [15, 1]]"
f_ce6004ab693266f00c43,"[[8, 0], [8, 1], [8, 2], [8, 3], [9, 0], [9, 1], [9, 2], [9, 3]]"
f_01f947f2294652bd4166,"[[2, 0], [2, 2], [3, 0], [3, 2], [4, 0], [4, 2], [5, 0], [5, 2], [6, 0], [6, 2], [7, 0], [7, 2], [9, 0], [9, 2], [11, 0], [11, 2]]"
f_37c4026697a91fb35206,"[[8, 0], [8, 1], [9, 0], [9, 1], [9, 2], [9, 3], [10, 0], [11, 0]]"
f_3b4448ce32fc83844150,"[[7, 0], [7, 1], [7, 2], [7, 3]]"
f_d77ea1989d884d8e0a46,"[[8, 0], [8, 2], [9, 0], [9, 2], [10, 0], [10, 1], [10, 2], [11, 0], [11, 2], [12, 0], [12, 2], [13, 0]]"
f_1302962d64ba3dd6043e,"[[1, 1], [2, 1], [3, 1], [4, 0], [4, 1], [4, 2], [4, 4]]"
f_ebd0824362459c877f85,"[[4, 0], [4, 1], [4, 2]]"
f_077bd0ca57a1bb5ccd79,"[[1, 1], [2, 1], [2, 4]]"
f_b2b28268812e28d9b845,"[[2, 0], [2, 2], [2, 3], [3, 0], [3, 2], [3, 3]]"
f_8e56e164e08fb2755a2f,"[[1, 2], [1, 3], [1, 4], [2, 2], [2, 3], [2, 4], [3, 1], [3, 2], [3, 3], [3, 4]]"
f_d97b2bf2ff6fe1345d84,"[[4, 1], [4, 3], [5, 0], [5, 1], [5, 3], [6, 0], [6, 1], [6, 3]]"
f_353810a435ff56460fb1,"[[2, 1], [2, 2], [4, 1], [4, 2]]"
f_2db7f92135d3ffa01f55,"[[1, 1], [1, 2], [1, 3], [2, 1], [2, 2], [2, 3]]"
f_cef4eb10fba1884ce800,"[[2, 13], [3, 13], [4, 13], [5, 1], [5, 13], [6, 1], [6, 13], [7, 0], [7, 1], [7, 13]]"
f_360db3f8db03f5dee797,"[[1, 2], [1, 3], [1, 4], [1, 5]]"
f_1b2c4d41cf36a173838b,"[[1, 0], [3, 3], [4, 1]]"
f_531bc3381ae1378f289c,"[[4, 0], [5, 0], [6, 0], [7, 0], [7, 1], [7, 2], [7, 3], [7, 4], [8, 0]]"
f_b017857167ce7c3f475b,"[[5, 0], [5, 1], [5, 2], [6, 0], [6, 1], [6, 2], [7, 0], [7, 1], [7, 2], [8, 0], [8, 1], [8, 2]]"
f_bd20c8f0f3a15dcde9ed,"[[20, 0], [21, 0], [21, 2], [21, 3], [21, 4], [22, 0]]"
f_c466049ce43686b73a44,"[[17, 0], [18, 0], [18, 1], [18, 3], [18, 4], [18, 5]]"
f_f18396caf11a360ad177,"[[14, 0], [15, 0], [15, 1], [15, 2], [16, 0], [17, 0], [18, 0], [18, 1], [18, 2], [19, 0]]"
f_93f94a425e7297ce1ec0,"[[2, 0], [2, 1], [2, 2], [2, 4], [3, 0], [3, 1], [3, 2], [3, 4]]"
f_73adf95966ec0e624902,"[[1, 1], [2, 1], [2, 2], [2, 3]]"
f_b4d5f1d1ac115dfbc44d,"[[1, 0], [1, 1], [1, 2], [1, 3], [2, 0], [2, 1], [2, 2], [2, 3]]"
f_1fed5bc87b4f08ae69bd,"[[8, 1], [8, 2], [8, 3], [8, 5], [14, 1], [14, 2], [14, 3], [14, 5]]"
f_2bf8fc24cf127049e853,"[[1, 1], [1, 3], [2, 0], [2, 1], [2, 3]]"
f_397991165216239e01e6,"[[1, 1], [2, 1]]"
f_f1af60077547a9113f0c,"[[1, 0], [1, 2], [2, 0], [2, 2], [3, 0], [3, 2], [4, 0], [4, 2], [5, 0], [5, 2], [6, 0], [6, 2], [7, 2], [8, 2], [9, 0], [9, 2]]"
f_a31240a2be8a878f52f2,"[[2, 0], [3, 0], [3, 1], [3, 2], [3, 3], [19, 0], [19, 1], [19, 2], [19, 3]]"
f_8611905115dc2cfa70f6,"[[2, 0], [2, 1], [2, 2]]"
f_68af401a4f1b92bfd420,"[[1, 0], [1, 1], [1, 2], [2, 0], [2, 1], [2, 2], [3, 0], [4, 0]]"
f_3e5f29b52d79d7f8a5e8,"[[8, 0], [8, 1], [8, 2], [8, 3], [8, 4], [9, 0], [9, 1], [9, 2], [9, 3], [9, 4]]"
f_cb3ca8a471ebc61f8f30,"[[2, 1], [29, 1], [29, 4]]"
f_fe86b696ae919642b1f9,"[[5, 0], [5, 2], [5, 8], [10, 0], [10, 2], [10, 8], [12, 0], [12, 2], [12, 8]]"
f_498b9f0354ad4c902363,"[[3, 0], [3, 1], [3, 2], [4, 0], [4, 1]]"
f_05fa0e5fe1aec1aea037,"[[1, 0], [1, 1], [1, 3], [2, 0], [2, 1], [2, 3]]"
f_6879c71b0ac2043ef073,"[[24, 0], [24, 1], [24, 2], [24, 11], [24, 13], [25, 0], [25, 1], [25, 13]]"
f_00df301f88bcb2d6b06d,"[[6, 1]]"
f_53b4a62afb887ff4181b,"[[7, 0], [7, 1], [7, 2], [8, 0], [9, 0], [10, 0], [11, 0], [13, 0], [13, 1], [13, 2], [14, 0], [15, 0]]"
f_4c632d29aac2dfbc39af,"[[2, 0], [3, 0]]"
f_a7566f4b34297b7d2914,"[[1, 0], [2, 0], [3, 0], [4, 0]]"
f_764d161da7ceee07ffe1,"[[25, 0], [25, 1], [25, 2], [26, 0], [26, 1], [26, 2]]"
f_010b6797ee7e98e5289d,"[[15, 0], [16, 0], [17, 0], [18, 0], [18, 1], [18, 2]]"
f_6abc0c7099765ab1ccf8,"[[3, 0], [3, 1], [4, 0], [4, 1], [4, 2], [4, 3], [4, 4]]"
f_dc3c5ddf9d98fb765bac,"[[2, 0], [2, 1], [2, 2], [3, 0], [3, 1], [3, 2]]"
f_c21a2e0e14db7a345b03,"[[1, 0], [1, 1], [2, 0], [2, 1]]"
f_6378d167ab5cb72a9d60,"[[2, 0], [2, 4], [3, 0], [3, 4]]"
f_a78e33f09ca4bb79d417,"[[16, 0], [16, 1], [17, 0], [17, 1], [18, 0], [18, 1], [19, 0], [19, 1], [20, 0], [20, 1], [21, 0], [21, 1], [22, 0], [22, 1], [23, 0], [23, 1], [24, 0], [24, 1], [25, 0], [25, 1], [26, 0], [26, 1], [27, 0], [27, 1], [28, 2]]"
f_c560b778008a18f332e5,"[[1, 1], [1, 2], [2, 1], [2, 2], [20, 3]]"
f_665afac4bece8aa7a1e5,"[[2, 0], [2, 1], [2, 2], [2, 3], [2, 5], [2, 7], [2, 8]]"
f_797cd1cb99573047eda2,"[[1, 2], [6, 2]]"
f_9146e868d772285cd7cc,"[[20, 0], [21, 0], [21, 2], [21, 3]]"
f_d1cfeaf67d1c390f2c3f,"[[16, 0], [17, 0], [17, 1], [17, 2], [18, 0]]"
f_eb816204de23cfdde289,"[[9, 1], [9, 2], [12, 0], [12, 1]]"
f_49599078d4d32d233997,"[[9, 0], [10, 0], [10, 1], [10, 2], [12, 0], [12, 1], [12, 2]]"
f_634fb767fdcd0c26f40d,"[[7, 0], [7, 1], [7, 2], [7, 4], [18, 0], [18, 1], [18, 2], [18, 4]]"
f_750cdb9e49c86d8a7a12,"[[2, 0], [2, 1], [2, 2], [5, 0], [5, 1], [5, 2], [11, 0], [11, 1], [11, 2], [12, 0], [12, 1], [12, 2]]"
f_40a520eb006a1ad3ad30,"[[1, 1], [1, 2], [1, 3], [2, 1], [2, 2], [2, 3], [3, 3], [4, 3]]"
f_1d98aa7f69e91b41de22,"[[3, 0], [4, 0], [4, 1], [4, 2], [5, 0], [5, 1], [5, 2], [6, 0]]"
f_b36fc188789f6cd614e3,"[[3, 1], [4, 1], [5, 1], [6, 1], [7, 0], [7, 1], [7, 3], [8, 0], [8, 1], [8, 3], [9, 0], [9, 1], [9, 3], [10, 1], [10, 3], [11, 3]]"
f_196f3cb977dc9aeed9ed,"[[3, 0], [3, 1], [3, 2], [3, 4], [14, 0], [14, 1], [14, 2], [14, 3], [14, 4]]"
f_dec81f00e6c4ed4d65cc,"[[1, 0], [1, 1], [1, 2], [1, 3], [2, 0], [2, 1], [2, 2], [2, 3], [3, 0], [4, 0], [5, 0], [6, 0], [7, 0]]"
f_52066992f23f54fb0873,"[[2, 3], [3, 1], [3, 3], [4, 0], [4, 1], [4, 3]]"
f_586137c7bfc60f0b95aa,"[[5, 0], [6, 0], [6, 1], [6, 3], [6, 4]]"
f_b251ee82baeb2e119c57,"[[1, 0], [1, 1], [1, 2], [1, 3], [1, 4], [1, 5], [6, 0], [6, 1], [6, 3], [6, 4], [6, 5]]"
f_df765a43bd2931e4360d,"[[2, 0], [2, 1], [2, 3], [3, 0], [3, 1], [3, 3], [6, 0], [6, 1], [6, 3]]"
f_3600972c93d90cb87c04,"[[2, 0], [2, 1], [2, 2], [3, 0], [3, 1], [3, 2]]"
f_c9df32ce3f78780dbfcd,"[[1, 0], [2, 0], [2, 2], [2, 3], [3, 0], [3, 3], [4, 0], [4, 3], [5, 0], [5, 3], [6, 0], [6, 3], [7, 0], [7, 3]]"
f_1835f85d1a3f9c4ef400,"[[5, 0], [5, 1], [5, 2], [6, 0], [6, 1], [6, 2]]"
f_219275d0929d66eb7a2b,"[[3, 0], [3, 1], [3, 2], [3, 4], [3, 5], [4, 0], [4, 1], [4, 2], [4, 4], [4, 5]]"
f_803822b169eb1aed0dd2,"[[2, 1], [2, 3], [2, 6], [3, 1], [3, 3], [3, 6]]"
f_8a32f3a8e5747b06e166,"[[1, 2], [1, 4], [2, 2], [2, 4]]"
f_21793b10ac10346d4df0,"[[1, 4], [1, 5], [1, 6], [2, 2], [2, 6]]"
f_f1fdc59f12a57d69da15,"[[2, 1], [2, 3], [3, 1], [3, 3]]"
f_888fdf74e79e12cc5a57,"[[1, 2], [1, 3], [2, 2], [2, 3]]"
f_a1892528ea499e69737a,"[[10, 0], [10, 1], [10, 3], [11, 0], [11, 1], [11, 3], [12, 0], [13, 0], [13, 1], [13, 3], [14, 0], [15, 0]]"
f_641f3410f4e52fa8c851,"[[2, 1], [3, 1], [4, 1], [5, 0], [5, 1], [5, 3], [6, 1]]"
f_37c17e519461401d3191,"[[11, 0], [12, 0], [13, 0], [13, 1], [13, 3], [13, 4], [13, 5], [14, 0], [14, 1]]"
f_79bfb44e88b5b4af4752,"[[1, 2], [1, 3], [1, 4], [2, 2], [2, 3], [2, 4]]"
f_de2af30cd20562d4be1c,"[[1, 1], [1, 2], [1, 3], [2, 1], [2, 2], [2, 3]]"
f_04a15eaf7f6c8f1933bd,"[[1, 0], [1, 1], [2, 0], [2, 1]]"
f_15547bcef35f0f3cd661,"[[8, 6], [9, 1], [9, 3], [9, 4], [9, 5], [9, 6], [10, 1], [10, 3], [10, 4], [10, 5], [10, 6], [11, 1], [11, 3], [11, 5], [11, 6]]"
f_13fcae342dd2b29fe448,"[[11, 0], [13, 0], [13, 1]]"
f_3c51f0d5b47973333be3,"[[2, 4], [3, 4], [4, 1], [4, 4], [5, 0], [5, 1], [5, 4], [6, 1], [6, 4]]"
f_2634915fceda3d3766ee,"[[13, 0], [13, 4], [14, 0], [14, 4]]"
f_c20d6fe585ffb36a4fbe,"[[1, 0], [1, 2], [1, 4], [2, 0], [2, 2], [2, 3], [3, 0], [3, 2], [3, 3], [4, 0], [4, 2], [4, 3], [5, 0], [5, 2], [5, 3], [6, 0], [6, 2], [6, 3]]"
f_04734c630d31f91ccd35,"[[1, 3], [1, 4], [2, 2], [2, 3], [2, 4]]"
f_18dec1586a0ab0653b03,"[[1, 0], [2, 0], [3, 0], [3, 1], [4, 0], [5, 0], [5, 1], [6, 0], [6, 1], [6, 4]]"
f_f9f162e85fda55cafd15,"[[5, 0], [6, 0], [6, 1], [6, 2], [6, 3], [6, 4]]"
f_42d68b9e32e5b2567287,"[[5, 0], [5, 2], [5, 4], [6, 0], [6, 2], [6, 3], [6, 4], [7, 0]]"
f_9485a023dc8cd450c332,"[[3, 0], [3, 1], [3, 3], [3, 4], [4, 0], [4, 1], [4, 3], [4, 4], [5, 0], [6, 0], [10, 0], [11, 0], [16, 0], [17, 0]]"
f_bf326e876506c8a450c4,"[[2, 2], [2, 4], [3, 2], [3, 3], [3, 4], [4, 2], [4, 3], [4, 4]]"
f_d78365f0d1e72e40f330,"[[1, 2], [6, 3]]"
f_01db4f2fb2fd162800e4,"[[11, 0], [12, 0], [13, 0], [14, 0], [14, 1]]"
f_4a75e93acd95fd37ef9f,"[[10, 0], [11, 0], [11, 2], [11, 3], [12, 0], [13, 0]]"
f_7ea58e5bbb2a6de59061,"[[3, 0], [3, 1], [3, 3], [4, 0], [7, 0], [7, 1], [7, 2], [7, 3]]"
f_888016fc9c1a22a61ac4,"[[1, 3], [2, 3]]"
f_9c4d010bb09ab1ac5f5d,"[[3, 0], [3, 1], [3, 2], [3, 4], [4, 0], [4, 1], [4, 2], [4, 4]]"
f_30afaf0c7204114f2888,"[[13, 0], [13, 2], [14, 0], [14, 1], [14, 2], [14, 4], [15, 0], [16, 0], [17, 0]]"
f_4794e2f9661df9c76749,"[[19, 1], [19, 2], [19, 3], [20, 2], [20, 3]]"
f_424b5bd38fa2ec4cd968,"[[2, 0], [2, 1], [2, 2], [3, 0], [3, 1], [3, 2]]"
f_babedcb38ac053cb233e,"[[6, 0], [7, 0], [8, 0], [9, 0], [10, 0], [10, 1], [11, 0], [11, 1], [12, 0], [13, 0]]"
f_382dacb0875815e2cbb0,"[[3, 1], [3, 2], [3, 3], [3, 4], [5, 0], [5, 1], [5, 2], [5, 3], [5, 4], [6, 0], [6, 1], [6, 2], [6, 3], [6, 4], [6, 5]]"
f_5eddfc3de9f429b5541e,"[[1, 0], [1, 1], [2, 0], [2, 1], [2, 2]]"
f_333d10050bb4c75f404c,"[[5, 0], [6, 0], [6, 1], [6, 2], [6, 3], [6, 4], [6, 5], [7, 0], [8, 0], [9, 0], [10, 0]]"
f_fc2733fa13631d356a12,"[[1, 0], [1, 3], [2, 0], [2, 3], [15, 3]]"
f_343b733822ad72a42010,"[[5, 0], [6, 0], [6, 1], [6, 3], [6, 4], [7, 0]]"
f_f5905612b9d804f327cc,"[[2, 0], [2, 1], [3, 0], [4, 0], [5, 0], [6, 0], [7, 0], [7, 1], [8, 0], [8, 9], [8, 10]]"
f_5d933fe2ae67f138784c,"[[3, 10], [4, 0], [4, 1], [4, 9], [4, 10], [5, 0], [5, 10]]"
f_7de2ecf5d34e2e820838,"[[1, 1], [1, 2], [1, 4], [2, 1], [2, 2]]"
f_f47e2ae564ce6ed3500b,"[[1, 0], [2, 0], [4, 2], [4, 3]]"
f_950a5a7031c96797b2e8,"[[1, 0], [2, 0], [2, 1], [2, 2], [2, 3], [2, 4], [3, 0], [3, 3]]"
f_3ba58764d14d1d999d81,"[[10, 0], [11, 0], [12, 0], [13, 0], [13, 1], [13, 2], [14, 0], [15, 0], [16, 0], [17, 0], [18, 0], [19, 0], [20, 0]]"
f_b0f806d72f1f291622b1,"[[2, 1], [2, 2], [2, 3], [3, 1], [3, 3]]"
f_591b8b5141a600c3eee0,"[[1, 4], [2, 4], [3, 4], [4, 4], [9, 4]]"
f_e4a3e767335b57b8a845,"[[10, 0], [10, 1], [10, 3], [11, 0], [11, 1], [11, 3]]"
f_d158d4cd5c20536d4129,"[[15, 0], [16, 0], [17, 0], [18, 0], [19, 0], [20, 0], [21, 0], [21, 2], [21, 8]]"
f_16e06761b95b77011ec2,"[[18, 2], [19, 0], [19, 2], [19, 3], [19, 4], [20, 0], [20, 2], [20, 3], [20, 4], [21, 0], [21, 2], [21, 3], [21, 4], [22, 0], [22, 2], [22, 3], [22, 4], [23, 2], [23, 3], [24, 2], [24, 3], [25, 2], [25, 3]]"
f_1c2a1285f23b706e9055,"[[2, 0], [2, 1], [2, 2], [3, 0], [4, 0], [5, 0], [8, 0], [9, 0], [10, 0], [10, 1], [11, 0]]"
f_41c7e7c48189e8ce0cae,"[[2, 0], [2, 2], [3, 0], [3, 1], [3, 2], [4, 0]]"
f_443297530cbccc071e02,"[[18, 0], [18, 1], [18, 2], [18, 3]]"
f_b423b48b61a2b2090ba9,"[[1, 0], [1, 1], [1, 2], [1, 3], [2, 0], [3, 0], [4, 0], [4, 1], [4, 2], [4, 3], [5, 0], [6, 0], [7, 0], [8, 0]]"
f_46d99c7cab7a2aee81d6,"[[9, 0], [9, 1], [9, 2]]"
f_57d60c4f6520b5eadbdc,"[[3, 2], [3, 4], [4, 2], [4, 4]]"
f_5417cddb38499a1b27a6,"[[1, 0], [1, 1], [1, 2], [1, 3], [1, 4], [1, 5], [8, 0], [8, 1], [8, 2], [8, 3], [8, 4], [8, 5]]"
f_5ab31e8167764ec5ab3d,"[[2, 7], [3, 0], [3, 1], [3, 7]]"
f_0ebef5e79d39616af7df,"[[1, 0], [1, 1], [1, 2], [1, 3], [4, 0], [4, 1], [4, 2], [5, 0], [5, 1], [5, 2], [7, 0], [7, 1], [7, 2], [9, 0], [9, 1], [9, 2], [9, 3]]"
f_4082cff5fdefbf2963b1,"[[7, 1], [7, 2], [9, 1], [9, 2], [10, 1], [10, 2], [11, 1], [11, 2], [12, 1], [12, 2], [13, 1], [13, 2], [14, 1], [14, 2], [15, 1], [15, 2], [16, 1], [16, 2], [17, 1], [17, 2], [18, 1], [18, 2], [19, 1], [19, 2], [20, 1], [20, 2], [21, 1], [21, 2], [22, 4], [22, 5], [22, 6], [22, 7]]"
f_2cf05fd264aed43f66a6,"[[1, 0], [1, 2], [1, 3], [3, 0], [3, 3]]"
f_ae9c33a7b86670157074,"[[2, 0], [2, 1], [2, 2], [4, 0], [4, 1], [4, 2]]"
f_21408c04985c581c50a9,"[[1, 1], [2, 1], [3, 1], [4, 1], [5, 1], [6, 1], [7, 1], [8, 1], [9, 1], [10, 1], [11, 1], [12, 1], [12, 2]]"
f_575f10f7f28cb4bc6a05,"[[2, 2], [2, 3], [3, 2], [3, 3]]"
f_4aa79aa6b9d63b1e94ad,"[[2, 0], [2, 1], [2, 2], [3, 0], [3, 1], [4, 0]]"
f_2aed70ea7f2089a44f4a,"[[3, 0], [4, 0], [5, 0], [5, 1], [6, 0], [7, 0], [8, 0], [8, 1], [9, 0], [10, 0], [11, 0], [11, 1], [12, 0], [13, 0]]"
f_db60a2afc91e9cfb5833,"[[9, 4], [10, 4], [11, 0], [11, 1], [11, 2], [11, 3], [11, 4], [12, 4]]"
f_bd1263e757c4a1f1f179,"[[2, 1], [2, 3], [2, 5], [8, 1], [8, 3], [8, 5]]"
f_d7bb7e71bb382bb644e7,"[[1, 0], [1, 3], [4, 0], [4, 2]]"
f_2f27e45efc44a0c65156,"[[1, 0], [1, 1], [2, 0], [2, 1], [2, 2], [2, 3]]"
f_225fc51bcdad02316220,"[[1, 0], [1, 1], [1, 2], [2, 0], [2, 1], [2, 2], [3, 0], [3, 1], [3, 2]]"
f_958331255e2ea832a224,"[[7, 0], [7, 1], [7, 2], [7, 3], [8, 0], [8, 1], [8, 2], [8, 3], [9, 2]]"
f_059be1cb3dee7e7c79b4,"[[1, 0], [1, 3], [1, 5], [1, 6], [2, 0], [2, 3]]"
f_ebea7f994d3b927a13f4,"[[1, 0], [1, 4], [4, 0], [4, 4]]"
f_8067cf80a21e35471eda,"[[2, 1], [5, 1], [8, 1]]"
f_df8b2ee91cd8b44b00b5,"[[8, 0], [8, 1], [8, 2], [8, 3], [8, 4], [10, 0], [10, 1], [10, 2], [10, 3], [10, 4]]"
f_581a68104dc9b59b81b0,"[[2, 0], [2, 1], [3, 0], [3, 1], [4, 0], [4, 1]]"
f_1bdfaaf3e82808c3f692,"[[3, 0], [3, 1], [3, 2], [4, 0], [4, 1], [4, 2], [5, 1], [5, 2], [6, 1], [6, 2]]"
f_4afedaf351a4c927e45b,"[[19, 0], [19, 2], [24, 0], [24, 1]]"
f_71dcf4c5b6ab5be0ba1b,"[[1, 4], [2, 4], [3, 4], [4, 4], [5, 4], [6, 4], [7, 4], [8, 4]]"
f_0fe5e3bd6dc180df3341,"[[2, 0], [3, 0], [3, 1]]"
f_8044d0d9a3899ea7c365,"[[2, 1], [2, 2], [2, 5], [2, 6], [3, 5], [3, 6]]"
f_887cc502e9e1fa934be9,"[[2, 0], [2, 1], [2, 4], [2, 5], [3, 0], [3, 1], [3, 5], [4, 0], [4, 1], [4, 4], [4, 5], [5, 0], [5, 1], [5, 5]]"
f_cbc78159d71a31c4b22e,"[[1, 1], [1, 2], [1, 3], [2, 0], [2, 1], [2, 2], [2, 3]]"
f_b16a0328fd1ef8264a21,"[[1, 0], [1, 1], [1, 2], [2, 1], [2, 2]]"
f_d6edeb2466febc34b7bf,"[[1, 0], [1, 1], [1, 4], [2, 4]]"
f_0b20f5f59bf4612a1935,"[[2, 0], [3, 0], [3, 1], [3, 2]]"
f_5406bbc35d39bf294080,"[[2, 0], [2, 2], [3, 0], [3, 1], [3, 2], [4, 0], [4, 2], [5, 0], [5, 2], [6, 0], [6, 2]]"
f_7a64cd08e9522ef7be56,"[[3, 1], [3, 10], [3, 11], [4, 1], [4, 9], [4, 10]]"
f_3e9c9579693edf8085d5,"[[1, 3], [1, 4], [1, 5], [2, 1], [2, 3], [2, 4], [2, 5]]"
f_f283acb759438115ba54,"[[9, 0], [9, 1], [9, 3], [9, 4], [10, 0], [10, 1], [10, 3], [10, 4], [20, 0], [20, 1], [20, 3], [20, 4]]"
f_97041350913591a381c3,"[[2, 0], [2, 3], [3, 0], [3, 3]]"
f_b9a528e78bcfe1b805a0,"[[24, 0], [25, 0], [26, 0], [26, 1], [26, 3], [26, 4]]"
f_02b745156229eb12ab97,"[[1, 2], [1, 3], [1, 4], [2, 2], [2, 3], [2, 4]]"
f_234da7b73e6368f9374d,"[[2, 0], [2, 1], [6, 0], [6, 1], [6, 2]]"
f_e8287d8409b9cdddbccd,"[[7, 2], [10, 0], [10, 1], [10, 2], [11, 0], [11, 1], [11, 2], [12, 0], [13, 0], [14, 0]]"
f_e19f03d0afc06a473c64,"[[1, 2], [2, 0], [2, 1], [2, 2], [3, 2]]"
f_6b1b0429ab66a6fe8976,"[[4, 0], [4, 2], [4, 3], [4, 4], [8, 0], [8, 2], [8, 3], [8, 4]]"
f_89a9bf7dc908fc814d65,"[[1, 0], [1, 3], [2, 0], [2, 3], [3, 0], [3, 3], [4, 0], [4, 3], [5, 0], [5, 3], [6, 0], [6, 3], [7, 0], [7, 3], [11, 3]]"
f_acf8c561fcb66ec5dbcd,"[[16, 0], [17, 0], [18, 0], [18, 1], [18, 2], [18, 3]]"
f_951e68b71a0afc1247d5,"[[2, 0], [3, 0], [4, 11], [4, 12], [4, 13]]"
f_6513674cf9b9c2a3a89d,"[[13, 0], [13, 1], [13, 2], [13, 7], [13, 8], [14, 0], [14, 1], [14, 2], [14, 7], [15, 0]]"
f_469bc2d6f7bc688051f7,"[[1, 1], [2, 1], [3, 1]]"
f_8a70ad5be75da835ca2f,"[[17, 1], [18, 1], [19, 1], [20, 1], [20, 2]]"
f_a6eced75d74fc384b4be,"[[22, 0], [23, 4], [23, 5], [23, 6]]"
f_2c2cdd9e3d0485e63176,"[[7, 1], [7, 2], [8, 1], [8, 2], [9, 1], [9, 2], [10, 1], [10, 2], [11, 1], [11, 2], [12, 1], [12, 2], [13, 1], [13, 2], [14, 1], [14, 2], [15, 1], [15, 2], [17, 1], [17, 2], [18, 1], [18, 2], [19, 1], [19, 2], [20, 1], [20, 2], [21, 1], [21, 2], [22, 1], [22, 2], [23, 1], [23, 2], [24, 4]]"
f_ba4a9b41bd341eda1b8a,"[[4, 0], [4, 2], [4, 4], [4, 5], [4, 6]]"
f_d6641f9016c9b4485f49,"[[1, 0], [1, 1], [1, 3], [6, 0], [6, 1], [6, 2], [6, 3]]"
f_babeccd9011e7955a6de,"[[1, 1], [1, 2], [2, 1], [2, 2], [13, 3]]"
f_14e03a5e7b248f09dafc,"[[8, 0], [8, 1], [8, 2], [13, 0], [13, 1], [13, 2]]"
f_9360a16d78bdeef993d9,"[[5, 0], [5, 2], [5, 3]]"
f_2a6641b6f47b92ed61e8,"[[1, 0], [1, 1], [1, 2], [1, 3], [1, 4], [1, 5], [13, 0], [13, 1], [13, 2], [13, 3], [13, 4], [13, 5], [15, 0], [15, 1], [15, 2], [15, 3], [15, 4], [15, 5], [24, 0], [24, 1], [24, 2]]"
f_c5576c076666e65fe406,"[[1, 1], [2, 1], [2, 2], [3, 0], [3, 1], [3, 2], [5, 0], [5, 1], [5, 2]]"
f_abd22c1d68739ef5f861,"[[3, 0], [3, 2]]"
f_d2460ae05a9f16932659,"[[1, 1], [2, 1], [2, 2], [3, 1], [3, 2], [4, 0], [4, 1], [4, 2], [4, 4]]"
f_04e172ca999a30abc96c,"[[1, 1], [1, 2], [1, 4], [2, 1], [2, 2]]"
f_fbeb8a938d9eb4083c82,"[[10, 0], [10, 1], [10, 2], [10, 3], [10, 4], [10, 5], [21, 2]]"
f_b959d1de85a8d6b1ffaa,"[[2, 0], [2, 1], [2, 4], [3, 0], [3, 1], [3, 4], [4, 2]]"
f_3b077b5ca9dff1a5e511,"[[1, 0], [1, 3], [6, 3]]"
f_4eb946cf144aea99000c,"[[20, 0], [20, 1], [20, 2], [20, 3], [20, 4], [20, 5], [20, 6], [21, 2], [21, 4], [21, 6], [22, 4], [22, 6]]"
f_8cac79a2b7e499172ec2,"[[1, 0], [1, 1], [1, 2], [5, 0], [5, 1], [5, 2]]"
f_df637e7fa0aad4bd11dc,"[[2, 0], [3, 0], [4, 0], [5, 0], [6, 0], [7, 0], [8, 0], [9, 0], [10, 0], [11, 0], [12, 0], [13, 0], [14, 0], [15, 0], [16, 0], [17, 0], [18, 0], [19, 0], [20, 0], [20, 4], [20, 5], [21, 4], [21, 5]]"
f_aac7df1483c1a91ff6dc,"[[1, 0], [2, 0], [3, 0], [3, 1], [3, 2]]"
f_95f8b6c33f04f4dc466f,"[[3, 1], [3, 2], [3, 4], [4, 1], [4, 2], [4, 3], [4, 4], [5, 1], [6, 1]]"
f_922a18f06dcc320b6d64,"[[7, 0], [7, 3], [8, 0], [8, 1], [8, 3], [9, 0], [9, 1], [9, 2], [9, 3], [9, 4]]"
f_1cde0f42de30dc1142ed,"[[1, 0], [1, 1], [1, 2], [2, 0], [2, 1], [2, 2], [14, 0], [14, 1], [14, 2]]"
f_31ce44610b99b1d054d9,"[[1, 0], [1, 1], [1, 2], [1, 3], [1, 4], [1, 5], [7, 0], [7, 2], [7, 3]]"
f_62676b0b96b979d43bbe,"[[2, 1], [2, 4], [3, 1], [3, 4]]"
f_50195e635768321f8f60,"[[20, 1]]"
f_1d8250e6fe7d1c5f1346,"[[4, 0], [4, 1], [4, 2], [5, 0], [5, 1], [5, 2]]"
f_ddb00b221a707d5ec666,"[[1, 0], [1, 1], [1, 3], [2, 1], [2, 3], [3, 1], [3, 3], [4, 1], [4, 3], [5, 1], [5, 3]]"
f_ba7962e9db0a97677891,"[[0, 0], [0, 1], [0, 2], [5, 0], [5, 2], [8, 2], [10, 0], [10, 1], [10, 2]]"
f_fddc0edf2bf1d85928d2,"[[9, 0], [9, 1], [9, 2], [10, 0], [10, 1], [10, 2], [11, 0], [11, 1], [11, 2], [12, 0], [12, 1], [12, 2]]"
f_360e9275baa85a842bdf,"[[4, 0], [4, 1], [4, 3], [5, 0], [6, 0], [6, 1], [6, 3]]"
f_d85a3cfa91cac607ac68,"[[1, 0], [1, 1], [1, 2], [1, 3], [2, 0], [2, 1], [2, 2], [2, 3], [3, 0], [3, 1], [3, 2], [3, 3]]"
f_5b38666eef7682c5be91,"[[2, 0], [3, 0], [3, 1], [3, 2], [3, 3]]"
f_8245b56af9981a617ba5,"[[1, 2], [9, 0], [9, 1], [9, 2], [9, 4]]"
f_8179cecce3f6ae9500c4,"[[3, 0], [3, 1], [3, 4]]"
f_48cfc28da80087d958cf,"[[10, 1], [10, 2], [10, 4]]"
f_08742ee70bfe367e16b9,"[[4, 0], [4, 1], [4, 2], [5, 0], [5, 1], [5, 2]]"
f_10d3c834b58d65582229,"[[1, 1], [1, 2], [3, 3]]"
f_aef4135d9bc11a7cb2e2,"[[10, 0], [11, 0], [12, 0], [12, 4], [12, 5]]"
f_298bd42ad9b891462dab,"[[17, 1], [18, 1], [19, 1], [19, 2], [20, 1]]"
f_7fcf3d13beef456bd568,"[[1, 0], [1, 1], [1, 3], [1, 4], [2, 0], [2, 3], [2, 4], [3, 0], [3, 1], [3, 3], [3, 4], [3, 5], [4, 0], [4, 3]]"
f_d69002c060402a6417c9,"[[18, 0], [18, 1], [19, 0], [19, 1], [20, 0], [20, 1], [21, 0], [21, 1], [21, 2], [21, 3], [21, 4], [21, 5], [22, 0], [22, 1], [22, 2], [22, 3], [22, 4], [23, 0], [23, 1]]"
f_84623891e7128f6bd50f,"[[1, 0], [1, 1], [2, 0], [2, 1]]"
f_bb4f5a1c918de3fbbad4,"[[5, 0], [5, 1], [5, 2], [6, 0], [7, 0], [7, 1], [7, 2]]"
f_e983c0547d2e3bd660e5,"[[3, 0], [3, 1], [3, 2], [4, 0], [4, 1], [4, 2], [4, 3], [4, 4], [5, 0], [5, 2], [6, 0]]"
f_8d0c702aa95d78458a77,"[[2, 0], [3, 0], [4, 0], [5, 0], [6, 0], [7, 0], [8, 0], [9, 0], [10, 0], [11, 0], [12, 0], [13, 0], [14, 0], [15, 0], [16, 0], [17, 0], [18, 0], [19, 0], [20, 0]]"
f_3b477273a721f15e1caa,"[[3, 1], [3, 6], [10, 1], [10, 6]]"
f_678d872932cc434fd49d,"[[1, 1], [1, 2], [1, 3], [1, 4], [2, 1], [2, 4]]"
f_60285623a3164392d80e,"[[24, 0], [25, 0], [25, 2], [25, 5]]"
f_e80c750e812a5d4a8262,"[[1, 0], [1, 1], [1, 2], [2, 0], [2, 1], [2, 2]]"
f_660cb5e511751cf6c143,"[[6, 0], [6, 1], [6, 2], [8, 0], [8, 1], [9, 0], [9, 1], [10, 0], [10, 1], [11, 0], [11, 1]]"
f_d7cbe461ea92257934dd,"[[0, 0], [0, 1], [0, 2], [0, 3], [4, 0], [4, 1], [4, 2], [4, 3], [5, 0], [5, 1]]"
f_a9ead50167389b8da673,"[[2, 2], [2, 4], [3, 2], [3, 4], [4, 2], [4, 4], [5, 2], [5, 4]]"
f_75b6b2a6adda5c26aee1,"[[15, 0], [15, 1], [15, 2], [15, 3], [16, 2], [17, 2], [18, 2], [19, 2], [20, 2], [21, 2], [22, 2], [24, 2], [25, 2], [26, 0], [26, 1], [26, 2], [26, 3]]"
f_fefbd61f7eba7146e6f7,"[[2, 0], [2, 1], [2, 2], [3, 0], [3, 1], [3, 2]]"
f_27f4cfc8c6116c2047c0,"[[5, 0]]"
f_b7a9e819498d27f1f2d5,"[[12, 0], [13, 0], [13, 1], [13, 2]]"
f_fde5739e0ce8355e4f15,"[[1, 0], [1, 1], [1, 2]]"
f_a913657fb1adee3984c5,"[[7, 0], [7, 4], [8, 0], [8, 4], [9, 0], [9, 4]]"
f_6318aa8b8485d1fb2b10,"[[5, 2], [6, 2], [7, 2], [8, 0], [8, 2]]"
f_4c5e9246fc040481c216,"[[3, 0], [3, 1], [3, 3], [12, 3]]"
f_8fe81c41df3af7b1b9a6,"[[7, 0], [7, 4], [9, 0], [9, 4]]"
f_0c80a65bdf54602bc979,"[[16, 0], [16, 1], [16, 2], [16, 3], [16, 4], [17, 0], [17, 1], [17, 2], [17, 3], [17, 4], [18, 0], [18, 1], [18, 2]]"
f_0cd54d436330ce1b7190,"[[9, 0], [9, 2], [10, 0], [10, 1], [10, 2], [10, 3], [10, 4]]"
f_36f6e338d839817817f5,"[[0, 0], [0, 2], [5, 0], [5, 1], [5, 2]]"
f_c89917e9e15946f07b5e,"[[22, 2], [23, 2]]"
f_ee5fed80922216351215,"[[1, 2], [1, 4], [2, 2], [2, 4]]"
f_438eecf11af5914ca19a,"[[7, 1], [7, 3], [9, 0], [9, 1], [9, 2], [9, 3]]"
f_0cb6e2946fce0633a37f,"[[4, 0], [4, 1], [4, 2], [5, 0], [5, 1], [5, 2], [6, 0], [6, 1], [6, 2], [7, 0], [7, 1], [7, 2]]"
f_47c26e782b746acad27d,"[[2, 0], [2, 1], [2, 3], [2, 4], [3, 0], [3, 1], [3, 3], [3, 4], [4, 0], [4, 1]]"
f_9dcaed84c90e8d8cbf9d,"[[1, 0], [1, 1], [1, 3], [1, 5], [1, 6]]"
f_4981401060a67319d0e3,"[[11, 0], [11, 1], [11, 2], [12, 0], [12, 1], [12, 2], [13, 0], [13, 1], [13, 2]]"
f_fde19002de6426affe1f,"[[4, 2], [5, 0], [5, 1], [5, 2], [5, 3], [6, 0], [7, 0], [8, 0]]"
f_18f040819cd932e8598f,"[[1, 0], [1, 1], [1, 4], [2, 0], [2, 1], [2, 4], [3, 0], [3, 1], [3, 4], [4, 0], [4, 1], [4, 2], [4, 4], [5, 0], [5, 1], [5, 4], [6, 0], [6, 1], [6, 4], [7, 0], [7, 1], [7, 4], [8, 0], [8, 1], [8, 4], [9, 0], [9, 1], [9, 4]]"
f_9ae04a209ff8bed4f63d,"[[1, 1], [1, 2], [1, 3], [2, 1], [2, 2], [2, 3]]"
f_bda8689188ce0dcf8216,"[[1, 2], [1, 4], [2, 2], [2, 4]]"
f_e3028cbdcb45967c0928,"[[1, 2], [2, 1], [2, 2], [7, 0], [7, 1], [7, 2], [7, 3], [7, 4]]"
f_11326b3cf406d29a56e3,"[[1, 1], [2, 1], [2, 2]]"
f_42a9378c766590fafd60,"[[7, 0], [7, 1], [7, 2]]"
f_ac3c1f4c893afd0497e5,"[[14, 1], [14, 2], [14, 3], [15, 1], [15, 2], [15, 3], [16, 3]]"
f_5d2d8e17dfc0ad8562a9,"[[1, 0], [1, 1], [2, 0], [2, 1], [3, 0], [3, 1], [4, 0]]"
f_1af4c790c2edadf5bc28,"[[3, 0], [3, 1], [3, 2], [3, 3], [3, 4], [4, 0], [4, 1], [5, 0], [5, 1], [6, 0], [6, 1], [6, 2], [6, 3], [6, 4], [7, 0]]"
f_f32307d93d0ddcfa45f2,"[[3, 1], [3, 2], [7, 1], [7, 2], [7, 5]]"
f_ef2afc982817ecbfab81,"[[6, 1], [6, 5], [7, 0], [7, 1], [7, 5], [8, 1], [8, 5], [9, 1], [9, 5], [10, 1], [11, 1], [12, 1], [13, 1]]"
f_53475c75f6245035ce94,"[[1, 2], [1, 4], [2, 2], [2, 4]]"
f_0be074af36ca21c23d96,"[[6, 0], [6, 1], [6, 2], [6, 3], [7, 0], [7, 1], [7, 2], [7, 3]]"
f_561d6d5df011fe943b02,"[[0, 0], [0, 1], [0, 2], [2, 0]]"
f_3fb52d64732e6bee4fda,"[[2, 0], [2, 4], [3, 0], [3, 4]]"
f_ad3816a8b41b1065d0a7,"[[5, 1], [5, 2], [5, 4], [6, 1], [6, 2], [6, 4]]"
f_d4d07b32afff2fec50f8,"[[1, 0], [1, 1], [1, 4], [2, 0], [2, 1], [2, 4], [3, 0], [3, 1], [3, 4]]"
f_1c09d148c7fbf47063f5,"[[12, 0], [12, 1], [12, 3], [12, 4], [13, 0], [13, 1], [13, 3], [13, 4]]"
f_9518f75965225a231cd1,"[[1, 3], [2, 3]]"
f_db928451e3297e9851c8,"[[2, 2], [2, 5], [3, 2], [3, 5]]"
f_e83202c6db0778006d67,"[[13, 0], [13, 1], [13, 2]]"
f_62db7fc13ac18373e075,"[[1, 0], [1, 3], [2, 0], [2, 3], [3, 0], [3, 3], [6, 0], [6, 3]]"
f_29f6ab9232c1cbdd4661,"[[8, 0], [9, 0], [10, 0], [10, 1], [10, 2], [10, 3], [11, 0], [12, 0]]"
f_c3d34d9c81a11d0caf73,"[[2, 0], [3, 0], [3, 2], [3, 3], [4, 0]]"
f_6d6fe764c8869efb6ff8,"[[1, 0], [1, 3], [2, 0], [2, 1], [2, 2], [2, 3], [3, 0], [3, 3], [4, 0], [4, 3]]"
f_282845b420edb138c2b4,"[[1, 2], [2, 1], [2, 2]]"
f_6751a1fac786448c9a57,"[[9, 1], [10, 1], [11, 1], [12, 1], [13, 1], [14, 1], [15, 1], [16, 1], [17, 6], [17, 7]]"
f_0f8f4463fd321c1d4a83,"[[2, 1], [2, 2], [2, 3], [2, 4], [6, 1], [6, 2], [6, 3], [6, 4]]"
f_454083cfa8a4aa07c9c8,"[[6, 3], [6, 4], [6, 5], [6, 6], [14, 3], [14, 4], [14, 5], [14, 6]]"
f_1aa4702143ec18f5be09,"[[2, 0], [2, 2], [2, 3], [2, 8], [8, 0], [8, 2], [8, 3], [8, 8]]"
f_6cdcdb34be1e07cd1438,"[[2, 0], [4, 0]]"
f_970063be9533a4240a0f,"[[1, 2], [5, 2]]"
f_2c7040b8700ba0805b5b,"[[2, 0], [2, 1], [17, 0], [17, 1], [21, 0], [21, 1], [28, 0], [28, 1], [30, 2]]"
f_ba26dd78c96890ccd8b6,"[[2, 1], [2, 4], [3, 1], [3, 4], [4, 1], [4, 2], [4, 4], [4, 5], [5, 1], [5, 2], [5, 4], [5, 5], [6, 1], [6, 4]]"
f_0c684aa9f82c4996949f,"[[22, 0], [23, 0], [23, 1]]"
f_9d365134fff0fe516b21,"[[10, 0], [10, 1], [10, 2], [11, 0], [12, 0], [12, 1], [13, 0], [15, 1]]"
f_209a8abb47ba588b8056,"[[4, 0], [4, 1], [4, 3], [4, 5], [5, 0], [5, 1], [5, 5], [6, 0], [6, 1], [6, 3], [6, 5], [7, 0], [7, 1], [7, 3], [7, 5], [8, 0], [8, 1], [8, 3], [8, 5], [9, 0], [9, 1], [9, 5], [10, 0], [10, 1], [10, 5]]"
f_f36ec5e6b2c29992318d,"[[5, 0], [5, 1], [5, 2], [6, 0], [6, 1], [6, 2]]"
f_39ad8c5ee2a26b237020,"[[9, 0], [10, 0], [10, 1], [10, 2], [11, 0], [12, 0]]"
f_6f2a3ec0bf500790c838,"[[2, 0], [3, 0], [4, 0], [5, 0], [6, 0], [7, 0], [8, 0], [9, 0], [10, 0], [11, 0], [12, 0], [12, 7], [12, 8]]"
f_fef2966e58bd13aa68a2,"[[1, 0], [1, 1], [1, 6], [2, 0], [2, 1], [4, 0], [4, 1]]"
f_1e2943b5861668bf0cac,"[[13, 0], [13, 1], [13, 2], [13, 3], [18, 0], [18, 1], [18, 2], [18, 3]]"
f_b584ccca587a7daba20e,"[[20, 0], [21, 0], [22, 0], [22, 1], [22, 2], [22, 4]]"
f_b68abb25a149b8507469,"[[1, 4], [2, 1], [2, 3], [2, 4]]"
f_7dc76f88009286772e8d,"[[8, 0], [8, 1], [8, 2], [9, 0], [9, 1], [9, 2], [11, 0], [11, 1], [12, 0], [12, 1], [12, 2]]"
f_ca39ac442a50beb75404,"[[4, 0], [4, 3], [5, 0], [5, 1], [5, 2]]"
f_18b40815908ff9a0e514,"[[1, 1], [1, 2], [4, 3]]"
f_9b67590d19ddf385cd2a,"[[2, 0], [3, 0], [4, 0], [5, 0], [6, 0], [7, 0], [8, 0], [8, 11]]"
f_b7bc0b32540d7efd0282,"[[2, 1], [3, 1], [4, 1], [5, 1], [6, 8], [6, 9]]"
f_11573bfb8fbab456e437,"[[1, 0], [1, 2], [1, 4], [2, 2], [3, 2], [5, 2], [6, 2], [7, 2]]"
f_a7435814a2dd3dd078b6,"[[13, 0], [13, 1], [13, 2], [14, 0], [14, 1]]"
f_6c176168c55f8e407603,"[[18, 0], [18, 3], [18, 4], [18, 6], [19, 0], [19, 3], [19, 4], [19, 5], [19, 6]]"
f_dcf7355a6a00a4657309,"[[1, 1], [1, 2], [1, 3], [13, 2], [13, 3]]"
f_52269867b3e0e8bc6aaf,"[[12, 0], [12, 2], [15, 0], [15, 2], [15, 3], [15, 4], [15, 5], [17, 0], [17, 5]]"
f_97ce1c014ca5d067e738,"[[3, 0], [3, 1], [3, 2], [3, 3], [4, 0], [4, 2], [4, 3]]"
f_e2d36e7cf9dd2be2eb41,"[[1, 0], [1, 1], [1, 2]]"
f_0bd02e91ae2b3050a6dd,"[[1, 0], [1, 1], [1, 2], [1, 3], [4, 0], [4, 1], [4, 2], [4, 3]]"
f_1a2294586ecec597316d,"[[2, 5], [3, 5]]"
f_2e25d6f2a43ede357a7d,"[[4, 0], [5, 0], [6, 0], [7, 0], [8, 0], [8, 1], [8, 2], [9, 0]]"
f_01c41d19b87b405f832e,"[[3, 1], [4, 1], [4, 2], [4, 3], [4, 4]]"
f_3b7368927b63d88c0eb1,"[[2, 0], [2, 1], [2, 2], [11, 0], [11, 1], [11, 2]]"
f_8feb2c7ca69e00745657,"[[12, 0], [13, 0], [14, 0], [14, 1], [14, 3], [14, 5], [20, 0], [21, 0], [22, 0], [23, 0], [23, 1], [23, 3], [23, 5], [24, 0]]"
f_aedbb70e58eecf313493,"[[1, 1], [1, 2], [2, 1], [2, 2], [8, 3]]"
f_bb22db4c6205a017d65c,"[[1, 1], [2, 1], [2, 2], [2, 3], [2, 4]]"
f_eec241fe6f2f5a22485a,"[[1, 1], [1, 4], [2, 1], [2, 4], [3, 1], [3, 4], [4, 1], [4, 4], [5, 1], [5, 2], [5, 3], [5, 4], [6, 1], [6, 4]]"
f_d5e703114b79bfd4b88e,"[[2, 0], [2, 1], [2, 2], [2, 4], [3, 0], [3, 1], [3, 2], [3, 4], [4, 0], [4, 1], [4, 2], [4, 4]]"
f_80e75a1f35ea152bc54a,"[[5, 3], [6, 3], [7, 3], [8, 3]]"
f_c37b48016c9d1288206d,"[[2, 0], [2, 2], [3, 0], [3, 1], [3, 2], [4, 0], [5, 0], [6, 0], [7, 0], [8, 0]]"
f_9566d5aadb27e279c027,"[[7, 1], [8, 0], [8, 1], [8, 2], [8, 3], [8, 4]]"
f_7727e356c7a9ef07843d,"[[1, 2], [5, 2]]"
f_864d34ac447801120174,"[[1, 0], [1, 2], [1, 5]]"
f_84bd7def4d366d2bf9b3,"[[12, 0], [12, 2], [12, 3], [12, 4], [12, 5], [13, 0], [13, 2], [13, 3], [13, 4], [13, 5]]"
f_6bcfe86343da7e530a30,"[[6, 0], [7, 0], [7, 1], [7, 4]]"
f_130b6020e2c2a2f03954,"[[1, 2], [1, 3], [2, 1], [2, 2], [2, 3], [3, 3]]"
f_f6d83049c2e8d0e0309b,"[[19, 0], [19, 2], [19, 3]]"
f_3c783c24d4863ff24ef5,"[[1, 1], [1, 2], [2, 1], [2, 2]]"
f_83f6b353c74dfe79169b,"[[2, 0], [2, 1], [2, 2], [2, 3], [2, 4], [3, 0], [3, 1], [3, 2], [3, 3], [3, 4]]"
f_aa9fe6dbb5215bb3e7e1,"[[2, 1], [2, 3], [5, 1], [5, 3], [6, 1], [6, 3], [8, 1], [8, 3], [10, 1], [10, 3], [11, 1], [11, 3]]"
f_0334a38bb9cc98142c39,"[[3, 0], [3, 1], [3, 2], [3, 3]]"
f_1d214d52887a2bb38b42,"[[1, 0], [1, 3], [1, 4], [14, 0], [14, 3], [14, 4]]"
f_116d971cc50009d1ff63,"[[11, 0], [11, 1], [11, 5], [12, 0], [12, 1], [12, 5]]"
f_5ec59eee29e422cd354f,"[[3, 0], [3, 1], [3, 2], [3, 3], [4, 0], [4, 1], [4, 2], [4, 3], [4, 4]]"
f_e20e0e7a3f3be0b9802a,"[[5, 0], [6, 0], [7, 0], [8, 0], [8, 1], [8, 9], [8, 10], [9, 0], [9, 9], [9, 10]]"
f_902ce8969760f1ef6851,"[[18, 0], [18, 1], [18, 2], [18, 4], [19, 0], [19, 1], [19, 2], [19, 4]]"
f_5f29d032b3fed67df6f9,"[[7, 0], [7, 2], [8, 0], [8, 1], [8, 2], [9, 0], [9, 2], [10, 0]]"
f_5704ead996d9cbd2b0e6,"[[1, 0], [1, 2], [1, 4], [2, 0], [2, 2], [2, 4]]"
f_5f92eeb683dec3be06fa,"[[1, 2], [1, 3], [2, 3]]"
f_67b4324b20184a6db9e7,"[[9, 0], [9, 1], [9, 2], [9, 3], [10, 0], [10, 1], [10, 2]]"
f_3acab141b7fe5f7d27f6,"[[4, 0], [4, 1], [4, 3], [4, 4], [5, 0], [5, 1], [5, 3], [6, 0], [6, 1]]"
f_f9c21b26f9039f851b73,"[[2, 2], [2, 4], [3, 1], [3, 2], [3, 4], [3, 5]]"
f_4d37ec49a5e5edbb3262,"[[16, 1], [17, 1], [18, 0], [18, 1], [18, 2], [19, 1], [20, 1]]"
f_3a4dc07d1decde514be4,"[[7, 0], [7, 1], [7, 2], [8, 0], [8, 1], [8, 2]]"
f_4986e2898383f6a43f71,"[[2, 2], [3, 2], [4, 2], [5, 2], [6, 2], [7, 2], [8, 2], [9, 2], [10, 2], [11, 2], [12, 0], [12, 1], [12, 2], [13, 1], [13, 2], [14, 2], [15, 2]]"
f_e31c08c68406b353277c,"[[4, 1], [4, 2], [4, 3], [4, 10], [5, 1], [5, 2], [5, 3], [5, 10], [6, 1], [6, 2], [6, 3], [6, 10], [7, 1], [7, 2], [7, 3], [7, 10]]"
f_f337da46587b0edb4b56,"[[3, 3], [4, 3], [5, 1], [5, 3], [5, 4], [5, 5]]"
f_0cdf4b907f12463e5492,"[[1, 0], [1, 1], [1, 2], [1, 4], [2, 0], [2, 1], [2, 2], [2, 4]]"
f_b6cbd8b48afca5803ab0,"[[1, 0], [1, 1], [1, 2], [1, 3], [2, 0], [2, 1], [2, 2], [2, 3], [3, 0], [3, 1], [3, 2], [3, 3], [4, 0]]"
f_43b7ac16e78a36081a12,"[[1, 1], [4, 0], [4, 1], [4, 4]]"
f_41ebc1c19be95a35e6f3,"[[1, 0], [2, 0], [3, 0], [3, 1], [3, 3], [3, 4]]"
f_e858c07ad6d9e2e4b77b,"[[3, 0], [4, 0], [4, 1], [5, 0], [5, 1], [5, 2]]"
f_9fd90a31d4f472af98ec,"[[29, 0], [30, 0], [30, 1]]"
f_e873ef85dfb0b371add0,"[[8, 0], [9, 0], [10, 0], [10, 1], [10, 2], [10, 3]]"
f_04d04647abc808a337d7,"[[2, 0], [2, 1], [2, 2]]"
f_15760eab16e4d1a02661,"[[1, 4], [2, 4], [3, 4], [4, 4], [5, 0], [5, 4], [6, 0], [6, 4], [7, 0], [7, 4], [8, 0], [8, 4], [9, 0], [9, 4], [10, 0], [10, 4]]"
f_999cd502e04fbc4ca2ef,"[[3, 0], [3, 1], [3, 4], [4, 0], [4, 1], [4, 4]]"
f_826843c2299f40208520,"[[3, 0], [3, 2], [3, 3], [3, 4], [3, 5], [6, 0], [6, 2], [6, 3], [6, 4], [6, 5]]"
f_a861acd51c0488973063,"[[0, 0], [0, 2], [1, 4]]"
f_20ad51f1fd4a052014dd,"[[1, 1], [1, 3], [1, 4], [2, 1], [2, 3], [2, 4], [3, 1], [3, 3], [3, 4]]"
f_aab6d3365f3181f04fd1,"[[3, 1], [3, 2], [4, 0], [4, 1], [4, 2]]"
f_76bb070bddd7a9c7600d,"[[11, 1], [11, 2], [12, 0], [12, 1], [12, 2], [13, 0], [14, 0], [15, 0]]"
f_98da4dfc95d987d837fa,"[[18, 0], [19, 0], [19, 1], [19, 2], [19, 3], [19, 4], [20, 0]]"
f_c4d5dc0d1f1c2a5094ae,"[[1, 1], [1, 2], [2, 1], [2, 2], [10, 3]]"
f_00887bf0646f0810cd89,"[[6, 0], [6, 1], [6, 4]]"
f_32529328b38052bfe5bb,"[[5, 6], [5, 8], [5, 9], [5, 10], [6, 1], [6, 2], [6, 3], [6, 4], [6, 5], [6, 6], [6, 7], [6, 8], [6, 9], [6, 10]]"
f_683d71b1e5df8a9fe094,"[[5, 1], [6, 0], [6, 1]]"
f_27296ff77423c65024bd,"[[11, 0], [12, 0], [12, 1], [12, 3]]"
f_1ccd1bd83c9388cd7611,"[[3, 1], [4, 1], [5, 1], [6, 1], [7, 1], [8, 1], [9, 1], [10, 1], [11, 1], [12, 1], [13, 1], [14, 1], [15, 1], [16, 1], [16, 2], [17, 1], [17, 2], [18, 1], [18, 2], [19, 0], [19, 1], [19, 2]]"
f_6bebaff052db4c934ac6,"[[8, 0], [9, 0], [10, 0], [11, 0], [11, 1], [11, 2], [11, 4], [12, 0], [16, 0], [17, 0], [18, 0], [19, 0], [19, 1], [19, 2], [19, 4], [20, 0], [20, 1], [21, 0], [22, 0], [23, 0], [24, 0], [24, 1], [25, 0], [25, 1], [25, 2], [25, 4], [26, 0], [26, 1], [27, 0], [28, 0], [29, 0], [30, 0], [30, 1], [30, 2], [30, 4]]"
f_b0cc39d3393b6f3c7915,"[[1, 1], [1, 2], [5, 0], [5, 1], [5, 2], [5, 3]]"
f_ce9d62117b19ede0221a,"[[1, 0], [1, 1], [1, 5], [2, 0], [2, 1], [2, 5]]"
f_b37b699ff9c894270b3b,"[[2, 0], [3, 0], [3, 1], [4, 0], [5, 0], [5, 1], [6, 0]]"
f_33ecd6a89783d69c1a74,"[[1, 0], [2, 0], [2, 1], [2, 2]]"
f_aadba7bbec983180e29f,"[[1, 0], [1, 1], [2, 0], [2, 1], [3, 0], [3, 1], [5, 0], [5, 1]]"
f_85de17af93f671086606,"[[1, 0], [1, 1], [1, 2]]"
f_4fbc1feb28bd2c7d51f3,"[[1, 1], [2, 0], [2, 1]]"
f_8e94c5b5a45cc0f07b00,"[[1, 1], [2, 1], [3, 1], [4, 1], [5, 0], [5, 1], [5, 2], [5, 3], [5, 5], [6, 1], [7, 1], [8, 1], [9, 1]]"
f_87831b38b1f72ffa6cee,"[[1, 0], [1, 1], [1, 5], [2, 0], [2, 1], [2, 5], [3, 0], [3, 1], [3, 5]]"
f_52e641020d5edd03c4ee,"[[4, 0], [4, 1], [4, 3], [10, 0], [11, 0], [11, 1], [11, 3]]"
f_865d69cd4e4a7f17a93d,"[[13, 0], [14, 0], [14, 1], [14, 3], [14, 4], [15, 0]]"
f_ee5bb3cc4336b1faeeac,"[[1, 1], [2, 1], [3, 1], [4, 1], [5, 1], [6, 1], [7, 1]]"
f_b4c1ae08ddf22e450b0f,"[[1, 0], [1, 1], [1, 2], [1, 3], [2, 0], [2, 1], [2, 2], [2, 3]]"
f_ba09031bd60fe195c695,"[[5, 1], [5, 2], [5, 3], [6, 1], [6, 2], [6, 3], [7, 1], [7, 2], [7, 3]]"
f_db4910536f0d9393baaf,"[[1, 0], [1, 1], [1, 2], [1, 3], [1, 4], [1, 5], [2, 0], [3, 0], [4, 0], [5, 0], [6, 0], [7, 0], [8, 0], [9, 0], [10, 0], [11, 0], [12, 0], [13, 0], [14, 0], [15, 0], [16, 0], [17, 0], [18, 0], [19, 0], [20, 2]]"
f_577499caadc398f3ae1f,"[[25, 0], [25, 1], [25, 3], [26, 0], [26, 1], [26, 2], [26, 3]]"
f_ae77bd075a26be5cc4fd,"[[9, 0], [10, 0], [10, 2], [10, 3], [11, 2]]"
f_ebc30ab0aa7bbb6cdc49,"[[4, 0], [4, 1], [5, 0], [5, 1]]"
f_2f525164cab7fad17159,"[[8, 0], [8, 1], [8, 2], [8, 4], [8, 5], [9, 0], [10, 0], [10, 1], [10, 2], [10, 4], [10, 5]]"
f_6fd5e3be513410c66e81,"[[15, 0], [16, 0], [16, 1], [16, 4]]"
f_da2dcd9c3e3514f91e02,"[[10, 0], [10, 1], [10, 2], [11, 0], [11, 1], [11, 2], [11, 3]]"
f_c8455a3a5a8501552265,"[[20, 0], [21, 0], [21, 1], [21, 3], [22, 0], [24, 0], [24, 1], [24, 3]]"
f_29ff578f1097f03f402a,"[[12, 0], [12, 1], [12, 2], [13, 0], [13, 1], [13, 2], [14, 0], [15, 0], [15, 1], [15, 2], [16, 0], [16, 1], [16, 2], [17, 0], [17, 1], [17, 2], [18, 0], [18, 4], [18, 9]]"
f_a4d1fbe9356aaf967189,"[[11, 0], [11, 5], [12, 0], [12, 5], [13, 0], [13, 5], [19, 0], [19, 5]]"
f_f318f5fb74dd0925ab30,"[[3, 2], [3, 3], [3, 4], [3, 5], [4, 2], [4, 3], [4, 4], [4, 5]]"
f_9e3d395140e8286e4ddf,"[[1, 0], [1, 1], [2, 0], [2, 1], [2, 2], [2, 3]]"
f_778502c90dbf9dd377ac,"[[1, 0], [2, 0], [2, 1], [2, 2]]"
f_34a69067c86ad9375300,"[[22, 0], [22, 1], [22, 2], [22, 3], [23, 0], [23, 1], [23, 2], [23, 3]]"
f_2826c675d7e05b1a2b75,"[[2, 0], [3, 0], [4, 0], [4, 1], [4, 2], [4, 3], [4, 4], [5, 0], [5, 1], [5, 3], [6, 0], [6, 3], [7, 0], [7, 1], [7, 2], [7, 3], [7, 4], [8, 0], [9, 0], [9, 1], [9, 2], [9, 3], [9, 4], [10, 0], [10, 1], [10, 2], [10, 3], [10, 4], [11, 3]]"
f_0f02fa42a11508339458,"[[5, 1], [5, 2], [9, 1], [9, 2], [10, 1], [10, 2]]"
f_ae4704018aa374d90e6e,"[[4, 0], [4, 1], [4, 3], [5, 0], [5, 1], [5, 3], [6, 0], [6, 1], [6, 2], [6, 3], [7, 0], [7, 1], [7, 3], [8, 0], [8, 1], [8, 3], [9, 0], [9, 1], [9, 3], [10, 0], [10, 1], [10, 3], [11, 0], [11, 1], [11, 3], [12, 0], [12, 1], [12, 3]]"
f_117620df7ebe486a1963,"[[13, 0], [13, 1], [13, 2], [13, 3], [13, 4], [13, 5], [13, 6], [13, 7], [13, 8], [13, 9], [13, 10], [20, 0], [20, 1]]"
f_71b045463cc6b0439ba3,"[[13, 0], [13, 1], [13, 2], [13, 3], [16, 0], [16, 1], [16, 2], [16, 3]]"
f_9cb26e67c5e749b66fa5,"[[1, 0], [1, 2], [1, 5], [2, 0], [2, 2], [2, 5]]"
f_4e511f1943c8249274ab,"[[2, 1], [2, 3], [3, 1], [3, 2], [3, 4]]"
f_6485e7e8e6050b3fbbe9,"[[5, 0], [5, 1], [5, 2], [6, 0], [7, 0], [8, 0], [8, 1], [9, 0]]"
f_37c22ce1f7b9dff86bea,"[[7, 0], [7, 1], [7, 3], [7, 4], [8, 0], [8, 1], [9, 0], [9, 1], [9, 3], [9, 4], [10, 0]]"
f_ef03e732ac8d164749d9,"[[4, 0], [5, 0], [6, 0], [6, 1], [6, 2], [6, 3], [6, 4]]"
f_310bf272c2fe36181d70,"[[2, 0], [2, 1], [2, 2], [3, 0], [3, 1], [3, 5]]"
f_bcf0c1676c8540737dbc,"[[2, 0], [2, 1], [2, 2], [3, 0]]"
f_809a3fc4a4f093fe5f2b,"[[14, 0], [15, 0], [15, 1], [15, 2], [15, 3]]"
f_fc57fb3ecf54d6f5d87f,"[[16, 0], [16, 1], [16, 2], [16, 3], [16, 4], [17, 0], [17, 1], [17, 2], [17, 3], [17, 4], [18, 0], [18, 1], [18, 2], [18, 3], [18, 4], [19, 0], [19, 1], [19, 2], [19, 3], [19, 4], [20, 0], [20, 2], [20, 4], [21, 2], [21, 4]]"
f_2b87f13fbea764856cfa,"[[1, 0], [1, 1], [1, 2], [1, 3], [1, 4], [1, 5], [14, 3], [14, 4], [14, 5], [16, 3], [16, 4], [16, 5]]"
f_053a7fe7b0910fe5cc06,"[[3, 0], [4, 0], [5, 0], [6, 0], [7, 0], [8, 0], [9, 0], [10, 0], [11, 0], [11, 1], [12, 0], [12, 8]]"
f_951f4f009e6440af4ed1,"[[13, 1], [13, 2], [14, 1], [14, 2]]"
f_f584d66dae638e1b744b,"[[8, 0], [9, 0], [10, 0], [11, 0], [11, 1], [11, 2]]"
f_806383e3bc6fda675719,"[[10, 0], [10, 1], [10, 3]]"
f_4eb686d636a539b1814a,"[[2, 0], [2, 1], [2, 2], [2, 3], [3, 0], [3, 1], [3, 2], [3, 3], [4, 0], [4, 1], [4, 2], [4, 3]]"
f_f844841953e9db0501fd,"[[8, 0], [9, 0], [9, 1], [9, 3], [10, 0], [10, 1], [10, 3], [11, 0], [12, 0], [13, 0], [13, 1], [13, 3], [14, 0]]"
f_b2bdfd74fa08a94ba109,"[[3, 0], [3, 1], [3, 3]]"
f_b2fe483915505e3951ec,"[[1, 1], [1, 2], [2, 1], [2, 2], [7, 3]]"
f_23b02edeecd61ad09262,"[[1, 2], [1, 5], [1, 6], [4, 0], [4, 1], [4, 2], [4, 3], [4, 4], [4, 5], [4, 6]]"
f_a4ea3d2d8f9596d0f2a1,"[[1, 1], [1, 2], [1, 3], [2, 3], [3, 3]]"
f_4e8b9803bbf58a759ab4,"[[6, 0], [6, 1], [6, 2], [6, 3], [7, 0], [7, 1], [7, 2], [7, 3]]"
f_a65259581a5f9dcb1b0c,"[[2, 0], [2, 3], [3, 0], [3, 3]]"
f_994e69d3d61a9ba0be3c,"[[1, 1], [1, 2], [3, 3]]"
f_88a1fc64e39c89a5bd50,"[[1, 0], [1, 3], [2, 0], [2, 3], [4, 3]]"
f_3640238370bb4f380d67,"[[1, 0], [1, 1], [1, 2], [7, 0], [7, 1], [7, 2]]"
f_6b17b91fc7e2b7280265,"[[1, 0], [2, 0], [3, 0], [4, 0], [5, 0], [6, 0], [7, 0], [8, 0], [8, 1], [8, 2], [8, 3]]"
f_de9f5ba84822dca36b74,"[[2, 6], [6, 6]]"
f_11d6f22f3768345d6899,"[[4, 0], [4, 1], [4, 10], [5, 0], [5, 1], [5, 10]]"
f_bd1f23d03935d81b72eb,"[[4, 0], [4, 1], [4, 2], [5, 0], [5, 1], [6, 0], [6, 1]]"
f_aa013d7004e7f6ac2f22,"[[2, 0], [2, 3], [2, 4], [2, 5], [2, 6], [3, 0], [3, 3], [3, 4], [3, 5], [3, 6]]"
f_8826d5622692a78c42e4,"[[2, 0], [2, 1], [2, 2], [5, 0], [5, 1], [5, 2]]"
f_4bf7460d4b7732d6ce56,"[[13, 1], [13, 3], [13, 4], [20, 1], [20, 3], [20, 4]]"
f_4eee53ff868c066884ca,"[[16, 0], [17, 0], [17, 1], [17, 4]]"
f_7a7fcb2f9e4634f9646a,"[[1, 0], [1, 1], [1, 2], [2, 0], [2, 1], [2, 2]]"
f_353a534adc3887c53077,"[[3, 0], [4, 0], [4, 1], [4, 2], [4, 3]]"
f_52fca2ff5a4df6650b43,"[[2, 0], [3, 0], [4, 0], [5, 0], [6, 0], [7, 0], [8, 0], [9, 0], [10, 0], [11, 0], [12, 0], [12, 9], [12, 10]]"
f_fa67502df05639e0e8ab,"[[1, 1], [1, 3], [1, 4], [3, 1], [3, 3], [3, 4], [5, 1], [5, 3], [5, 4], [13, 1], [13, 3], [13, 4], [17, 1], [17, 3], [17, 4], [22, 1], [22, 3], [22, 4]]"
f_957456a20405d6c0f678,"[[15, 0], [16, 0], [17, 0], [18, 0], [18, 1], [18, 2], [19, 0]]"
f_42c365059721a256b65a,"[[5, 0], [5, 1], [5, 2], [6, 1], [6, 2], [12, 1], [12, 2], [17, 0], [17, 1], [17, 2], [18, 0], [19, 1], [19, 2]]"
f_b5db8492dd62df8dcdb7,"[[7, 1], [8, 0], [8, 1], [8, 5], [8, 7]]"
f_2c1155684d147660d2a2,"[[5, 0], [6, 0], [6, 1], [6, 2], [6, 3]]"
f_4edacdc8a23c31265d10,"[[9, 0], [10, 0], [11, 0], [11, 1], [11, 2]]"
f_4103ff532766cd11348d,"[[9, 0], [9, 1], [9, 2], [11, 0], [11, 1], [11, 2], [14, 0], [14, 1], [14, 2]]"
f_121bd3d553aa77707059,"[[13, 0], [13, 1], [13, 3], [14, 0], [14, 1], [14, 3], [15, 0], [15, 1], [15, 3]]"
f_299556db498cd56eccc9,"[[2, 1], [5, 0], [5, 1], [5, 3]]"
f_b40c0973d795191498c3,"[[2, 1], [2, 2], [2, 4], [2, 5], [3, 1], [3, 2], [3, 4], [3, 5]]"
f_8aefc74efb957047bae4,"[[1, 0], [2, 0], [3, 0], [4, 0], [5, 0], [6, 0], [6, 1], [6, 2], [6, 3], [7, 0], [7, 1], [8, 0], [9, 0], [10, 0], [11, 0]]"
f_7096c61bbdd8f7650219,"[[2, 0], [2, 1], [2, 2], [2, 3], [3, 0], [3, 1], [3, 2], [3, 3]]"
f_58ad5782ede641ea8207,"[[16, 0], [16, 1], [17, 0], [17, 1], [18, 0], [18, 1], [19, 0], [19, 1], [20, 0], [20, 11]]"
f_77bcc4a19681be742bce,"[[6, 1], [7, 1], [8, 1], [9, 1], [10, 1], [10, 2], [11, 1], [11, 2], [11, 3], [11, 4], [12, 1], [12, 2], [12, 3], [12, 4], [13, 1], [13, 2], [13, 3], [13, 4]]"
f_c4cf61864a11e942525f,"[[1, 0], [1, 1], [2, 0], [2, 1], [2, 2], [2, 3], [3, 0], [3, 1], [4, 0]]"
f_27d5aab4bbd6201de265,"[[1, 2], [2, 1], [2, 2], [2, 4]]"
f_00ef3e00066c7bf09d08,"[[9, 0], [9, 1], [9, 2], [9, 3]]"
f_973b9574afeeb5e78320,"[[3, 0], [3, 1], [3, 2], [4, 0], [4, 1], [4, 2], [5, 1], [5, 2]]"
f_3f70d9898afaff47e657,"[[16, 0], [17, 0], [17, 1], [18, 0], [18, 1]]"
f_f6ee6dea32d718691c2b,"[[1, 0], [1, 1], [2, 0], [2, 1], [2, 2], [2, 3]]"
f_39bacf3df27b90a7d2f1,"[[1, 1], [1, 2], [2, 1], [2, 2], [10, 3]]"
f_74426b06381f8e969e29,"[[2, 0], [3, 0], [4, 0], [5, 0], [5, 1], [5, 2], [5, 4]]"
f_525689045fbece145866,"[[2, 0], [2, 1], [2, 3], [3, 0], [3, 1], [3, 3]]"
f_39988b8bf6b3b695f1c8,"[[11, 0], [12, 0], [12, 1], [12, 3], [12, 4], [12, 5], [13, 0]]"
f_a26a3b9ff37c4fe02ddf,"[[2, 7], [3, 0], [3, 7], [4, 0], [4, 1], [4, 7], [5, 0], [5, 7], [6, 0], [6, 7], [7, 7]]"
f_8d91cf436287b0301888,"[[1, 0], [1, 1], [1, 2], [2, 0], [2, 1], [2, 2]]"
f_17d52b531fee4c75214b,"[[1, 0], [1, 1], [1, 2], [1, 3], [1, 4], [1, 5], [5, 0], [6, 0], [6, 1], [6, 3], [6, 4], [6, 5]]"
f_c729738d40d66d3daa4a,"[[2, 1], [3, 1], [6, 1], [16, 1], [18, 1], [22, 1]]"
f_a03d6be26a4a37379263,"[[1, 1], [1, 2], [1, 3], [2, 1], [2, 2], [2, 3], [7, 3]]"
f_1ccd3cba62e0921adeaf,"[[4, 0], [4, 1], [5, 0], [5, 1], [8, 0], [8, 1], [9, 0], [9, 1], [11, 0], [11, 1]]"
f_836a40ad99bcf5a2097b,"[[1, 1], [2, 0], [2, 1], [2, 3], [2, 4]]"
f_e983af4c822ff652e2c3,"[[10, 0], [10, 1], [10, 2], [10, 3], [18, 0], [18, 1], [18, 2], [18, 3]]"
f_13787b231bbdea81bfd5,"[[1, 0], [1, 1], [1, 2], [1, 3], [1, 4], [1, 5], [10, 0], [10, 1], [10, 2], [10, 3], [10, 4], [10, 5], [14, 0], [14, 1], [14, 2], [14, 3], [14, 4], [14, 5], [26, 2]]"
f_3f4c34c2baca70941175,"[[1, 2], [1, 3], [1, 4], [2, 1], [2, 2], [2, 3], [2, 4]]"
f_e462b94ec50f01377c57,"[[8, 0], [8, 1], [9, 0], [9, 1], [9, 2]]"
f_fbaf231742130e276efb,"[[8, 1], [8, 2], [8, 5]]"
f_f4102e983fa699ec5f49,"[[18, 0], [18, 1], [18, 2], [18, 3], [18, 4]]"
f_44d074a201e24b3ffdf9,"[[2, 1], [2, 2], [2, 4], [4, 1], [4, 2]]"
f_76491699a981f27d44cf,"[[1, 0], [1, 2], [3, 2], [3, 3], [3, 5], [30, 2], [30, 4]]"
f_d5ad007eb5c0f92cab30,"[[2, 0], [2, 1], [2, 2]]"
f_b77c1868b89b2d0abf16,"[[16, 1], [16, 2], [16, 3], [16, 4]]"
f_fffbb0af094f0537fc63,"[[14, 2], [15, 0], [15, 1], [15, 2], [15, 3], [15, 4], [16, 0], [17, 0], [18, 0]]"
f_cafb518f7b67b03e459b,"[[4, 0], [5, 0], [5, 1], [5, 5]]"
f_b82d98f585758e77ab32,"[[4, 0], [4, 1], [4, 2], [4, 3], [7, 0], [7, 1], [7, 2], [7, 3]]"
f_fe09c94287d7be45774a,"[[21, 1], [21, 2], [21, 3], [22, 1], [22, 2], [22, 3], [23, 0], [23, 1], [23, 2], [23, 3], [24, 0], [24, 1], [24, 2], [24, 3], [25, 0], [25, 1], [25, 2]]"
f_08587c3c99997b9671ed,"[[2, 0], [3, 0], [3, 1], [3, 5]]"
f_aa62f82de628f8464000,"[[5, 1], [5, 2], [5, 4], [6, 1], [6, 2], [6, 4]]"
f_1ab0ad48d8428dc29b45,"[[3, 0], [3, 1], [3, 2], [3, 3], [4, 0], [4, 1], [4, 2], [4, 3]]"
f_8eef9565f9e811be863a,"[[20, 1], [20, 3], [20, 5], [21, 1], [21, 3], [21, 5], [22, 1], [22, 3], [22, 5], [23, 1], [23, 3], [23, 5], [24, 1], [25, 1], [26, 1], [27, 1]]"
f_ce530e69d34bbc27c789,"[[2, 0], [2, 1], [3, 0], [3, 1], [4, 0], [4, 1]]"
f_83aa02fa052ec0fe3554,"[[1, 0], [1, 1], [2, 0], [2, 1], [3, 0], [3, 1]]"
f_407fd491be3403e057a9,"[[5, 1], [6, 1], [6, 3]]"
f_10c1b62a7698dbad3f99,"[[1, 0], [2, 0], [2, 1], [3, 0], [4, 0], [5, 0], [6, 0], [7, 0]]"
f_3776ec94dce7186cd57d,"[[1, 0], [1, 1], [1, 2], [1, 3], [2, 1], [3, 1], [4, 0], [4, 1], [4, 2], [4, 3], [5, 1]]"
f_bbee6622407c9270eaef,"[[0, 0], [0, 1], [0, 2], [1, 0], [1, 1], [1, 2]]"
f_fdafcd38f9650b52ec11,"[[1, 1], [2, 1], [2, 2], [2, 3]]"
f_3ff859779e51bb1fd835,"[[17, 0], [17, 1], [17, 2], [18, 0], [18, 1], [18, 2]]"
f_16e424f0a9ec34f968f4,"[[2, 0], [3, 0], [4, 0], [5, 0], [6, 0], [6, 1], [7, 0], [7, 10]]"
f_07ac3b90ff539214f3fd,"[[7, 0], [7, 1], [18, 0], [18, 1], [19, 0], [19, 1], [20, 0], [20, 1], [21, 0], [21, 1], [22, 0], [22, 1], [23, 0], [23, 1], [24, 0], [24, 1]]"
f_1ef1c9ebe85d4ee444a0,"[[10, 0], [10, 1], [10, 2], [10, 3], [11, 0], [11, 1]]"
f_2cdd51e37dd39d1dbdda,"[[10, 1], [10, 2], [10, 3], [10, 4]]"
f_b510cc97e548d5fe63bd,"[[3, 0], [4, 0], [4, 1], [4, 2], [4, 3], [5, 2], [5, 3]]"
f_5c369ee6cb3130026d89,"[[4, 0], [4, 2], [4, 3], [5, 0], [5, 2], [5, 3], [7, 0], [7, 2], [7, 3]]"
f_5447d24e253655438efb,"[[2, 1], [2, 2], [17, 1], [17, 2]]"
f_f255038d050f5fee1a22,"[[11, 0], [11, 1], [11, 2]]"
f_bb2391ebcd9c10eb0d05,"[[11, 0], [11, 3], [12, 0], [12, 2]]"
f_c854b5a14625d9fdaf5f,"[[2, 0], [2, 1], [27, 0], [27, 1]]"
f_9caf2a72a33ed248ba31,"[[6, 0], [6, 1], [6, 6], [26, 0], [26, 1], [26, 6], [28, 0], [28, 1], [28, 6], [29, 0], [29, 1], [29, 6], [30, 0], [30, 1], [30, 6], [31, 0], [31, 1], [31, 6]]"
f_dbf64eaee8df1b4f927b,"[[1, 0], [1, 1], [1, 2], [1, 4], [2, 0], [2, 1], [2, 4], [3, 0], [3, 1], [4, 0], [4, 1], [5, 0], [5, 1], [6, 0], [6, 1], [7, 0], [7, 1], [7, 4], [8, 0], [8, 1], [9, 0], [9, 1], [9, 4]]"
f_fbcc7283f403cdcc5820,"[[1, 0], [1, 1], [1, 2], [1, 3], [1, 4], [1, 5], [6, 0], [6, 1], [6, 2], [6, 4]]"
f_c16f8e9dd1c04ef0d649,"[[18, 2], [23, 2]]"
f_ce1aa81c8756da70a4b5,"[[6, 0], [7, 0], [7, 1], [7, 2], [7, 3], [7, 4], [8, 0], [9, 0], [10, 0], [10, 1], [10, 3], [10, 4], [11, 0]]"
f_2406cba14b2b856fa9ca,"[[5, 0], [5, 2]]"
f_0865c634e93ccb41952b,"[[2, 0], [2, 1], [2, 2], [3, 0], [3, 1], [3, 2], [4, 0], [4, 1], [4, 2], [7, 0], [7, 1], [7, 2], [10, 0], [10, 1], [10, 2]]"
f_3193760efb4ca9a8761f,"[[3, 1], [3, 3], [7, 1], [7, 3]]"
f_657995635c15d99770aa,"[[0, 2], [1, 2], [2, 2], [3, 2]]"
f_7297b19594fcdb4d8e11,"[[2, 1], [2, 2], [2, 3], [2, 4], [3, 1], [3, 2]]"
f_8144f6585341d675f6c9,"[[2, 0], [2, 1], [3, 0], [3, 1], [3, 2], [4, 0]]"
f_92bb12b23fb28570baf0,"[[2, 0], [2, 3], [3, 0], [3, 1], [3, 2], [3, 3], [3, 4], [4, 0]]"
f_b57ab0e8c88698a541d8,"[[26, 0], [26, 1], [26, 3], [27, 0], [27, 1], [27, 2], [27, 3]]"
f_92925635d06f31a696c0,"[[2, 0], [3, 0], [4, 0], [5, 0], [6, 0], [7, 0], [8, 0], [9, 0], [10, 0], [11, 0], [12, 0], [12, 6]]"
f_bccab890cdc258cf8319,"[[1, 0], [1, 1], [1, 2], [1, 3], [1, 4], [2, 0], [2, 1], [2, 2], [2, 3], [2, 4]]"
f_722be4051b9b6e760ba5,"[[1, 0], [1, 1], [1, 3], [2, 0], [2, 1], [2, 3]]"
f_70c5c1b2fa9db3e73520,"[[10, 0], [10, 1], [11, 0], [11, 1]]"
f_239b892b68567fc2bcb5,"[[1, 0], [1, 3], [1, 5], [4, 0], [4, 3], [20, 0], [20, 3], [20, 5]]"
f_4b9c12ab66a6ca40dc42,"[[9, 0], [9, 1], [9, 2]]"
f_067b192caec3ce8d6e12,"[[2, 0], [2, 1], [2, 2], [3, 0], [3, 1], [3, 2]]"
f_40322f67b220e507bd65,"[[1, 0], [1, 1], [1, 3], [1, 4], [2, 0], [2, 1], [2, 3], [2, 4], [3, 0], [3, 1], [3, 3], [3, 4]]"
f_903836701fdf940ef78a,"[[10, 0], [11, 0], [12, 0], [12, 1], [12, 3], [12, 4], [13, 0], [14, 0], [15, 0]]"
f_d833a91d28c946abd6d2,"[[2, 0], [3, 0], [5, 0], [6, 0], [7, 0], [8, 0], [9, 0], [10, 0], [11, 0], [12, 0], [13, 0], [14, 0], [15, 0], [17, 2]]"
f_df6022891ac08822b927,"[[4, 0], [5, 0], [6, 0], [6, 1], [6, 7], [7, 7], [8, 7]]"
f_594f6a7f29b4d6133e0d,"[[1, 1], [1, 2], [1, 3], [2, 1], [2, 2], [2, 3]]"
f_dd6f3f9c27400f881e2f,"[[1, 2], [1, 3], [2, 2], [2, 3], [2, 4]]"
f_3ace3e3d1f789571465a,"[[22, 0], [22, 1], [23, 0], [23, 1], [24, 0], [24, 1], [25, 0], [25, 1], [26, 0], [26, 1], [27, 0], [27, 1], [28, 0], [28, 1], [29, 0], [29, 11]]"
f_d86e8b8e76ea8812d4b2,"[[3, 1], [3, 2], [3, 3], [11, 1], [11, 2], [11, 3]]"
f_cfd19dacfff882e9d1ae,"[[1, 0], [1, 3], [20, 3]]"
f_800767c0343279522ce0,"[[1, 0], [1, 1], [1, 2], [1, 3], [1, 4], [13, 0], [13, 1], [13, 3], [13, 4]]"
f_ea6c511bd5ea4ba27384,"[[1, 1], [1, 2], [3, 1], [3, 2]]"
f_d86a5f906b8877354858,"[[1, 0], [1, 3], [2, 0], [2, 3], [3, 0], [3, 3], [4, 0], [4, 3], [5, 0], [5, 1], [5, 2], [5, 3], [6, 0], [6, 3]]"
f_823313bc72c47f50e490,"[[7, 0], [7, 1], [7, 2], [8, 0], [8, 1], [8, 2], [9, 0], [9, 1], [9, 2], [10, 0], [10, 1], [10, 2]]"
f_25b67f91a4f2fe5f325c,"[[2, 0], [2, 1], [2, 2], [3, 0], [3, 1], [3, 2], [4, 0], [4, 1], [4, 2]]"
f_e1d51a8c68b5c39e494a,"[[1, 0], [1, 1], [1, 2], [1, 3], [1, 4], [1, 5], [2, 0], [2, 1], [2, 2]]"
f_97540504f081d430c4b1,"[[5, 0], [5, 1], [5, 3], [15, 0], [15, 1], [15, 3], [16, 0], [16, 1], [16, 3]]"
f_dd1a37fb51fce1df0192,"[[2, 1], [2, 2], [2, 3], [2, 4], [2, 5], [2, 6], [5, 5]]"
f_cb1e21ac57f7fe1e59fb,"[[3, 0], [3, 1], [3, 2], [4, 0], [4, 1], [4, 2]]"
f_8cc9e14b7d0d68fcee6c,"[[17, 0], [18, 0], [19, 0], [20, 0], [20, 1], [20, 3]]"
f_dc2f73be612da874b25e,"[[3, 0], [3, 1], [3, 2], [3, 4], [4, 0], [4, 1], [4, 2], [4, 4], [4, 5], [5, 0], [5, 1], [5, 2], [5, 4], [5, 5]]"
f_60f77350fc46e4fedddc,"[[1, 0], [1, 6], [2, 0], [2, 6], [8, 0], [8, 6], [11, 0], [11, 6]]"
f_a5cb6848e6de6c955278,"[[2, 0], [2, 3], [2, 4], [3, 0], [3, 3], [3, 4]]"
f_9976704f6e20d4b40434,"[[3, 2], [4, 2], [5, 2], [6, 2], [7, 2], [8, 2], [9, 2], [10, 0], [10, 2], [11, 2], [12, 2], [13, 2], [14, 2], [15, 2], [16, 2]]"
f_c9e08c82fe9e80bedab6,"[[12, 0], [12, 1], [12, 2], [13, 0], [13, 1], [13, 2]]"
f_214cb4fc26e3b40be23d,"[[6, 0], [7, 0]]"
f_15bdf7a868a2c1963104,"[[15, 0], [15, 2], [15, 3]]"
f_e185278fa22647b3fbe6,"[[1, 0], [2, 0], [3, 0], [4, 0], [5, 0], [6, 0], [7, 0], [8, 0], [9, 0], [10, 0], [11, 0], [12, 0], [13, 0], [14, 0], [15, 0], [16, 0], [17, 0], [18, 0], [19, 0], [19, 1]]"
f_48925870235be21d2901,"[[4, 1], [4, 2], [4, 3]]"
f_0626c00cebcd4bcd6480,"[[26, 0], [26, 1], [26, 2], [26, 4], [26, 5], [27, 0], [27, 1], [27, 2], [27, 4], [27, 5]]"
f_e97a258c400b0e5956a8,"[[12, 1], [13, 1]]"
f_7aa67ed8394bfac2343f,"[[7, 0], [7, 1], [7, 2], [9, 1], [9, 2]]"
f_3c3f4b31f3bd0d9d49cb,"[[1, 2], [1, 5], [2, 2], [3, 2], [4, 2], [5, 2], [6, 2], [7, 2], [8, 2], [9, 2], [10, 2], [11, 2], [12, 2], [13, 2], [14, 2]]"
f_78df5b820509c21f753f,"[[0, 0], [1, 0]]"
f_b849435da8be25abc7af,"[[2, 0], [2, 1], [3, 0], [4, 0], [4, 1], [4, 2], [5, 0], [6, 0], [7, 0], [8, 0], [8, 1], [8, 2], [9, 0], [10, 0], [10, 1], [11, 0], [12, 0], [12, 1], [13, 0], [13, 1], [14, 0]]"
f_ce1fa2181d0b4c359931,"[[6, 0], [6, 1], [6, 3], [7, 0], [7, 1], [7, 3], [8, 0], [9, 0], [9, 1], [9, 3], [10, 0], [10, 1], [10, 3]]"
f_8585dfe45bcc88ee520b,"[[4, 0], [4, 2], [4, 3], [4, 4], [5, 0], [5, 2], [5, 3], [5, 4]]"
f_05d9b336779f786fe49a,"[[7, 0], [7, 1], [7, 2], [8, 0], [8, 1], [8, 2], [10, 0], [10, 1], [10, 2], [11, 0], [11, 1], [11, 2]]"
f_f7c51e5d0df46d314233,"[[6, 3], [6, 4], [32, 3], [32, 4]]"
f_455e894525b46a41aa25,"[[6, 0], [6, 1], [6, 2], [7, 0], [7, 1], [7, 2]]"
f_e57fff4d661423a612ad,"[[4, 0], [4, 1], [4, 3], [12, 0], [12, 1], [12, 3], [13, 0], [13, 1], [13, 3], [16, 0], [16, 1], [16, 2], [16, 3], [16, 4]]"
f_a7323d56c30684cb8157,"[[15, 4], [18, 4]]"
f_0541c4fa132834043fa0,"[[3, 1], [3, 3], [4, 1], [4, 3], [5, 1], [6, 1], [6, 3], [7, 1], [7, 3], [8, 3], [11, 3]]"
f_5d3bfcc16b163f702433,"[[6, 2], [6, 4], [7, 2], [7, 4], [8, 2], [8, 4]]"
f_ce4afd56caa4b59afe15,"[[1, 0], [1, 3], [6, 3]]"
f_8bc71cfb3a7285df45a3,"[[3, 0], [3, 2], [3, 3], [3, 4], [4, 0], [4, 2], [4, 3], [4, 4], [5, 0], [5, 2], [5, 3], [5, 4], [6, 0], [6, 2], [6, 3], [6, 4]]"
f_73034f95f93918e3631f,"[[11, 0], [11, 1], [11, 2], [11, 3], [12, 0], [12, 1], [12, 2], [12, 3], [13, 0], [13, 1], [13, 2], [13, 3], [14, 0], [14, 1], [14, 2], [14, 3]]"
f_578f723029e149aa112d,"[[6, 0], [6, 2], [7, 0], [7, 2], [9, 0], [9, 2], [12, 0], [12, 2], [14, 0], [14, 2], [16, 0], [16, 2], [18, 0], [18, 2], [19, 0], [19, 2], [20, 0], [20, 2], [22, 0], [22, 2], [27, 4], [27, 5], [27, 6], [27, 7], [27, 8]]"
f_41b2295e6e2c64b334f2,"[[18, 5], [19, 1], [19, 3], [19, 5]]"
f_d6cac5c57778178c0225,"[[1, 1], [1, 2], [1, 4], [2, 1], [2, 2]]"
f_53b5f3c0f32dadede14e,"[[1, 0], [1, 1], [1, 2], [1, 3], [1, 4], [1, 5], [1, 6]]"
f_cba14487e53f1f2ca983,"[[1, 0], [1, 1], [1, 2], [1, 3], [1, 4], [2, 0], [2, 1], [3, 0], [3, 1], [3, 2], [3, 3], [3, 4]]"
f_833e797091334a5a7f3c,"[[3, 0], [3, 3], [3, 4]]"
f_86ae3f128ea071bbcb97,"[[1, 0], [2, 0], [3, 0], [4, 0], [5, 0], [6, 0], [7, 0], [8, 0], [9, 0], [10, 0], [11, 0], [12, 0], [13, 0], [14, 0]]"
f_212d92c60870e1cb5655,"[[3, 0], [6, 0], [7, 0], [8, 0]]"
f_f428641fa0e42d730f2d,"[[3, 1], [3, 3], [4, 1], [4, 2], [4, 3], [5, 1], [5, 2], [5, 3]]"
f_9ec0622beb7ff41691b7,"[[1, 0], [1, 1], [1, 4], [2, 0], [2, 1], [2, 4], [3, 4]]"
f_3bb1789c5527c0df61a4,"[[2, 3], [3, 0], [3, 1], [3, 2], [3, 3], [4, 0], [4, 3], [5, 0], [5, 3]]"
f_d0b9b9a9a89c62554937,"[[0, 6], [1, 0], [1, 5], [1, 6]]"
f_fcc8bc632700514c611a,"[[2, 0], [3, 0], [3, 1], [5, 0], [5, 1], [5, 2], [6, 0], [7, 0], [8, 0]]"
f_fc845a7d15ddd6f2e4de,"[[1, 3], [1, 4], [4, 1], [4, 2], [4, 3], [4, 4], [6, 3], [6, 4], [10, 3], [10, 4], [12, 3], [12, 4], [13, 3], [13, 4]]"
f_7143cb20ac63c70794a1,"[[3, 0], [4, 0], [4, 1], [4, 2], [4, 3], [4, 4]]"
f_7c29793e5c3f3263d8a5,"[[5, 0], [5, 4], [8, 0], [8, 4], [10, 0], [10, 4]]"
f_b0d4c3fdfcfc3d0f0705,"[[11, 0], [11, 1], [13, 1], [13, 2]]"
f_89f6202e97e4302108ad,"[[1, 0], [1, 6], [2, 0], [2, 5]]"
f_4fa36e3f6fda30dd2ce8,"[[1, 0], [1, 1], [2, 0], [2, 1], [2, 2], [2, 3], [2, 4], [2, 6], [3, 0], [4, 0], [5, 0]]"
f_c830278c239a14454d14,"[[2, 0], [3, 0], [4, 0], [5, 0], [6, 0], [7, 0], [8, 0], [9, 0], [10, 0], [11, 0], [12, 0], [13, 0], [14, 0], [15, 0], [16, 9]]"
f_896e6ea347f6390bf46e,"[[2, 4], [3, 4], [4, 4], [5, 0], [5, 1], [5, 2], [5, 3], [5, 4], [6, 0], [6, 3], [7, 0], [7, 3], [7, 4], [8, 0], [8, 3], [8, 4], [9, 0], [9, 1], [9, 2], [9, 3], [9, 4], [10, 0], [10, 3], [11, 0], [11, 3], [11, 4], [12, 0], [12, 3], [12, 4], [13, 0], [13, 1], [13, 2], [13, 3], [13, 4], [14, 0], [14, 3], [14, 4], [15, 0], [15, 3], [15, 4], [16, 0], [16, 3], [16, 4], [17, 0], [17, 3], [17, 4], [18, 0], [18, 3], [18, 4], [19, 0], [19, 3], [19, 4], [20, 0], [20, 1], [20, 2], [20, 3], [20, 4], [21, 3], [22, 3]]"
f_cd71b2f3e7e0d72e4d84,"[[1, 1], [1, 5], [7, 5]]"
f_6a9b3c6986ec7112107f,"[[16, 0], [16, 1], [17, 0], [17, 1]]"
f_f49b1eea3fa95916b14b,"[[4, 0], [5, 0], [5, 2], [5, 4], [5, 5], [6, 0], [6, 2]]"
f_bb1b68e55b4e30f8cfc4,"[[1, 0], [1, 1], [2, 0], [2, 1]]"
f_ed5520392f576413f87d,"[[1, 1], [1, 2], [3, 3]]"
f_0c385ceb101417c45804,"[[1, 0], [1, 3], [14, 3]]"
f_2ecac3a12991a5368916,"[[18, 0], [18, 1], [18, 3], [18, 5], [19, 0], [19, 1], [19, 3], [19, 5]]"
f_cfc0f9cd443751093285,"[[6, 0], [7, 0], [7, 4], [7, 5], [8, 0], [9, 0]]"
f_9f3c09972b970529b5b3,"[[1, 1], [1, 2], [2, 1], [2, 2], [11, 3]]"
f_a16dd2f638f698bbe61e,"[[13, 0], [13, 1], [13, 3], [14, 0], [14, 1], [14, 3], [15, 0], [15, 1], [15, 2], [15, 3], [16, 0], [16, 1], [16, 3]]"
f_54a970d62cabe81f3d6c,"[[11, 0], [11, 1], [11, 3], [12, 0], [12, 1], [12, 2], [12, 11], [13, 0], [14, 0]]"
f_3e15d885e313b3a94bdc,"[[1, 1], [1, 2], [1, 4], [2, 1], [2, 2], [2, 4]]"
f_29ca68c2968e1d3755f3,"[[8, 0], [9, 0], [9, 1], [9, 2], [9, 3], [9, 5], [10, 0], [10, 1], [10, 2], [10, 3], [10, 5]]"
f_7fce114aeec2873e2483,"[[5, 1], [5, 2], [8, 0], [8, 1], [8, 2], [9, 1], [9, 2], [10, 1], [10, 2], [11, 1], [11, 2], [12, 0], [12, 1], [12, 2]]"
f_9f256618f60b90581f8f,"[[3, 0], [3, 3], [9, 0], [9, 3], [11, 0], [11, 1], [22, 0], [22, 3], [23, 0], [23, 3]]"
f_e76ef818daf4d8422177,"[[23, 0], [24, 0], [24, 1], [24, 2], [24, 3], [24, 4]]"
f_95e864fd4d022c350737,"[[1, 2], [2, 1], [2, 2], [2, 4], [3, 1], [3, 2], [3, 4]]"
f_ac8287ee26cc4dfec4ea,"[[6, 0], [6, 1], [6, 2]]"
f_ebbd6854d0af6ef934e4,"[[1, 0], [1, 2], [2, 0], [2, 1], [2, 2], [2, 3], [2, 4], [3, 2], [4, 2]]"
f_7b51b8d60bf03185d90d,"[[2, 0], [2, 1], [2, 2], [3, 0], [3, 1], [3, 2], [4, 0], [4, 1], [4, 2], [5, 0], [5, 1], [5, 2]]"
f_aa3dc755af51d1331eb0,"[[1, 2], [5, 2]]"
f_f93429e2fd683085a344,"[[3, 0], [4, 0], [4, 1], [4, 2]]"
f_eaac6b657c127b8bc6ad,"[[11, 0], [11, 1], [11, 2], [11, 3], [12, 0], [12, 1], [12, 2], [12, 3], [13, 0]]"
f_7f32ebd5d2311d0edf15,"[[1, 0], [1, 2], [10, 0], [10, 2]]"
f_0a45f2e8ab28874e91e5,"[[1, 0], [1, 1], [1, 3], [1, 4], [2, 0], [2, 1], [2, 3], [2, 4], [3, 0], [3, 1], [3, 3], [3, 4], [4, 1]]"
f_1691e6ccc4c465995027,"[[2, 0], [2, 3], [2, 4], [2, 6]]"
f_52f4dd5d63a3307ad3cf,"[[1, 0], [1, 1], [1, 3], [1, 4], [2, 0], [2, 1], [2, 3], [2, 4]]"
f_0c3e9b68a7b8c30e63f6,"[[3, 0], [3, 1], [4, 0], [4, 1], [5, 0], [5, 1], [6, 0], [6, 1]]"
f_234d3ecb521e1e1947ab,"[[7, 0], [7, 1], [7, 2], [8, 0], [8, 1], [8, 2]]"
f_7f59b7e08594c43ce03f,"[[1, 1], [1, 2], [1, 4], [2, 4], [3, 4]]"
f_06047c61d74a26522ce2,"[[2, 0], [3, 0], [3, 1], [3, 2], [3, 3]]"
f_9b9ee7eeea4b904278af,"[[1, 0], [1, 1], [1, 3], [2, 0], [2, 1], [3, 0], [3, 1]]"
f_7d33dc1670e366604b60,"[[1, 0], [1, 1], [2, 0], [2, 1], [3, 0], [3, 1]]"
f_c29c6a50b2621312ac48,"[[1, 0], [2, 0], [3, 0], [4, 0], [5, 0], [6, 0], [7, 0]]"
f_2e3d7c9c72a761d7ecb6,"[[9, 1], [9, 2], [10, 1], [10, 2], [11, 1], [11, 2], [12, 0], [12, 1], [12, 2], [12, 3], [12, 4], [13, 1], [13, 2], [14, 2], [15, 2], [16, 2], [17, 2]]"
f_737f80e03022047611a0,"[[3, 1], [3, 2], [3, 3], [3, 4]]"
f_b42583a697a0aa107593,"[[3, 0], [3, 1], [3, 2], [3, 3], [4, 0], [4, 1], [4, 2], [4, 3]]"
f_d38121ab03bf50f2de88,"[[1, 0], [1, 1], [2, 0], [2, 1], [3, 0], [3, 1], [3, 2], [3, 3], [4, 0], [5, 0], [5, 1], [5, 2], [5, 3], [6, 0], [7, 0], [8, 0], [9, 0], [10, 0]]"
f_9b4b13698c71440a4bf2,"[[5, 0], [5, 17], [6, 0], [6, 17], [11, 17]]"
f_f9d4854db6639d0efdda,"[[1, 1], [1, 2], [1, 3], [2, 1], [2, 2], [2, 3], [3, 1], [3, 2], [3, 3], [4, 1], [4, 2], [4, 3], [5, 1], [5, 2], [5, 3], [6, 1], [6, 2], [6, 3], [7, 1], [7, 2], [7, 3], [8, 1], [8, 2], [8, 3], [9, 1], [9, 2], [9, 3], [10, 1], [10, 2], [10, 3]]"
f_8105199214872f6a8144,"[[7, 0], [7, 1], [8, 0], [8, 1], [9, 0], [9, 1], [17, 0], [17, 1], [17, 2]]"
f_a3348b9c4242da12e5f8,"[[4, 0], [4, 1], [4, 3], [10, 0], [10, 1], [10, 2], [10, 3]]"
f_ee9e7f1677efe59940bf,"[[2, 0], [2, 1], [2, 2], [2, 3], [5, 1]]"
f_e981fcc0240e37798da8,"[[4, 0], [4, 1], [5, 0], [5, 1], [5, 3], [5, 4]]"
f_f999e7ed7fef79805039,"[[1, 2], [1, 3], [2, 2], [2, 3], [6, 2], [6, 3]]"
f_a7e93f01988a7edf9a8b,"[[3, 1], [6, 1], [6, 2], [6, 3], [7, 1], [8, 1]]"
f_a48cc2831d8b5b44351c,"[[2, 0], [3, 0], [4, 0], [5, 0], [6, 0], [7, 0], [8, 0], [9, 0], [10, 0], [11, 0], [12, 0], [13, 0], [14, 0], [16, 0], [17, 0], [18, 0], [19, 0], [20, 0], [21, 0], [22, 0], [23, 0], [24, 0], [25, 0], [27, 2]]"
f_566220b9ebcae8047f8f,"[[10, 11], [10, 12], [11, 11], [11, 12]]"
f_db05c1054057e65b0315,"[[3, 0], [4, 0], [4, 1], [4, 2]]"
f_5e02cec23595e53618fa,"[[0, 1], [0, 2], [0, 3], [0, 4], [1, 1], [1, 2], [1, 3], [1, 4], [3, 2], [3, 4]]"
f_4e6e684c3d8cf86c673f,"[[1, 0], [1, 3], [2, 0], [2, 3]]"
f_bac4a8b6daaa6903175b,"[[29, 0], [29, 1], [29, 2], [29, 3], [29, 5]]"
f_3a0b1c143ce2ed793dd6,"[[6, 0], [6, 1], [7, 0], [7, 1], [7, 2], [7, 3], [7, 4], [8, 0], [8, 1], [9, 1]]"
f_b75ccaa9f7fd3a938779,"[[3, 1], [4, 1], [4, 2], [4, 3], [5, 1]]"
f_aba043fc0c1a4751ccb6,"[[1, 1], [2, 1], [3, 0], [3, 1], [3, 3], [3, 4], [4, 1], [5, 1], [6, 1], [7, 1], [8, 1], [9, 1], [10, 1], [11, 1], [12, 1]]"
f_afc73ca1602abc52df03,"[[2, 0], [3, 0], [4, 0], [4, 1], [4, 4], [4, 5]]"
f_2eb03f90750135e338dd,"[[8, 3], [9, 3], [10, 3], [11, 3], [12, 2], [12, 3], [13, 2], [13, 3], [14, 1], [14, 2], [14, 3], [14, 4], [15, 1], [15, 2], [15, 3], [15, 4], [16, 2], [16, 3]]"
f_9e5dc3f61ba93942987c,"[[1, 0], [22, 0], [24, 2]]"
f_6c407c9ced05cc743add,"[[4, 0], [4, 2], [4, 4]]"
f_a8c11436b65cf120b20f,"[[1, 0], [1, 1], [1, 2], [2, 0], [2, 1], [2, 2]]"
f_7ecb83a5bb357368a625,"[[2, 0], [3, 0], [4, 0], [5, 0], [6, 0], [7, 0], [8, 1]]"
f_011d8cf9f892d7af51e5,"[[3, 0], [3, 1], [4, 0], [4, 1]]"
f_0c6c982cd00dfc75c3bb,"[[1, 1], [1, 2], [1, 4], [2, 1], [2, 2]]"
f_40ffce10007dd7cee25f,"[[3, 1], [3, 2], [3, 6], [4, 1], [4, 4], [4, 6]]"
f_149be961a25c12cf207f,"[[4, 0], [5, 0], [5, 1], [5, 2], [5, 4]]"
f_942830045c2da4189382,"[[1, 0], [2, 0], [2, 1], [2, 2], [3, 0], [3, 1], [3, 2]]"
f_428aa5730a69a2e60624,"[[21, 0], [22, 0], [23, 0], [23, 1], [23, 2], [24, 0]]"
f_c595241299ee42a45359,"[[1, 1], [2, 1]]"
f_1198a01e1a003f9f303e,"[[5, 0], [5, 1], [6, 0], [6, 1], [6, 2]]"
f_3c8888f002a9683ec2cd,"[[2, 0], [2, 1], [2, 2], [3, 0], [4, 0], [4, 1], [4, 2], [5, 0], [5, 1], [5, 2]]"
f_78e2f09dd33c0a24a552,"[[1, 3], [2, 0], [2, 3], [3, 0], [3, 1], [3, 3], [4, 0], [4, 3], [5, 0]]"
f_83fa24f75476b1533cce,"[[2, 0], [2, 1], [2, 2], [2, 3], [3, 0], [3, 1], [3, 2], [3, 3]]"
f_334887811bdd7b0748a3,"[[8, 0], [8, 1], [8, 2], [8, 3], [8, 4], [9, 0], [9, 1], [9, 2], [9, 3], [9, 4]]"
f_dd13fcfd788a43b52246,"[[6, 0], [6, 2], [6, 4], [6, 5], [6, 6], [7, 0], [7, 2], [7, 4], [7, 5], [7, 6]]"
f_3b15b72a9c63693c9fd2,"[[6, 0], [6, 2], [9, 0], [9, 2]]"
f_9dd3b0c0bdbed417fef1,"[[2, 0], [2, 3], [2, 4], [3, 0], [3, 3], [3, 4]]"
f_e8e654ae24e80e4187eb,"[[3, 2], [3, 3], [3, 4], [4, 2], [4, 3], [4, 4]]"
f_530dc2a75311542de459,"[[1, 1], [1, 2], [1, 4], [2, 1], [2, 2], [2, 4], [3, 1], [3, 2]]"
f_43695a63511bcfd5757b,"[[1, 0], [1, 1], [1, 2], [1, 3], [2, 0], [2, 1], [2, 2], [2, 3]]"
f_dd7497564b88ef96d54e,"[[2, 0], [2, 2], [3, 0], [3, 2], [4, 0], [4, 2], [5, 0], [6, 0], [6, 1], [7, 0], [8, 0]]"
f_ab958bef2021a9f89512,"[[5, 2], [6, 2], [7, 0], [7, 1], [7, 2], [7, 3]]"
f_3f97c1033585c53604b2,"[[1, 1], [1, 2], [1, 4], [2, 1], [2, 2], [2, 4]]"
f_a820ee8de6c4533a5283,"[[12, 0], [12, 1], [12, 2], [12, 3], [13, 0], [13, 1], [13, 2], [13, 3], [14, 0]]"
f_e517693647d5683b9da8,"[[21, 0], [21, 1], [21, 2], [23, 0], [23, 1], [23, 2], [24, 0], [24, 1], [24, 2]]"
f_15b853a253a4a8762284,"[[1, 3], [6, 2], [6, 3], [6, 4]]"
f_0ecf55be6e4332dbffb3,"[[2, 0], [2, 3], [15, 0], [15, 3]]"
f_ed0a3ffdf2a322eb6224,"[[14, 0], [14, 1], [14, 4], [15, 0], [15, 1], [15, 4], [16, 0], [16, 1], [16, 4]]"
f_b9c23df817643c75a5db,"[[2, 0], [2, 1], [2, 2], [4, 1], [4, 2]]"
f_81cb754ca6cc3e1e96bb,"[[1, 0], [1, 4], [2, 0], [2, 4], [3, 0], [3, 4]]"
f_a959e137377e13dc420a,"[[1, 0], [1, 3], [2, 0], [2, 3], [3, 0], [3, 3]]"
f_492b0194f1c4b2cf570d,"[[3, 0], [3, 1], [3, 2], [4, 1], [5, 1], [6, 1], [7, 1], [8, 1], [9, 1], [10, 1], [11, 1], [12, 1], [13, 1]]"
f_e66f450d9eb60dbaca31,"[[13, 1], [13, 2], [13, 3], [14, 1], [14, 2], [14, 3]]"
f_caeff172064559755c95,"[[1, 0], [1, 1], [1, 3], [2, 0], [2, 1], [2, 3], [3, 0], [3, 1], [3, 3]]"
f_36002f768de3c98b7c42,"[[2, 1], [2, 2], [2, 6], [2, 7], [3, 1], [3, 2], [4, 6], [4, 7], [5, 6], [5, 7], [6, 1], [6, 2], [6, 6], [6, 7], [7, 6], [7, 7], [8, 1], [8, 2], [10, 1], [10, 2], [11, 6], [11, 7]]"
f_e007bb6e31c622a33351,"[[1, 0], [2, 0], [3, 0], [4, 0], [5, 0], [6, 0], [7, 0], [8, 0], [9, 0], [10, 0], [11, 0], [12, 0], [13, 0], [14, 0], [15, 0], [16, 0], [18, 1]]"
f_9ef9545f6901e90cdf88,"[[2, 0], [2, 1], [3, 0], [4, 0], [5, 0], [6, 0], [7, 0], [8, 0], [9, 0], [9, 2]]"
f_00a93109aa7b581f039d,"[[2, 0], [2, 1], [2, 3], [3, 0], [3, 1], [3, 3], [4, 0], [4, 1], [4, 3], [11, 0], [11, 1], [11, 3]]"
f_1852d3e64e812d846224,"[[4, 0], [5, 0], [5, 1], [5, 2], [5, 4], [6, 0], [7, 0], [8, 0], [9, 0], [10, 0]]"
f_a20f55fc419f4d3f96e5,"[[1, 3], [2, 3], [3, 3], [4, 3], [5, 3], [6, 3], [7, 1], [7, 2], [7, 3]]"
f_6b75714791dbc92e2a77,"[[2, 0], [3, 0], [3, 1], [3, 10], [4, 0], [4, 1], [4, 10], [5, 0], [5, 1], [5, 10], [6, 0], [6, 1], [6, 10], [7, 0], [8, 0], [8, 9], [8, 10]]"
f_1d7e4c0d2e188d3ed199,"[[6, 1], [6, 3], [6, 4], [7, 1], [7, 2], [7, 3], [7, 4], [8, 1], [8, 2], [8, 4]]"
f_3a6b85c8c039270fa0b2,"[[0, 0], [2, 0]]"
f_bd4ea38ed08d01b8f28c,"[[5, 0], [6, 0], [6, 1], [6, 2], [7, 0], [8, 0]]"
f_e9170804f5be16e74770,"[[1, 0], [1, 1], [1, 2], [1, 3], [2, 0], [2, 1], [2, 2], [2, 3], [3, 0], [3, 1]]"
f_cc142cd5b717cac6efdd,"[[1, 0], [1, 3], [10, 3]]"
f_2ba82a9989ab39cd144d,"[[3, 0], [3, 1], [3, 2], [3, 3], [4, 0], [4, 1], [4, 3], [11, 1], [11, 3], [12, 1], [12, 3], [13, 0], [13, 1], [13, 3]]"
f_df4a507474f1f7302a5a,"[[3, 0], [3, 3], [4, 0], [4, 3], [5, 0], [5, 1], [5, 2], [5, 3], [5, 5]]"
f_cc3ac0bba55713b01f49,"[[3, 0], [3, 1], [3, 3], [16, 1], [16, 3], [16, 4], [17, 1], [17, 3], [17, 4], [18, 1], [18, 3], [18, 4]]"
f_9a574986cd0b8fff2383,"[[1, 0], [2, 0], [3, 0], [4, 0], [5, 0], [6, 0], [7, 0], [8, 0], [9, 0], [10, 0], [11, 0], [12, 0], [13, 0], [14, 0], [14, 1], [14, 2], [14, 3], [15, 0], [15, 1], [15, 2], [15, 3], [16, 0], [16, 1], [17, 0], [18, 0], [22, 2], [22, 3]]"
f_c5703c45008b4e15fe9b,"[[1, 0], [1, 1], [1, 2], [4, 0], [4, 1]]"
f_b82a4aaf2b997c5942f3,"[[19, 0], [20, 0], [21, 0], [21, 1], [21, 2]]"
f_2720bf64003c3ce13ecc,"[[19, 2], [19, 3], [19, 5], [20, 5], [21, 5], [22, 5], [23, 2], [23, 5]]"
f_0dbe4b79c68c6c691ae1,"[[9, 1], [9, 3], [11, 1], [11, 4], [12, 1], [12, 4]]"
f_133f28b69038ad54f16a,"[[3, 2], [4, 0], [4, 1], [4, 2]]"
f_798ff04b2fdd878f4e67,"[[0, 1], [3, 1]]"
f_2a3cb90b44b5c881b666,"[[9, 0], [12, 0]]"
f_e3c924c588ddcec47f76,"[[6, 0], [6, 1], [6, 2], [8, 0], [8, 1]]"
f_e5f89ab24a0a3b545a4e,"[[4, 0], [4, 1], [4, 2], [4, 3], [5, 0], [5, 1], [5, 2], [5, 3]]"
f_cd886ce14daea4eca25a,"[[10, 0], [11, 0], [11, 1], [11, 3], [11, 4]]"
f_0b316df51aaf8a940356,"[[4, 0], [4, 2], [5, 2], [6, 2], [7, 2], [8, 2], [9, 2], [10, 0], [10, 2], [11, 3], [11, 4]]"
f_dbf55fd43490ffe085de,"[[3, 2], [3, 3], [4, 2], [4, 3]]"
f_4a43223185adf453fe8a,"[[8, 0], [8, 1], [8, 3], [8, 4], [8, 5], [9, 0], [9, 1], [9, 4], [10, 0]]"
f_dc3fc5fa6a44c1ce18c0,"[[1, 0], [1, 1], [1, 2], [2, 0], [2, 1], [2, 2], [3, 0], [3, 1], [3, 2], [4, 0], [4, 1], [4, 2]]"
f_fd617121100b8a61d52b,"[[1, 0], [1, 1], [1, 2], [1, 3], [1, 4], [2, 0], [2, 1], [2, 2], [2, 3], [2, 4]]"
f_dca1f947726f1e16b70d,"[[1, 0], [1, 1], [1, 2]]"
f_0dcb2926fff9cb96ca6c,"[[4, 0], [5, 0], [6, 0], [6, 1], [6, 2], [6, 3], [7, 0], [7, 1], [7, 3], [13, 0], [14, 0], [14, 1], [14, 2], [14, 3], [15, 0], [15, 1], [15, 3]]"
f_bfd45d2d6ac8a447f9b3,"[[3, 0], [4, 0], [4, 1], [4, 3], [4, 4], [5, 0], [6, 0]]"
f_85c700a9b3b30977a912,"[[1, 0], [1, 4]]"
f_fd04ecd49bdbff4f257b,"[[1, 0], [1, 2], [2, 0], [2, 2], [3, 0], [3, 2]]"
f_8f6439155800e4f60228,"[[19, 0], [19, 1]]"
f_0aa4779f2f8c43e2b657,"[[1, 2], [1, 3], [2, 2], [2, 3], [3, 3]]"
f_1cbee591456b558d85e8,"[[1, 0], [1, 1], [1, 2], [2, 0], [2, 1], [2, 2]]"
f_34a46fb26248203b3457,"[[0, 0], [0, 2], [2, 0]]"
f_91e6f94a1beaa2579083,"[[3, 0], [3, 1], [3, 3], [4, 0], [4, 1], [4, 3], [5, 0], [5, 1], [5, 3]]"
f_d8e6ced37566f6e93e44,"[[4, 0], [4, 1], [4, 2], [5, 0], [5, 1], [5, 2]]"
f_87c17bb8855dbab02990,"[[2, 0], [2, 1], [2, 2], [12, 0], [12, 1], [12, 2]]"
f_e0bab6a79ebd2098740d,"[[1, 0], [1, 1], [1, 2], [2, 0], [2, 1], [2, 2]]"
f_784d0391508611fb0c59,"[[1, 4], [1, 5], [3, 4], [3, 5], [4, 4], [4, 5], [5, 4]]"
f_aff77cd6d40381fb1773,"[[21, 0], [21, 1], [22, 0], [22, 1], [22, 2]]"
f_9b11ce636b75de2fa56a,"[[2, 1], [2, 4], [3, 0], [3, 1], [3, 4]]"
f_3de22e15cb390d08e7f9,"[[4, 0], [4, 1], [4, 2], [4, 5], [5, 0], [5, 1], [5, 2], [5, 4], [6, 0]]"
f_018d8cb81dad85fff252,"[[2, 1], [2, 4], [3, 1], [3, 4]]"
f_1df23c592362e8f00268,"[[1, 0], [2, 0]]"
f_ebadea344a603d031a42,"[[1, 0], [1, 1], [1, 3], [1, 4], [2, 1], [3, 1]]"
f_4f70af73dfa5da0a7670,"[[1, 3], [2, 3], [3, 3], [4, 0], [4, 1], [4, 3], [5, 0], [5, 1], [5, 3]]"
f_149451dd236524eae4d5,"[[4, 0], [4, 8], [9, 0], [9, 8], [10, 0], [10, 8], [12, 0], [12, 8]]"
f_ca6730923633c2bdb36e,"[[2, 0], [2, 3], [2, 4], [2, 5], [3, 0], [3, 3], [3, 4], [3, 5], [4, 0], [4, 3], [4, 4], [4, 5]]"
f_15979f9f174fe3d6d182,"[[1, 0], [1, 1], [1, 2], [3, 0], [3, 1], [3, 2]]"
f_2f4836c146106cf0fbad,"[[10, 1], [10, 3], [12, 0], [13, 0], [13, 1], [13, 3], [14, 0]]"
f_d540897a8000ff85b771,"[[2, 0], [3, 0], [3, 1], [3, 6]]"
f_a114764abe18e61723fe,"[[2, 0], [3, 0], [4, 0], [4, 1], [4, 2], [5, 0], [5, 1], [5, 2], [6, 0], [6, 1], [6, 2], [7, 0]]"
f_5fd015945e015843ba6a,"[[8, 0], [9, 0], [10, 0], [10, 1], [11, 0], [11, 1], [11, 3], [11, 4]]"
f_73425aeed3cc7afa6996,"[[19, 0], [19, 1], [19, 2], [21, 0], [21, 1], [21, 2]]"
f_7c8a29433f9d861f47ab,"[[2, 0], [2, 1], [2, 2], [2, 3], [3, 0], [4, 0], [5, 0], [6, 0], [7, 0], [7, 1], [7, 2]]"
f_4d895f9e8166ec6634c6,"[[9, 1], [9, 3], [10, 1], [10, 2], [10, 3], [10, 4]]"
f_036614f3ed76cbfa5eb1,"[[1, 0], [1, 1], [1, 2], [1, 3]]"
f_c322eb15b638b8db1cf4,"[[6, 0], [6, 1], [6, 3], [6, 4], [7, 0], [7, 1], [7, 3], [7, 4], [8, 0], [8, 1], [8, 3], [8, 4], [9, 0], [9, 1], [9, 3], [9, 4]]"
f_ab8458a766d60fa07792,"[[17, 0], [17, 2], [18, 0], [18, 2]]"
f_b1ab68d76c347d0e37d1,"[[2, 0], [3, 0], [4, 0], [5, 0], [6, 0], [7, 0], [8, 0], [9, 0], [10, 0], [11, 0], [12, 0], [13, 0], [14, 0], [15, 0], [16, 0], [17, 0], [18, 0], [19, 0], [20, 0], [21, 9]]"
f_0249c6fd7b66fba1d4ce,"[[2, 1], [2, 2], [5, 1], [5, 2]]"
f_efd887dc2b945d874b2f,"[[5, 1], [5, 4], [7, 1], [7, 3], [7, 4]]"
f_d821d78a6ce156f69d88,"[[1, 2], [2, 2], [3, 2], [4, 2], [5, 2], [6, 2], [7, 2], [8, 2], [9, 1], [9, 2], [9, 3], [10, 2]]"
f_7a0aa1006903638cd333,"[[1, 1], [1, 2], [1, 3], [2, 1], [2, 2], [2, 3]]"
f_49639e8a6f2c095e4d66,"[[5, 0], [5, 2], [5, 3], [5, 4], [5, 5], [6, 0], [6, 2], [6, 3], [6, 4], [6, 5]]"
f_297f37c5843f6c34de19,"[[4, 1], [5, 0], [5, 1], [5, 2]]"
f_7900f42f162bb4f94ee3,"[[1, 0], [1, 2], [2, 0], [2, 2], [3, 0], [3, 2], [4, 0], [4, 2], [5, 0], [6, 0], [7, 0], [8, 0], [9, 0], [11, 0], [12, 0], [13, 0], [13, 2], [14, 0], [14, 2]]"
f_2e3ebb52605b50f13d0b,"[[7, 0], [7, 1], [7, 3], [7, 5], [8, 0], [8, 1], [8, 3], [8, 5]]"
f_dd736e8e2a0b77daf756,"[[1, 2], [1, 4], [2, 2], [2, 4]]"
f_d78a8755bfdcc9dc2a59,"[[1, 0], [1, 2], [2, 0], [2, 2], [3, 0], [3, 2], [4, 0], [4, 2], [5, 0], [5, 2], [6, 0], [6, 2], [7, 0], [7, 2], [8, 0], [8, 2], [9, 0], [9, 2], [10, 0], [10, 2], [11, 0], [11, 2], [12, 0], [12, 2]]"
f_3e8ee0063df14c9329fb,"[[1, 4], [2, 4], [3, 4], [4, 4], [5, 4], [6, 0], [6, 3], [6, 4]]"
f_06582447c8cda8716666,"[[1, 0], [1, 1], [2, 0], [2, 4], [3, 0], [3, 4], [4, 0], [4, 4], [5, 0], [5, 4], [6, 0], [6, 4]]"
f_6bcefba237d4f2564bfc,"[[23, 0], [24, 0], [24, 1], [24, 3], [24, 4], [24, 5]]"
f_8f5a8fc781cc53964c10,"[[1, 0], [2, 0], [3, 0], [4, 0], [5, 0], [5, 1], [5, 2], [6, 0], [7, 0], [8, 0], [9, 0]]"
f_605ce2df6c900d36f956,"[[1, 0], [2, 0], [2, 1], [2, 3], [2, 4], [3, 0], [3, 1], [3, 3], [3, 4], [4, 0]]"
f_b8647ef142fac14b495c,"[[24, 0], [24, 2], [24, 4], [25, 0], [25, 2], [25, 4]]"
f_500b36ba29dc4a588d05,"[[1, 0], [1, 1], [1, 2], [2, 0], [2, 1], [2, 2]]"
f_6647d8f9ed58c1674c81,"[[1, 0], [1, 1], [1, 3], [1, 5], [2, 0], [2, 1], [3, 0], [3, 1], [4, 0], [4, 1], [4, 3], [4, 5], [5, 0], [5, 1], [5, 3], [6, 0], [6, 1], [7, 0], [7, 1], [8, 0], [8, 1], [8, 3], [8, 5], [9, 0], [9, 1], [10, 0], [10, 1], [11, 0], [11, 1]]"
f_883c3e8c1471e1a95c04,"[[18, 0], [18, 1], [18, 2], [20, 0], [20, 1], [20, 2]]"
f_d4091cac2a9efee1f892,"[[4, 0], [4, 1], [4, 2], [5, 0], [5, 1], [5, 2], [6, 0], [7, 0], [8, 0], [9, 0], [10, 0]]"
f_5eb4ac3d886a107f6061,"[[6, 2], [7, 0], [7, 1], [7, 2], [7, 3], [7, 4], [8, 0], [8, 2], [9, 0], [9, 2], [10, 0], [10, 2], [11, 2], [12, 2]]"
f_e7d9a84dcd52bd1381fe,"[[2, 0], [2, 5], [5, 3], [5, 4], [5, 5]]"
f_94cbe7e5343371462a59,"[[5, 0], [6, 0], [7, 0], [7, 1], [7, 2], [7, 3], [8, 0], [8, 1], [9, 0], [10, 0], [11, 0], [12, 0], [13, 0]]"
f_8aad48371fd15c9a26a3,"[[2, 1], [11, 0], [11, 1]]"
f_5236642cd9726395f897,"[[12, 0], [12, 1], [12, 2], [13, 0], [14, 0], [14, 1], [14, 2]]"
f_bf4ca3cbe827e4ba9713,"[[1, 0], [1, 1], [2, 0], [2, 1], [3, 0], [3, 1], [4, 0], [4, 1], [4, 4], [4, 5], [5, 0], [5, 1], [5, 4], [6, 0], [6, 4], [7, 0], [7, 1], [8, 0], [9, 0], [10, 0]]"
f_cac91f6aa035e23c3826,"[[15, 0], [16, 0], [17, 0], [18, 0], [19, 0], [19, 11]]"
f_2fcd42cba66ee6e1d578,"[[8, 0], [9, 0], [10, 0], [11, 0], [12, 0], [13, 0], [14, 0], [15, 0], [16, 0], [17, 0], [18, 0], [19, 0], [20, 0], [20, 9], [20, 10]]"
f_79744455a8355612c892,"[[11, 0], [11, 4], [14, 0], [14, 4]]"
f_68e3eb5b782ec64c1826,"[[19, 2], [19, 3], [19, 4], [19, 5]]"
f_7ff6ae1052f7e03d8107,"[[1, 1], [2, 0], [2, 1], [2, 4]]"
f_bb2a40f499d9973a3351,"[[4, 0], [5, 0], [5, 1], [5, 2], [6, 0]]"
f_95b955c6a5383ac744e9,"[[23, 0], [23, 1], [23, 2], [23, 3], [23, 4], [23, 5], [23, 6], [23, 7], [23, 8], [26, 0]]"
f_46fc352911ffdcefafed,"[[1, 1], [1, 3], [1, 5], [4, 1], [4, 6]]"
f_076d6d27369107d1dbdc,"[[1, 0], [2, 0], [2, 1], [2, 3], [3, 0], [3, 1], [3, 3], [4, 0], [4, 3], [5, 0], [5, 3], [6, 0], [6, 2], [6, 3], [6, 4], [7, 0], [7, 3], [8, 0], [8, 2], [8, 3], [8, 4], [9, 0], [9, 3], [10, 3], [11, 3]]"
f_fb668bcf3eae3334f238,"[[2, 1], [2, 2], [2, 3], [8, 3]]"
f_13b0f4aebb70727552e1,"[[3, 0], [3, 1], [3, 4], [6, 0], [6, 1], [6, 4]]"
f_c6bb8c541a613758df91,"[[2, 2], [2, 4], [3, 2], [3, 3], [3, 4]]"
f_40fa796b19d2b0a3bd99,"[[1, 0], [1, 1], [1, 2]]"
f_3219bca94c490ef80558,"[[1, 2], [2, 2], [3, 2], [4, 2]]"
f_fe2537282de515f2ebc3,"[[1, 1], [3, 4]]"
f_7e3f2b3e4d25ec8bf7ee,"[[2, 1], [2, 2], [3, 0], [3, 1], [3, 2]]"
f_e949edc7444e61ab19ca,"[[1, 0], [1, 3], [1, 5]]"
f_0dbcc77f0bbf8a5f60b2,"[[4, 0], [5, 0], [5, 1], [5, 2]]"
f_91bb6c25e4ae9888569e,"[[11, 2], [12, 0], [12, 1], [12, 2], [12, 3], [13, 0], [13, 2]]"
f_374b22f73c17ea426b18,"[[2, 2], [2, 3], [2, 4], [3, 2], [3, 3], [3, 4]]"
f_09f8177ba2dbb969fa2b,"[[1, 0], [1, 1], [1, 2], [1, 3], [1, 4], [1, 5], [2, 0], [2, 1], [3, 0], [3, 1], [4, 0], [4, 1], [5, 0], [5, 1], [6, 0], [6, 1], [7, 0], [7, 1], [8, 0], [8, 1], [9, 0], [9, 1], [10, 0], [10, 1], [11, 2], [11, 3]]"
f_74dc3f3bb1f4a93f1ea3,"[[2, 0], [2, 3], [3, 0], [3, 3], [4, 0], [4, 3], [5, 0], [5, 3], [6, 0], [6, 3], [7, 3], [8, 0], [8, 3], [9, 0], [9, 3], [11, 0], [11, 3]]"
f_80453157b2ddceaedc6c,"[[1, 2], [2, 0], [2, 1], [2, 2]]"
f_4824185f1b558fc22448,"[[2, 1], [2, 2], [2, 3], [2, 4], [2, 5], [2, 6], [5, 1], [6, 1]]"
f_ed52b294107e78420285,"[[4, 0], [4, 1], [4, 2], [5, 0], [5, 1]]"
f_5964a4fa0a3ad130696b,"[[1, 0], [1, 1], [1, 3], [1, 4], [2, 0], [2, 1], [2, 3], [2, 4]]"
f_e5f4ee61ad77838108ea,"[[7, 0], [8, 0], [9, 0], [10, 0], [11, 0], [12, 0], [13, 0], [14, 0], [15, 0], [15, 10]]"
f_d5b46475841243edebe1,"[[6, 0], [7, 0], [7, 1], [7, 3], [7, 4], [8, 0], [8, 1], [8, 3], [8, 4]]"
f_69405b96399413cc3bfb,"[[4, 0], [4, 1], [4, 2], [6, 0], [6, 1], [6, 2]]"
f_22cd9db71022d813e30b,"[[1, 0], [1, 1], [1, 2], [1, 3], [2, 0], [2, 1], [2, 2], [2, 3], [3, 0], [3, 2]]"
f_17eb7b4a8888e80271ea,"[[12, 0], [12, 1], [12, 2], [12, 4], [12, 5], [13, 0], [13, 1], [13, 4]]"
f_2926baf78beb9469e4c3,"[[1, 1], [1, 2], [2, 2], [7, 3]]"
f_0928b064d09ca6e85548,"[[6, 0], [7, 0], [8, 0], [8, 1], [8, 2], [8, 3], [8, 4]]"
f_6e5aacebd7e2df4407cb,"[[7, 0], [7, 1], [7, 2], [7, 3], [7, 4], [7, 5], [21, 2]]"
f_39bfd40465826db672cc,"[[1, 0], [1, 1], [1, 2], [1, 3], [1, 4], [1, 5], [25, 0], [26, 0], [26, 1], [26, 4]]"
f_90482b9b039713b366fe,"[[6, 0], [7, 0], [7, 1], [7, 2], [7, 3]]"
f_f2d5b9ba5cb4323f5530,"[[1, 1], [1, 2], [1, 3], [2, 1], [2, 2], [2, 3]]"
f_e05ced092a3d87f0ee54,"[[2, 0], [2, 3], [2, 4], [4, 0], [4, 3], [4, 4]]"
f_675c8c382a1fdef38278,"[[3, 1], [4, 0], [4, 1], [4, 3], [4, 4]]"
f_1f8d4abe44b30a697c2b,"[[1, 5], [2, 5], [3, 5], [4, 5], [5, 5], [6, 5]]"
f_6df49a13bb7f8d9b1099,"[[7, 0], [7, 1], [8, 0], [8, 1], [9, 0], [9, 1], [10, 0], [10, 1], [11, 0], [11, 1], [12, 0], [12, 1], [13, 0], [13, 3]]"
f_5fdad101497bcf74fd72,"[[1, 1], [2, 1], [2, 2], [2, 3]]"
f_360b24cbd1da1e65688c,"[[3, 0], [4, 0], [5, 0], [5, 1], [5, 3], [5, 5]]"
f_1c89214430d2af01b65b,"[[8, 0], [9, 0], [10, 0], [11, 0], [12, 0], [13, 0], [13, 1], [13, 2], [14, 0]]"
f_73b16a4d015bd7180fc5,"[[21, 1], [21, 2], [21, 3], [22, 1], [22, 2], [22, 3], [23, 1], [23, 2], [23, 3], [24, 1], [24, 2], [24, 3], [25, 1], [25, 2], [25, 3]]"
f_c0ce0d8544f453eb4933,"[[2, 4], [2, 6], [3, 4], [3, 6]]"
f_36f4fe929600e8e91441,"[[1, 2], [1, 4], [2, 2], [2, 4]]"
f_395f2ed8476fa4904c22,"[[1, 0], [1, 1], [2, 0], [2, 1], [3, 0], [3, 1]]"
f_df91f022130e939e7949,"[[1, 0], [2, 0], [2, 1], [2, 2], [2, 3]]"
f_20969bb41d35387ffd08,"[[3, 1], [3, 3], [4, 1], [4, 3]]"
f_42a39821cb7bb0d36339,"[[5, 0], [5, 1], [5, 2], [6, 2], [7, 0], [7, 1], [7, 2]]"
f_8b7e8c45b03107fed7fc,"[[3, 1], [3, 2], [3, 3], [3, 4], [4, 1], [4, 2], [4, 3], [4, 4], [5, 1]]"
f_3725f322ae94615c4a7f,"[[1, 1], [1, 2], [1, 3]]"
f_72d095adbc9fde11d6f9,"[[0, 0], [2, 0]]"
f_f92849fdd71c9947981f,"[[1, 0], [1, 3], [2, 3], [3, 3], [4, 3], [5, 3], [6, 3], [7, 3], [8, 3], [9, 3], [10, 3], [11, 3], [12, 3], [13, 3], [14, 3], [15, 3], [16, 3], [17, 3], [18, 3], [19, 3], [20, 3], [22, 3]]"
f_bbd9129409f750d2c831,"[[6, 0], [6, 1], [6, 2], [6, 3], [6, 4], [7, 0], [7, 1], [7, 2], [7, 3], [7, 4]]"
f_3aceeb5acca93c9d3d67,"[[12, 3], [13, 3], [14, 1], [14, 2], [14, 3], [14, 4]]"
f_fea2eaa59c7a7476329e,"[[3, 0], [3, 1], [3, 3], [4, 0], [4, 1], [4, 3], [5, 0], [5, 1], [5, 3], [15, 1], [15, 3]]"
f_13ce176c5b098d01449d,"[[1, 1], [1, 2], [1, 4], [7, 0], [7, 1], [7, 2], [7, 4]]"
f_ffc53a99daf19e54a276,"[[2, 0], [2, 4], [3, 0], [3, 1], [3, 2], [3, 3], [3, 4]]"
f_a11c572c438ae05bc0cb,"[[1, 0], [1, 2], [1, 3], [4, 0], [4, 1], [4, 2], [4, 3], [6, 0], [6, 1], [6, 2], [6, 3], [7, 0], [7, 1], [7, 2], [7, 3]]"
f_187c461e91aef858759f,"[[4, 0], [4, 1], [4, 5], [5, 0], [5, 5]]"
f_18d795157fc3cedd9075,"[[14, 0], [15, 0], [16, 0], [16, 1], [16, 3], [16, 4], [17, 0], [17, 1], [17, 3], [17, 4], [18, 0], [18, 1], [18, 3], [18, 4]]"
f_4a6f94faf0a2faf76c04,"[[1, 0], [1, 6], [3, 0], [3, 6], [4, 0], [4, 3], [4, 4], [4, 6], [5, 3], [5, 4]]"
f_bbb11e7398644474e007,"[[3, 0], [3, 1], [3, 2], [3, 3]]"
f_2b4ae5fbfbab0ab9dd21,"[[1, 0], [2, 0], [3, 0], [4, 0], [5, 0], [6, 0], [7, 0], [8, 0], [9, 0], [10, 0], [11, 0], [12, 0], [13, 0], [14, 0], [15, 0], [16, 0], [16, 1], [16, 2], [16, 3], [16, 4], [17, 0], [17, 1], [17, 2], [17, 3], [17, 4]]"
f_4b66c7ab2a0757fc7ae6,"[[6, 1], [7, 1], [8, 1], [9, 1], [10, 1], [10, 2], [10, 3], [10, 4]]"
f_9f7c1f6a1936128f590e,"[[1, 2], [8, 3]]"
f_39d3c59bb34a8059fb3f,"[[1, 0], [1, 1], [1, 3], [2, 0], [2, 1], [2, 3], [3, 3], [4, 3], [5, 0], [5, 1], [6, 0], [6, 1], [6, 3], [7, 0], [7, 1], [7, 3], [8, 0], [8, 1], [8, 3], [9, 0], [9, 1], [9, 3], [10, 0], [10, 1], [10, 3], [11, 0], [11, 1], [11, 3], [12, 0], [12, 1], [12, 3], [13, 0], [13, 1], [13, 3], [14, 0], [14, 1], [14, 3], [15, 0], [15, 1], [15, 3], [16, 0], [16, 1], [16, 3]]"
f_5bb4ffc93ca4905f80c1,"[[1, 2], [1, 4], [1, 5], [2, 2], [2, 4], [2, 5]]"
f_01137bcb2f614597290c,"[[1, 2], [1, 3], [2, 2], [2, 3]]"
f_0c85912baa4725ec46e9,"[[1, 1], [1, 2], [1, 4], [2, 1], [2, 2], [2, 4], [7, 3]]"
f_40d204f7e7bb0cf76f03,"[[0, 1], [0, 2], [0, 3], [0, 4]]"
f_35463d149d34e0cee131,"[[5, 0], [5, 1], [5, 2], [5, 3], [5, 5], [5, 6], [6, 0], [6, 1], [6, 2], [6, 3], [6, 5], [6, 6]]"
f_11809dd75ccb301c9052,"[[1, 1], [1, 2], [1, 3], [2, 3], [3, 3], [4, 3], [5, 1], [5, 2], [5, 3], [6, 3], [7, 3], [8, 3], [9, 3], [10, 3], [11, 3], [12, 1], [12, 2], [12, 3], [13, 3]]"
f_d48be7267a2d921b5d8a,"[[1, 1], [1, 2], [1, 4], [2, 1], [2, 2]]"
f_64c4397d4ceea651914f,"[[7, 0], [8, 0], [8, 1], [8, 2]]"
f_0c763a2a4304d9a6c6a2,"[[3, 0], [3, 1], [3, 2], [3, 3], [4, 1], [4, 2], [4, 3]]"
f_356c0089446bea0dddf8,"[[2, 0], [6, 0]]"
f_4a1e2bd2d053a2cc0636,"[[13, 1], [13, 2], [13, 4], [14, 1], [14, 2], [14, 4], [18, 0], [18, 1], [18, 2], [18, 4], [19, 0], [19, 1], [19, 2], [19, 4]]"
f_f4b5dc1efe63057ab057,"[[1, 0], [1, 1], [1, 2], [2, 0], [2, 1], [2, 2]]"
f_fb525e2a89ea20c13ef9,"[[1, 0], [1, 2], [2, 0], [2, 2], [3, 1], [3, 2]]"
f_6f30c607c68f7c31c8f5,"[[1, 0], [1, 3], [5, 0], [5, 3]]"
f_c64cd5c928c2e124bddb,"[[3, 0], [3, 1], [3, 4], [4, 0], [4, 1], [4, 4]]"
f_e58e3fb43cfb8ef99050,"[[1, 0], [1, 1], [2, 0], [2, 1], [2, 2]]"
f_de3af4a21de2a443188f,"[[10, 1], [11, 0], [11, 1], [11, 3], [11, 4]]"
f_9fbd52ce9432291ceabe,"[[2, 0], [3, 0], [3, 4], [3, 5], [4, 0]]"
f_f76f1391b1a3187d307e,"[[2, 0], [2, 1], [2, 2], [2, 4], [3, 0], [3, 1], [3, 2], [3, 4]]"
f_e2407b2b1f4972226240,"[[1, 0], [2, 0], [2, 1], [2, 2]]"
f_e402505c63a207dbee7d,"[[8, 0], [8, 1], [9, 0], [9, 1], [9, 2], [9, 3], [10, 0], [11, 0], [12, 0], [13, 0]]"
f_51e360930601f0bb7054,"[[1, 0], [1, 1], [1, 2], [1, 3], [1, 4], [1, 5], [1, 6], [2, 6], [22, 6]]"
f_2048fdef09f42e531e23,"[[1, 0], [1, 1], [1, 2], [1, 3], [1, 4], [2, 0], [2, 1], [3, 0], [3, 1], [3, 2], [3, 3], [3, 4]]"
f_30fdf087ed167788cff7,"[[2, 0], [2, 2], [3, 0], [3, 2], [4, 0], [4, 2], [5, 0], [5, 2]]"
f_94859b74806c00396a58,"[[1, 1], [1, 2], [2, 2], [3, 3]]"
f_882f8806d8587ac1c8a0,"[[9, 0], [9, 1], [9, 2], [11, 0], [11, 1], [11, 2]]"
f_cf764a9b895c54da3f91,"[[19, 0], [19, 1], [19, 2], [19, 3], [23, 0], [23, 1], [23, 2], [23, 3]]"
f_ea191f8ed42d254e1d5e,"[[1, 1], [1, 2], [1, 3], [1, 5], [3, 1], [3, 2], [3, 3], [3, 5]]"
f_660fda1e44a24210f012,"[[7, 0], [7, 1], [7, 2], [7, 3], [7, 4], [8, 0], [8, 1], [8, 2], [8, 3], [8, 4], [9, 0], [9, 3], [10, 0]]"
f_1b77fb8792a84c3824b6,"[[3, 0], [3, 1], [4, 0], [4, 1]]"
f_23b09f691bcf3172a97b,"[[3, 0], [3, 1], [4, 0], [4, 1], [5, 0], [5, 1]]"
f_5f6227813241477498c3,"[[17, 0], [17, 1], [17, 2], [18, 0], [18, 1], [18, 2]]"
f_cfe7ddc3195dd1238b9c,"[[13, 0], [13, 1], [13, 3], [13, 4], [14, 0], [14, 1], [14, 3], [14, 4]]"
f_b020cb1e85c085a1a03d,"[[1, 0], [1, 1], [1, 2], [1, 3], [2, 0], [2, 2], [2, 3]]"
f_e53243f9ca2bf4d8b225,"[[7, 0], [7, 1], [8, 0], [8, 1], [9, 0], [9, 1], [10, 1], [10, 2], [10, 3], [10, 4], [11, 1], [12, 1], [12, 2], [12, 3], [12, 4], [13, 1]]"
f_9c8f8e5fec51d3927487,"[[2, 0], [2, 1], [2, 2], [8, 0], [8, 1], [8, 2]]"
f_0f8d3d1d4c85d15dd7e2,"[[10, 0], [10, 2], [11, 0], [11, 2], [13, 0], [13, 2], [18, 0], [18, 1], [18, 2], [18, 3], [18, 4]]"
f_4259aedeeabe025713d5,"[[15, 0], [16, 0], [16, 1], [16, 2], [16, 3], [16, 4], [16, 5]]"
f_d6bfb4b94618c4e03793,"[[1, 2], [2, 0], [2, 1], [2, 2]]"
f_aeea9e1734d59bc58185,"[[1, 0], [1, 2], [1, 4], [2, 0], [2, 2], [2, 3], [2, 4], [3, 0], [3, 2], [3, 4]]"
f_c87c1c1159a1fef4536e,"[[1, 0], [1, 1], [1, 3], [2, 0], [2, 1], [2, 3]]"
f_5143dc118899e785bce2,"[[1, 0], [1, 1], [1, 2], [1, 3], [3, 0], [3, 1], [3, 2], [3, 3]]"
f_0eb73b82469ced6d33b8,"[[13, 0], [13, 2], [14, 0], [14, 2], [15, 0], [15, 2], [16, 0], [16, 2], [17, 0], [17, 2], [18, 0], [18, 1], [18, 2], [18, 11], [19, 0], [19, 2], [20, 0], [20, 2], [21, 0], [21, 2], [22, 0], [22, 2], [23, 0]]"
f_bc04b014cbd0ef87c6d8,"[[3, 2], [3, 3], [3, 4]]"
f_80ab15e5f5dafa55d1f9,"[[1, 0], [2, 0], [3, 0], [4, 0], [5, 0]]"
f_b0d7216b5d7c5d059e0b,"[[13, 0], [13, 1], [14, 0], [14, 1], [14, 2], [15, 0], [15, 1]]"
f_f16cb3563fd27131a5b7,"[[6, 0], [6, 4], [6, 5], [6, 6]]"
f_52d298e83c8240725ee7,"[[21, 0], [21, 1], [21, 2], [22, 0], [22, 1], [22, 2], [23, 0], [23, 1], [23, 2]]"
f_af0300100adcfd66d4d8,"[[13, 0], [14, 0], [15, 0], [16, 0], [17, 0], [17, 1], [17, 3], [17, 4], [17, 5], [18, 0], [18, 1]]"
f_0f690f44d0b5af4c5e9a,"[[2, 2], [2, 4], [3, 2], [3, 3], [3, 4], [3, 5]]"
f_166e54cbae1d9cb4f18c,"[[1, 1], [1, 2], [1, 4], [2, 1], [2, 2], [2, 4]]"
f_8c99cf59e54f38493b24,"[[1, 0], [1, 1], [7, 0], [7, 1]]"
f_b669983f0a99b8dd37eb,"[[9, 0], [10, 0], [10, 1], [11, 0], [12, 0]]"
f_d71a0e510f2cfbe87990,"[[1, 1], [1, 2], [3, 1], [3, 2]]"
f_17896343dde0cffa0714,"[[1, 1], [1, 2], [1, 3], [9, 1], [9, 2], [9, 3], [10, 3], [10, 4], [10, 5], [10, 6], [10, 7]]"
f_e8d0237c48fd5c4c17ef,"[[1, 0], [1, 1], [1, 3], [2, 0], [2, 1], [2, 3], [3, 0], [3, 1], [3, 3], [4, 0], [4, 1], [4, 3], [5, 0], [5, 1], [5, 3], [6, 0], [6, 1], [6, 3]]"
f_9275f6882cbebe5c1323,"[[1, 0], [1, 1], [1, 2], [1, 3], [2, 0], [2, 1], [2, 2], [2, 3], [3, 0], [3, 1], [3, 2], [3, 3], [4, 0], [4, 1], [4, 2], [4, 3], [5, 0], [5, 1], [5, 2], [5, 3], [6, 0], [6, 1], [6, 2], [6, 3], [7, 0], [8, 0]]"
f_8e29d55d5b156ec58e4a,"[[1, 1], [1, 2], [1, 3], [5, 1], [5, 2], [5, 3]]"
f_c69456f000c76c564938,"[[1, 0], [1, 3], [2, 0], [2, 1], [2, 2], [2, 3], [3, 3], [4, 3]]"
f_ea3749e5b4b45f504a64,"[[12, 0], [12, 1], [12, 2]]"
f_a8bdf4564975184ed1bf,"[[12, 1], [12, 4], [13, 1]]"
f_ef1194ac4f5e0e9616b5,"[[2, 1], [5, 1], [5, 3], [7, 1], [8, 1], [8, 3], [10, 1], [10, 3], [13, 1], [13, 3]]"
f_62874335cafc00ed43c5,"[[0, 2], [2, 2]]"
f_ee4840bc0dee894b261d,"[[7, 0], [7, 1], [7, 4], [8, 0], [8, 1], [8, 4]]"
f_0112ccf6472d201d4964,"[[1, 2], [2, 0], [2, 1], [2, 2], [2, 3], [3, 2], [4, 2], [5, 2], [6, 2], [7, 2]]"
f_b038d89983a7fd103156,"[[3, 3], [4, 0], [4, 1], [4, 2], [4, 3], [5, 0], [6, 0], [7, 0]]"
f_a6eaa922062b97dfe383,"[[2, 0], [2, 2], [3, 0], [3, 2], [5, 0], [5, 2], [6, 0], [6, 2]]"
f_e9c26d38d47a2cfefc6b,"[[13, 0], [13, 1], [14, 0], [14, 1], [14, 2], [15, 0]]"
f_8022ecf27703742a5497,"[[1, 2], [1, 4], [2, 2], [2, 4]]"
f_eba5206d8db6d54e56d9,"[[5, 0], [5, 1], [6, 0], [7, 0], [7, 1], [7, 2]]"
f_6e2475f9e51dd1e550bf,"[[2, 3], [2, 4], [3, 2], [3, 3], [3, 4], [4, 2], [4, 3], [4, 4]]"
f_70989bd750417572f919,"[[1, 1], [1, 2], [2, 1], [2, 2]]"
f_6a89db434cfa72116f05,"[[1, 1], [1, 2], [12, 3], [12, 4]]"
f_cd26912a186f63aa92a0,"[[1, 1], [1, 2], [1, 3], [1, 4], [2, 1], [2, 2], [3, 1], [3, 2], [4, 1], [4, 2]]"
f_49dc6c2db04f9d3bb2f5,"[[10, 0], [10, 1], [10, 2], [10, 4], [11, 0], [11, 1], [11, 2]]"
f_feb3c82161c863b6c6cc,"[[1, 0], [2, 0], [3, 0], [3, 1], [3, 2], [3, 3]]"
f_49276265a51de3d6bd49,"[[5, 0], [5, 1], [5, 3], [6, 0], [7, 0], [8, 0], [8, 1], [8, 3], [9, 0]]"
f_76fa0bd6df8d047a01fe,"[[5, 1], [5, 2], [14, 1], [14, 2], [14, 3]]"
f_c07da985a127a8f8a020,"[[3, 2], [3, 3], [3, 4], [4, 2], [4, 4]]"
f_431d24d8f96e1c885bdb,"[[12, 1], [12, 2], [12, 3], [12, 4]]"
f_02fd145b3a34b4b0b6d6,"[[1, 2], [3, 3]]"
f_06850f1508e7f3977052,"[[3, 0], [4, 0], [4, 1], [4, 2], [4, 3], [4, 4], [5, 0], [6, 0], [7, 0], [7, 1]]"
f_6e16b5172793bb904501,"[[1, 0], [1, 1], [1, 2], [1, 3], [10, 0], [10, 1], [10, 2], [10, 3]]"
f_7e8fddaa3204db23f08c,"[[4, 2], [4, 3], [4, 4], [4, 5], [5, 2], [5, 3], [5, 4], [5, 5]]"
f_9d1a5ceafbbff0f2a5ef,"[[2, 1], [2, 4], [3, 1], [3, 5]]"
f_b6fd189750b417afd84f,"[[22, 1], [22, 2], [22, 4], [23, 0], [23, 1], [23, 2], [23, 3], [23, 4]]"
f_eaf4be783f1120a2c85c,"[[18, 0], [19, 0], [20, 0], [21, 0], [22, 0], [23, 0], [23, 1], [23, 2], [24, 0], [25, 0], [25, 2], [26, 0], [26, 2]]"
f_09e0be733577a1dbb3af,"[[4, 0], [4, 2]]"
f_2eb020c078d676a8b958,"[[1, 1], [1, 2], [1, 3], [2, 1], [2, 2], [2, 3]]"
f_4a584ff6f9806406cfbd,"[[9, 0], [9, 1], [9, 2], [9, 3], [10, 0], [10, 1], [10, 2]]"
f_5c0504979e99c5e492c4,"[[1, 0], [1, 1], [1, 4], [2, 0], [2, 1], [2, 4], [3, 1], [3, 3], [3, 4], [4, 4]]"
f_f6c519b06fe0390c5c34,"[[3, 0], [4, 0], [5, 0], [6, 0], [7, 0], [8, 0], [9, 0], [9, 9], [9, 10]]"
f_3eba628f1fb958f5d807,"[[1, 2], [2, 2], [3, 0], [3, 1], [3, 2], [4, 1], [4, 2]]"
f_2a9c298faaa217437ab2,"[[4, 0], [4, 1], [4, 2]]"
f_2b8334dff8f88a2324e5,"[[1, 2], [5, 0], [5, 1], [5, 2], [5, 3]]"
f_660479d480019275cced,"[[9, 5], [10, 5], [12, 0], [12, 2], [13, 0], [13, 2]]"
f_50fdbec1d742d62f3c16,"[[1, 4], [2, 4], [3, 0], [3, 4], [4, 4], [5, 4], [6, 4], [7, 0], [7, 4]]"
f_6d850147648f340102a7,"[[6, 0], [7, 0], [8, 0], [8, 1], [8, 3]]"
f_73712a92c817f68bd2d2,"[[2, 1], [3, 0], [3, 1], [3, 5], [4, 1]]"
f_6bdda4253ed23fa54f61,"[[5, 0], [5, 1], [5, 2], [6, 0], [6, 1], [6, 2]]"
f_73f345273c21becdd892,"[[5, 0], [5, 1], [5, 2]]"
f_513105eaea32716c760e,"[[4, 0], [4, 2], [4, 4], [5, 2], [5, 3], [5, 4], [5, 5]]"
f_b7dbc6a59167a3e8a340,"[[7, 0], [7, 1], [7, 2], [7, 4], [8, 0], [8, 1], [8, 4], [9, 0], [9, 1], [9, 4]]"
f_39365b1414754c95cdcd,"[[2, 0], [2, 1], [3, 0], [3, 1], [4, 0], [4, 1], [5, 0], [5, 1], [6, 0], [6, 1], [7, 0], [7, 1], [8, 0], [8, 10], [8, 11]]"
f_1a3d13772650eb84a933,"[[2, 0], [2, 1], [2, 2], [10, 0], [10, 1], [10, 2]]"
f_eedc99e2b48cd0c756df,"[[2, 0], [2, 1], [2, 2], [3, 0], [3, 1], [3, 2], [3, 3]]"
f_c2e5fee6ad369126f67f,"[[11, 3], [12, 3], [13, 1], [13, 2], [13, 3], [13, 4], [14, 1]]"
f_406eb0e02b6bee29f3d7,"[[1, 0], [1, 1], [2, 0], [2, 1], [3, 0], [3, 1], [4, 0], [4, 1], [5, 0], [5, 1]]"
f_09fff8347ce4671a0c3f,"[[1, 0], [2, 0], [3, 0], [4, 0], [5, 0], [6, 0], [7, 0], [8, 0], [8, 3], [9, 0], [10, 0], [11, 0], [12, 0], [13, 0], [14, 0], [15, 0]]"
f_1d24c5cd3271ee047a33,"[[10, 0], [11, 0], [11, 1], [11, 2], [12, 0], [13, 0], [14, 0], [15, 0], [15, 1], [15, 2], [16, 0], [17, 0]]"
f_f63889ed34976ee0f6c7,"[[1, 0], [1, 1], [2, 0], [2, 1], [3, 0], [4, 0], [4, 1], [5, 0], [5, 1], [6, 0]]"
f_c0c1c33029873c3b8219,"[[1, 2], [11, 2]]"
f_ca0de2eafe4f00fa079b,"[[8, 0], [8, 1], [8, 3], [8, 4], [10, 0], [10, 1], [10, 3], [10, 4]]"
f_9de1155ff69822be09fe,"[[3, 1], [3, 2], [4, 1], [4, 2], [5, 1], [5, 2], [6, 0], [6, 1], [6, 2]]"
f_aa49fd48f0e6dd6df37c,"[[1, 0], [1, 1], [1, 2], [1, 3], [1, 4], [2, 0], [2, 1], [2, 2], [2, 3], [2, 4], [3, 0], [3, 1], [3, 2], [3, 4]]"
f_4a368b599024e4cbba40,"[[7, 0], [7, 2], [7, 3], [7, 6], [8, 0]]"
f_2f5a401de5e484f466a1,"[[21, 0], [22, 0], [23, 0], [24, 0], [24, 1], [24, 2], [25, 0]]"
f_8b77cbaad08867e07ed3,"[[4, 2], [18, 0], [18, 1], [18, 2]]"
f_2246d94f34639278b3f2,"[[1, 0], [1, 3], [2, 0], [2, 3], [4, 3]]"
f_486c337cec8fcdeb4137,"[[2, 4], [3, 0], [3, 4], [4, 0], [4, 1], [4, 2], [4, 4]]"
f_29c1e2a08f4aa2538c40,"[[18, 0], [19, 0], [19, 1], [19, 2], [19, 4], [19, 5]]"
f_aa54b8de876c7d1ce506,"[[1, 2], [2, 1], [2, 2], [9, 3]]"
f_fc17467c031da0c705f9,"[[12, 0], [12, 1], [12, 2], [12, 3], [12, 4], [13, 0], [13, 1], [13, 2], [13, 3], [13, 4]]"
f_dd42e57e9a7e008ae7ce,"[[2, 2], [3, 2], [4, 0], [4, 1], [4, 2], [5, 0], [5, 2]]"
f_c2ce012c5b4a29143fe4,"[[8, 1], [8, 2], [10, 1], [10, 2], [11, 1], [11, 2], [12, 1], [12, 2], [13, 1], [13, 2], [16, 1], [16, 2], [21, 4]]"
f_fa662b13caaafe0d30be,"[[5, 0], [6, 0], [7, 0], [7, 2]]"
f_79626da89dff9db56a2c,"[[1, 1], [2, 1], [3, 1], [4, 1], [5, 1], [6, 1], [7, 1], [8, 1]]"
f_8e85cd2e971c0207d6d0,"[[10, 0], [10, 1], [10, 2], [10, 3], [12, 0], [12, 1], [12, 2]]"
f_41d941c0639c13e5253d,"[[9, 0], [9, 1], [9, 2], [9, 3], [9, 5], [10, 0], [10, 1], [10, 2], [10, 3], [10, 5]]"
f_a1556467e782645bcdc9,"[[1, 2], [2, 0], [2, 1], [2, 2]]"
f_0d75f54d801c98d24487,"[[8, 0], [8, 1], [8, 3], [10, 0], [10, 1], [10, 3], [11, 0], [11, 1], [11, 2], [11, 3]]"
f_e87696b3f143075321bc,"[[3, 0], [4, 0], [5, 0], [6, 0], [6, 1], [6, 3], [6, 4], [7, 0]]"
f_42085f753668b7b3850c,"[[4, 0], [4, 1], [4, 2], [4, 3], [4, 4], [5, 0], [5, 1], [5, 2], [5, 3], [5, 4]]"
f_8d1ccce5108fc5ef0991,"[[1, 0], [1, 2], [1, 3], [1, 4], [1, 5], [2, 0], [2, 2], [2, 3], [2, 4], [2, 5]]"
f_252b41ebbd4fe91de87b,"[[1, 0], [1, 1], [2, 1], [3, 1], [4, 1], [5, 1], [6, 1], [7, 1], [8, 1], [9, 1], [10, 1], [11, 1], [12, 1], [13, 1], [14, 1], [15, 1], [16, 1], [17, 1], [18, 1], [19, 1], [20, 1]]"
f_122671df5682ea76e167,"[[3, 0], [3, 1], [4, 0], [4, 1], [4, 3], [5, 0], [5, 1], [6, 0], [6, 1], [7, 1]]"
f_a8c75aa91e24922940d4,"[[5, 0], [6, 0], [6, 1], [6, 2]]"
f_eb38eb0a8a8647b8963d,"[[5, 0], [5, 4], [5, 5]]"
f_7a7de16da01da9e0e2fc,"[[1, 0], [1, 1], [1, 2], [2, 0], [2, 1], [2, 2]]"
f_49ef2764e5fd907bd73f,"[[6, 0], [6, 2], [7, 0], [7, 1], [7, 2], [8, 0], [8, 2], [9, 0], [9, 2], [10, 0], [10, 2]]"
f_4035329fbdeb2375d456,"[[1, 0], [1, 1], [1, 2], [1, 5], [2, 0], [2, 1], [2, 2], [2, 5], [3, 0], [3, 1], [3, 2], [3, 5], [4, 0], [4, 1], [4, 2], [4, 5], [5, 0], [5, 1], [5, 2], [5, 5]]"
f_de16ba1e7b33bf545558,"[[5, 0], [5, 1], [6, 0], [6, 1], [7, 0], [7, 1], [8, 0], [8, 1], [9, 0], [9, 1], [10, 0], [10, 1], [11, 0], [11, 1], [12, 0], [12, 1]]"
f_c543012c8878ba4f8539,"[[1, 0], [1, 3], [7, 3]]"
f_57297b176aa55cb08ed0,"[[1, 0], [1, 1], [1, 2], [1, 3], [1, 4], [1, 5], [2, 0], [2, 1], [2, 2], [2, 3], [2, 4]]"
f_5be3caeac78b465ac997,"[[1, 0], [1, 1], [1, 3]]"
f_b79f2a9aa94d05dfa976,"[[1, 2], [1, 3], [2, 2], [2, 3], [3, 2], [3, 3]]"
f_013f3e6ee21c25e88f10,"[[6, 0], [6, 1], [6, 2], [6, 3], [7, 0], [7, 1], [7, 2], [7, 3]]"
f_c5a38af30ec0d023ad6c,"[[6, 0], [7, 0], [7, 1], [7, 2], [8, 0], [9, 0]]"
f_793b0d11ed4e0db39183,"[[5, 2], [5, 3], [15, 2], [15, 3]]"
f_82e3d60092d4f9c24f63,"[[4, 0], [5, 0], [5, 1], [5, 3], [5, 4], [9, 0], [9, 1], [9, 3], [10, 0], [12, 0], [12, 1], [12, 3], [13, 0], [14, 0]]"
f_3c6fe4d1008f6a47f938,"[[1, 0], [1, 2], [1, 3], [1, 4], [2, 0], [2, 2], [2, 3], [2, 4]]"
f_72f4e0580514a66d3002,"[[3, 0], [3, 1], [3, 2], [3, 3]]"
f_738350d95b8401b4f61c,"[[1, 0], [1, 1], [1, 2], [2, 0], [2, 1], [2, 2]]"
f_f19b6d3dfa8e2bd6b582,"[[17, 0], [17, 1], [18, 0], [18, 1], [19, 0], [19, 1], [21, 0], [21, 1], [22, 0], [22, 1], [23, 0], [23, 1], [24, 0], [24, 1], [25, 0], [25, 1], [27, 0], [27, 1], [28, 2]]"
f_998a44347b474675ea68,"[[9, 0], [9, 1], [9, 2], [11, 0], [11, 1], [11, 2], [13, 0], [13, 1], [13, 2]]"
f_6f7132e2b61b23124287,"[[5, 0], [6, 0], [6, 1], [6, 2]]"
f_346ad46f56c5d70a3dd3,"[[11, 0], [12, 0], [13, 0], [13, 1], [13, 3], [13, 4], [13, 5], [14, 0], [14, 1]]"
f_dff4886ad27b34a6247f,"[[1, 1], [1, 2], [1, 4], [2, 1], [2, 2]]"
f_513d91f87c734c9db9d4,"[[1, 1], [1, 2], [1, 4], [1, 5], [2, 1], [2, 2], [2, 4], [2, 5]]"
f_1a5b3f1c9fe8598bf5ec,"[[1, 1], [1, 2], [2, 1], [2, 2], [6, 3]]"
f_6785060ff0a82525bbdd,"[[4, 0], [4, 1], [4, 2], [4, 3], [5, 0], [5, 1], [5, 2], [5, 3]]"
f_a3d37feda3d102c511ad,"[[3, 0], [4, 0], [4, 1], [4, 2], [5, 0]]"
f_4f11fa6d343171116d56,"[[1, 0], [1, 1], [1, 2], [1, 3], [1, 4], [1, 5], [4, 2]]"
f_7a8d7a211a538f65c41c,"[[2, 3], [2, 4], [3, 3], [3, 4]]"
f_fdc8545e78a4c9ca6b93,"[[2, 0], [2, 1], [2, 3], [3, 0], [3, 1], [3, 3]]"
f_59b1b09cd0ab6e358310,"[[7, 1], [7, 2], [8, 0], [8, 1], [8, 2]]"
f_bec091b5573eaa54367c,"[[2, 1], [2, 3], [4, 1], [4, 3]]"
f_d7ea40a538a0a99c12ae,"[[2, 0], [3, 0], [3, 2], [3, 4], [3, 5]]"
f_ba39c8ceaf565eaf3f6c,"[[2, 0], [2, 1], [2, 2], [3, 1], [4, 0], [4, 1], [4, 2], [5, 0], [5, 1], [5, 2]]"
f_1dbf167522466d6d8cb1,"[[1, 3], [1, 4], [2, 3], [2, 4], [3, 3], [3, 4], [4, 3], [4, 4], [5, 3], [5, 4]]"
f_89d65f436f8c1761ee38,"[[25, 0], [25, 2], [25, 3]]"
f_1ca65a7e962e9d75d741,"[[1, 2], [1, 3], [2, 2], [2, 3]]"
f_719e92d5bcc99477a279,"[[10, 1], [10, 2], [10, 3], [13, 0], [13, 1], [13, 2], [13, 3], [14, 0], [14, 1], [14, 2], [14, 3]]"
f_4834c3be295bdcd57bc3,"[[3, 0], [4, 0], [4, 1], [4, 2], [4, 4], [4, 5]]"
f_75f2ea831685f894da8a,"[[3, 1], [3, 2], [5, 0], [5, 1], [5, 2], [6, 0]]"
f_4b370a91fe2b4a23b1fe,"[[4, 0], [4, 1], [4, 2], [4, 5], [6, 0], [6, 1], [6, 5]]"
f_fa033e6522bfc2783d50,"[[1, 2], [3, 0], [3, 1], [3, 2], [3, 3]]"
f_2c968b5e335a5b2cd1fc,"[[1, 0], [1, 1], [2, 0], [2, 1], [3, 0], [3, 1], [3, 3], [4, 0], [4, 1], [4, 3], [5, 0], [5, 1], [5, 3], [6, 0], [6, 1], [7, 0], [7, 1], [7, 3], [8, 0], [8, 1], [8, 3], [9, 0], [9, 1], [9, 3], [10, 0], [11, 0], [11, 1], [11, 2], [11, 3]]"
f_6dd6eb51568389c439a8,"[[1, 0], [1, 1], [1, 2], [4, 0], [4, 1]]"
f_46c6ff39541a4ac1ebd9,"[[5, 0], [5, 1], [5, 2], [7, 0], [8, 0], [8, 1], [8, 4], [9, 0], [9, 1]]"
f_db0f09625fded58a5c99,"[[2, 0], [2, 7], [11, 0], [11, 7], [18, 7]]"
f_8544fa7b462ae128ad9d,"[[1, 15], [1, 16], [2, 15], [2, 16]]"
f_3f02bd01e126569de858,"[[14, 0], [14, 1], [14, 2], [14, 3], [22, 0], [22, 1], [22, 2], [22, 3], [23, 0]]"
f_25ff4c021d04296f6c36,"[[6, 0], [7, 0], [7, 1], [7, 4], [8, 0], [8, 1], [8, 4]]"
f_55dc1b908d3f24d945ce,"[[2, 0], [3, 0], [4, 0], [5, 0], [6, 0], [7, 0], [8, 0], [9, 0], [10, 0], [11, 0], [12, 0], [13, 0], [14, 0]]"
f_e96e4c4c108fd24ca13b,"[[2, 0], [2, 1], [2, 2], [3, 0], [3, 1], [3, 2]]"
f_bd441cf9d836e5962b51,"[[1, 3], [2, 0], [2, 3], [3, 0], [3, 1], [3, 2], [3, 3], [3, 4]]"
f_105464b123b6e4e79419,"[[2, 0], [3, 0], [4, 0], [5, 0], [5, 1], [5, 3], [5, 4]]"
f_2fb8f160d8a01ee5f194,"[[2, 1], [2, 2], [2, 3], [3, 1], [3, 2], [3, 3]]"
f_94bdc5562f1453c86f68,"[[6, 0], [6, 1], [6, 2], [6, 3], [6, 4], [6, 5], [8, 0], [8, 4], [12, 0], [12, 4], [14, 2]]"
f_4e5842ceb9a62b1e42bb,"[[3, 0], [3, 1], [3, 3], [4, 0], [4, 1], [4, 3]]"
f_8114330fb15628fe6163,"[[1, 0], [1, 5], [2, 5]]"
f_6c6e6cf50cb5b1992efe,"[[1, 1], [1, 2], [2, 0], [2, 1], [2, 2]]"
f_1905e395987cc9642b2c,"[[8, 0], [8, 7], [8, 8], [10, 0], [10, 7], [10, 8]]"
f_16bc9b9c168da737d00f,"[[1, 1], [2, 0], [2, 1], [2, 3], [2, 4], [3, 0], [4, 0]]"
f_2e9ea9918533562d43bf,"[[1, 2], [2, 0], [2, 1], [2, 2], [2, 3], [3, 0], [3, 1], [3, 2], [3, 3], [4, 2]]"
f_9378fda6b38d2875dd66,"[[2, 0], [2, 5], [7, 5]]"
f_b0a1ea9ac8350462c034,"[[2, 0], [2, 1], [3, 0], [3, 1], [4, 0], [4, 1], [5, 0], [5, 1]]"
f_6891e7ea54934e0c90c8,"[[6, 0], [6, 2], [9, 0], [9, 2], [10, 0], [10, 2], [10, 3], [10, 4]]"
f_a2f3582a67e055e8ffa1,"[[1, 0], [1, 2], [1, 5], [2, 2], [3, 2]]"
f_7e5218aef84663f2ead5,"[[1, 2], [1, 3], [2, 2], [2, 3]]"
f_cd86c647f8bc1ae4c2de,"[[3, 1], [3, 2], [3, 3], [3, 4], [4, 1], [4, 2], [4, 3], [4, 4], [5, 1], [5, 2], [5, 3], [5, 4]]"
f_409c17184258a0ac066a,"[[1, 0], [1, 3], [5, 3]]"
f_f1a4d153adf05a1d1b26,"[[1, 0], [2, 0], [2, 1], [2, 2], [3, 0]]"
f_341825ee1849d5d87828,"[[18, 0], [19, 0], [19, 1], [19, 2], [19, 3], [20, 0]]"
f_dc057b83b6b68da694b6,"[[8, 0], [8, 1], [8, 14], [9, 0], [9, 1], [9, 14], [10, 0], [10, 1], [10, 14]]"
f_f283ca408abffeb4b695,"[[1, 0], [1, 1], [1, 2], [1, 3], [1, 4], [2, 0], [2, 1], [2, 2], [2, 3], [2, 4]]"
f_a1341234139c842fe1b4,"[[2, 0], [2, 1], [2, 2], [2, 13], [3, 0], [3, 1], [3, 2], [3, 13], [4, 13], [5, 13]]"
f_596af9bbf3e5b47a2d79,"[[5, 3], [6, 3], [7, 3], [8, 1], [8, 2], [8, 3], [9, 3]]"
f_a1cf65219ec1ea691fed,"[[15, 1], [15, 2], [15, 3], [15, 4]]"
f_5e4b564b62e8f75e3d4e,"[[6, 2], [6, 3], [6, 4], [8, 2], [8, 3], [8, 4]]"
f_5878a852280d63be78ea,"[[10, 0], [10, 1], [10, 2], [11, 0], [11, 1], [11, 2], [12, 0], [12, 1], [12, 2]]"
f_241db00600ecc1a0397a,"[[2, 0], [3, 0], [4, 0], [4, 1], [5, 0], [6, 0], [6, 1], [6, 2], [7, 0], [7, 1], [7, 2], [8, 0], [8, 1], [8, 2], [9, 0]]"
f_5fd689a47f3a5c5e9dcb,"[[1, 1], [2, 1], [3, 1], [3, 2], [3, 3], [3, 4]]"
f_1dd5a3c29223f1054c67,"[[3, 3], [3, 4], [5, 2], [5, 3], [5, 4]]"
f_505b533e832733b715c6,"[[1, 1], [1, 2], [2, 1], [2, 2], [7, 3]]"
f_d6fb6edeb16cc47ef876,"[[2, 0], [3, 0], [3, 1], [3, 3], [3, 5], [4, 0]]"
f_6ce483c1f574c6e5c369,"[[7, 1], [7, 2], [8, 1], [8, 2]]"
f_89c203e8c6066afa8d29,"[[11, 0], [12, 0], [13, 0], [14, 0], [14, 1], [14, 2], [15, 0], [16, 0]]"
f_bc6af0330662166bad9e,"[[10, 0], [11, 0], [11, 1], [11, 2]]"
f_49e7d07099aacd203097,"[[4, 0], [5, 0], [5, 1], [5, 2], [5, 3], [5, 4]]"
f_a68d65e4087fdb18f940,"[[1, 0], [1, 1], [1, 2], [1, 3], [1, 4], [1, 5], [11, 0], [11, 1], [11, 3], [11, 4], [12, 0], [12, 1], [13, 0], [14, 0], [15, 0]]"
f_4ea461c61640f0a3b51a,"[[2, 7], [3, 0], [3, 1], [3, 7], [4, 0], [4, 1], [4, 7], [5, 0], [5, 1], [5, 7]]"
f_f339579f6cd5823d0311,"[[1, 0], [1, 1], [1, 2], [1, 3], [1, 4], [7, 0], [7, 1], [7, 2], [7, 4]]"
f_c470208925a2a990e4c7,"[[2, 0], [2, 1], [3, 0], [3, 1], [4, 0], [4, 1], [4, 3], [4, 4], [11, 0], [11, 1], [12, 0], [12, 1], [13, 0], [13, 1], [13, 3], [13, 4], [20, 0], [20, 1], [21, 0], [21, 1], [21, 3], [21, 4]]"
f_db7e970be3912a523978,"[[4, 0], [4, 1], [6, 0], [6, 1]]"
f_6a9a1b53d77f39beb5a6,"[[1, 1], [1, 2], [1, 3], [2, 1], [2, 2], [2, 3]]"
f_52b7ddaae5e318065caf,"[[1, 0], [2, 0], [3, 0], [4, 0], [5, 0], [5, 1], [5, 3], [5, 4], [6, 0], [6, 1], [6, 3], [6, 4]]"
f_eec8324fdb475954979d,"[[5, 0], [5, 1], [5, 2], [9, 0], [9, 1], [9, 2]]"
f_3ed098f23a959a40c150,"[[1, 1], [1, 4], [2, 1], [2, 4], [2, 7], [3, 1], [3, 4]]"
f_8853027441781ad2ee29,"[[1, 1], [6, 1], [6, 2], [6, 3], [8, 1], [8, 2], [8, 3]]"
f_572aeaf4d33f24cd26a5,"[[1, 0], [1, 3], [9, 0], [9, 3], [12, 3]]"
f_3a05058e3ba0cb786ef3,"[[6, 0], [6, 1], [7, 0], [7, 1], [8, 0], [8, 1], [9, 0], [9, 1]]"
f_e8e88fb93961e6036146,"[[15, 0], [15, 1], [15, 2], [15, 3], [16, 0], [16, 1], [16, 2], [16, 3]]"
f_479fcb943c666058cc06,"[[2, 0], [2, 1], [2, 2], [2, 3]]"
f_0fe8d1d1754f0921fb78,"[[7, 0], [7, 3], [8, 0], [8, 3]]"
f_fde0bd0e599e5bc2f104,"[[4, 1], [6, 0], [6, 1], [6, 2], [9, 0], [9, 1], [9, 2], [10, 1], [10, 2], [11, 1], [11, 2]]"
f_ee2ed3b5beed1f9c8876,"[[2, 0], [3, 0], [3, 1], [3, 2]]"
f_3a098b496f153c983743,"[[1, 0], [1, 1], [1, 5]]"
f_7b795854d0bd7151ec2a,"[[4, 0], [4, 1], [4, 2], [4, 3], [5, 0], [5, 1], [5, 2], [5, 3]]"
f_816f6c8ba23a0418a093,"[[4, 0], [4, 1], [4, 2], [4, 3], [19, 1], [19, 2], [19, 3]]"
f_ef1551b79305dac07b08,"[[12, 1], [13, 1], [14, 1], [15, 0], [15, 1], [15, 2], [15, 3], [15, 4]]"
f_a81994024a142c32a631,"[[7, 0], [8, 0], [9, 0], [9, 1], [9, 3]]"
f_cf780a46560e9d66cf43,"[[1, 2], [1, 3], [1, 4], [1, 5], [3, 2], [3, 3], [3, 4], [3, 5]]"
f_df6ed96089b9ee61cc37,"[[6, 2], [8, 0], [8, 1], [8, 2], [9, 0], [9, 2], [10, 0], [10, 2], [11, 0], [11, 2], [12, 0], [12, 2], [16, 1], [16, 2], [16, 3], [16, 4]]"
f_c405a50400a3d0a0485f,"[[14, 0], [15, 0], [15, 1], [15, 2], [15, 5], [16, 0]]"
f_47a0686d01201224a104,"[[2, 0], [2, 1], [2, 2], [3, 0], [3, 1], [3, 2], [4, 0], [4, 1], [4, 2], [5, 0], [5, 1], [5, 2], [6, 0], [6, 1], [6, 2], [7, 0], [7, 1], [7, 2], [8, 0], [8, 1], [8, 2], [9, 0], [9, 1], [9, 2], [10, 0], [10, 1], [10, 2], [11, 0], [11, 2], [13, 0], [13, 1], [13, 2]]"
f_86e18fcfdc5cb4e374c2,"[[5, 0], [5, 5], [6, 0], [6, 5]]"
f_35698fd2f96f89374856,"[[4, 0], [5, 0], [6, 0], [6, 1], [6, 2], [7, 0]]"
f_8e6fa08633aed524e4ef,"[[23, 0], [23, 1], [23, 4], [23, 5], [24, 0], [24, 4], [24, 5]]"
f_cd84853497aedd69447e,"[[3, 0], [4, 0], [4, 1], [4, 3], [4, 4], [5, 0]]"
f_e648e931bf65e04b2cf9,"[[2, 0], [3, 0], [4, 0], [5, 0], [6, 0], [7, 0], [8, 0], [9, 0], [10, 0], [11, 0], [12, 0], [12, 1], [12, 2]]"
f_b354cc40cd1553db3121,"[[1, 0], [1, 1], [1, 2], [2, 0], [2, 1], [2, 2]]"
f_86caab8a74f4120096bf,"[[3, 0], [3, 1], [3, 3], [7, 1], [7, 3], [8, 1]]"
f_9b50c64ea78f36fa9a61,"[[17, 0], [17, 2], [17, 3], [17, 4]]"
f_9aaa4ea07fc04b9b59a3,"[[4, 0], [4, 1], [4, 2], [5, 0], [5, 1], [5, 2], [6, 0]]"
f_d39a706df4336f6527dd,"[[4, 0], [5, 0], [5, 1], [5, 2]]"
f_f38fecf4692efbdc05f8,"[[19, 2], [19, 3]]"
f_50af5f715c1615a3100b,"[[1, 0], [1, 1], [2, 0], [2, 1]]"
f_492ca73fe2a9abcc2aa1,"[[14, 0], [14, 1], [14, 2], [15, 0], [15, 1], [15, 2]]"
f_0d7695ffba1ae9aee767,"[[1, 0], [1, 1], [2, 1]]"
f_a956d12f36560dd3a7be,"[[1, 1], [1, 2]]"
f_0c67a9881c99555b9fe6,"[[3, 2], [4, 2], [5, 0], [5, 1], [5, 2], [5, 3], [5, 4], [6, 0], [6, 1], [6, 2], [7, 0], [7, 1], [7, 2], [8, 1], [8, 2]]"
f_f9c46c387e1d65137a42,"[[19, 0], [20, 0], [21, 0], [21, 1], [21, 3], [22, 0], [22, 3], [23, 0]]"
f_67e747bfce0dd1c3d80b,"[[7, 0], [7, 1], [8, 0], [8, 1], [25, 0], [25, 1], [25, 2], [26, 0], [26, 1], [26, 2]]"
f_16c76558b4e994fa487a,"[[1, 0], [1, 1], [1, 2], [1, 3], [2, 0], [2, 1], [2, 2], [2, 3]]"
f_09f7f77eba162ac9e50b,"[[1, 1], [6, 3]]"
f_89ee908e5472c0fc4315,"[[6, 0], [6, 1], [6, 2], [9, 0], [9, 1], [9, 2]]"
f_f5c4f6cfb0e3c585c42e,"[[2, 0], [3, 0], [4, 0], [5, 0], [5, 5], [6, 0], [6, 5], [7, 0], [7, 5], [8, 0], [8, 5], [9, 0], [10, 0], [10, 1], [10, 2]]"
f_ce7ea84d23ddae02959a,"[[0, 4], [13, 1], [13, 2], [13, 4]]"
f_521b422bbccf57a5c0bd,"[[2, 0], [2, 1], [2, 2], [2, 3], [3, 0], [3, 1], [3, 2], [3, 3], [4, 0], [4, 1], [4, 2], [4, 3], [5, 0], [6, 0], [7, 0], [8, 0], [8, 1], [8, 2], [8, 3], [9, 0]]"
f_0516aef4cf512bd42f09,"[[1, 1], [1, 2], [1, 3], [1, 4], [2, 1], [2, 2], [2, 3], [8, 3]]"
f_764f6f6b9cfd2ed5921d,"[[2, 0], [2, 2], [3, 0], [3, 1], [3, 2]]"
f_da132202bebcd90c9ead,"[[1, 0], [1, 1], [1, 2], [2, 0], [2, 1], [2, 2], [3, 0], [3, 1], [3, 2]]"
f_0ee5a565c8e3b7170285,"[[2, 1], [3, 1], [4, 1]]"
f_86b4949ac3f78600609b,"[[6, 0], [6, 1], [6, 2], [6, 3], [7, 0], [7, 1], [7, 2], [7, 3]]"
f_a39813354cbb8692718b,"[[5, 0], [5, 1], [5, 2], [6, 0], [6, 1], [6, 2]]"
f_7f62e5924be8ace16f86,"[[4, 0], [4, 3], [9, 0], [9, 3]]"
f_1b16eeb545bec8611c5a,"[[1, 0], [1, 4], [4, 0], [4, 4]]"
f_ffc6486c6aa10805c988,"[[1, 0], [1, 1], [1, 2], [7, 2], [8, 2], [9, 2], [10, 2], [11, 2], [12, 2], [13, 2], [14, 0], [14, 1], [14, 2]]"
f_493945fc614f0b512a34,"[[1, 0], [1, 2], [1, 3], [1, 4], [2, 1], [2, 2], [2, 3], [2, 4]]"
f_97dc014e0f84cf05d2ff,"[[1, 1], [1, 2], [2, 2], [6, 3]]"
f_b457f804b00c4f3cd01c,"[[10, 0], [10, 1], [10, 3], [11, 0], [11, 1], [11, 3]]"
f_c1c21cb525db8421afa2,"[[1, 0], [1, 1], [2, 0], [2, 1], [3, 0], [3, 1], [4, 0], [4, 1], [5, 0], [5, 1], [6, 0], [6, 1], [7, 1]]"
f_037a1ffbb747765cf976,"[[2, 0], [2, 2], [4, 0], [4, 2], [5, 0], [5, 2], [8, 0], [8, 2], [11, 0], [11, 2], [12, 0], [12, 2], [13, 0], [13, 2], [16, 0], [16, 2], [27, 0], [27, 2], [28, 0], [28, 2]]"
f_aef49f7c6536eefc1dda,"[[8, 0], [8, 1], [8, 2], [8, 3], [8, 5]]"
f_24e67ae1138dbd340a61,"[[1, 1], [1, 2], [1, 3], [4, 1], [4, 2], [4, 3], [5, 1], [5, 2], [5, 3]]"
f_8f495ad2c9fbc7f7e6bc,"[[25, 3], [26, 3], [27, 0], [27, 1], [27, 3]]"
f_b25a796e9ea966768c2e,"[[4, 0], [5, 0], [5, 6], [5, 7]]"
f_a18bc4f46573a775ddd7,"[[1, 2], [2, 0], [2, 2], [2, 3], [2, 4], [3, 2], [4, 2], [5, 2], [6, 2]]"
f_110514f6afd54dd226fb,"[[1, 1], [1, 3], [1, 5], [2, 1], [2, 3], [2, 5]]"
f_c458cb1a0c5c90009c51,"[[20, 0], [20, 2], [20, 3], [21, 0], [22, 0], [23, 0], [24, 0], [24, 2], [24, 3], [25, 0], [26, 0], [27, 0], [28, 0]]"
f_efa1bddb09fe942d1901,"[[1, 0], [1, 1], [1, 3], [1, 4]]"
f_7948a6cc8c02b4e97fae,"[[1, 2], [1, 3], [1, 4], [2, 2], [2, 3], [2, 4]]"
f_f63fe65515ab299a7a13,"[[1, 1], [2, 0], [2, 1]]"
f_fb7ab74edb31ffa5b784,"[[1, 1], [1, 2], [16, 0], [16, 1], [16, 2]]"
f_328f02030385801ecfa5,"[[1, 2], [1, 3], [1, 4], [2, 2], [2, 3], [2, 4]]"
f_19a45c551e4f74110e7f,"[[2, 6], [6, 6], [8, 6]]"
f_39a86ca7c26e3311584d,"[[1, 2], [4, 0], [4, 1], [4, 2]]"
f_ee981b2998dcb9e7d23b,"[[1, 1], [1, 2], [1, 3], [2, 1], [2, 2], [2, 3], [4, 1], [4, 2], [4, 3], [5, 1], [5, 2], [5, 3], [13, 1], [13, 2], [13, 3]]"
f_4a92a3083385c39cafbf,"[[5, 0], [6, 0], [6, 1], [6, 2], [6, 4], [7, 0]]"
f_ab2323d45fe117188f41,"[[3, 3], [3, 4], [4, 3], [4, 4]]"
f_ae2bee4ae28bbd5cf8cb,"[[10, 0], [11, 0], [11, 1], [11, 5]]"
f_8e2fb57a8f5f3d3f8da3,"[[1, 0], [1, 1], [1, 2], [2, 0], [2, 1], [2, 2]]"
f_0611f3bc1daf4809e6fd,"[[1, 1], [1, 2], [1, 4], [2, 1], [2, 2], [2, 4]]"
f_8bf09e281a721d251c2c,"[[1, 0], [1, 1], [1, 2], [1, 3], [2, 2], [2, 3], [3, 1], [9, 0], [9, 2], [9, 3]]"
f_f2576ccfe1be53cc6d3c,"[[1, 5], [2, 5], [3, 0], [3, 3], [3, 5], [3, 6], [4, 5], [4, 6], [5, 5], [5, 6]]"
f_51cbbb38945a5a4cc384,"[[2, 0], [2, 2], [3, 0], [3, 2], [4, 0], [4, 2], [5, 0], [5, 1], [5, 2]]"
f_ba9f45851857162fadce,"[[1, 2], [5, 2]]"
f_2b8c35240149cc4a1546,"[[13, 0], [13, 1], [13, 3], [13, 4], [14, 0], [14, 1], [14, 3], [14, 4], [15, 0]]"
f_d2127065b5fb143f0a03,"[[3, 0], [3, 1], [3, 2], [3, 3], [3, 4], [6, 0], [6, 1], [6, 2], [6, 3], [6, 4]]"
f_f9925fd3e1573ce449fb,"[[1, 1], [1, 2], [1, 3], [2, 0], [2, 1], [3, 0], [3, 1], [3, 2], [3, 3], [4, 0], [5, 0], [6, 0], [7, 0]]"
f_9b91510785e944dc388b,"[[2, 0], [2, 1], [2, 2]]"
f_f19b4fe0fcb58b9e862c,"[[6, 1], [6, 2], [6, 3], [7, 1], [7, 2], [7, 3], [8, 1], [12, 1], [12, 2], [12, 3], [13, 1], [13, 2], [13, 3]]"
f_4fb07c14da8f0f2bf4be,"[[1, 1], [2, 1], [2, 2], [2, 3]]"
f_de9f0a8cea0e8ed9623f,"[[1, 0], [1, 1], [1, 2], [2, 0], [2, 1], [2, 2]]"
f_1e281d2735695847abc2,"[[9, 0], [9, 2], [9, 3], [9, 4], [9, 6], [24, 0], [25, 0], [26, 0], [26, 2], [26, 3], [26, 4], [26, 6]]"
f_e1275bea0b229d3ced02,"[[14, 0], [14, 1], [14, 2], [14, 3], [14, 4], [14, 5], [17, 4], [18, 4], [19, 4], [24, 4], [25, 2]]"
f_5cd16f260742ae393238,"[[1, 2], [1, 3], [2, 2], [2, 3]]"
f_02da85648bade0bdcc55,"[[1, 1], [1, 5], [3, 5], [5, 5]]"
f_88ca693b699a83b4fdbf,"[[0, 0], [0, 1], [0, 2], [0, 3], [1, 4]]"
f_177b53ad14621f5ccfc8,"[[1, 0], [1, 1], [1, 3], [1, 4], [3, 0], [3, 1], [3, 3], [3, 4]]"
f_5911ca4f806b4828bb40,"[[22, 1], [22, 2], [23, 1], [23, 2], [25, 0], [25, 1], [25, 2]]"
f_2854359d9bd76415b8df,"[[1, 1], [1, 2], [1, 4], [2, 1], [2, 2], [2, 4], [3, 1], [3, 4]]"
f_c315e199733f71348967,"[[1, 0], [1, 1], [1, 3], [2, 0], [2, 1], [2, 3], [3, 3], [4, 3], [5, 0], [5, 1], [6, 0], [6, 1], [6, 3], [7, 0], [7, 1], [7, 3], [8, 0], [8, 1], [8, 3], [9, 0], [9, 1], [9, 3], [10, 0], [10, 1], [10, 3], [11, 0], [11, 1], [11, 3], [12, 0], [12, 1], [12, 3], [13, 0], [13, 1], [13, 3], [14, 0], [14, 1], [14, 3], [15, 0], [15, 1], [15, 3], [16, 0], [16, 1], [16, 3]]"
f_e65934fe62374a0f0c66,"[[1, 3], [2, 0], [2, 1], [2, 3]]"
f_a66e36e1bce35037a24e,"[[1, 0], [1, 1], [1, 3], [1, 4], [1, 5], [1, 6]]"
f_1baa1620db68aa4c0b59,"[[5, 0], [5, 1], [6, 0], [7, 0], [7, 1]]"
f_16620c19c14c1de67921,"[[2, 0], [2, 1], [2, 2], [5, 0], [5, 1], [5, 2]]"
f_dbb74ed70452d4ac225f,"[[5, 1], [5, 2], [5, 3], [5, 4], [8, 1], [8, 2], [8, 3], [8, 4], [11, 1], [11, 2], [11, 3], [11, 4]]"
f_9f030782efc1449c83d6,"[[12, 10], [13, 1], [13, 2], [14, 2]]"
f_4489cca189713c32d3f2,"[[6, 0], [6, 4], [7, 0], [7, 1], [7, 2], [7, 3], [7, 4]]"
f_9de9347b83a85bc90650,"[[1, 0], [1, 1], [1, 2], [1, 3], [2, 2], [2, 3]]"
f_53d351785d2476a35d3b,"[[5, 1], [5, 4], [6, 1], [6, 4]]"
f_3707ca5e32fd55c4a2b3,"[[4, 0], [4, 1], [5, 0], [5, 1]]"
f_33116702359bff66976f,"[[2, 0], [2, 1], [2, 2], [3, 0], [3, 1], [3, 2]]"
f_8751cc3162f62343936d,"[[11, 0], [12, 0], [12, 1], [12, 2], [12, 3]]"
f_9fd4d1f5315952a0339b,"[[3, 0], [3, 1], [3, 3], [3, 4]]"
f_e81b8f55740c05627a76,"[[1, 0], [1, 3], [2, 0], [2, 3]]"
f_59df39e17b3001199cc8,"[[6, 0], [6, 1], [6, 3], [6, 4], [7, 0], [7, 1], [7, 3], [7, 4], [18, 0], [18, 1], [18, 3], [18, 4]]"
f_23b7c40c894998c15784,"[[11, 0], [11, 1], [11, 2], [11, 3], [12, 0], [12, 1], [12, 2], [12, 3]]"
f_7294ae820bcfcadef0f8,"[[13, 1], [13, 2], [13, 3], [23, 1], [23, 2], [23, 3], [24, 1], [24, 2], [24, 3]]"
f_995c72fbb3619ca6c8ef,"[[1, 0], [1, 1], [1, 2], [1, 3], [1, 4], [1, 5], [19, 2]]"
f_86bb2e7b636235cefecd,"[[2, 0], [2, 3], [3, 0], [3, 3]]"
f_c8601af6f1a3b9e1cc42,"[[1, 0], [1, 1], [1, 2], [1, 3], [2, 1], [2, 2], [3, 0], [3, 1], [3, 2]]"
f_bfa181e5d0bfd40c59cf,"[[8, 4], [14, 0], [15, 0], [15, 1], [15, 2], [15, 4], [16, 0], [16, 1], [16, 3]]"
f_a73ea37c6f2e06d0a8c5,"[[3, 0], [3, 1], [3, 2], [4, 1], [4, 2], [13, 1], [13, 2]]"
f_926c6120a64930b1c11a,"[[9, 0], [9, 1], [9, 3], [9, 4], [10, 0], [10, 1], [10, 3], [10, 4]]"
f_5b03875ab0f87e48678f,"[[1, 1], [1, 2], [1, 4], [2, 1], [2, 2], [2, 4]]"
f_3702a0398b6b3f6851a8,"[[11, 1], [12, 1], [13, 1], [14, 1], [15, 0], [15, 1], [15, 2], [16, 1], [16, 2], [17, 1], [17, 2], [18, 1], [18, 2]]"
f_5efe34221f3e715ebe87,"[[4, 0], [5, 0], [6, 0], [6, 1], [7, 0], [7, 1], [8, 0], [8, 1], [9, 0], [9, 1], [10, 0], [10, 1], [10, 2], [10, 3], [10, 4]]"
f_9179ea7db70da4007701,"[[8, 0], [8, 1], [8, 2], [8, 4], [9, 0], [9, 1], [9, 2], [9, 4]]"
f_e087e67bf459cfc48e7a,"[[1, 3], [2, 3], [3, 3], [4, 3], [5, 3], [6, 3], [7, 3], [8, 3], [9, 3], [10, 3], [11, 3], [12, 3], [13, 3], [14, 3], [15, 3], [16, 3], [17, 3], [18, 3], [19, 3], [20, 3], [21, 3], [22, 0], [23, 0], [23, 3], [23, 4], [24, 0], [24, 3], [24, 4], [25, 2], [25, 3]]"
f_b3600b88601293fbf67b,"[[8, 0], [9, 0], [10, 0], [11, 0], [12, 0], [13, 0], [13, 1], [13, 13]]"
f_7f4d1c2c4bae64b33367,"[[2, 1], [2, 2], [2, 3], [3, 1], [3, 2], [3, 3], [4, 1], [4, 2], [4, 3], [5, 1], [5, 2], [5, 3], [6, 1], [6, 2], [6, 3], [8, 1], [8, 2], [8, 3], [8, 4], [9, 1], [9, 2], [9, 3], [9, 4]]"
f_9c1815ac8c8bafd93210,"[[3, 0], [3, 1], [3, 2], [4, 0], [4, 1], [4, 2], [5, 0], [5, 1], [5, 2], [6, 0], [6, 1], [6, 2], [7, 0], [7, 1], [7, 2], [8, 0], [8, 1], [8, 2], [9, 0], [9, 1], [9, 2], [10, 1], [10, 2], [11, 1], [11, 2], [12, 1], [12, 2], [13, 1], [13, 2], [14, 1], [14, 2]]"
f_096adb75198846cb86fd,"[[10, 0], [10, 1], [10, 2], [10, 3], [10, 4], [11, 0], [11, 1], [12, 0], [12, 1], [12, 2], [12, 3], [12, 4]]"
f_00566be872885d5fd86b,"[[1, 0], [1, 3], [26, 3]]"
f_8f87445149b48b22d0a4,"[[3, 0], [3, 1], [3, 2], [3, 3], [3, 4], [4, 0], [4, 1], [4, 2], [4, 3], [4, 4], [20, 0], [20, 1], [20, 3], [20, 4], [21, 0], [22, 0]]"
f_0a15d08fe54468520b07,"[[1, 0], [1, 5]]"
f_1ef84534685590c83c03,"[[14, 0], [14, 1], [15, 0], [15, 1]]"
f_804ef4de270fd511dc36,"[[1, 2], [1, 3], [1, 4], [2, 2], [2, 4]]"
f_f4c0e05acb281adb01c8,"[[1, 0], [2, 0], [2, 1], [2, 3]]"
f_e5190a3a43e326218477,"[[6, 0], [6, 1], [6, 3], [6, 4], [6, 6], [11, 0], [11, 1], [11, 3], [11, 4], [11, 6], [13, 0], [13, 1], [13, 3], [13, 4], [13, 6]]"
f_9058978d7909ba0f7a97,"[[1, 0], [1, 1], [2, 0], [2, 1], [2, 3], [2, 4]]"
f_4ab19ce3eb13e42c0649,"[[2, 0], [2, 3], [6, 3]]"
f_0991b45dd2dfefd6df9e,"[[2, 0], [3, 0], [3, 1], [3, 2], [4, 0], [5, 0]]"
f_99d90187247c92108861,"[[1, 2], [1, 4], [2, 2], [2, 4]]"
f_2793728ed79725ad5493,"[[0, 2], [0, 4]]"
f_28b40209ad255e6a13d9,"[[1, 3], [2, 0], [2, 1], [2, 2], [2, 3], [2, 4]]"
f_cde5d9d58aa3dc90199a,"[[1, 1], [1, 3], [1, 4], [2, 1], [2, 4]]"
f_ed3d8740aaf1bde60f38,"[[8, 0], [8, 1], [8, 2], [8, 3], [9, 0]]"
f_24aa5d41032a866a12f7,"[[1, 3], [2, 3], [3, 3], [4, 3], [5, 3], [6, 3], [7, 3], [8, 3], [9, 3], [10, 3], [11, 3], [12, 0], [12, 1], [12, 2], [12, 3], [13, 3], [14, 3], [15, 3], [16, 3], [17, 3], [18, 3]]"
f_55a46102a267e87666ac,"[[1, 0], [2, 0], [3, 0], [4, 0], [5, 0], [6, 0]]"
f_e8e6ab52d6a8241411ea,"[[0, 2], [0, 3], [0, 4], [0, 5], [2, 0], [2, 1], [2, 2], [2, 4]]"
f_11bf51aeb2c5674aa86c,"[[4, 0], [5, 0], [5, 1], [5, 3], [6, 0]]"
f_8246c8b68f6a2814f895,"[[1, 0], [1, 1], [1, 2], [1, 3], [2, 0], [2, 1], [2, 2], [2, 3]]"
f_0ec5bbb5431e1dedb225,"[[8, 0], [8, 1], [8, 2], [8, 7], [9, 0], [9, 7], [10, 0], [10, 1], [10, 2], [10, 7], [11, 7], [12, 7]]"
f_57035cf81c39cfd8f270,"[[4, 1], [5, 1], [5, 2], [6, 1]]"
f_a62392effad31bbae2d8,"[[3, 0], [4, 0], [4, 1], [5, 0], [6, 0]]"
f_e80b86110d9473b5cf8d,"[[15, 0], [15, 3], [16, 0], [16, 3]]"
f_385cacfad5f2b635b977,"[[2, 0], [2, 4], [2, 5], [20, 4], [20, 5]]"
f_a2c51ef9cd418f179650,"[[19, 0], [20, 0], [21, 0], [22, 0], [23, 0], [24, 0], [24, 1], [24, 4], [25, 0], [25, 1]]"
f_6d82776a87696314ad4e,"[[2, 1], [3, 1], [5, 1], [6, 1], [8, 1], [8, 2], [8, 3]]"
f_cb182d8d44acfa9fa04d,"[[3, 1], [3, 2], [4, 0], [4, 1], [4, 2], [5, 0], [5, 1]]"
f_cc6ffbe8e48846861cf6,"[[1, 0], [1, 1], [1, 2], [2, 2], [3, 2], [5, 0], [5, 1], [5, 2]]"
f_a09615ccad333d623258,"[[1, 2], [1, 3], [1, 4], [19, 2], [19, 3], [19, 4]]"
f_6008b4cbd0226b9dfbdf,"[[2, 0], [2, 1], [2, 2], [3, 0], [3, 1], [3, 2], [4, 0], [4, 1], [4, 2]]"
f_609e8ddb2ec315d0c21e,"[[6, 0], [6, 1], [6, 3]]"
f_6750b5e4b2bf26bfc4bd,"[[1, 0], [2, 0], [2, 1], [2, 2], [4, 0], [4, 1], [4, 2]]"
f_b1f1ca86757bc391d852,"[[3, 0], [3, 1], [3, 2], [3, 3], [4, 0], [4, 1], [4, 2], [4, 3], [5, 0], [5, 1], [5, 2], [5, 3], [6, 0], [6, 1], [6, 2], [6, 3], [7, 0], [7, 1], [7, 2]]"
f_512cca2b9bca7a722210,"[[1, 4], [1, 5], [2, 4], [3, 4], [4, 4], [5, 4], [6, 4], [7, 4], [8, 4], [9, 4], [10, 4], [11, 4], [12, 4], [12, 5]]"
f_90503bd4d35041d4ee5b,"[[2, 3], [2, 4], [3, 0], [3, 1], [3, 3], [3, 4], [3, 5], [4, 1], [4, 2], [4, 4]]"
f_ad4e397eabe313903d93,"[[1, 0], [1, 1], [1, 2], [2, 0], [2, 1], [2, 2], [3, 0], [3, 1], [3, 2], [6, 1], [6, 2]]"
f_375dc055016770de5b99,"[[3, 1], [4, 1], [4, 2], [4, 3]]"
f_86536e56825d8d180de8,"[[6, 0], [7, 0], [8, 0], [9, 0], [10, 0], [10, 3], [11, 0]]"
f_06ddb78c8b7c42135eb0,"[[7, 0], [7, 1], [7, 2], [7, 3]]"
f_6801b966790862472e35,"[[3, 0], [3, 3], [3, 4]]"
f_bde8a78b2c59e657b072,"[[1, 0], [1, 1], [1, 2], [1, 3], [8, 2]]"
f_b8691ab400bda173719c,"[[1, 0], [1, 1], [2, 0], [2, 1], [2, 2], [2, 3], [3, 2], [5, 0], [5, 1], [6, 0], [6, 1], [6, 2], [6, 3], [7, 2], [8, 2], [10, 0], [11, 0], [12, 0], [13, 0], [13, 1], [14, 0], [14, 1], [14, 2], [14, 3], [15, 2]]"
f_b95410c21507b70c4375,"[[9, 0], [10, 0], [10, 1], [10, 2], [11, 0]]"
f_88dd2102b9ed7476855e,"[[1, 0], [2, 0], [3, 0]]"
f_4e04c087d3b8564eb880,"[[10, 0], [10, 3], [21, 0], [21, 3], [24, 0], [24, 3]]"
f_81c7ce77acb82d3b437c,"[[12, 0], [13, 0], [13, 1], [14, 0], [14, 1], [14, 3], [14, 4], [18, 0], [19, 0], [19, 1], [20, 0], [20, 1], [20, 3], [20, 4]]"
f_92936299980f3d159e6b,"[[1, 0], [2, 0], [3, 0], [4, 0], [5, 0]]"
f_d982c8367598bd783452,"[[7, 0], [7, 3], [19, 0], [19, 3]]"
f_c92b0d3bad473945f82a,"[[1, 0], [1, 1], [1, 2], [1, 3], [1, 4], [1, 5], [20, 2]]"
f_f85b15eee025bbd462e2,"[[9, 6], [10, 6], [11, 0], [11, 6], [12, 0], [12, 6], [13, 0], [13, 1], [13, 6]]"
f_cadf0683d28c9fe41b39,"[[1, 0], [2, 0], [3, 0]]"
f_1a1fcaffadc9ac7b173a,"[[6, 0], [6, 1], [6, 2]]"
f_ce9086ea50128928cc57,"[[1, 0], [1, 3], [2, 0], [2, 3]]"
f_37adca1c8bb5443154e9,"[[2, 1], [2, 2], [3, 1], [3, 2], [3, 3]]"
f_9f0f22fe1e4d36929bf8,"[[5, 1], [5, 3], [6, 1], [8, 1], [8, 2], [8, 3], [12, 1], [12, 3]]"
f_e6fbb151075e86b64bdd,"[[1, 0], [1, 1], [1, 2], [1, 4], [2, 0], [2, 1], [2, 2], [2, 4]]"
f_ed8dc0e1671ff1dedd5d,"[[5, 0], [5, 2], [7, 0], [7, 2], [9, 0], [9, 1], [9, 2]]"
f_fa56d925106b024ae2d6,"[[1, 0], [1, 1], [2, 0], [3, 0], [4, 0], [5, 0], [6, 0], [7, 0], [8, 0], [9, 0], [10, 0], [11, 0], [12, 0], [13, 0], [14, 0], [15, 0], [15, 2]]"
f_2db18e9eea93ac14d2bf,"[[1, 2], [1, 4], [2, 2]]"
f_7f160d3eb2a06b7e1de0,"[[3, 1], [4, 1], [4, 3], [4, 4], [8, 3]]"
f_d2637da2decb92450fd7,"[[1, 1], [17, 0], [17, 1], [32, 2]]"
f_cde1776ba33659dc08f2,"[[8, 0], [8, 5], [9, 5]]"
f_e61be47644ddd63f8151,"[[4, 0], [5, 0], [6, 0], [7, 0], [7, 1], [7, 3], [7, 5]]"
f_f4c654f35ba8f5d0ab74,"[[2, 0], [3, 0], [4, 0], [4, 1]]"
f_670719af70f419443f80,"[[3, 0], [3, 1], [3, 2], [3, 3], [4, 0], [4, 1], [4, 2], [4, 3], [5, 1]]"
f_2f4a6c6702be61cc60cf,"[[4, 0], [4, 1], [4, 2], [4, 3], [4, 4], [4, 5], [14, 0], [14, 1], [14, 2], [14, 3]]"
f_55dff533d1657cc639d0,"[[12, 2], [13, 2], [14, 0], [14, 2]]"
f_7b175955856b303f51fe,"[[1, 1], [1, 3], [1, 5], [2, 1], [2, 3], [2, 4], [2, 5]]"
f_6f5b6347911f59d9a551,"[[1, 0], [1, 1], [1, 2], [1, 3], [2, 0], [2, 1], [2, 2], [2, 3]]"
f_2bd143ac6b26752453e7,"[[2, 4], [3, 4], [4, 4]]"
f_63adb2a6231c4b04e3d6,"[[1, 0], [2, 0], [3, 0], [4, 0], [5, 0], [6, 0], [7, 0], [8, 0], [9, 0], [9, 1], [9, 2], [9, 4]]"
f_9a7cdde1bcafb742990a,"[[20, 1], [20, 2], [21, 1], [21, 2], [21, 3], [21, 4], [21, 5]]"
f_903a808f6332e4deb176,"[[11, 0], [11, 2], [12, 0], [12, 1], [12, 2], [13, 0], [13, 2], [14, 0], [15, 0], [16, 0]]"
f_bca8c16c73594a70d0a4,"[[1, 0], [1, 4], [2, 0], [2, 4], [3, 0], [3, 4], [4, 0], [4, 4]]"
f_6530844434a92284ab14,"[[14, 0], [14, 1], [14, 2], [14, 3], [14, 4], [14, 5], [15, 0], [15, 1], [15, 2], [15, 3]]"
f_a5029daf7c903b652a3c,"[[5, 0], [5, 1], [5, 2], [5, 3], [5, 4], [6, 0], [6, 1], [6, 2], [6, 3], [6, 4]]"
f_5c5c671146a618540e72,"[[1, 0], [1, 4], [3, 0], [3, 4], [4, 4]]"
f_fe79c35fe57d604cb497,"[[4, 0], [4, 4], [5, 0], [5, 4]]"
f_59d0bd9b735adc87b616,"[[2, 0], [3, 0], [3, 1], [3, 2]]"
f_1d16918095df0adc0a4c,"[[2, 0], [2, 1], [2, 3], [2, 4], [6, 0], [6, 1], [6, 3], [6, 4]]"
f_8d89e9cb58f75054796a,"[[14, 0], [14, 1], [14, 2], [14, 3]]"
f_5a75460283a3a90d5bca,"[[4, 3], [5, 3], [6, 0], [6, 3], [7, 0], [7, 3], [8, 0], [8, 1], [8, 2], [8, 3], [8, 4], [9, 1], [9, 2], [9, 3], [10, 3]]"
f_d287947d6f559b212a4a,"[[15, 0], [15, 1], [19, 0], [19, 1], [23, 0], [23, 1], [23, 2]]"
f_084b3aef790daa858be2,"[[1, 3], [4, 3]]"
f_bb47e7f231093cedc8c3,"[[2, 1], [2, 2], [3, 1], [3, 2], [4, 1], [4, 2], [5, 1], [5, 2], [6, 1], [6, 2]]"
f_a3527b1010a5c7e4e65d,"[[1, 1], [1, 2], [6, 3]]"
f_8b016b2a691b4ce6e79d,"[[2, 0], [2, 1], [2, 2], [2, 3], [2, 4], [2, 5], [4, 0], [4, 2], [4, 3], [4, 4], [4, 5]]"
f_cc67f983f6ccdc20199a,"[[1, 0], [1, 3], [2, 0], [2, 3], [3, 0], [3, 3]]"
f_f056a483f776b8ec0c95,"[[4, 1], [4, 2], [12, 1], [12, 2]]"
f_094387b9cb8ea36c702a,"[[12, 1], [12, 3], [19, 1], [19, 3], [21, 1], [21, 3], [23, 1], [23, 3]]"
f_fc5f6a9d77cf5e7ce439,"[[1, 0], [1, 1], [1, 2], [1, 3], [2, 0], [3, 0], [3, 1], [3, 2], [3, 3]]"
f_bf09ef8267b9cddfd1c3,"[[2, 1], [2, 2], [2, 3], [2, 4], [3, 0], [3, 1], [3, 2], [6, 0], [6, 1], [6, 2], [9, 0], [9, 1], [9, 2], [10, 0], [10, 1], [10, 2]]"
f_7602400432b1d2ca9677,"[[5, 1], [5, 3], [5, 4], [12, 1], [12, 3], [12, 4]]"
f_a032b3e11975d2281c2b,"[[5, 0], [7, 0], [9, 0], [10, 0], [12, 0], [13, 0], [14, 0], [15, 0], [16, 0], [17, 0], [18, 0], [19, 0], [20, 0], [21, 0], [22, 0], [23, 4], [23, 5], [23, 6], [23, 7], [23, 8]]"
f_95d6ea5d0a872a90e87f,"[[4, 0], [4, 1], [4, 2], [5, 0], [5, 1], [5, 2], [6, 0]]"
f_432f27d291329da9b1c1,"[[2, 5], [3, 5], [4, 5], [5, 4], [5, 5]]"
f_ec8df72a76c0c4fe8be4,"[[1, 1], [2, 1], [3, 1]]"
f_1b975aaeab83f5841252,"[[1, 0], [1, 1], [1, 2], [2, 0], [2, 1], [2, 2], [3, 2], [4, 2]]"
f_435a9ee73f76f4f097f5,"[[4, 0], [4, 1], [4, 2], [4, 3]]"
f_be225f106e53fa2292b9,"[[2, 0], [2, 1], [2, 3], [3, 1], [3, 3], [4, 1], [4, 3], [5, 3]]"
f_2c8ac715f5cebf2885d9,"[[5, 0], [9, 0]]"
f_8c3c051957b5cf733afa,"[[9, 0], [9, 1], [10, 0], [10, 1], [10, 2], [12, 1]]"
f_b3aca2b37492b40d94ea,"[[1, 4], [2, 0], [2, 1], [2, 2], [2, 3], [2, 4]]"
f_5aa025b569ad860faa51,"[[1, 2], [5, 2]]"
f_2aa17101ba5a62a70d3d,"[[8, 4], [9, 4], [10, 4], [11, 1], [11, 3], [11, 4]]"
f_fee601ac5ae51c4bc0b6,"[[1, 0], [2, 0], [3, 0], [3, 1], [3, 2], [3, 3], [4, 0], [5, 0]]"
f_d794922ed20ea5431a49,"[[1, 0], [2, 0], [3, 0], [3, 1], [3, 2], [3, 3]]"
f_b10cce529502bd79ecdb,"[[11, 0], [11, 1], [11, 2], [12, 0], [12, 1], [12, 2], [12, 3]]"
f_d9bc5e63f9227ddf9809,"[[1, 0], [1, 1], [1, 2], [2, 0], [2, 1], [2, 2], [3, 0], [4, 0], [4, 1], [4, 2]]"
f_085753152cd23d26a7e7,"[[4, 0], [4, 1], [4, 2], [8, 1], [10, 1], [12, 1]]"
f_e767780ec890bddfdce1,"[[3, 2], [3, 4], [4, 2], [4, 4]]"
f_9cec117856a4fe81ed61,"[[7, 0], [7, 1], [7, 2], [7, 3], [7, 4], [7, 5], [8, 0], [8, 2]]"
f_17caef727b0a37981378,"[[11, 0], [11, 1], [11, 2], [12, 0]]"
f_4f827c2479e892416f81,"[[20, 0], [20, 1], [20, 2], [21, 0], [21, 1], [21, 2]]"
f_7a0441575af8a2f8c149,"[[8, 1], [8, 2], [9, 1], [9, 2], [10, 1], [10, 2], [13, 1], [13, 2], [14, 1], [14, 2], [26, 4]]"
f_45f0435359675ccd04e5,"[[12, 0], [12, 1], [12, 2], [12, 3], [12, 4], [12, 5], [12, 6], [13, 3], [13, 4], [13, 6]]"
f_3260f27407eff0040d78,"[[4, 0], [4, 1], [4, 2], [5, 0], [5, 1], [5, 2]]"
f_75c80211fd2a30cae536,"[[6, 0], [7, 0], [7, 1], [7, 2], [8, 0]]"
f_0c5ff4a6a619ff1a2060,"[[1, 1], [1, 3], [1, 4], [2, 1], [2, 4]]"
f_8a1b6dff06ea61f8c736,"[[13, 0], [14, 0], [14, 1], [14, 3], [14, 4], [15, 0]]"
f_355c97f264c63cbcaa24,"[[1, 1], [2, 1], [2, 3], [3, 1], [3, 3], [6, 3]]"
f_16e1b848fcb6a482a840,"[[5, 0], [5, 1], [6, 0], [6, 1], [6, 2]]"
f_8dcab73ad8d7fdbfb864,"[[17, 0], [17, 2], [17, 4], [19, 0], [19, 2], [19, 4]]"
f_db937004e7ec191700be,"[[1, 0], [1, 1], [1, 2], [1, 4], [2, 0], [2, 1], [2, 4], [3, 0], [3, 1], [3, 2], [3, 4], [4, 0], [5, 0], [5, 4], [6, 0], [6, 4], [7, 0]]"
f_5c3ad93d27a0de8dba2d,"[[8, 1], [9, 1], [9, 2], [10, 1]]"
f_ba74163fe3420859b4ea,"[[13, 0], [14, 0], [15, 0], [16, 0], [16, 1], [16, 2], [18, 0], [19, 0], [20, 0], [20, 1], [20, 2]]"
f_d8da310be706c30a4220,"[[5, 0], [5, 1], [5, 2], [12, 0], [12, 1], [12, 2]]"
f_3d105b95e3de70ab0b15,"[[3, 0], [4, 0], [4, 1], [4, 2], [4, 3]]"
f_25edad7d2d81f38d562b,"[[1, 2], [1, 3], [1, 4], [2, 2], [2, 3], [2, 4], [3, 3], [4, 2], [4, 3], [4, 4], [5, 3], [6, 3], [7, 3], [8, 3], [9, 3], [10, 3], [11, 3]]"
f_1d86378e65f2f37d8701,"[[1, 2], [1, 4], [2, 4]]"
f_57da641a2e30e5b10a82,"[[2, 0], [2, 3], [17, 0], [17, 1], [17, 3], [18, 0], [18, 1], [18, 3]]"
f_ed677cf7887a4ca99d15,"[[2, 0], [3, 0], [4, 0], [5, 0], [6, 0], [7, 0], [8, 0], [9, 0], [10, 0], [11, 0], [12, 0], [13, 0], [14, 0], [15, 0], [16, 0], [17, 0], [18, 0], [19, 0], [20, 0], [21, 0], [22, 3]]"
f_b593c33ee7f2d2505d5f,"[[9, 0], [9, 3], [10, 0], [10, 3], [11, 0], [11, 3], [12, 0], [12, 3], [13, 0], [13, 3], [14, 0], [14, 3], [15, 0], [15, 1], [15, 2], [15, 3], [15, 4], [16, 0]]"
f_6703119f14051d89295e,"[[16, 0], [16, 1], [16, 2], [16, 3], [16, 4], [16, 5], [18, 2], [18, 3]]"
f_7a067be1a1460ae9f1c3,"[[2, 0], [2, 1], [2, 2], [3, 0], [3, 3], [3, 4]]"
f_0dc8f04fa2b568638cd0,"[[4, 0], [5, 0], [6, 0], [7, 0], [7, 1], [8, 0], [9, 0]]"
f_00b1e11fee9dc9789788,"[[12, 0], [13, 0], [13, 1], [13, 2], [13, 3], [13, 4], [13, 5]]"
f_25e090381b3773eb610a,"[[2, 0], [2, 4], [3, 0], [3, 4]]"
f_dfff0a6e05853d0510ed,"[[1, 0], [1, 3], [8, 3]]"
f_a1d46057d810f58cde28,"[[5, 0], [6, 0], [6, 1], [6, 5], [7, 0], [7, 5], [8, 0], [8, 5], [9, 0], [9, 5]]"
f_92f668eebea085954ef7,"[[1, 0], [1, 1], [1, 2], [1, 4], [4, 0], [4, 1], [4, 2], [4, 4]]"
f_c79d40cf6e2bd145c194,"[[12, 0], [13, 0], [13, 1], [13, 2]]"
f_08c741455e1f70592397,"[[1, 1], [2, 1], [2, 2], [2, 3]]"
f_4be1c975c360c8bb7b57,"[[4, 0], [4, 1], [6, 0], [6, 1], [6, 2], [7, 0], [7, 1], [7, 2], [8, 0], [8, 1], [8, 2]]"
f_14f257e0754689b29ce6,"[[10, 0], [10, 1], [10, 3], [11, 0], [11, 1], [11, 3], [12, 0], [13, 0], [13, 1], [13, 3]]"
f_cdb70695a68bd69ea9b3,"[[1, 1], [2, 1], [3, 1], [4, 1], [5, 1], [6, 1], [7, 1], [8, 0], [8, 1], [8, 3], [9, 1]]"
f_7fcc4a4d177e927dc288,"[[5, 0], [5, 1], [5, 3], [5, 4], [6, 0], [6, 1], [6, 3], [6, 4], [7, 0], [7, 1], [7, 3], [7, 4], [8, 0], [9, 0], [10, 0], [11, 0], [11, 1], [11, 3], [11, 4], [12, 0], [13, 0], [13, 1], [13, 3], [13, 4], [14, 0], [14, 1], [14, 3], [14, 4], [15, 0], [15, 1], [15, 3], [15, 4], [16, 0], [16, 1], [16, 3], [16, 4], [17, 0]]"
f_ac2ff2dcedd95d1bd6c7,"[[10, 0], [11, 0], [11, 1], [11, 3], [11, 4], [12, 0], [12, 1]]"
f_3aee0fc5ecfbca4b5925,"[[11, 0], [11, 1], [11, 7], [12, 0], [12, 1], [12, 4], [12, 5], [12, 7], [14, 0], [14, 1], [14, 4], [14, 5]]"
f_dd8f8866d58a88650e74,"[[5, 0], [5, 1], [5, 2], [5, 3], [5, 4], [6, 0], [6, 1], [6, 2], [6, 3], [6, 4]]"
f_c63196e80424148df36f,"[[3, 0], [3, 1], [3, 2], [13, 0], [13, 1]]"
f_4ccab521e9dd8f59bb43,"[[1, 0], [1, 1], [1, 2], [1, 3], [2, 0], [2, 1], [2, 2], [2, 3], [3, 0], [3, 1], [3, 2], [3, 3], [4, 0], [4, 1], [4, 2], [4, 3]]"
f_8d73e9ee55e20e2b08b4,"[[1, 2], [2, 2], [3, 2], [4, 2], [5, 2], [6, 0], [6, 1], [6, 2], [6, 3], [6, 4], [7, 2], [8, 2]]"
f_bd80f45368801ba24739,"[[7, 0], [7, 1], [7, 4], [8, 0], [8, 1], [8, 4], [9, 4], [10, 4]]"
f_87dfd24adb768f0ec6b8,"[[9, 0], [9, 1], [9, 14], [10, 0], [10, 1], [10, 14], [11, 1]]"
f_b7bd0e39aa30cd84a90d,"[[1, 0], [2, 0], [3, 0], [4, 0], [5, 0], [5, 1], [5, 2], [5, 3], [5, 4]]"
f_33cad62d3504bc9c811f,"[[1, 2], [1, 3], [1, 4], [2, 2], [2, 3], [2, 4]]"
f_1dbe690cfa0bab3dd101,"[[5, 0], [5, 2], [5, 3], [5, 4], [6, 0], [6, 2], [6, 3], [6, 4]]"
f_53991a4707a2f07f5c60,"[[12, 0], [12, 1], [12, 13], [13, 0], [13, 1], [13, 13], [14, 1], [14, 13], [15, 1]]"
f_a247043a6bb40bbba0c9,"[[2, 6], [3, 6], [4, 6], [5, 6], [6, 6], [7, 6], [8, 0], [8, 1], [8, 6]]"
f_c527c2d5b7f7a466b3bf,"[[11, 0], [11, 1], [12, 0], [12, 1], [13, 0], [13, 1], [20, 0], [20, 1], [20, 2], [20, 3]]"
f_18deaaf038dcb3e14bab,"[[2, 1], [2, 3], [3, 1], [3, 3]]"
f_a49fd5df0c90e03f3f8d,"[[2, 0], [3, 0], [3, 1], [3, 2], [3, 4], [3, 8], [4, 0]]"
f_5d6d779ad1a95b82cb9c,"[[14, 0], [15, 0], [15, 1], [15, 2], [16, 0], [16, 1], [16, 2], [17, 0]]"
f_94f41a6ab42911a745d6,"[[2, 0], [2, 3], [6, 0], [6, 2]]"
f_d66143668972237fa3d1,"[[2, 5], [3, 2], [3, 4], [3, 5], [3, 6]]"
f_1ad074b5b3e568390b58,"[[5, 0], [6, 0], [7, 0], [7, 1], [7, 2], [10, 2], [11, 1], [11, 2]]"
f_92aa27c145975b783d84,"[[1, 2], [1, 4], [2, 4]]"
f_3db7416ef38432b38f4c,"[[0, 0], [3, 0], [3, 1], [3, 2], [3, 3]]"
f_5f10e8ee192de4958d32,"[[1, 0], [1, 1], [1, 2], [1, 3], [2, 0], [2, 1], [2, 2], [2, 3]]"
f_f83e1d737776d825e589,"[[1, 0], [1, 1], [2, 0], [2, 1], [2, 2], [2, 4], [2, 5], [3, 0], [3, 1], [3, 2], [3, 5], [4, 0], [4, 1], [5, 0], [5, 1]]"
f_74a9488aa223eed02c66,"[[2, 0], [2, 1], [3, 0], [4, 0], [5, 0], [6, 0], [7, 0], [7, 1], [8, 0], [8, 9]]"
f_d93054f5f22a70cacbed,"[[1, 1], [1, 2], [1, 3], [1, 4], [2, 1], [2, 2], [2, 3], [2, 4]]"
f_363515c67190a7e6d998,"[[4, 0], [4, 1], [4, 2], [4, 4], [5, 0], [5, 1], [5, 2], [5, 3], [5, 4]]"
f_3f453ca338b97bb96e17,"[[1, 1], [1, 3], [2, 0], [2, 1], [2, 2], [2, 3], [3, 1]]"
f_066aed17299f4f749b67,"[[3, 2], [3, 3], [3, 4], [4, 0], [4, 2], [4, 3], [4, 4]]"
f_3054c46983a7673073e5,"[[1, 0], [1, 3], [2, 0], [2, 3], [6, 3]]"
f_0edc617fe0d78da8e654,"[[3, 0], [3, 3], [3, 5]]"
f_00c709797ee558942467,"[[2, 0], [2, 1], [2, 2], [2, 3]]"
f_abd3399ed2275ebe045f,"[[10, 0], [10, 1], [10, 2], [10, 3], [10, 4], [11, 0], [11, 1], [11, 2], [11, 3], [11, 4]]"
f_b567c907f4f27f2bfee3,"[[3, 2], [3, 3], [4, 0], [4, 2], [4, 3], [5, 0], [5, 2], [5, 3]]"
f_ffc8927705e08ea7f8b6,"[[1, 1], [1, 3], [2, 1], [2, 3], [3, 1], [3, 3], [4, 1], [4, 3], [5, 1], [5, 3]]"
f_b847ecc9728cced6a406,"[[2, 0], [2, 4], [5, 4]]"
f_62a0dfdf7964c99ce3ee,"[[1, 0], [1, 1], [1, 2], [2, 0], [2, 1], [2, 2], [3, 2]]"
f_12b3ab3e69fb77d1edb3,"[[3, 0], [4, 0], [5, 0], [6, 0], [6, 1], [6, 2], [6, 3]]"
f_766c2b9916f0c23d7a48,"[[12, 0], [12, 1], [12, 2], [12, 4], [13, 0], [13, 1], [13, 2], [13, 4]]"
f_9d83837688da955f1145,"[[6, 0], [7, 0], [7, 1], [7, 4]]"
f_f698c2d3972078329752,"[[2, 1], [2, 2], [6, 0], [6, 1], [6, 2], [6, 3], [11, 1], [11, 2], [11, 3]]"
f_8b9a4e44a7fa45ec3e05,"[[9, 0], [9, 2], [9, 3]]"
f_7720b4e6b470b439c3b4,"[[2, 2], [2, 4], [3, 2], [3, 4], [4, 2], [4, 4]]"
f_3f2dc5b81ea50c582978,"[[18, 1], [18, 3], [18, 4]]"
f_0e413700561fe3181451,"[[10, 0], [10, 1], [10, 2]]"
f_3b25f2b51e06588da5d6,"[[17, 0], [17, 1], [17, 2], [17, 3], [21, 0], [21, 1], [21, 2], [21, 3], [29, 0], [29, 1], [29, 2], [29, 3]]"
f_c804f10b4c4067ecbc5c,"[[1, 0], [1, 3], [8, 3]]"
f_99cd2dec185cb05a1579,"[[3, 1], [3, 3], [3, 5], [6, 0], [7, 0], [8, 0], [8, 1], [8, 3], [8, 5], [9, 0]]"
f_9fd6809196431ff7cdba,"[[16, 2], [17, 0], [17, 1], [17, 2], [17, 3], [18, 2]]"
f_24e78599f3bd35e31b6e,"[[2, 0], [2, 8], [3, 0], [3, 8], [4, 0], [4, 8]]"
f_450dc5097d7ccbeeece1,"[[7, 0], [7, 1], [7, 2], [14, 1], [14, 2]]"
f_0aa4abcca61a294740dd,"[[2, 0], [3, 0], [4, 0], [5, 0], [6, 0], [6, 3]]"
f_5a75f83a2d944a629ea5,"[[3, 1], [3, 3], [3, 4], [3, 5], [4, 1], [4, 3], [4, 4], [4, 5]]"
f_782ce91165d07964165d,"[[1, 0], [1, 1], [1, 2]]"
f_03d76789a7da5f1dd6ec,"[[1, 1], [1, 2], [1, 4], [2, 1], [2, 2], [2, 4]]"
f_e729dab5edf0e2dbf65f,"[[5, 1], [5, 2], [5, 4], [6, 1], [6, 2], [6, 4]]"
f_75deea1faceab9d8acac,"[[1, 1], [1, 2], [1, 3], [2, 1], [2, 2], [2, 3]]"
f_a2802bc1359e841c9be2,"[[6, 1], [7, 0], [7, 1], [7, 2], [7, 3], [7, 4], [8, 0], [8, 1], [8, 2], [8, 3], [8, 4]]"
f_1286bf63a81b1bed1339,"[[6, 0], [6, 2], [6, 3], [7, 0], [7, 2], [7, 3], [8, 0], [8, 2], [8, 3]]"
f_bc1cea55887f17067e97,"[[0, 1], [4, 1]]"
f_7eb0f74281e9385f85d1,"[[1, 0], [1, 3], [10, 3]]"
f_da41dd3b05cb8f8808d3,"[[5, 0], [6, 0], [7, 0], [8, 0], [9, 0], [9, 7]]"
f_9685488723b1d0d92672,"[[1, 0], [1, 3], [7, 3]]"
f_0b3d000f177f386e2591,"[[1, 0], [1, 1], [1, 2], [2, 0], [2, 2], [3, 0], [3, 2], [4, 0], [4, 2]]"
f_3a4df922756fcaaf8ded,"[[6, 0], [7, 0], [8, 0], [9, 0], [10, 0], [11, 0], [12, 0], [13, 0], [14, 0], [15, 0], [16, 0], [17, 0], [18, 0], [19, 0], [19, 9]]"
f_125071db54908d28e599,"[[1, 2], [2, 2], [3, 0], [3, 1], [3, 2], [4, 1], [4, 2]]"
f_11523b78e232f2a87f2f,"[[1, 0], [1, 1], [1, 2], [1, 3], [1, 4], [21, 0], [21, 1], [21, 2], [21, 3], [21, 4]]"
f_eb62a00aee50c72a926c,"[[12, 0], [12, 2], [13, 0], [13, 1], [13, 2], [14, 0], [14, 2], [15, 0]]"
f_933db192481456cff28c,"[[3, 0], [3, 2], [3, 4], [4, 0], [4, 1], [4, 2], [4, 3], [4, 4], [4, 5]]"
f_9e53e9f9a8847099daf9,"[[2, 0], [2, 2], [3, 0], [3, 1], [3, 2], [4, 0], [5, 0]]"
f_6b7d67fae642a07152c2,"[[3, 0], [3, 2], [4, 0], [4, 2], [5, 0], [5, 2], [22, 0], [22, 1], [22, 2]]"
f_e0adb1cf187478899e9b,"[[2, 2], [2, 3], [3, 2], [3, 3], [5, 0], [5, 1], [5, 2], [5, 3]]"
f_39315865f63f0f88ae1e,"[[11, 1], [12, 0], [12, 1], [12, 2], [13, 0], [13, 1]]"
f_216ceb166f68136850f7,"[[7, 0], [7, 1], [7, 2], [7, 3], [7, 4], [7, 5]]"
f_888344414e50d719eeb9,"[[11, 2], [12, 0], [12, 1], [12, 2], [12, 3], [12, 4]]"
f_ec8a1f1fc56a3a33ec51,"[[3, 0], [3, 3], [4, 0], [4, 3], [5, 0], [5, 3], [6, 0], [6, 1], [6, 2], [6, 3], [7, 0], [7, 3], [8, 0], [8, 1], [8, 2], [9, 0], [9, 1], [9, 2], [10, 0], [10, 1], [10, 2], [11, 0], [12, 0]]"
f_320147707a3def50e6f2,"[[6, 0], [6, 1], [6, 3], [7, 0], [7, 1], [7, 3], [8, 0], [8, 3]]"
f_f566b1cc4f84e1c9726f,"[[3, 0], [3, 1], [10, 0], [10, 1]]"
f_99ff3c62e5acf8e94118,"[[3, 2], [3, 3], [4, 1], [4, 3]]"
f_e66f3ded664aa7de1ed4,"[[1, 0], [1, 1], [1, 2], [1, 3]]"
f_e68a37c803e69b01e442,"[[1, 3], [1, 4], [2, 3], [2, 4], [3, 3], [4, 3], [5, 3], [6, 3], [7, 3], [8, 3], [9, 3], [9, 5], [10, 3], [10, 5], [11, 3], [11, 5]]"
f_26c1e1dec71990bd1386,"[[1, 1], [1, 2], [1, 3], [1, 4], [2, 1], [2, 2], [2, 3], [2, 4]]"
f_dcc8937a416e97de16a0,"[[24, 0], [24, 1], [24, 5], [24, 6], [24, 7], [25, 0], [25, 1], [25, 5], [25, 6], [25, 7], [26, 0], [26, 1], [26, 5], [26, 6], [26, 7]]"
f_b0928db6ba8a5ddabb6b,"[[1, 1], [2, 0], [2, 1]]"
f_6c47135cd3802c728b3f,"[[1, 0], [2, 0], [3, 0], [3, 1], [3, 2]]"
f_e6068d65855e68f6e6f9,"[[7, 0], [7, 1], [8, 0], [8, 1], [10, 0], [10, 1], [11, 0], [11, 1], [12, 0], [12, 1], [13, 0], [13, 1], [14, 0], [14, 1], [15, 0], [15, 1], [16, 0], [16, 1], [17, 0], [17, 1], [18, 0], [18, 1]]"
f_a45db364c6e9818ce927,"[[1, 0], [2, 0], [3, 0], [3, 1], [3, 2], [3, 3]]"
f_b09b42322c40fbaacef7,"[[7, 0], [7, 1], [7, 3], [21, 0], [21, 1], [21, 3]]"
f_af7c9fa612cac58e95d0,"[[1, 1], [2, 1], [3, 0], [3, 1], [3, 2], [3, 3]]"
f_bbc99072aa044d5a0f14,"[[4, 3], [5, 0], [5, 1], [5, 2], [5, 3], [5, 4]]"
f_a2fb1c3d7f5f41c129b3,"[[1, 0], [1, 1], [1, 2], [1, 3]]"
f_04e2c9e32a07182be342,"[[3, 0], [3, 1], [3, 3], [31, 0], [31, 1], [31, 2], [31, 3], [31, 4], [31, 5]]"
f_f78db2942291f7b52a2a,"[[1, 0], [1, 1], [1, 2], [1, 3], [1, 4], [1, 5], [2, 0], [2, 1], [2, 2]]"
f_2fe7e1de96a747fe503e,"[[3, 0], [4, 0], [4, 1], [4, 2], [5, 0], [6, 0], [6, 1], [6, 2], [7, 0], [7, 2], [8, 0]]"
f_a26e8c33199def8ecf0c,"[[1, 0], [1, 1], [1, 3], [1, 4], [2, 0], [2, 1], [2, 3]]"
f_d7df6d0b8a68b64d7096,"[[5, 0], [6, 0], [6, 1], [6, 3], [6, 4], [7, 0]]"
f_2a5cf61c3730cf5da593,"[[2, 3], [3, 0], [3, 1], [3, 2], [3, 3], [3, 4]]"
f_5836b67d5c88ca1bbd30,"[[3, 0], [4, 0], [4, 1], [4, 3]]"
f_2fc78ba77bca7e26d343,"[[6, 3], [7, 3], [8, 3], [9, 3], [10, 0], [10, 1], [10, 2], [10, 3], [10, 4]]"
f_e2ec65e1446f4e71ca70,"[[5, 0], [5, 1], [5, 5], [6, 0], [6, 1], [6, 5]]"
f_0557247f44e637b0ead6,"[[1, 0], [1, 1], [1, 3], [1, 4], [2, 0], [2, 1], [2, 3], [2, 4], [3, 0], [3, 1], [3, 3], [3, 4]]"
f_f5a5c0250342f833632d,"[[7, 0], [7, 1], [7, 2], [8, 0], [8, 1], [8, 2], [9, 0], [9, 1], [9, 2], [9, 3]]"
f_a4cc3c34d258fc1bb6e0,"[[4, 0], [4, 2], [4, 3]]"
f_0fec0e24da5175020e31,"[[2, 0], [3, 0], [4, 0], [5, 0], [5, 1], [5, 2], [6, 0], [7, 0], [8, 0], [9, 0]]"
f_f09ce17d978ceae3cfe5,"[[1, 1], [1, 2], [6, 4]]"
f_99dc17c192d59a15d751,"[[5, 2], [6, 0], [6, 1], [6, 2]]"
f_9afc5486b8a0feebcb87,"[[3, 0], [3, 3], [3, 4], [3, 5], [4, 0], [4, 3], [4, 4], [4, 5]]"
f_7e511646726c158ca256,"[[4, 4], [5, 4], [6, 0], [6, 1], [6, 4], [7, 0], [7, 4], [8, 4], [9, 4], [10, 4]]"
f_bfda36a802b3170fd35d,"[[8, 0], [9, 0], [9, 1], [9, 2], [9, 3], [9, 5]]"
f_b93c05521fa6beff78c2,"[[2, 0], [2, 4], [5, 4]]"
f_6787999313de6acd4155,"[[9, 8], [10, 1], [10, 8], [11, 0], [11, 1], [11, 7], [11, 8], [12, 8]]"
f_32a2006c5947acbebdd7,"[[1, 0], [1, 1], [1, 2], [1, 3]]"
f_28c1e9e60323f905debf,"[[3, 1], [4, 0], [4, 1], [4, 3], [4, 4]]"
f_15137938f09a32c15aba,"[[4, 0], [4, 1], [5, 0], [6, 0], [6, 1], [7, 0], [8, 0]]"
f_f4daa5208457767b3db0,"[[2, 2], [4, 1], [4, 3], [7, 1], [7, 3], [14, 0], [15, 0], [15, 1], [15, 3], [15, 4]]"
f_8604b4cd01dc8c2299d1,"[[1, 0], [1, 1], [2, 0], [2, 1], [3, 0], [3, 1], [4, 0], [4, 1]]"
f_c8b7b006352c2bee2259,"[[1, 0], [1, 2], [2, 0], [2, 2], [3, 0], [3, 2], [4, 0], [4, 2], [5, 0], [5, 2], [6, 0], [6, 1], [6, 2], [6, 5], [6, 6]]"
f_c796fe553aa3d1f35da0,"[[2, 2], [3, 0], [3, 1], [3, 2], [3, 3], [3, 4]]"
f_c403bbc6a17ab2822eb2,"[[2, 0], [2, 4], [5, 4]]"
f_c031f8c52b79358f22f3,"[[1, 2], [1, 3], [2, 1], [2, 2], [2, 3]]"
f_72d14ccab6663754a18a,"[[6, 0], [6, 1], [6, 2], [7, 0], [7, 1], [7, 2], [8, 0], [8, 1], [8, 2], [9, 0], [9, 3], [9, 4]]"
f_9a89c7fcf8fbda12aacc,"[[5, 0], [5, 1], [6, 0], [6, 1], [6, 2], [6, 3], [7, 0], [7, 1]]"
f_ad1275e138cad7d1ba4e,"[[1, 0], [2, 0], [2, 1], [2, 2], [2, 3], [2, 4]]"
f_7482caeff6730ca186ee,"[[3, 0], [3, 1], [3, 2], [3, 4], [5, 0], [5, 1], [5, 2], [5, 4]]"
f_36fe46c54091dbbab48a,"[[1, 0], [1, 1], [1, 2], [1, 4], [1, 5]]"
f_518ac32a4f3e57052805,"[[1, 0], [1, 3], [2, 0], [2, 1], [2, 4]]"
f_98e31945a4f6ba45dc09,"[[6, 1], [8, 1]]"
f_6366e35f260b63656ff5,"[[4, 2], [5, 2], [6, 0], [6, 1], [6, 2]]"
f_caf04a339b8b67464a6f,"[[1, 1], [2, 0], [2, 1], [2, 2], [2, 3], [2, 4], [3, 0], [3, 1], [4, 0], [4, 1]]"
f_20dc9b6553ecabee2989,"[[1, 0], [2, 0], [3, 0], [4, 0], [5, 0], [6, 0], [7, 0], [8, 0], [9, 0], [10, 0], [11, 0], [12, 0], [12, 3], [13, 0], [14, 0], [15, 0], [16, 0], [17, 0], [18, 0], [19, 0], [20, 0], [21, 0]]"
f_77efd8412b0c906bedb4,"[[7, 1], [7, 2], [7, 3], [8, 1], [8, 2], [8, 3], [9, 3], [10, 3]]"
f_b89ab58a999c2a6b21e6,"[[2, 0], [3, 0], [4, 0], [5, 0], [6, 0], [7, 0], [8, 0], [9, 0], [10, 0], [10, 1], [11, 0], [11, 11], [11, 12], [12, 0], [12, 1], [13, 0], [14, 0], [15, 0], [16, 0]]"
f_3ae0d68c4ea9843ffd8c,"[[14, 0], [15, 0], [16, 0], [16, 1], [16, 2], [16, 3], [16, 4], [16, 5], [17, 0], [17, 1], [17, 2], [17, 3], [17, 4], [17, 5]]"
f_4be483110e90f9cec2ca,"[[2, 0], [3, 0], [3, 1], [3, 2], [3, 3], [3, 4], [3, 5], [3, 6], [3, 7], [3, 8], [4, 0]]"
f_49e083129e0259b50bce,"[[2, 1], [2, 10], [3, 1], [3, 10], [4, 10]]"
f_816f9069a8050bf741ff,"[[9, 1], [9, 2], [10, 1], [10, 2], [11, 1], [11, 2], [12, 1], [12, 2], [14, 1], [14, 2], [16, 1], [16, 2], [17, 1], [17, 2], [18, 1], [18, 2], [19, 1], [19, 2], [20, 1], [20, 2], [21, 1], [21, 2]]"
f_f7270a31b5e81f61ae65,"[[1, 0], [1, 6], [3, 0], [3, 3], [3, 6]]"
f_e70580d5504ec93dd976,"[[7, 0], [7, 1], [7, 2], [7, 3], [7, 4], [8, 0], [8, 1], [8, 2], [8, 3], [8, 4]]"
f_57add4df1cd44eb67237,"[[1, 2], [1, 4], [8, 3]]"
f_730c26f8e32921459f21,"[[5, 1], [5, 2], [5, 3], [6, 1], [6, 2], [6, 3]]"
f_ec8152da8250f2dd569a,"[[1, 0], [1, 1], [4, 0], [4, 1]]"
f_7d7e2899e61ba24b0747,"[[2, 1], [3, 1], [4, 0], [4, 1], [4, 8], [4, 9]]"
f_839b1ef80075452f4d9c,"[[7, 2], [7, 3], [7, 4], [8, 2], [8, 3], [8, 4]]"
f_41df202631667fe2eb9a,"[[1, 2], [1, 4], [2, 2]]"
f_2acba3e98a109891d996,"[[4, 0], [4, 1], [4, 2], [4, 3], [4, 4]]"
f_516cc686fe9ec51112e9,"[[21, 0], [22, 0], [22, 1], [22, 2], [22, 7], [23, 0], [23, 7]]"
f_8757d6f668723d13eeff,"[[1, 0], [1, 1], [1, 2], [2, 0], [2, 1], [2, 2]]"
f_e354617ee79a8975410f,"[[1, 0], [1, 1], [1, 3], [2, 0], [2, 1], [2, 3]]"
f_98021092f7f75d48e1cf,"[[5, 0], [5, 3], [6, 0], [6, 3], [7, 0], [7, 3], [8, 0], [8, 1], [8, 3], [9, 0]]"
f_b0942107684fc649191b,"[[0, 2], [0, 3], [0, 4], [0, 5], [1, 1], [1, 2], [1, 3], [1, 4], [1, 5], [8, 3]]"
f_1f9d2012c6e2015cbdfd,"[[14, 0], [14, 1], [14, 2], [14, 3], [14, 4], [15, 3], [15, 4]]"
f_f0c3eaf2b4361d396355,"[[14, 0], [15, 0], [15, 1], [15, 2], [16, 0], [16, 1], [16, 2], [17, 0]]"
f_1eb59336fbf49fd206ea,"[[17, 0], [17, 1], [17, 2], [19, 0], [19, 1], [19, 2]]"
f_fa2b5b4cbb5dceb1b0c3,"[[1, 0], [1, 1], [1, 2], [1, 3], [19, 0], [19, 1], [19, 2], [19, 3]]"
f_05add84bcab8d297d7d9,"[[1, 1], [1, 2], [1, 3], [2, 1], [2, 2], [2, 3]]"
f_47eef8ee46cbcf53a93c,"[[1, 0], [1, 2], [2, 0], [2, 2], [3, 0], [3, 2], [4, 0], [4, 2], [4, 4], [4, 6], [5, 0], [5, 2], [6, 0], [6, 2], [7, 0], [7, 2]]"
f_65047875d0a225c7930c,"[[3, 0], [4, 0], [4, 1], [4, 2], [15, 1], [15, 2], [17, 1], [17, 2]]"
f_5c792ff454a0a8e2512c,"[[6, 0], [6, 1], [6, 2], [11, 0], [11, 1], [11, 2]]"
f_865ab941fdb16be2d652,"[[2, 1], [2, 2], [2, 4], [3, 1], [3, 2], [3, 4]]"
f_317dbd6dbe8a099c97ef,"[[1, 0], [1, 1], [1, 2], [1, 3], [1, 4], [1, 5], [17, 2]]"
f_8d758d091cb7c1a77295,"[[1, 1], [1, 2], [1, 3], [2, 1], [2, 2], [2, 3], [3, 1], [3, 2], [3, 3]]"
f_b05112851856b5637fd0,"[[1, 2], [1, 4], [2, 1], [2, 2], [2, 4], [3, 1], [3, 2], [3, 4]]"
f_df52bd8766d75d228c20,"[[1, 0], [1, 1], [1, 2], [4, 0], [4, 1], [4, 2]]"
f_bd23e8b98c72fc6a3722,"[[8, 0], [8, 8], [9, 0], [9, 1], [9, 8]]"
f_e950d07f9b95827049d6,"[[1, 0], [1, 1], [1, 2], [1, 3], [1, 4], [1, 5], [9, 0], [9, 1], [9, 3], [9, 4]]"
f_23122467b9f9a1370291,"[[22, 0], [22, 1], [22, 3], [22, 4], [22, 5], [22, 6], [23, 0], [23, 1], [23, 3], [23, 4], [23, 5], [23, 6]]"
f_74c376bc868cc2a25657,"[[5, 2], [6, 1], [6, 2], [6, 3]]"
f_dc92b122da67f1b35ed7,"[[1, 0], [1, 1], [1, 3], [2, 0], [2, 1], [2, 3]]"
f_c07f26d5f859d2d1c56a,"[[1, 4], [2, 4], [3, 4], [4, 4], [5, 4], [6, 4], [7, 4], [8, 4], [9, 4], [10, 4], [11, 4], [12, 4]]"
f_65b81284b94b29ea896b,"[[1, 0], [1, 1], [1, 2], [1, 3], [2, 0], [2, 1], [2, 2], [2, 3]]"
f_c7c6c69cd856eefc8b50,"[[1, 0], [1, 1], [1, 2], [1, 3], [1, 4], [2, 0], [2, 1], [2, 2], [2, 3], [2, 4], [3, 0], [3, 1], [3, 2], [3, 3], [3, 4], [4, 1], [4, 3], [4, 4], [7, 0], [7, 1], [7, 3], [7, 4]]"
f_438e5a9b5d49d00a2d5a,"[[18, 1], [18, 2], [18, 3], [18, 5], [18, 6], [19, 1], [19, 2], [19, 3], [19, 5], [19, 6], [20, 1], [20, 2], [20, 3], [20, 5], [20, 6], [21, 2], [21, 3], [21, 5], [21, 6], [22, 2], [22, 3], [22, 5], [22, 6]]"
f_007033796e5fed2f7af8,"[[2, 0], [2, 1], [2, 2], [7, 1], [7, 2], [8, 0], [8, 1], [8, 2], [16, 0], [16, 1], [16, 2]]"
f_845c35b39f79f34fad9d,"[[1, 0], [1, 1], [1, 2], [5, 0], [5, 1], [5, 2], [12, 0], [12, 1], [12, 2]]"
f_0f4cfbdf028addb41ee2,"[[8, 0], [8, 1], [8, 2], [8, 3]]"
f_96747ad659122d5baea8,"[[19, 0], [20, 0], [20, 1], [20, 2], [20, 3], [21, 0], [22, 0], [23, 0]]"
f_a9b894eb42d0fc8dab3a,"[[2, 0], [2, 1], [2, 2], [2, 3], [2, 4], [3, 0], [3, 1], [4, 0], [4, 1]]"
f_e36cf70bc60c682538fd,"[[3, 0], [4, 0], [4, 1], [4, 3], [4, 4]]"
f_b37ee6a0b15e5c426f48,"[[1, 0], [1, 3], [2, 0], [2, 2]]"
f_c96a641eeb882129a603,"[[3, 1], [3, 2], [4, 1], [4, 2], [8, 0], [8, 1], [8, 2], [9, 0], [9, 1], [9, 2], [10, 0], [10, 1], [10, 2], [11, 0], [11, 1], [11, 2], [12, 0], [12, 1], [12, 2], [13, 0], [13, 1], [13, 2], [14, 0], [14, 1], [14, 2], [26, 3], [26, 4]]"
f_00eb6b9c4a045598ab8e,"[[1, 1], [1, 2], [1, 4], [2, 1], [2, 2], [3, 1], [3, 2], [4, 1], [4, 2]]"
f_a0d98d02517bbd951486,"[[3, 0], [3, 1], [4, 0], [4, 1], [4, 5]]"
f_a2e3b1338afc44761def,"[[0, 1], [1, 1], [2, 1]]"
f_f50596d832229cf6b1d8,"[[2, 0], [2, 1], [3, 0], [3, 1]]"
f_9a1bda89a2a59f12fa14,"[[2, 0], [3, 0], [4, 0], [5, 0], [6, 0], [7, 0], [8, 0], [9, 0], [10, 0], [11, 0], [12, 0], [13, 0], [14, 0], [15, 0], [16, 0], [17, 0], [18, 0], [19, 2], [19, 3]]"
f_c5cb4dae07addc4fac82,"[[15, 0], [15, 1], [15, 9], [16, 0], [16, 1], [16, 9], [17, 9]]"
f_b7207a7763b96cacad46,"[[16, 0], [16, 1], [16, 2], [16, 3], [16, 4], [17, 0], [17, 1], [17, 2], [17, 3], [17, 4]]"
f_532508cbaee64e59f71b,"[[20, 0], [20, 3], [20, 4], [21, 0], [21, 3], [21, 4]]"
f_09a72f7ffc68edfa04a6,"[[1, 0], [1, 1], [1, 2], [1, 3], [1, 4], [1, 5], [4, 2]]"
f_3d3602eccb6e1b4107e2,"[[7, 0], [8, 0], [8, 1], [8, 2], [8, 3], [9, 0], [10, 0]]"
f_4ab8a1ad6eaaf6035e1a,"[[1, 0], [1, 2], [1, 3], [2, 0], [2, 2], [2, 3], [2, 4]]"
f_1029f02bc1cdfa97c4c6,"[[1, 1], [1, 2], [1, 4], [2, 1], [2, 2]]"
f_ce730aa7321a333e207b,"[[1, 0], [1, 1], [1, 2], [1, 3], [2, 0], [2, 1], [2, 2], [3, 0], [3, 1], [3, 2]]"
f_7ff2f81682ee54df84bc,"[[3, 0], [3, 2], [5, 0], [5, 2]]"
f_b08562140f5e749849a6,"[[14, 1], [14, 2], [14, 3], [14, 4], [15, 1], [15, 2], [15, 3], [15, 4]]"
f_e066178939a87fd8f1e5,"[[20, 0], [20, 1], [20, 2]]"
f_653521ecdd31d5d83f2c,"[[1, 2], [2, 1], [2, 2], [2, 4], [3, 1], [3, 2], [3, 4]]"
f_32c5a36d0946469d4f1e,"[[1, 0], [2, 0], [3, 0], [3, 1], [3, 2], [3, 3], [4, 0], [4, 1], [4, 2], [4, 3], [5, 0]]"
f_79463b213a07e63f21d0,"[[1, 0], [1, 1], [1, 2], [1, 4], [2, 0], [2, 1], [2, 2], [2, 4]]"
f_cfa46e691b2b81938dd8,"[[2, 0], [2, 1], [3, 0], [3, 1], [4, 0], [4, 1], [5, 0], [5, 1], [6, 0], [6, 1], [7, 0], [7, 11]]"
f_498477bd8b813d9a8bf8,"[[2, 0], [3, 0], [4, 0], [4, 1], [4, 2]]"
f_800ce5a76521131aaabf,"[[2, 3], [2, 4], [3, 1], [3, 3]]"
f_be2bbcbd957e4d74b289,"[[1, 0], [1, 1], [1, 2], [8, 1]]"
f_7527024c49bfb4e59628,"[[3, 0], [3, 1], [3, 2], [3, 3], [4, 0], [4, 1], [4, 2], [4, 3]]"
f_501bcdd8763f65a21da5,"[[22, 0], [23, 0], [23, 1], [23, 3], [23, 5]]"
f_371d15dbf647aae1a0f1,"[[2, 0], [2, 1], [2, 4], [3, 0], [3, 1], [3, 4]]"
f_7bc371858f78421e4a09,"[[12, 0], [12, 1], [12, 3], [13, 0], [13, 1], [13, 3]]"
f_15d1aeaaa856f8cab6bf,"[[10, 1], [10, 2], [13, 0], [13, 1], [13, 2]]"
f_3249fe69b26ba357819a,"[[1, 1], [1, 2], [1, 4], [2, 1], [2, 2]]"
f_04ee480bd2f8fa9b2fab,"[[10, 0], [11, 0], [12, 0], [12, 1], [12, 2], [13, 0]]"
f_8aff098b81ea5dc8296e,"[[1, 0], [1, 1], [1, 3], [2, 0], [2, 1], [2, 3], [5, 1], [5, 2], [5, 3], [6, 0], [6, 1], [6, 2], [6, 3], [7, 0], [7, 1], [7, 2], [7, 3], [8, 0], [8, 1], [8, 2], [8, 3], [9, 0], [9, 1], [9, 2], [9, 3], [10, 0], [10, 1], [10, 2], [10, 3], [11, 0], [11, 1], [11, 2], [11, 3], [12, 0], [12, 1], [12, 2], [12, 3], [13, 0], [13, 1], [13, 2], [13, 3], [14, 0], [14, 1], [14, 2], [14, 3]]"
f_dd390ef791e2425837ec,"[[8, 0], [9, 0], [9, 1], [9, 3], [9, 4], [10, 0], [10, 1], [10, 3], [10, 4], [11, 0], [12, 0], [13, 0], [14, 0], [15, 0]]"
f_20226f60dda6ddf7d646,"[[1, 1], [1, 2], [1, 3], [5, 0], [5, 1], [5, 2], [5, 3]]"
f_e6d9c0f3f7655a5f2d0f,"[[2, 6], [6, 6], [8, 6]]"
f_b40f67d7c238d11bafc3,"[[1, 0], [1, 1], [1, 3]]"
f_a3a7294084de77fb3367,"[[9, 0], [9, 1], [9, 2], [11, 2]]"
f_9a220597a83426501d63,"[[1, 0], [1, 1], [1, 2], [2, 0], [2, 1], [2, 2]]"
f_6c46e6378f2b384384ca,"[[8, 0], [9, 0], [9, 1], [9, 2], [10, 0], [11, 0], [12, 0], [13, 0]]"
f_b536e981176ab47900a1,"[[6, 0], [7, 0], [8, 0], [9, 0], [10, 0], [11, 0], [12, 0], [13, 0], [13, 1], [14, 0], [14, 9], [15, 0], [16, 0], [16, 9]]"
f_0a55de1b971782994f5d,"[[20, 3], [21, 0], [21, 1], [21, 3]]"
f_64c1f054185cef8216a9,"[[1, 3], [1, 5], [2, 3]]"
f_509774ca397e22f68a78,"[[1, 0], [1, 1], [2, 0], [2, 1], [3, 0], [3, 1], [4, 0], [4, 1]]"
f_8a81653882a99a2c111b,"[[11, 0], [12, 0]]"
f_38c53a177a133b708500,"[[1, 0], [1, 3], [1, 4], [2, 0], [2, 2]]"
f_b0bb14ff8c6ef9d9b18b,"[[1, 2], [2, 2], [3, 2], [4, 2]]"
f_b46fdb845a3fc30af090,"[[1, 0], [2, 0], [3, 0], [3, 1], [3, 2], [3, 4]]"
f_969cebcbee6069309c23,"[[3, 0], [3, 1], [3, 3], [5, 0], [5, 1], [5, 3]]"
f_d373db0bf889a724a779,"[[2, 0], [2, 1], [2, 2], [3, 0], [3, 1], [3, 2], [4, 0], [4, 9], [4, 10]]"
f_f781addb7367711ac069,"[[26, 0], [27, 3], [27, 4], [27, 5], [27, 6]]"
f_c7c399332785b264e555,"[[1, 0], [1, 1], [1, 2], [1, 3], [1, 5], [1, 6], [2, 0], [2, 1], [2, 2], [2, 3], [2, 5], [2, 6]]"
f_56d4f9e1a473781117e9,"[[1, 1], [1, 2], [2, 1], [2, 2], [3, 1], [3, 2], [4, 1], [4, 2], [5, 1], [5, 2], [6, 1], [6, 2], [7, 1], [7, 2], [8, 1], [8, 2], [9, 0], [9, 1], [10, 0], [10, 1], [11, 0], [11, 1], [12, 0], [12, 1], [13, 0], [13, 1], [14, 0], [14, 1], [15, 0], [15, 1], [16, 0], [16, 1]]"
f_dbf70909ec57eda6d1e1,"[[6, 0], [7, 0], [8, 0], [8, 1], [8, 2]]"
f_fc8340d291f7639bc0cc,"[[4, 0], [5, 0], [5, 1], [5, 9], [6, 0], [6, 1], [6, 9]]"
f_1649fb42d41d7968a60e,"[[3, 0], [4, 0], [5, 0], [5, 1], [5, 2], [5, 3], [5, 4]]"
f_0140cc0d2ae80d126a0b,"[[2, 0], [2, 1], [3, 0], [3, 1]]"
f_d5714621c75141fad212,"[[1, 0], [1, 3], [2, 0], [2, 1], [2, 3]]"
f_0a233f98def25b9cf7b4,"[[1, 0], [1, 1], [3, 0], [3, 1]]"
f_e6862ee75b3527177866,"[[1, 1], [1, 2], [7, 1], [14, 1], [14, 2]]"
f_4e135dccdc4a50872528,"[[18, 0], [19, 0], [20, 0], [20, 1], [21, 0], [21, 1], [21, 3], [21, 5], [22, 0]]"
f_6429b74c6c62ea0fb579,"[[6, 0], [6, 1], [6, 2], [10, 0], [10, 1], [10, 2], [11, 0], [11, 1], [11, 2], [12, 0], [13, 0]]"
f_da2828ccd1a83c29a676,"[[1, 0], [1, 1], [1, 2]]"
f_9f00c383dda8be5baf9c,"[[3, 0], [3, 1], [3, 2], [4, 0], [4, 1], [4, 2], [5, 0], [5, 1], [5, 2], [6, 0], [6, 1], [6, 2], [19, 0], [19, 1], [19, 2], [21, 0], [21, 1], [21, 2]]"
f_bc196374df8bc2102dbb,"[[16, 0], [16, 2], [17, 0], [17, 1], [17, 2], [17, 3], [17, 4], [18, 0], [18, 2], [19, 0], [19, 2], [20, 0], [20, 2], [21, 0], [21, 2], [22, 0], [22, 2], [23, 0], [23, 2], [24, 0], [24, 2], [25, 0], [25, 2], [26, 0]]"
f_3987da4920ad23cf7438,"[[2, 1], [3, 1], [4, 0], [4, 1], [4, 2], [5, 1], [6, 1], [7, 1], [8, 1], [9, 1], [10, 1], [11, 1], [12, 1], [13, 1], [14, 1], [15, 1]]"
f_ca4f9b1d2d8f8dea5983,"[[1, 0], [2, 0], [2, 4], [3, 0], [3, 1], [3, 3], [3, 4], [4, 3]]"
f_ed25ac52848d326fcc65,"[[1, 0], [1, 4], [2, 0], [2, 4], [3, 0], [4, 0], [5, 0], [6, 0], [7, 0], [8, 0], [9, 0], [10, 0], [11, 0], [12, 0], [12, 4], [13, 0], [13, 4], [14, 0], [15, 0], [16, 0]]"
f_e1e25e749eb0b6b8fc64,"[[4, 0], [4, 1], [4, 2], [5, 0], [5, 1], [5, 2]]"
f_d387379e140dae0c0ae4,"[[1, 3], [2, 1], [2, 2], [2, 3]]"
f_bac986578f18ff77d582,"[[4, 0], [4, 3], [5, 0], [5, 3], [15, 0], [15, 3]]"
f_74f3711741bd6f915474,"[[4, 0], [4, 1], [4, 2], [5, 0], [5, 1], [5, 2]]"
f_e027fc769a3093b6b675,"[[1, 2], [2, 2], [7, 0], [7, 2]]"
f_1acfb723d4430f714f69,"[[1, 0], [2, 0], [3, 0]]"
f_1abca470988e1ad05703,"[[1, 0], [1, 2], [2, 0], [2, 2]]"
f_cc54ae4965acde2ad501,"[[1, 3], [2, 3], [3, 3], [4, 3], [5, 3], [6, 3], [7, 3], [8, 0], [8, 1], [8, 2], [8, 3], [8, 4]]"
f_48bf3dba804aff95bda4,"[[0, 1], [0, 2], [1, 1], [1, 2], [2, 1]]"
f_33d5e0e2ea30f4144646,"[[1, 0], [1, 1], [1, 2], [1, 3], [2, 0], [2, 1], [2, 2], [2, 3]]"
f_83cecc962172565a003d,"[[22, 0], [23, 0], [23, 2], [23, 3], [24, 0], [24, 3], [25, 0], [25, 3]]"
f_8e3478ced99516f220d3,"[[2, 0], [2, 1], [2, 2], [2, 3]]"
f_a635ded92fb48786acbf,"[[1, 0], [1, 1], [1, 2], [2, 0], [2, 1], [2, 2], [3, 0], [3, 1], [3, 2], [4, 0], [4, 1], [4, 2]]"
f_173cbde47ff57c1de240,"[[1, 1], [1, 3], [2, 1], [2, 3]]"
f_e99a8e6c17e678c90d78,"[[12, 1], [12, 2], [12, 3], [15, 0], [15, 1], [15, 2], [16, 0], [17, 0]]"
f_a3340513706d255841b3,"[[7, 0], [8, 0], [9, 0], [9, 1], [9, 2], [9, 3], [9, 4], [10, 0], [11, 0], [12, 0], [13, 0], [14, 0], [15, 0], [16, 0], [17, 0], [18, 0], [19, 0], [20, 0], [21, 0], [22, 0], [23, 0], [24, 0], [25, 0], [26, 0]]"
f_b237b57225ad9debfd43,"[[12, 0], [12, 1], [13, 0], [13, 1], [13, 2]]"
f_9d71f6b6df06cad83879,"[[1, 0], [2, 0], [3, 0], [4, 0], [4, 1], [4, 2], [5, 0], [6, 0], [7, 0], [8, 0], [9, 0]]"
f_e3dfc13f784f25123382,"[[8, 0], [8, 1], [9, 0], [9, 1]]"
f_931c20707c8904c8bd43,"[[5, 0], [5, 1], [5, 2], [5, 3], [7, 0], [7, 1], [7, 2], [7, 3]]"
f_c3d8dda2ca3c3354f403,"[[4, 3], [6, 0], [7, 0]]"
f_0b572eeff706af69716e,"[[2, 0], [2, 1], [2, 2], [2, 3], [2, 4], [3, 0], [3, 1], [3, 2], [3, 3], [3, 4]]"
f_3553783305116e0ae4a5,"[[1, 0], [1, 1], [1, 2], [1, 3], [2, 0], [2, 1], [2, 2], [2, 3], [3, 0]]"
f_0736eefe0a2a6f2dbb66,"[[12, 0], [12, 1], [12, 2], [12, 3], [12, 4], [15, 0], [15, 1], [15, 2], [15, 3], [15, 4]]"
f_2535982ed67d0a734f69,"[[7, 0], [7, 2], [8, 0], [8, 2]]"
f_61aefd60d4f1463bcb64,"[[17, 1], [17, 3], [18, 1], [18, 3], [19, 1], [19, 3], [20, 1], [20, 3], [21, 1], [21, 3], [22, 1], [22, 3], [23, 1], [23, 3], [24, 1], [24, 3], [25, 1], [25, 3], [26, 1], [26, 3], [27, 1], [27, 3], [28, 1], [28, 3], [29, 0], [29, 1], [29, 3]]"
f_c44dd942d1c452e6c461,"[[1, 0], [1, 1], [1, 2], [1, 3], [2, 0], [2, 1], [2, 2], [2, 3]]"
f_3277bbed402ca543527b,"[[16, 0], [17, 0], [17, 1], [17, 2], [18, 0]]"
f_6c0cb4739886f00424b8,"[[9, 0], [9, 2], [10, 0], [10, 1], [10, 2], [11, 0], [11, 1], [11, 2]]"
f_41f34b3a2b0436648852,"[[3, 0], [4, 0], [5, 0], [6, 0], [7, 0], [7, 1], [7, 12], [8, 1], [8, 12], [9, 1], [9, 12], [10, 1], [10, 12], [11, 12]]"
f_5eb6b773985b3817796b,"[[12, 1], [12, 3], [14, 1], [14, 3]]"
f_e1b8dafadf3899b267fb,"[[1, 2], [1, 4], [2, 2], [2, 4]]"
f_9360be4042245e259f75,"[[10, 0], [10, 1], [10, 2], [10, 3], [12, 0], [12, 1], [12, 2], [12, 3]]"
f_4d2ff07d8f1e69c73231,"[[4, 0], [4, 1], [4, 2], [5, 0], [5, 1], [5, 2]]"
f_3ccb6e95534f02950f3d,"[[1, 0], [1, 4], [2, 0], [2, 4], [3, 0], [3, 4], [4, 0], [4, 4]]"
f_de3d27fe436fe783d611,"[[5, 1], [5, 2], [5, 3], [6, 1], [6, 2], [6, 3], [7, 0], [7, 1], [7, 2], [7, 3]]"
f_5e6758b294b3be215b0e,"[[1, 1], [1, 2], [1, 3], [1, 4], [2, 1], [3, 1], [3, 2], [3, 3], [3, 4], [4, 1], [5, 1]]"
f_ab8d464c65150519a409,"[[4, 0], [4, 2], [4, 3], [4, 4], [5, 0], [5, 2], [5, 3], [5, 4]]"
f_5915e69f3c4839405698,"[[8, 0], [8, 1], [8, 4], [9, 0], [9, 1], [9, 2], [9, 4]]"
f_b6b93978b50c8aeb5d24,"[[1, 1], [1, 2], [2, 2], [8, 3]]"
f_af11c799bac74b983d7f,"[[1, 0], [1, 1], [1, 2]]"
f_86719bb06d7bbb40b69b,"[[1, 1], [1, 2], [1, 3], [2, 1], [2, 2], [2, 3], [4, 3]]"
f_c15b47e09cd19e5ea1c3,"[[1, 0], [1, 1], [1, 2], [1, 4], [2, 0], [2, 1], [2, 4], [3, 0]]"
f_64a56bd3dada8e18f5d7,"[[1, 1], [2, 1]]"
f_f057798f8510617b1571,"[[8, 0], [8, 1], [8, 2], [8, 3], [9, 0], [9, 2], [9, 3], [10, 0], [10, 2], [10, 3], [11, 0], [11, 2], [11, 3], [12, 0], [12, 2], [12, 3], [13, 0], [13, 2], [13, 3], [14, 0], [14, 2], [14, 3], [15, 0], [15, 2], [15, 3]]"
f_e0afbaff17ee7b1f038a,"[[8, 0], [9, 0], [10, 0], [11, 0], [11, 1], [11, 3]]"
f_d45f1a157e557400942f,"[[20, 0], [20, 1], [20, 2], [27, 0], [27, 1]]"
f_bac82d667a7b52042181,"[[6, 0], [6, 1], [6, 2], [8, 0], [8, 1], [8, 2]]"
f_7eccf69a40d9de6f2840,"[[1, 0], [1, 1], [1, 3], [2, 0], [2, 1], [2, 3], [3, 0], [3, 1], [3, 3], [4, 0], [5, 0], [6, 0], [7, 0], [8, 0], [9, 0], [10, 0], [11, 0], [12, 0], [13, 0], [14, 0]]"
f_d20e89968e354a2b2cc7,"[[9, 1], [10, 1]]"
f_4ec511b953196b435011,"[[2, 0], [3, 0], [4, 0], [5, 0], [6, 0], [7, 1]]"
f_1d4fc74f06555032dc7a,"[[3, 0], [3, 1], [3, 2], [3, 3], [6, 0], [6, 1], [6, 2], [6, 3]]"
f_b783484c921b04ca5981,"[[10, 0], [10, 3], [11, 0], [11, 1], [11, 3], [12, 0], [12, 3]]"
f_68010e3575d0e04fcc14,"[[4, 0], [4, 1], [4, 2], [5, 0], [5, 1], [5, 2], [5, 3], [6, 3], [10, 0], [10, 1], [10, 2], [10, 3], [11, 0], [11, 1], [11, 3], [12, 0], [12, 1], [12, 2]]"
f_0a903771b870c5ee34fb,"[[3, 0], [3, 1], [3, 2], [4, 1]]"
f_79a3017eb6a3231dca69,"[[1, 2], [5, 2]]"
f_4849fd578ea7edef0359,"[[1, 0], [1, 1], [1, 2], [1, 3], [1, 4], [1, 5], [12, 2]]"
f_8ef844499a5008c77d7c,"[[3, 1], [3, 2], [4, 0], [4, 1], [4, 2], [8, 0], [8, 1]]"
f_1280ce4dc5b50196cfc1,"[[1, 1], [1, 5], [1, 6], [17, 1], [17, 5]]"
f_e4879550ab94bc29d13f,"[[2, 1], [2, 16], [3, 1], [3, 16], [4, 0], [4, 1], [4, 2], [4, 16], [5, 16]]"
f_8ccc2de7236222e71c6f,"[[5, 0], [5, 1], [5, 2], [5, 3], [6, 0], [6, 1], [6, 2], [6, 3]]"
f_0fa07f2f1407b088b574,"[[21, 0], [21, 4]]"
f_afd3596bf5805cdd2f80,"[[11, 1], [12, 0], [12, 1], [12, 2], [12, 3]]"
f_ce7171f98593fc66a308,"[[1, 1], [1, 2], [5, 0], [5, 1], [5, 2], [5, 3]]"
f_5b5baf0e99c2309bc916,"[[2, 0], [3, 0], [3, 1]]"
f_572fbc7dd9d8a9633837,"[[2, 2], [3, 2]]"
f_b9fdf1c64666752c90dd,"[[3, 1], [3, 3], [3, 5], [4, 1], [4, 3], [4, 5]]"
f_922387f4fd01d7f0a460,"[[1, 1], [1, 3], [2, 1], [2, 3], [4, 1], [4, 3]]"
f_04d9623a8843edf4065c,"[[1, 0], [1, 1], [1, 2], [2, 0], [2, 1], [2, 2]]"
f_10b5940c6192e82fa7b8,"[[1, 0], [1, 1], [1, 3], [2, 0], [2, 1]]"
f_3a753e8325c2f4f2f221,"[[2, 1], [2, 2], [2, 3], [2, 4], [7, 1], [7, 3], [7, 4]]"
f_f606e9aa2035674896f2,"[[2, 0], [2, 6], [3, 0], [3, 1], [3, 6], [4, 0], [4, 6], [5, 6]]"
f_88984d3627aec15d015d,"[[5, 0], [5, 2], [5, 3], [5, 4], [5, 5], [6, 0], [6, 2], [6, 3], [6, 4], [6, 5]]"
f_43f007564ae021c403f8,"[[1, 1], [1, 2], [2, 1], [2, 2], [4, 3]]"
f_2e391a56cd65b848020a,"[[3, 0], [3, 2], [5, 0], [5, 2], [7, 0], [7, 2], [9, 0], [9, 2], [10, 0], [10, 2]]"
f_78883f937edb4e5eee92,"[[1, 0], [1, 1], [1, 2], [1, 3], [1, 4], [1, 5], [11, 0], [12, 0], [13, 0], [13, 1], [13, 2], [13, 3], [13, 4], [13, 5], [14, 0], [14, 3], [15, 0], [15, 3], [16, 0], [16, 3], [17, 0], [17, 3], [18, 2]]"
f_07d588b480eed7a696d7,"[[1, 0], [1, 1], [1, 2], [1, 3]]"
f_5154003aa153bebd7265,"[[5, 0], [5, 1], [5, 4], [5, 5], [5, 6], [6, 1], [6, 2]]"
f_33d4da9b5e76c1252313,"[[23, 0], [23, 1], [24, 0], [24, 1], [24, 2]]"
f_478f782f53dec89d1948,"[[1, 0], [1, 1], [1, 2], [14, 0], [14, 1], [14, 2]]"
f_ed6838e6007783dc29a4,"[[1, 0], [1, 1], [1, 2], [1, 3], [2, 0], [2, 1], [2, 2], [2, 3]]"
f_5e4b31e6f92d9a11913c,"[[2, 0], [2, 2], [3, 3]]"
f_452c15923f3f09c68ee5,"[[10, 0], [10, 1], [10, 2], [11, 0], [11, 1], [11, 2], [12, 0], [13, 0]]"
f_eeb3a22f683eb093c610,"[[2, 0], [3, 0], [4, 0], [5, 0], [6, 0], [6, 1], [6, 2], [6, 4], [7, 0], [7, 2], [8, 0], [8, 2], [9, 0]]"
f_875a9afa63f011a6483b,"[[1, 0], [1, 1], [5, 0], [5, 1], [5, 2], [5, 3], [5, 5]]"
f_9403d90ad9e894bed44e,"[[4, 3], [5, 1], [5, 2], [5, 3], [5, 4], [6, 3]]"
f_cce7f95737565f0bb924,"[[7, 0], [7, 1], [8, 0], [8, 1], [9, 0], [9, 1], [10, 0], [10, 9]]"
f_b7bd56dc92e53fbb0cd5,"[[0, 0], [0, 2], [3, 0], [3, 2], [9, 0], [9, 2]]"
f_9e7396b65e43ef9b6db0,"[[4, 0], [4, 1], [4, 3], [7, 1], [7, 3], [8, 1], [8, 3]]"
f_b92d406dc2336fb08c1e,"[[2, 5], [5, 5]]"
f_2984678e4abb45824bbc,"[[7, 0], [8, 0], [8, 1], [8, 2]]"
f_be9cc3ce33f3184bcd42,"[[2, 0], [2, 1], [2, 2], [2, 4], [3, 0], [3, 1], [3, 2], [3, 4], [4, 0], [4, 1], [4, 2], [4, 4]]"
f_1e5dda7270d8d295636d,"[[2, 1], [6, 1], [11, 1], [12, 1], [13, 0], [13, 1], [14, 1], [16, 1], [17, 1]]"
f_398a506f40138404e664,"[[1, 1], [1, 3], [2, 1]]"
f_7c48c2cdb34c028a8999,"[[8, 0], [9, 0], [9, 1], [9, 2], [9, 3], [9, 4], [9, 5]]"
f_5e1ec82393f59ae0543a,"[[10, 0], [10, 1], [10, 4], [11, 0], [11, 1], [11, 4]]"
f_310e4e4deedddac0237a,"[[1, 0], [1, 1], [1, 2], [1, 3], [2, 0], [2, 1], [2, 2], [2, 3]]"
f_7a7dc02dd8e8327ed235,"[[2, 2], [3, 2], [4, 2]]"
f_e3765e0e042aa8167c48,"[[1, 0], [1, 1], [1, 2], [2, 0], [2, 1], [2, 2], [3, 0], [4, 2]]"
f_517ab0f23e0ffaa742f3,"[[2, 0], [3, 0], [4, 0], [5, 0], [5, 2], [5, 3], [5, 4], [5, 6]]"
f_ec2103d4198eaff31ba3,"[[1, 0], [1, 1], [1, 3], [2, 1], [2, 3]]"
f_a549865cc9bfe9d323af,"[[1, 0], [1, 1]]"
f_537d01aca6c920833fac,"[[1, 0], [2, 0], [3, 0], [3, 1], [3, 2], [3, 3], [4, 0], [5, 0]]"
f_57e60c825c4655c7ed25,"[[15, 0], [16, 0], [16, 4], [16, 5]]"
f_a49f8fe06b75bc92a805,"[[7, 0], [8, 0], [9, 0], [10, 0], [11, 0], [12, 0], [12, 11], [12, 12]]"
f_72364866016e48d28b40,"[[20, 0], [20, 1], [20, 2], [21, 0], [21, 1], [21, 2]]"
f_d8ca92368134c5daad98,"[[3, 0], [4, 0], [4, 1], [4, 2], [4, 4], [5, 0], [5, 1], [5, 2], [5, 4], [6, 0], [7, 0]]"
f_25db38a864ad10b3f742,"[[5, 0], [6, 0], [6, 1], [6, 2], [6, 3], [7, 0], [7, 1], [7, 2], [7, 3]]"
f_2ff89cf917fff8050cef,"[[2, 0], [2, 1], [2, 3], [2, 5], [9, 0], [9, 1], [9, 3], [9, 5], [11, 0], [11, 1], [11, 2], [11, 3], [11, 5]]"
f_f34764c5586bd4419383,"[[4, 0], [4, 1], [5, 0], [5, 1], [6, 0], [6, 1], [6, 2]]"
f_3c23a5efc6a689c05af3,"[[10, 1], [10, 2], [10, 3], [15, 1], [15, 2], [15, 3], [16, 1], [16, 2], [16, 3], [18, 1], [18, 2], [18, 3]]"
f_926cae0b9d855d1c8db8,"[[1, 0], [1, 4], [2, 0], [2, 4], [3, 0], [3, 4], [4, 0], [4, 4]]"
f_063f60606c8f8c67a577,"[[1, 1], [1, 2], [1, 3], [2, 1], [2, 2], [2, 3], [3, 1], [3, 2], [3, 3]]"
f_a8c5101908337fa09658,"[[7, 0], [7, 1], [7, 2]]"
f_6dff0e4f1ee023b7e3ae,"[[1, 0], [1, 1], [1, 2], [1, 3], [2, 0], [2, 1], [2, 2], [2, 3]]"
f_b203e4891eb0026d6803,"[[13, 1], [14, 1], [15, 1], [16, 1], [17, 1], [18, 3], [18, 4]]"
f_c8844c6ea222f9b3acc7,"[[1, 1], [2, 1], [2, 3]]"
f_bea5aa4e489f8ebecf42,"[[4, 0], [4, 1], [4, 2], [5, 0], [5, 1], [5, 2], [7, 1], [7, 2], [9, 1], [9, 2]]"
f_5d3bde71356d1d47a485,"[[10, 0], [10, 1], [10, 2], [10, 3], [11, 0], [11, 1], [11, 2], [11, 3]]"
f_cd9b002caca56c2ac514,"[[1, 0], [1, 1], [1, 2], [1, 3], [1, 4], [1, 5], [26, 0], [26, 1], [26, 2], [26, 3], [26, 4], [26, 5], [29, 2]]"
f_8bb958666fb357af7e79,"[[2, 8], [3, 8], [4, 8], [5, 8], [6, 0], [6, 8], [7, 0], [7, 1], [7, 8]]"
f_0fe7fd81939d589021dd,"[[1, 1], [1, 5]]"
f_e7524f542bad74fd8c1d,"[[1, 1], [1, 2], [1, 3], [2, 1], [2, 2], [2, 3]]"
f_8e7ea78f2d6c05b0ae7d,"[[1, 0], [1, 1], [1, 2], [2, 0], [2, 1], [2, 2]]"
f_0d12960cf35fe9e0d520,"[[4, 0], [4, 1], [4, 3], [5, 0], [5, 1], [5, 3]]"
f_f766e467b0caac55160a,"[[11, 1], [11, 2], [12, 1], [12, 2], [13, 1], [13, 2], [14, 1], [14, 2], [15, 1], [15, 2], [16, 1], [16, 2], [17, 1], [17, 2], [18, 1], [18, 2], [19, 1], [19, 2], [20, 1], [20, 2], [21, 1], [21, 2], [22, 1], [22, 2], [23, 1], [23, 2], [26, 0], [26, 1], [26, 2], [26, 4]]"
f_783de22d01b790ca65fb,"[[1, 1], [1, 3], [9, 1], [9, 3], [20, 1], [20, 3]]"
f_222d77c30cd8ccd565e7,"[[1, 0], [2, 0], [3, 0], [4, 0], [5, 0], [6, 0], [7, 0], [8, 0], [9, 0], [10, 0], [11, 0], [12, 0], [13, 0]]"
f_2932b3ddd46b04210561,"[[1, 1], [1, 4], [11, 4]]"
f_c3f1759dc5f0c4ba991f,"[[5, 0], [5, 2]]"
f_dd45cf2bb6aa215a869f,"[[11, 0], [11, 5], [17, 0], [18, 5]]"
f_7eea134d23d55ac50512,"[[1, 0], [2, 0]]"
f_928645275392518b6274,"[[4, 0], [5, 0], [5, 1], [5, 2]]"
f_3e11e5b64f5889c9e7c2,"[[4, 0], [4, 3], [5, 0], [5, 3], [14, 0], [14, 3]]"
f_9219e549fecc635ebdd7,"[[1, 1], [1, 2], [1, 3], [2, 3], [3, 3], [4, 3], [5, 3], [6, 3], [7, 3]]"
f_32e4a7bc0bca99b91ca1,"[[3, 0], [3, 3], [3, 5], [4, 0], [4, 3], [4, 5]]"
f_78cbd27f7690bf9001de,"[[1, 0], [1, 1], [1, 2], [2, 1], [3, 1], [4, 1], [5, 1]]"
f_99cce8c492cc894d4c19,"[[1, 0], [2, 0], [2, 1], [2, 2]]"
f_3fa9a736d8b20f8cad55,"[[1, 0], [2, 0], [3, 0], [3, 2], [3, 3], [3, 4], [3, 5]]"
f_4a2e924e39bfa1870d22,"[[1, 4], [2, 4], [3, 0], [3, 1], [3, 2], [3, 3], [3, 4], [3, 5], [4, 0], [4, 1], [4, 2], [4, 3], [4, 4], [4, 5], [5, 4], [6, 0], [6, 1], [6, 2], [6, 3], [6, 4], [6, 5], [7, 4], [8, 4], [9, 4], [10, 4], [11, 4]]"
f_ab6945639c1a26ffeb46,"[[1, 1], [1, 2], [5, 3]]"
f_4554c93dba4b0ce79049,"[[1, 0], [1, 1], [1, 2], [1, 3], [1, 4], [2, 0], [2, 1], [2, 2], [2, 3], [2, 4]]"
f_f30af7271f591a14b145,"[[1, 0], [2, 0], [2, 1], [2, 2], [2, 3]]"
f_ceb7c9fd942eed596507,"[[1, 1], [1, 2], [2, 2], [4, 3]]"
f_bdf735c5709dfd8f3f21,"[[4, 0], [4, 4], [5, 0], [5, 4], [6, 0], [6, 4], [7, 0], [7, 4], [8, 0], [8, 4]]"
f_843668fc6b02ce313a7d,"[[14, 0], [14, 1], [14, 2], [15, 0], [15, 1], [15, 2]]"
f_a9edb6524ce681ac59d9,"[[10, 0], [11, 2]]"
f_975d1d842ee188bc0ec9,"[[24, 0], [25, 0], [26, 0], [27, 0], [27, 1], [27, 2], [27, 3], [28, 0]]"
f_2ddbeadae70b9b34fca7,"[[1, 0], [1, 1], [1, 2], [1, 3], [1, 4], [1, 5], [6, 0], [6, 1], [6, 2], [6, 3], [6, 4]]"
f_db477597d1b736b185c0,"[[6, 0], [6, 1], [6, 3], [7, 0], [7, 1], [7, 3]]"
f_c19e18a3ea96d438fef0,"[[5, 0], [5, 1], [5, 2], [5, 3], [5, 4], [6, 0], [6, 1], [6, 2], [6, 3], [6, 4]]"
f_ce5fcb6d01d29decfca0,"[[1, 0], [1, 1], [2, 0], [2, 1], [2, 2], [2, 3]]"
f_9f5fcb8db658968aa65f,"[[3, 1], [3, 2], [3, 4], [4, 1], [4, 2], [4, 4]]"
f_47c0ab52ddcb9ac3d044,"[[1, 0], [2, 0], [3, 0], [4, 0], [5, 0], [6, 0], [7, 0], [8, 0], [8, 1], [8, 2], [8, 3], [8, 4]]"
f_cd00e8ca1830f427b1fd,"[[6, 0], [7, 0], [8, 0], [9, 0], [9, 1], [9, 3], [9, 4]]"
f_7e814ce40f19adce5668,"[[1, 1], [1, 2], [1, 3], [2, 1], [2, 2], [2, 3]]"
f_f61ba9a49f6e533b7a26,"[[8, 0], [9, 0], [9, 1], [9, 2], [9, 3], [9, 4], [10, 0], [11, 0]]"
f_6226a6ce7c2a19e920b7,"[[13, 0], [13, 1], [13, 2], [14, 0], [14, 1], [14, 2], [14, 3], [15, 0], [15, 1], [15, 2]]"
f_5009a7fc643af46f35b6,"[[1, 0], [1, 1], [1, 2], [2, 0], [2, 1], [2, 2]]"
f_6f9e27974ab8fab88020,"[[4, 0], [17, 0], [17, 4]]"
f_106ffd88996a80f3b235,"[[8, 0], [11, 0], [11, 1], [11, 2]]"
f_8a24429c944879762e1b,"[[1, 1], [1, 4], [9, 4]]"
f_4b8644daeb0a803801d7,"[[1, 1], [1, 2], [1, 3], [2, 1], [2, 2], [2, 3]]"
f_9e6b5ae40d802a68f05c,"[[1, 2], [2, 2], [2, 3], [3, 2], [3, 3]]"
f_d245f36776c22b663322,"[[4, 0], [5, 0], [6, 0], [6, 1], [6, 2]]"
f_d159bf380a5ba85ea599,"[[9, 0], [10, 0], [10, 1], [10, 2]]"
f_cd324ba2009d9cb67807,"[[1, 2], [2, 0], [2, 2], [2, 3], [2, 4], [3, 2], [4, 2]]"
f_a51b7814792bf91b9d5b,"[[3, 3], [3, 4], [7, 3], [7, 4], [14, 3], [14, 4], [18, 3], [18, 4], [20, 3], [20, 4], [22, 0], [22, 1], [22, 3], [22, 4], [23, 0], [23, 1], [23, 3], [26, 0], [26, 1], [26, 3], [26, 4]]"
f_f0c082b92bb332fdba07,"[[23, 2], [27, 0], [27, 1], [28, 1], [28, 2], [29, 0], [29, 1]]"
f_0ca0f6014761c02f9fd5,"[[1, 0], [1, 1], [1, 2], [1, 3], [1, 5], [1, 6]]"
f_10c1c819895122645182,"[[2, 0], [3, 0]]"
f_f0faab3d8704465007d1,"[[3, 0], [3, 1], [3, 2], [4, 0], [4, 1], [4, 2], [5, 0], [5, 1], [5, 2], [6, 0], [6, 1], [6, 2], [7, 0], [7, 1], [8, 0], [8, 1], [9, 0], [9, 1], [10, 0], [10, 1], [11, 0], [11, 1], [12, 0]]"
f_4a63988c808bd4103619,"[[2, 1], [2, 3], [6, 0], [6, 1], [6, 3], [7, 1], [7, 3], [10, 0], [10, 1], [10, 3], [11, 0]]"
f_ff59cfc7c759429791df,"[[1, 0], [1, 1], [1, 2], [3, 0], [3, 1], [3, 2], [4, 0], [4, 1], [4, 2], [5, 0], [5, 1], [5, 2]]"
f_29e4bf5fc4d361eef4c4,"[[2, 0], [2, 1], [2, 2], [2, 3], [4, 0], [4, 1], [4, 2], [4, 3], [7, 0], [7, 1], [7, 2], [8, 0], [8, 1], [8, 3]]"
f_1356fb03f0ed8ea37afe,"[[3, 1], [4, 1], [4, 3], [4, 5], [5, 1]]"
f_8312a3c19ff9cb4454eb,"[[4, 0], [4, 2], [4, 3], [5, 0], [5, 2], [5, 3]]"
f_8d3fc6955a99898ee841,"[[4, 0], [4, 1], [4, 2], [4, 4], [5, 0], [5, 1], [6, 0], [6, 1], [6, 2], [6, 4], [7, 0], [8, 0], [9, 0]]"
f_e75b14f058257ac017df,"[[2, 0], [2, 2], [2, 3], [2, 4], [3, 0], [3, 2], [3, 3], [3, 4]]"
f_2dd5e6c808d3035fe571,"[[1, 1], [1, 2], [1, 3], [2, 1], [2, 2], [2, 3], [3, 1], [3, 2], [3, 3], [4, 1], [4, 2], [4, 3], [5, 1], [5, 3], [6, 1], [6, 3], [7, 1], [7, 2], [7, 3], [8, 1], [8, 2], [8, 3], [9, 1], [9, 2], [9, 3], [10, 1], [10, 2], [10, 3], [11, 1], [11, 2], [11, 3], [12, 1], [12, 2], [12, 3], [13, 1], [13, 2], [13, 3], [14, 1], [14, 2], [14, 3], [15, 1], [15, 2], [15, 3], [16, 1], [16, 2], [16, 3], [17, 1], [17, 2], [17, 3], [18, 1], [18, 2], [18, 3], [19, 0], [19, 1], [19, 2], [19, 3]]"
f_3549e566156d8fe9b606,"[[2, 0], [2, 1], [2, 2], [2, 3], [3, 0], [3, 1], [3, 3], [4, 0], [4, 1], [4, 3], [5, 0], [5, 1], [5, 2], [5, 3]]"
f_65e4be063dc5735a161e,"[[5, 1], [5, 9], [6, 1], [6, 9], [7, 1], [7, 9]]"
f_4c73a08cf8acaaa78448,"[[3, 0], [3, 1], [3, 3], [3, 5], [4, 0], [4, 1], [4, 3], [4, 5], [5, 0], [5, 1], [5, 3], [5, 5]]"
f_daee10f52780bb05a8f4,"[[1, 1], [2, 1], [2, 3]]"
f_ff68f44ccc741cc19f33,"[[3, 0], [3, 3], [4, 0], [4, 3], [5, 0], [5, 3], [6, 0], [6, 3]]"
f_23a95055ffbbcc60a447,"[[3, 1], [11, 1]]"
f_36f7637f269ffd6b043f,"[[2, 1], [2, 2], [2, 4], [8, 1], [8, 2], [8, 4]]"
f_811791cc0a2f5e0daa9b,"[[1, 2], [1, 4], [2, 1], [2, 2], [2, 4]]"
f_5220f46285b34213fc83,"[[10, 1], [10, 2], [10, 3], [10, 4], [10, 5], [10, 6], [10, 7], [10, 8], [18, 3]]"
f_61dbd5f72ba6799db24d,"[[2, 0], [3, 0], [4, 0], [5, 0], [6, 0], [7, 0], [8, 0], [9, 0], [10, 0], [11, 0], [12, 0], [13, 2], [13, 3], [13, 10]]"
f_8d3ccf79d5706aa4187e,"[[15, 0], [15, 1], [16, 0], [16, 1], [17, 0], [17, 1], [18, 0], [18, 1], [19, 0], [19, 3], [20, 0], [20, 1], [21, 0], [22, 0]]"
f_1547647955a91ce7b7fa,"[[6, 0], [6, 1], [6, 2], [7, 0], [8, 0], [9, 0], [9, 1], [9, 2], [10, 0]]"
f_5baa8b6c9cea3469e5d6,"[[1, 0], [1, 1], [1, 2], [1, 3], [1, 4]]"
f_dc7609da534bb4ec58f7,"[[1, 2], [2, 2], [3, 0], [3, 1], [3, 2], [3, 3]]"
f_05b0a736a609ddd15d23,"[[5, 0], [6, 0], [6, 1], [6, 2], [7, 0]]"
f_9db7b46c209fd6404e31,"[[1, 1], [2, 0], [2, 1], [2, 2]]"
f_1c2f39b45eef633a6f29,"[[1, 0], [1, 1], [1, 2], [1, 3], [1, 4], [1, 5], [2, 0], [2, 1], [2, 2]]"
f_4b928ef465f52e69508e,"[[9, 0], [10, 0], [10, 1], [10, 2], [10, 3], [10, 4]]"
f_c7cf16f70f0b2adf4c58,"[[2, 0], [2, 1], [3, 0], [3, 1], [4, 0], [4, 1], [5, 0], [5, 1], [6, 0], [6, 1], [7, 0], [7, 1], [8, 0], [8, 1], [9, 0], [9, 1], [10, 0], [10, 1], [11, 0], [11, 1], [12, 0], [12, 1], [13, 0], [13, 1], [14, 0], [14, 1], [15, 0], [15, 1], [16, 2]]"
f_eebd66927cdac475d452,"[[3, 0], [3, 1], [3, 2]]"
f_5fe95e2874adc971d4c4,"[[2, 0], [3, 0], [10, 0], [10, 1], [10, 2], [10, 3]]"
f_981db98f72ce70c10c95,"[[3, 2], [3, 3], [3, 4], [4, 2], [4, 3]]"
f_2e04981d5ced9a258f35,"[[10, 1], [10, 3], [10, 4], [16, 1], [16, 3], [16, 4], [19, 1], [19, 3], [19, 4], [20, 1], [20, 3], [20, 4]]"
f_1cd7d68e858556829785,"[[3, 0], [3, 4], [4, 0], [4, 4]]"
f_9896c549a6aab37e8689,"[[1, 2], [1, 3], [2, 2], [2, 3], [3, 2], [3, 3], [4, 2], [4, 3], [5, 1], [5, 2], [5, 3], [6, 2], [6, 3], [7, 1], [7, 2], [7, 3]]"
f_4e29f5d824a389b4b435,"[[1, 0], [1, 3], [11, 3]]"
f_8ddab993c4a5653587e5,"[[1, 0], [1, 1], [1, 3]]"
f_16a0b919686c3dd41247,"[[2, 0], [2, 1], [2, 2], [2, 3]]"
f_6d3c19460eb37011167d,"[[5, 0], [5, 3], [6, 0], [6, 3], [7, 0], [7, 3], [8, 0], [8, 3], [9, 0], [9, 3], [10, 0], [10, 3], [11, 0], [11, 3], [12, 0], [12, 3], [13, 0], [13, 3], [14, 0], [14, 3], [15, 0], [15, 3], [16, 0], [16, 3], [20, 0], [20, 3]]"
f_de2a0ffbdf14a9e0fe3f,"[[5, 0], [5, 1], [5, 2], [5, 3], [5, 4]]"
f_92977ec58e4a754ba658,"[[2, 1], [3, 1], [4, 1], [5, 1], [6, 1], [7, 1], [8, 1], [9, 1], [10, 1], [11, 1], [12, 1], [13, 1], [14, 1], [16, 1], [17, 1], [18, 1], [20, 1], [21, 6], [21, 7]]"
f_e1cff836fd38e83e657c,"[[9, 1], [9, 4]]"
f_22ffee4ad8510a8f8233,"[[6, 1], [6, 4], [7, 1], [7, 4], [8, 1], [8, 4], [9, 1], [9, 4], [11, 0], [11, 1], [11, 2], [11, 4], [12, 0], [12, 1], [12, 4], [13, 0], [13, 1], [13, 4], [14, 0], [14, 1], [14, 4]]"
f_1ff64a5ffc0ea2afeae5,"[[1, 1], [1, 2], [1, 3], [2, 1], [2, 2], [2, 3], [3, 1], [3, 2], [3, 3]]"
f_d12c2b184da293cb51af,"[[1, 0], [1, 1], [1, 5], [4, 0], [4, 1], [4, 5]]"
f_445ff27c31bbe61c7f9c,"[[15, 0], [15, 2], [15, 3], [15, 4], [16, 0], [16, 2], [16, 3], [16, 4]]"
f_6c9214e0507e6811994a,"[[14, 0], [14, 1], [14, 2], [14, 3], [16, 0], [16, 1], [16, 2], [16, 3]]"
f_b5bf8e840ebb3efb5fea,"[[1, 2], [1, 3], [2, 0], [2, 2], [2, 3], [2, 5], [3, 0], [3, 2]]"
f_cbbefc862f13b5bdcf95,"[[15, 1], [15, 2], [16, 1], [16, 2], [17, 1], [17, 2], [18, 1], [18, 2], [19, 1], [19, 2]]"
f_2dc486b5f950278b9c06,"[[2, 0], [2, 3], [3, 0], [3, 3]]"
f_73fa605d5fd233c39f2b,"[[2, 0], [2, 1], [2, 2], [2, 4], [3, 0], [3, 2], [4, 0], [4, 1], [4, 2], [4, 4], [5, 0], [5, 2]]"
f_179caaf7b4732d739c87,"[[1, 1], [1, 2], [1, 5], [4, 3]]"
f_59068162f2e9a78306c2,"[[9, 1], [10, 0], [10, 1]]"
f_a0810c8ea2222db6d196,"[[2, 0], [2, 1], [2, 3], [3, 0], [3, 1], [3, 3]]"
f_7db4a921e39c262ec0bd,"[[4, 0], [4, 1], [4, 2], [4, 3], [4, 4], [5, 0], [5, 1], [5, 2], [5, 3], [5, 4], [6, 0], [7, 0], [7, 1], [7, 2], [7, 3], [7, 4], [8, 0], [8, 1], [8, 2], [8, 3], [8, 4]]"
f_0b124930612e6dbc1c13,"[[1, 1], [1, 3], [2, 0], [2, 1], [2, 2], [2, 3]]"
f_f367f3be03a15850474a,"[[3, 0], [3, 8], [4, 0], [4, 8]]"
f_f1dface5975d844a2be2,"[[5, 0], [6, 0], [6, 1], [6, 2], [16, 0], [16, 1], [16, 2], [23, 0], [23, 1], [23, 2]]"
f_49dd5935f8ca77992784,"[[4, 0], [4, 1], [5, 0], [5, 1], [5, 2]]"
f_30fab8e326b72cac74c9,"[[17, 1], [17, 2], [17, 3]]"
f_8a0a42c3463f7c5cf454,"[[4, 0], [4, 1], [31, 0], [31, 1], [31, 2]]"
f_3078e709805b33a2daf2,"[[2, 0], [2, 1], [2, 2], [2, 3], [2, 4], [2, 5], [2, 6], [2, 7], [2, 8], [2, 9], [2, 10], [2, 11], [2, 12], [3, 0], [3, 1], [3, 2], [3, 11]]"
f_42589fb49649ca71ef16,"[[3, 0], [3, 4], [3, 5], [4, 0], [4, 4], [4, 5]]"
f_d91ca6d4d8ccf7d62fac,"[[3, 0], [4, 0], [5, 0], [6, 0], [7, 0], [8, 0], [9, 0], [10, 0], [11, 0], [12, 0], [12, 3], [12, 4]]"
f_6be10294c2f061799443,"[[2, 0], [3, 0], [4, 0], [4, 1], [4, 4]]"
f_ebb8512d7812c86b0dbd,"[[6, 0], [6, 2], [6, 3], [7, 0], [7, 2], [7, 3]]"
f_e78ec2a6b5fc894f2b89,"[[12, 1], [12, 3], [14, 1], [14, 3], [16, 1], [16, 3]]"
f_d39a61d5ef66711464e3,"[[1, 1], [1, 2], [1, 3]]"
f_611b77528625d092590b,"[[1, 0], [1, 1], [1, 2], [23, 0], [23, 1], [23, 2], [24, 3], [24, 4], [24, 5], [24, 6]]"
f_1cf324fcd4a47ae1415b,"[[1, 0], [2, 0], [3, 0], [4, 0], [5, 0], [6, 0], [7, 0], [8, 0], [9, 0], [10, 0], [11, 0], [12, 0], [13, 0], [14, 0], [15, 0], [15, 1], [15, 2]]"
f_84f8d84900864dbe26b0,"[[1, 0], [2, 0], [2, 1], [2, 2]]"
f_84e7e67ea61dff0bbdfb,"[[6, 0], [7, 0], [8, 0], [9, 0], [10, 0], [10, 1], [10, 2], [10, 3], [10, 4], [10, 5], [11, 0], [11, 1], [11, 2], [11, 3], [11, 4]]"
f_073f8efe072b0effc607,"[[5, 0], [5, 1], [5, 2], [5, 3], [6, 0], [6, 1], [6, 2]]"
f_9c2851c79646b4557340,"[[9, 1], [10, 1]]"
f_5fcacbe050d9441518b1,"[[3, 0], [3, 1], [3, 3], [4, 0], [5, 0], [6, 0], [9, 0], [9, 1], [9, 3], [11, 0], [12, 0], [12, 1], [12, 3]]"
f_0d6395a53037121d44ed,"[[1, 2], [1, 3], [2, 2], [2, 3], [3, 2], [3, 3], [4, 1], [4, 2], [4, 3], [4, 4]]"
f_86786999220b2f0669b7,"[[3, 0], [4, 0], [4, 1], [4, 2], [5, 0], [6, 0], [7, 0], [11, 0], [11, 1], [11, 2], [12, 0], [13, 0], [14, 0], [15, 0], [16, 0], [17, 0], [18, 0]]"
f_54c14b5b4b1ca1733caf,"[[3, 2], [3, 3], [4, 2]]"
f_8cdff8983fa452edc474,"[[16, 0], [16, 1], [16, 4], [17, 0], [17, 1], [17, 3]]"
f_115dcf8f2ce764e4f8ef,"[[11, 0], [11, 1], [11, 2], [11, 3], [11, 4], [11, 5], [11, 6], [11, 7], [12, 1], [12, 2], [12, 4], [12, 5]]"
f_993687d6904905a04788,"[[2, 0], [3, 0], [3, 5]]"
f_5abfc51f20346a9ff39d,"[[8, 0], [8, 1], [8, 2], [11, 0], [11, 1], [11, 2], [12, 0], [12, 1], [12, 2]]"
f_a822aae7edadd9f530ab,"[[1, 1], [1, 2], [1, 4], [2, 1], [2, 2]]"
f_c2f5e049f69ec05764df,"[[12, 0], [12, 1], [12, 3], [14, 0], [14, 1], [14, 3], [16, 0], [16, 1], [16, 3], [18, 0], [18, 1], [18, 3]]"
f_3fc0ede32b3a4e27f45b,"[[2, 0], [3, 0], [4, 0], [5, 0], [6, 0], [7, 0], [8, 0], [9, 0], [9, 1], [9, 2], [9, 3]]"
f_9bc31920b87102ba3a0e,"[[1, 0], [1, 1], [1, 2], [2, 0], [2, 1], [2, 2], [3, 0]]"
f_e211c78da594ee22fa21,"[[3, 0], [3, 1], [3, 2], [5, 0], [5, 1], [5, 2]]"
f_20f7ce8ea87b7b5aa2d7,"[[2, 0], [2, 3], [3, 0], [3, 3], [4, 0], [4, 3]]"
f_214a0add8f508a8a1076,"[[18, 0], [18, 1], [18, 2], [18, 3], [19, 0], [19, 1], [19, 2], [19, 3], [22, 0], [22, 1], [22, 2], [22, 3]]"
f_d9ecbbe8f53bc7d49fe5,"[[2, 0], [3, 0], [4, 0], [5, 0], [6, 0], [7, 0], [7, 3], [7, 4]]"
f_e64701f7238d37f4f0ce,"[[3, 1], [4, 1], [5, 1], [6, 1], [7, 1], [8, 1], [9, 1], [10, 1], [11, 1], [12, 1], [13, 1], [14, 1], [15, 1], [16, 1], [20, 3], [20, 4]]"
f_5e037d31b604b353bff9,"[[2, 0], [3, 0], [4, 0], [5, 0], [6, 0], [7, 0], [8, 0], [8, 3], [8, 5], [8, 8]]"
f_ef9a5d211e226c805116,"[[4, 0], [5, 0], [5, 1], [5, 2], [5, 3]]"
f_dfc2cfa760ca6d2f3eee,"[[1, 2], [5, 2]]"
f_ae5de0e7e90a37de10b7,"[[4, 0], [5, 0], [5, 1], [5, 3]]"
f_c707d60f342daa471978,"[[1, 0], [2, 0], [3, 0], [3, 1], [3, 2], [4, 0], [4, 1], [4, 2], [4, 3], [4, 4], [5, 1], [6, 1]]"
f_94a4ad568ee166e49d69,"[[2, 0], [3, 0], [3, 1], [3, 3], [4, 0], [4, 1], [4, 3], [5, 0]]"
f_eb47c53bfd611c38ca21,"[[1, 1], [1, 2], [1, 4], [2, 1], [2, 2], [2, 4]]"
f_3937ad48f6c64440c2ed,"[[4, 2], [5, 0], [5, 1], [5, 2], [6, 1], [10, 0], [10, 1], [10, 2]]"
f_bd458f2557fcca412c38,"[[4, 3], [5, 0], [5, 1], [5, 3]]"
f_b8409b4dac8068c77ea9,"[[4, 0], [5, 0], [5, 1], [5, 2], [5, 3]]"
f_0c69fc3cafab808324b8,"[[2, 0], [3, 0], [4, 0], [5, 0], [6, 0], [7, 0], [8, 0], [9, 0], [9, 1], [10, 0], [10, 1], [10, 2], [10, 3], [10, 4], [11, 0], [11, 1], [12, 0], [12, 1]]"
f_4482700125dff6ebea04,"[[3, 1], [3, 2], [3, 3], [3, 4], [4, 1], [4, 2], [4, 3], [4, 4], [5, 1], [5, 2], [5, 3], [5, 4], [6, 1], [6, 2], [6, 3], [6, 4]]"
f_298832c068ddc461a0ef,"[[1, 2], [1, 3], [2, 1], [2, 2], [2, 3]]"
f_29e08804f8728427a23d,"[[2, 0], [3, 0], [4, 0], [5, 0], [6, 0], [7, 0], [8, 0], [9, 0], [10, 0], [11, 0], [12, 0], [13, 3]]"
f_ff54a1eb7df4571232bd,"[[7, 2], [7, 3], [8, 2], [10, 2], [10, 3]]"
f_635526554953ee2f014f,"[[1, 0], [1, 1], [1, 2], [1, 3], [2, 0], [2, 1], [2, 2], [2, 3], [3, 0], [3, 1], [3, 2], [3, 3]]"
f_efabef3ab0071013a81f,"[[1, 2], [1, 3], [1, 5], [2, 2], [2, 5], [4, 2], [4, 5], [5, 2], [5, 5], [6, 2], [6, 5]]"
f_046ece27af1e718e215d,"[[6, 1], [6, 2], [6, 3], [6, 4], [7, 1], [7, 2], [7, 3], [7, 4]]"
f_84714ded944ee9b6dfc4,"[[4, 0], [4, 2], [4, 3], [4, 4], [5, 0], [5, 2], [5, 3], [5, 4]]"
f_7284dbe4a4faea838317,"[[1, 0], [1, 1], [1, 2], [2, 0], [2, 1], [2, 2], [2, 3]]"
f_2d7ecc35cb47f73af3c8,"[[6, 1], [7, 1], [7, 2], [8, 1], [9, 1], [10, 1], [11, 1], [12, 1], [13, 1]]"
f_194595da602b4abbb4c9,"[[3, 0], [3, 3], [3, 6], [4, 0], [4, 3], [4, 6], [7, 0], [7, 3]]"
f_da0e4b24628990259a55,"[[8, 0], [8, 1], [8, 2], [8, 3], [9, 0], [9, 1], [9, 2], [9, 3]]"
f_19d37a93777b5045d3b4,"[[8, 0], [8, 1], [8, 2], [9, 0], [9, 1], [9, 2]]"
f_bbe3cbbbaa10252ba975,"[[13, 2], [14, 2], [15, 0], [15, 1], [15, 2], [16, 0], [16, 1], [16, 2]]"
f_cfe532ccbe6366f52270,"[[1, 0], [1, 2], [2, 0], [2, 2], [3, 0], [3, 1], [3, 2], [3, 3]]"
f_b23e8c795d21fb8834c4,"[[9, 1], [9, 2], [9, 3], [10, 1], [10, 2], [10, 3]]"
f_3f522846556b38afe51e,"[[1, 1], [1, 2], [1, 3], [1, 4], [2, 1], [2, 2], [2, 3], [2, 4], [3, 1], [3, 2], [3, 3], [3, 4]]"
f_30f4fc8cab10d6c3f762,"[[1, 2], [3, 3]]"
f_49d47d26749fb5b98767,"[[6, 1], [6, 8], [7, 0], [7, 1], [7, 8], [8, 1], [8, 8], [9, 1], [9, 8]]"
f_3e9e23b86be1b536fbbb,"[[4, 0], [4, 1], [4, 2], [4, 3], [4, 4], [5, 0], [5, 3], [6, 0], [6, 3], [7, 0], [7, 1], [7, 2], [7, 3], [7, 4], [8, 0], [8, 1], [8, 3], [9, 3]]"
f_7e81c0ef164d6b3461f2,"[[9, 6], [10, 6], [10, 12], [11, 6], [11, 12], [12, 6], [12, 12], [13, 6], [13, 12], [14, 6], [14, 12], [15, 6], [15, 12], [16, 6], [16, 12], [17, 6], [17, 12], [18, 6], [18, 12], [19, 6]]"
f_2395b01162eb36f829d8,"[[27, 0], [27, 2], [27, 3], [27, 4], [28, 0], [28, 2], [28, 3], [28, 4], [29, 0], [29, 2], [29, 3], [29, 4]]"
f_ca1454f4d3ed62142e0c,"[[3, 2], [4, 2], [5, 2], [6, 2], [7, 1], [7, 2], [8, 1], [8, 2], [9, 1], [9, 2], [10, 0], [10, 1], [10, 2]]"
f_25f8588746b539994d88,"[[1, 1], [3, 1], [3, 2], [3, 3]]"
f_9c298fd8ff42b28c94fd,"[[19, 3], [20, 3], [21, 3], [22, 0], [22, 1], [22, 3], [23, 3]]"
f_89b4bb1ef31cbd587f88,"[[6, 0], [6, 1], [7, 0], [7, 1], [7, 3]]"
f_5b293fdc469f800cca02,"[[12, 0], [13, 0], [13, 1], [13, 2], [13, 3], [13, 4], [14, 0]]"
f_3c1a0098e731a499bc1f,"[[6, 1], [6, 4], [9, 1], [9, 4]]"
f_ce59bdaeed0350727c0c,"[[7, 0], [8, 0], [9, 0], [10, 0], [10, 1], [10, 2], [11, 0]]"
f_fae31e45218337831072,"[[8, 0], [8, 1], [8, 3], [9, 0], [9, 1], [9, 3]]"
f_abb5997a0910ef780254,"[[7, 1], [8, 1], [8, 2]]"
f_34f1d51f082e9310718b,"[[1, 0], [1, 1], [1, 2], [1, 3], [1, 4], [1, 5], [4, 2]]"
f_d49c091448c0b947d3d4,"[[1, 1], [1, 2], [1, 3], [1, 4], [2, 1], [2, 2]]"
f_886b23666095ae3ed592,"[[6, 1], [6, 9], [8, 0], [8, 1], [8, 2], [9, 0], [10, 0], [11, 0]]"
f_84fea81c50daca5f56dc,"[[7, 0], [7, 1], [8, 0], [8, 1], [8, 2], [9, 0], [9, 2], [10, 0]]"
f_f4326509064499800b16,"[[1, 2], [1, 4], [2, 2], [2, 4]]"
f_9f122133951fd2240ed4,"[[3, 0], [4, 0], [4, 1], [4, 2], [4, 4], [4, 5]]"
f_9bdbe3b2d5f1af5ac5a7,"[[2, 0], [2, 11], [3, 0], [3, 11]]"
f_ccef46c5ecddff7d1644,"[[1, 0], [1, 1], [1, 2], [1, 3], [2, 0], [2, 1], [2, 2], [2, 3]]"
f_fc6eefaa1e87162c2a7d,"[[1, 0], [1, 1], [1, 2]]"
f_c78570c209ce092f1dca,"[[1, 0], [1, 1], [2, 0], [2, 1]]"
f_ce27647aa7f9f87d5b5d,"[[2, 0], [2, 1], [2, 2], [4, 0], [4, 1], [4, 2]]"
f_813d284f88769fd60196,"[[1, 0], [1, 1], [1, 2], [2, 0], [2, 2], [3, 0], [3, 2]]"
f_4ae3a39f5a0ea36eef00,"[[3, 0], [3, 1], [3, 3], [4, 0], [6, 0], [6, 1], [6, 3], [7, 0]]"
f_16a56ff2bf46665dc6c2,"[[1, 1], [2, 1], [3, 1], [4, 1], [5, 1], [6, 1], [7, 1], [8, 1]]"
f_f8f2a006ea464dafe7f2,"[[7, 6], [8, 6]]"
f_2a5e4bc1c2823a07d797,"[[1, 2], [2, 2], [3, 2], [4, 2], [5, 2], [6, 2], [7, 0], [7, 1], [7, 2], [7, 3], [7, 4], [8, 0], [8, 1], [8, 2], [8, 3], [8, 4]]"
f_54c02aaa15675655196a,"[[2, 0], [2, 2], [2, 5], [3, 0], [3, 5]]"
f_5579742557e87c28a2cc,"[[2, 0], [2, 1], [2, 3], [3, 0], [3, 1], [3, 3], [4, 0], [4, 1], [5, 0], [5, 1], [6, 0], [6, 1]]"
f_bc46e4a8888e4200c619,"[[18, 0], [19, 0], [20, 0], [21, 0], [22, 0], [23, 0], [24, 0], [25, 0], [25, 3]]"
f_89537f3db9bba1ecafe3,"[[6, 0], [6, 1], [6, 2], [6, 3], [7, 1], [7, 2], [7, 3]]"
f_4e60f7d4d22c1b02a430,"[[5, 3], [6, 0], [6, 1], [6, 3], [6, 4], [7, 0], [8, 0], [9, 0]]"
f_14c6dde9963cb895c291,"[[4, 0], [4, 1], [5, 0], [5, 1], [5, 2], [5, 3]]"
f_e42c7a85cbcbf91945bc,"[[8, 1], [8, 3], [8, 4], [8, 5], [9, 1], [9, 3], [9, 4], [9, 5]]"
f_d7b54152fcbb71c9c569,"[[2, 0], [2, 1], [3, 0], [3, 1], [3, 2], [4, 0], [4, 1], [5, 0], [5, 1], [6, 0], [6, 1], [7, 0], [7, 1], [7, 2], [8, 0], [8, 1], [9, 0], [9, 1], [10, 0]]"
f_ac8d2ea4de05238a9edc,"[[7, 1], [7, 3], [8, 0], [8, 1], [8, 2], [8, 3]]"
f_8fa6df5d7198dfaeea0a,"[[14, 0], [14, 1], [14, 3], [24, 0], [24, 1], [24, 3]]"
f_39f626a2eab70f91e4d0,"[[1, 2], [2, 1], [2, 2], [3, 3]]"
f_38ac73683579fb638ab4,"[[2, 0], [2, 1], [2, 2], [2, 3]]"
f_3abfb75257cfa33f2cc3,"[[2, 6], [6, 6], [8, 6]]"
f_ab384f15ccde55011660,"[[1, 2], [2, 2], [4, 2]]"
f_45372599d435fc988af8,"[[1, 1], [1, 2], [2, 1], [2, 2], [7, 3]]"
f_8c6f93de7f4bf88f97d7,"[[1, 0], [1, 1], [1, 2], [1, 3], [1, 4], [1, 5], [2, 0], [2, 3], [2, 4], [2, 5]]"
f_e1e1423391f29daa363f,"[[1, 1], [1, 2], [1, 3], [2, 1], [2, 2], [2, 3]]"
f_22de256a00f657d97855,"[[1, 0], [1, 1], [1, 3], [1, 4], [2, 0], [2, 1], [2, 3]]"
f_4bb005ec9a03ccfc3460,"[[1, 0], [1, 1], [1, 2], [2, 0], [2, 1], [3, 0], [3, 1], [3, 2]]"
f_d777cba24135d0c925be,"[[1, 0], [1, 2], [1, 3], [2, 0], [2, 2], [2, 3]]"
f_bfdb99d1c9da983fd9dc,"[[1, 1], [1, 3], [1, 4], [2, 1], [2, 3], [2, 4]]"
f_973e0757676dd83bd83a,"[[7, 3], [7, 4], [7, 5]]"
f_2856d0f1ff92197a7714,"[[1, 1], [1, 2], [2, 0], [2, 1], [2, 2]]"
f_b1686e3f5644ffe8ca4e,"[[18, 0], [19, 0], [20, 0], [20, 1], [20, 2], [21, 0]]"
f_fdcab103bea2179b01b7,"[[9, 0], [9, 1], [9, 2], [9, 3], [9, 4], [9, 5]]"
f_c0ac0af530dcdcd516cf,"[[1, 0], [1, 1], [1, 2], [1, 3], [1, 4], [1, 5], [2, 0], [3, 0], [4, 0], [5, 0], [6, 0], [7, 0], [8, 0], [9, 0], [10, 0], [11, 0], [12, 0], [13, 0], [14, 0], [15, 0], [16, 0], [17, 0], [17, 1], [17, 2], [17, 3], [17, 4], [17, 5], [18, 0], [19, 0], [20, 0], [21, 0], [21, 1], [21, 2], [21, 3], [21, 4], [21, 5], [22, 0], [23, 0], [24, 0], [25, 0], [26, 0], [27, 0], [28, 0], [29, 2]]"
f_c9c4ac451b6edd2c8775,"[[10, 2], [10, 3], [10, 4], [12, 3]]"
f_d1d02787a1fc98dec608,"[[1, 1], [1, 5], [3, 1], [5, 1], [7, 1], [9, 1], [11, 1], [11, 5], [11, 6]]"
f_25d5d4254d3091d352dc,"[[14, 0], [15, 0], [15, 1], [15, 2], [16, 0], [16, 1], [16, 2], [16, 3], [16, 5], [17, 0], [18, 0]]"
f_b8f6cd12bb3b3aaae096,"[[1, 0], [1, 1], [1, 2], [1, 3], [1, 4]]"
f_7d87fba6646b502a02d3,"[[9, 1], [9, 2], [9, 4], [11, 1], [11, 2], [11, 4]]"
f_5ef780975ee2d442044f,"[[3, 0], [3, 1], [3, 2], [3, 3], [5, 0], [5, 1], [5, 2], [5, 3]]"
f_40844d0110f7bc9a2fb0,"[[2, 0], [3, 0], [3, 1], [3, 2], [4, 0]]"
f_0c031d5afa02928705a7,"[[6, 0], [6, 1], [6, 2], [6, 4]]"
f_80822a5e3c4f4d1d9adf,"[[8, 0], [8, 1], [8, 2], [8, 3]]"
f_858232abbf75e93b85af,"[[1, 0], [2, 0], [3, 0], [4, 0]]"
f_10daaf0633cc124a47e4,"[[2, 0], [2, 1], [3, 0], [3, 1], [4, 0], [4, 1], [5, 0], [5, 1], [6, 0], [6, 1], [7, 0], [7, 1], [8, 0], [8, 9]]"
f_c882d867300e1a42e33d,"[[1, 0], [1, 1], [1, 2], [2, 0], [2, 1], [2, 2], [3, 0], [3, 1], [3, 2]]"
f_c88fd125e6827526dbef,"[[9, 0], [9, 1], [10, 0], [10, 1], [11, 0], [11, 1], [11, 2], [12, 2]]"
f_24d42cd7ca292b09499d,"[[8, 1], [8, 2], [8, 3], [8, 4], [8, 6], [9, 1], [9, 2], [9, 3], [9, 4], [9, 6], [10, 1], [10, 2], [10, 3], [10, 4], [10, 6]]"
f_d04f5a5f28e0c34cfa97,"[[8, 0], [8, 1], [8, 3], [8, 4], [8, 5], [9, 0], [9, 1], [9, 3], [9, 4], [9, 5], [10, 0], [10, 1]]"
f_f24294d09e259b52dc80,"[[1, 0], [1, 1], [1, 5], [2, 0], [2, 1], [2, 5], [3, 0], [3, 1], [3, 5]]"
f_0566fd25757bf4175d77,"[[14, 0], [15, 0], [16, 0], [16, 1], [16, 2], [16, 4]]"
f_ae699b677915120238af,"[[6, 0], [6, 1], [6, 2], [7, 1], [7, 2], [8, 0], [8, 1], [8, 2], [9, 0], [9, 1], [9, 2], [12, 0], [12, 1], [12, 2]]"
f_c4c5c895eb7408351994,"[[15, 0], [15, 1], [16, 0], [16, 1], [17, 0], [17, 1], [18, 0], [18, 1]]"
f_16dba7b5eb5457428a59,"[[1, 0], [1, 1], [1, 3], [2, 3], [6, 3]]"
f_09b8011d75f82d2aa610,"[[1, 0], [1, 1], [1, 2], [1, 3], [1, 4], [2, 0], [2, 1], [2, 2], [2, 4]]"
f_cdc08223ef0fb5c9e171,"[[16, 0], [16, 1], [16, 3], [17, 0], [17, 1], [17, 3], [17, 4]]"
f_f724973f904a4d06e434,"[[1, 3], [1, 4], [2, 3], [2, 4], [3, 3], [3, 4]]"
f_93e5fc9e9baa56c3a345,"[[5, 0], [5, 1], [5, 2], [5, 3], [6, 0], [6, 1], [6, 2], [6, 3]]"
f_5f02e727fd3ed65d8099,"[[1, 0], [1, 1], [1, 3], [1, 4], [2, 0], [2, 1], [2, 3], [3, 0], [4, 0]]"
f_48f8ef683b9cb600e010,"[[2, 0], [2, 1], [3, 0], [3, 1]]"
f_955426d56676d22c6f32,"[[1, 0], [1, 1], [1, 2], [1, 3], [1, 4], [1, 5], [9, 2]]"
f_f126d458a2491a3ef986,"[[1, 0], [1, 2], [2, 0], [2, 2], [2, 3], [2, 4], [2, 5]]"
f_0eddc53d870fd694a8e6,"[[21, 1], [21, 2], [22, 1], [22, 2], [23, 1], [23, 2], [24, 0], [24, 1], [24, 2], [24, 5], [24, 11], [25, 1], [25, 2]]"
f_9820989c1bb46af9d736,"[[1, 0], [1, 1], [1, 2], [1, 3], [1, 4], [1, 5], [9, 0], [9, 1], [9, 2], [9, 3], [9, 4], [9, 5], [15, 0], [15, 1], [15, 2], [15, 3], [15, 4], [15, 5], [31, 2]]"
f_4ec2adf12dacb9ab7ba6,"[[1, 0], [2, 0], [2, 1], [2, 2], [2, 3], [3, 0], [4, 0]]"
f_80e54e5ec9a074f93e17,"[[13, 2], [15, 0], [15, 1], [15, 2]]"
f_9c4cd9c5e5700b757d79,"[[12, 0], [12, 3], [12, 6], [14, 0], [14, 4], [14, 5], [24, 0], [24, 3], [24, 6]]"
f_ace37c933b0d67de1a07,"[[2, 0], [2, 1], [3, 0], [3, 1], [4, 0], [4, 1], [5, 0], [5, 1], [6, 0], [6, 1], [8, 0], [8, 1], [9, 0], [9, 1], [10, 0], [10, 1]]"
f_374bfb2c013fb01fcc5f,"[[3, 0], [3, 1], [3, 2]]"
f_afcedeef90fbea9faf05,"[[10, 0], [10, 1], [10, 2], [10, 3], [10, 6], [11, 0], [11, 1], [11, 2], [11, 3], [11, 6]]"
f_110120689c9ca6ac9086,"[[1, 0], [1, 2], [5, 0], [5, 2]]"
f_e147e7d27b86ed13f456,"[[1, 1], [1, 2], [2, 1], [2, 2]]"
f_915360fde93581f615fe,"[[15, 0], [16, 0], [17, 0], [17, 1], [17, 2], [18, 0], [19, 0]]"
f_80dc724bdac10854cf32,"[[1, 0], [1, 1], [1, 3], [1, 4], [4, 0], [4, 1], [4, 3], [4, 4], [5, 0], [5, 1], [6, 0], [6, 1], [6, 3], [6, 4], [7, 0], [7, 1], [8, 0], [8, 1]]"
f_7bcd06b948c7cc30b143,"[[1, 1], [2, 0], [2, 1], [2, 3], [3, 0], [3, 1], [3, 2], [3, 3], [3, 5], [4, 1], [5, 1]]"
f_247b09552ddff05ac177,"[[2, 0], [3, 0], [4, 0], [5, 0], [5, 2], [5, 3], [5, 4], [6, 0], [6, 2], [6, 3], [6, 4]]"
f_df1193b5fea0f0820ce4,"[[2, 2], [3, 0], [3, 2]]"
f_39d86eb111606b03a2f7,"[[5, 1], [5, 3], [9, 1], [9, 3], [9, 5]]"
f_92029c71141264b7bfff,"[[18, 0], [18, 1], [18, 2]]"
f_80e014fa6f041db72a10,"[[3, 1], [5, 1]]"
f_df4a4343264221c4be10,"[[6, 0], [7, 0], [8, 0], [8, 1], [8, 2]]"
f_6e598206c7ba079b71c1,"[[1, 2], [1, 4], [2, 2]]"
f_8eb837bcba5f7e01b87d,"[[2, 0], [3, 0], [3, 1], [3, 3]]"
f_edd34f1f6ade3657524f,"[[1, 1], [1, 2], [1, 4], [2, 1], [2, 2], [11, 3]]"
f_f55c21176fb50855c58f,"[[1, 1], [1, 3], [1, 4], [2, 1], [2, 3], [2, 4]]"
f_122d546591e30415c998,"[[5, 0], [5, 1], [6, 0], [6, 1], [7, 0], [7, 1], [8, 0], [8, 1], [9, 0], [9, 1], [10, 0], [10, 1], [11, 0], [11, 1], [12, 0], [12, 1], [13, 0], [13, 1], [14, 0], [14, 1], [15, 0], [15, 2], [15, 3]]"
f_4a632489ca873631cbc4,"[[1, 0], [1, 1], [1, 2], [1, 3], [1, 4], [1, 5], [8, 0], [8, 1], [8, 2], [8, 4]]"
f_c14f8486cd7fa3b8622e,"[[1, 0], [1, 1], [1, 2], [1, 3], [2, 0], [2, 2], [2, 3], [3, 0], [3, 1], [3, 2], [3, 3]]"
f_86fabd95675d225d8996,"[[2, 0], [2, 1], [2, 2], [2, 4], [3, 0], [3, 1], [3, 2], [3, 4]]"
f_d8782e5347f641ffa553,"[[3, 0], [4, 0], [4, 1], [4, 2], [4, 3], [5, 0], [5, 2], [6, 2]]"
f_04a07df74bf0b85a100a,"[[7, 0], [7, 2], [10, 0], [10, 2], [10, 3]]"
f_417ebd410b0c19f50786,"[[4, 0], [5, 0], [6, 0], [7, 0], [7, 1], [7, 2], [7, 4], [7, 5]]"
f_80ff189688dd508a8ddb,"[[1, 2], [1, 4], [2, 2], [2, 4]]"
f_a8649188647307b5ddb5,"[[1, 0], [1, 1], [1, 2], [1, 3], [2, 0], [2, 1], [2, 2], [2, 3], [3, 0], [3, 1]]"
f_d211d9d8e3620859da8c,"[[1, 0], [2, 0], [3, 0], [3, 1], [3, 2], [3, 3], [4, 0], [4, 1], [4, 2], [4, 3], [5, 0], [6, 0], [7, 0], [8, 0]]"
f_7aba1db87c4743a5e218,"[[2, 0], [2, 1], [2, 2], [3, 0], [3, 1], [3, 2], [4, 1], [4, 2], [5, 1]]"
f_d2c0fdc1a7e150c7d0fe,"[[1, 0], [1, 1], [1, 2], [1, 3], [3, 0], [3, 1], [3, 2], [6, 0], [6, 1], [6, 2], [6, 3]]"
f_28192e735846fc399799,"[[2, 1], [3, 1]]"
f_06f43a7d15ec6d1a66af,"[[1, 0], [1, 4], [1, 5], [2, 0], [2, 4], [2, 5], [3, 0], [3, 4], [3, 5]]"
f_a62aad7cc9703c5ce73f,"[[28, 0], [28, 1], [28, 2], [29, 0], [29, 1], [29, 2]]"
f_3d6aeb45f5370018696f,"[[1, 0], [1, 1], [1, 3], [1, 4], [2, 0], [2, 1], [2, 3], [2, 4], [3, 0], [3, 1]]"
f_dfca6e7b5f8317ed4912,"[[3, 1], [3, 2], [3, 5], [4, 1], [4, 2], [4, 5], [5, 1], [5, 2], [5, 5]]"
f_9cea13fa2e5592e8e904,"[[1, 0], [1, 1], [1, 2], [1, 3], [1, 4], [1, 5]]"
f_7e0189e43bb6669fb769,"[[1, 1], [1, 2], [3, 3]]"
f_23bbdd0e45a2ad61a9d5,"[[2, 0], [3, 0], [3, 1], [3, 2], [4, 0], [5, 0], [6, 0], [7, 0], [8, 0], [9, 0], [10, 0], [11, 0], [12, 0], [13, 0], [14, 0], [15, 0]]"
f_97d37780833a422ca101,"[[7, 0], [7, 1], [7, 2], [8, 0], [10, 0], [11, 0], [11, 1], [11, 2], [12, 0], [12, 1], [12, 2], [13, 0], [14, 0]]"
f_75979decd5a7c07d07f5,"[[10, 0], [10, 1], [10, 2], [10, 5], [11, 0], [11, 1], [11, 2], [11, 5]]"
f_7b5665446349f0f91841,"[[15, 0], [15, 1], [15, 2], [16, 0], [16, 1], [16, 2], [17, 0], [17, 1], [17, 2], [18, 0], [18, 1], [18, 2]]"
f_ef152c6db028d5d1d160,"[[6, 0], [6, 1], [6, 2], [7, 0], [7, 1], [7, 2]]"
f_230dc23bc34c568433cb,"[[13, 0], [14, 0], [14, 1], [14, 2], [14, 12], [15, 0], [16, 0]]"
f_82f1ca5bcdf9bfad4901,"[[3, 0], [3, 1], [3, 2], [4, 0], [5, 0], [6, 0], [7, 0], [7, 1], [7, 2], [8, 0], [8, 2]]"
f_92db780ccbf6d404dd0e,"[[9, 0], [9, 1], [9, 4], [9, 5]]"
f_2b65244685c0aa6589b9,"[[3, 0], [4, 0], [5, 0], [5, 1], [5, 3], [5, 4]]"
f_a035c3621024abfa7ca3,"[[2, 0], [2, 1], [2, 2], [2, 3], [3, 0], [3, 1], [3, 2], [3, 3]]"
f_fb73cb3ab938862d339c,"[[1, 0], [2, 0], [2, 1], [2, 4], [3, 0], [4, 0]]"
f_30226624a2d085853a92,"[[1, 1], [1, 2], [2, 1], [2, 2], [6, 3]]"
f_414eba510c92b20ac2f6,"[[1, 1], [1, 2], [1, 3], [1, 4], [2, 1], [2, 2], [2, 3], [2, 4]]"
f_aad2e9a1c8ffd49eb07e,"[[1, 1], [1, 2], [2, 1], [2, 2]]"
f_55a7fe2de2a0624306a1,"[[1, 2], [2, 1], [2, 2], [2, 4]]"
f_60bb757a847860319902,"[[1, 1], [7, 1]]"
f_7b68602c44fdaa1fd032,"[[1, 0], [1, 1], [1, 2], [1, 4], [1, 5]]"
f_b9faae8f8f8fe80a8172,"[[1, 0], [1, 1], [1, 2], [1, 3], [1, 4], [2, 0], [2, 1], [2, 2], [2, 3], [2, 4]]"
f_8be78bfc5e073179a35f,"[[11, 5], [11, 6], [12, 5], [12, 6], [13, 5], [13, 6], [14, 5], [14, 6], [15, 2], [15, 5], [15, 6], [16, 2], [16, 4], [16, 6]]"
f_f03c7d9c1c21b1a1f25a,"[[1, 3], [2, 3], [3, 3], [4, 0], [4, 1], [4, 2], [4, 3], [5, 0], [5, 1], [5, 2], [5, 3], [6, 0], [6, 1], [6, 2], [6, 3], [7, 3], [8, 3], [9, 3], [10, 0], [10, 3], [11, 0], [11, 3], [12, 0], [12, 1], [12, 2], [12, 3], [13, 0], [13, 3], [14, 0], [14, 3], [15, 0], [15, 1], [15, 2], [15, 3], [16, 3], [17, 3]]"
f_a376ab34a6eaab2f47b1,"[[9, 0], [10, 0], [11, 0], [11, 1], [11, 2], [12, 0]]"
f_324ccb6a1d5c3df85743,"[[27, 1], [27, 2], [27, 3], [29, 0], [29, 1], [29, 2], [29, 3], [31, 0], [31, 1], [31, 2]]"
f_e30931e58bbea55c2d2c,"[[4, 0], [4, 1], [4, 5], [5, 0], [5, 1], [5, 5], [6, 0], [6, 5], [7, 5]]"
f_06473ac805b22625acd5,"[[2, 0], [2, 5], [3, 0], [3, 5], [4, 0], [4, 5]]"
f_950031dccbef7586b6d6,"[[6, 0], [6, 1], [6, 2], [7, 0], [7, 1], [7, 2]]"
f_13429c1bc3f88961d4ea,"[[8, 1], [11, 0], [11, 1], [11, 3]]"
f_27673910731e76aeba38,"[[2, 0], [3, 0], [3, 1], [3, 2], [3, 4]]"
f_cc05f1b8c1eddf5b8232,"[[11, 0], [11, 1], [11, 2], [13, 0], [13, 1], [13, 2], [14, 2], [14, 3], [15, 2]]"
f_12ccec4f2f2f0c1338e7,"[[12, 1], [12, 2], [12, 3], [12, 4], [14, 0], [14, 1], [14, 3], [14, 4]]"
f_8fb7da9d0b8932199c54,"[[3, 0], [3, 1], [3, 2], [3, 4]]"
f_f7d9d82bfb0ef8f351f8,"[[1, 1], [1, 2], [1, 3], [2, 1], [2, 2], [2, 3]]"
f_019a4fae0773034a78fb,"[[2, 1], [3, 1], [3, 2], [3, 3], [3, 4], [4, 1]]"
f_1cb16655233cc413d8b5,"[[11, 0], [11, 1], [11, 2], [11, 3], [12, 0], [12, 1], [12, 2], [12, 3], [13, 0], [13, 1], [13, 2], [13, 3]]"
f_8413536657d414927088,"[[19, 0], [19, 1], [19, 2], [20, 0], [20, 1], [21, 0], [21, 1], [22, 0], [22, 1], [23, 0], [23, 1], [24, 0], [24, 1], [25, 0], [25, 1], [26, 0], [26, 1], [26, 2], [28, 0], [28, 1], [28, 2], [28, 3], [29, 0], [29, 1], [29, 2], [29, 3]]"
f_7f35b6c02de64d60f955,"[[6, 4], [6, 5], [7, 4], [7, 5], [8, 4], [8, 5]]"
f_c472e326f8f92e4053c3,"[[5, 0], [5, 1], [5, 2], [5, 3], [5, 4], [5, 5], [7, 4], [8, 5], [12, 4], [12, 5], [13, 0], [13, 1], [13, 2]]"
f_e802bde265acf9cb4eeb,"[[1, 0], [1, 2], [1, 4], [2, 0], [2, 1], [2, 2], [2, 4], [3, 0], [3, 2], [3, 4]]"
f_e9bec361e950dec36381,"[[1, 0], [1, 1], [2, 0], [2, 1], [3, 0], [3, 1], [3, 2], [3, 3], [3, 4], [4, 0], [4, 1], [4, 2], [4, 3], [4, 4], [5, 0], [5, 3]]"
f_ac8fcd6d1847c1706b54,"[[10, 0], [11, 0], [11, 1], [11, 2]]"
f_fb9be9145bbdd06fbff4,"[[1, 1], [1, 2], [2, 1], [5, 0], [5, 1], [5, 2], [5, 3]]"
f_74e668dd81975e81bfcc,"[[13, 0], [13, 1], [13, 3], [13, 4], [18, 0], [18, 1], [18, 3], [18, 4], [19, 0]]"
f_c3aa2d03d8d2a6f1753d,"[[12, 0], [13, 0], [13, 1], [13, 2], [13, 3], [13, 4]]"
f_a7479ef8f9067f42a374,"[[2, 0], [2, 2], [2, 3], [2, 4], [2, 5]]"
f_f37d812388e06e3974c4,"[[1, 0], [1, 2], [2, 0], [2, 2], [3, 0], [3, 2], [3, 3]]"
f_a0e6207442da8f506186,"[[1, 0], [2, 0], [3, 0], [4, 0], [5, 0], [6, 0], [7, 0], [8, 0], [9, 0], [9, 1], [9, 2], [9, 3], [9, 4]]"
f_8989c30140b3b2e76275,"[[1, 1], [1, 2], [1, 3], [15, 1], [15, 2], [15, 3]]"
f_6ee26db678294fdfe665,"[[1, 0], [1, 3], [21, 3]]"
f_2e8caf883a219ad8635f,"[[1, 3], [1, 5], [2, 2], [2, 3], [2, 5], [3, 3], [3, 5]]"
f_e535201cf93860183422,"[[1, 0], [1, 1], [1, 2], [1, 3], [1, 4]]"
f_6f7f348c6f9308165b92,"[[2, 0], [2, 5], [3, 0], [3, 5], [4, 0], [4, 5]]"
f_c80a5f5c852e0da7dc4c,"[[7, 1], [8, 0], [8, 1], [8, 2], [9, 1], [10, 1], [11, 1], [12, 1], [13, 1]]"
f_99ac3d1dc01f95a957b4,"[[2, 3], [3, 3], [4, 0], [4, 3], [5, 3], [6, 0], [6, 1], [6, 3], [7, 1]]"
f_da65a04ca4313a2a23f7,"[[8, 1], [8, 4], [8, 5], [28, 1], [28, 4], [28, 5]]"
f_7e105036bea7ebccf4a4,"[[7, 0], [8, 0], [8, 1], [8, 2], [8, 3]]"
f_bcdef226012476d6fd8a,"[[1, 0], [1, 1], [1, 2], [1, 3], [2, 0], [2, 1], [2, 2], [2, 3]]"
f_e79f9b58468ef771f8d9,"[[7, 1], [7, 3], [8, 1], [8, 3], [9, 1], [9, 3]]"
f_297393c8df5db89d4260,"[[2, 3], [4, 3]]"
f_46b21ae0a29a02346df8,"[[2, 0], [2, 1], [3, 0], [3, 1], [4, 0], [4, 1], [5, 0], [5, 1], [6, 0], [7, 0], [7, 1], [7, 2], [8, 0], [8, 2], [9, 0]]"
f_312ff94beb3777bb12bb,"[[5, 0], [5, 1], [5, 2], [5, 3], [5, 4]]"
f_ddbb2e71215e73b3e7b4,"[[0, 0], [0, 1], [0, 3], [0, 4], [1, 0]]"
f_b98bd1cee8ecc2f902b6,"[[21, 1], [22, 1], [23, 1], [23, 2], [24, 1]]"
f_6d7e4d57ec0d2829c3ab,"[[0, 3], [0, 4], [0, 5], [0, 6], [0, 7], [0, 8], [0, 9], [0, 10], [0, 11], [1, 3], [1, 4], [1, 5], [1, 6], [1, 7], [1, 8], [1, 9], [1, 10], [1, 11]]"
f_41b05ca1564aef0f3ec7,"[[5, 0], [6, 0], [6, 1], [6, 2], [7, 0], [8, 0], [9, 0]]"
f_5dad014f719d435515d5,"[[1, 0], [1, 1], [2, 0], [2, 1], [3, 0], [3, 1], [4, 0], [4, 1], [5, 0], [5, 1], [6, 0], [6, 1], [7, 0], [7, 1]]"
f_7786177335ffc859def7,"[[7, 0], [7, 1], [7, 2], [7, 3], [7, 5]]"
f_28b9dee5cfd98be63aec,"[[1, 2], [2, 0], [2, 2], [3, 0], [3, 2], [4, 2], [5, 2]]"
f_ccfeacf01cf58ae32608,"[[3, 0], [3, 1], [3, 2], [3, 4], [4, 0], [4, 1], [4, 2], [4, 4]]"
f_119d65738640d0e7dcb2,"[[1, 1], [1, 2], [1, 3], [2, 1], [2, 2], [2, 3], [3, 3], [4, 3]]"
f_5c7d13a4e45008cf44ae,"[[1, 0], [1, 1], [1, 2], [1, 3], [2, 0], [2, 3]]"
f_96bc632a2a904709e6f1,"[[11, 2], [11, 3], [13, 2], [13, 3]]"
f_b4cf143b479bcc81b465,"[[3, 0], [3, 1], [4, 0], [4, 1], [8, 0], [8, 1], [8, 2], [8, 5]]"
f_7650589560d601837b16,"[[11, 4], [12, 0], [12, 1], [12, 4]]"
f_a8121953facecae2f394,"[[2, 0], [2, 1], [11, 0], [11, 1]]"
f_5a92b68b5fd74d853c10,"[[1, 0], [1, 1], [2, 0], [3, 0], [4, 0], [5, 0], [6, 0], [7, 0], [8, 0], [9, 0], [10, 0], [11, 0], [12, 0], [13, 0], [14, 0], [15, 2]]"
f_110e3be1211b8e9b74d8,"[[2, 1], [3, 0], [3, 1], [3, 3], [5, 1]]"
f_07cc119db24bae24a940,"[[12, 0], [12, 1], [12, 2], [12, 3]]"
f_bc0ca2df40751f050140,"[[5, 0], [5, 2], [5, 3]]"
f_d13a146cc21373f174eb,"[[2, 6], [2, 7], [3, 6], [3, 7], [3, 8]]"
f_767fa095248626cfb35f,"[[19, 0], [19, 1], [19, 2], [19, 4]]"
f_dd90f5637d2987e3c43e,"[[11, 0], [12, 0], [12, 1], [12, 2], [13, 0]]"
f_853435df73db9ea37737,"[[7, 0], [7, 2], [7, 3], [7, 4]]"
f_d0f89432e9f96bf10651,"[[12, 0], [13, 0], [14, 0], [14, 1], [14, 2], [14, 3], [15, 0]]"
f_92d20b72a3bb8f90ffb1,"[[2, 1], [3, 1]]"
f_5bd332402876ff4ccf1b,"[[6, 0], [6, 1], [6, 2]]"
f_70fda1d99daa179c6419,"[[1, 3], [1, 5], [2, 3], [2, 4]]"
f_dc194e8013acfee2ce6c,"[[2, 1], [4, 0], [4, 4], [5, 1], [5, 2], [5, 3], [5, 4]]"
f_f3ca45ea1d2c31fddabd,"[[1, 0], [1, 1], [1, 2], [1, 3]]"
f_ac50349029b351a58a2e,"[[20, 0], [21, 0], [22, 0], [22, 1], [22, 2]]"
f_c85f99ce3eee519ed01b,"[[2, 0], [2, 1], [2, 2], [2, 3], [2, 4], [3, 0], [3, 1]]"
f_ada467bb30343c6c2434,"[[17, 0], [17, 1], [18, 0], [18, 1], [19, 0], [19, 1], [20, 0], [20, 1], [21, 0], [21, 1], [22, 0], [22, 11], [22, 12]]"
f_a91685545e7b80621395,"[[4, 0], [4, 2], [4, 4], [5, 0], [5, 2], [5, 4]]"
f_10f24915cd336b5043f3,"[[2, 0], [2, 2], [2, 3], [2, 4], [3, 0], [3, 2], [3, 3], [3, 4], [4, 0], [4, 2], [4, 3], [4, 4], [5, 0], [5, 2], [5, 3], [5, 4]]"
f_50cdc7bb8d66a6aaea0a,"[[2, 0], [3, 0], [4, 0], [4, 1], [4, 2], [5, 0], [6, 0]]"
f_f724629ed4a6b3871482,"[[14, 3], [15, 1], [15, 2], [15, 3]]"
f_77a4ddc2a75efd9fd5b1,"[[7, 0], [7, 1], [7, 2]]"
f_dbc8f5818d6843952790,"[[15, 0], [15, 1], [15, 2], [16, 0], [16, 1], [16, 2]]"
f_1d9369e1a7d40595ea49,"[[6, 1], [6, 2], [6, 3], [6, 4]]"
f_26ab19a534e05b9484ae,"[[1, 3], [2, 3], [3, 3], [4, 3], [5, 1], [5, 2], [5, 3], [5, 4], [6, 3], [7, 1], [7, 3], [7, 4], [8, 3], [9, 3], [10, 3]]"
f_cf028e1cf241123aa949,"[[13, 0], [13, 1], [13, 2], [14, 0], [14, 1], [14, 2], [15, 0], [15, 1], [15, 3], [17, 0], [17, 1], [17, 2]]"
f_a8fda55a5f8c547b27f3,"[[1, 0], [2, 0], [3, 0], [3, 1], [3, 2], [3, 3], [4, 0]]"
f_13e6a1955ecfefc6b5ad,"[[15, 1], [15, 2], [15, 3]]"
f_8981d26c2fd083ef328b,"[[1, 0], [1, 1], [1, 2]]"
f_4e8f34c0ac439c81a55e,"[[7, 1], [8, 0], [8, 1], [8, 2], [8, 3], [8, 4]]"
f_27a1d936e46ad1547d03,"[[7, 0], [7, 3], [8, 0], [8, 3]]"
f_4f6ed8da0df69fa2a7c1,"[[4, 0], [4, 4], [5, 0], [5, 4], [7, 0], [7, 4]]"
f_406417d9ab5eebe932ab,"[[2, 5], [3, 1], [3, 3], [3, 5], [4, 5], [5, 5], [6, 5], [7, 5], [8, 5]]"
f_3f46ab8b50ed9f329b30,"[[1, 4], [3, 0], [3, 1], [3, 4]]"
f_3326a33be3169440eeee,"[[2, 0], [3, 0], [3, 1], [3, 3], [4, 0], [4, 1], [4, 3], [5, 0], [5, 1], [5, 3], [6, 0], [6, 1], [6, 3], [7, 0], [8, 0]]"
f_7403c0a75ba727cda7f4,"[[2, 0], [2, 1], [2, 2], [2, 3], [3, 0], [3, 1], [3, 2], [3, 3], [4, 0], [4, 1], [4, 2], [4, 3], [5, 0], [5, 1], [5, 2], [5, 3]]"
f_f91aae29a503e0eb5877,"[[16, 0], [17, 0], [18, 0], [19, 0], [20, 0], [21, 0], [22, 0], [22, 11], [22, 12]]"
f_0f1c4fdfd26a7bf17896,"[[1, 0], [1, 1], [1, 2], [1, 3], [1, 4], [1, 5], [4, 0], [4, 2], [4, 3], [4, 5]]"
f_b6ccf7d922aa2f5d3eb3,"[[10, 0], [10, 2], [10, 3], [10, 4], [11, 0], [11, 2], [11, 3], [12, 0], [12, 2], [12, 3]]"
f_825003aa9de3899ab004,"[[8, 0], [8, 1], [8, 3], [8, 4], [9, 0], [9, 1], [9, 3], [9, 4]]"
f_fc40033c7010297e3809,"[[1, 2], [1, 3], [2, 2], [2, 3], [3, 3]]"
f_b4dcb9ae96c660f0765f,"[[1, 1], [1, 2], [7, 0], [7, 1], [7, 2], [7, 3]]"
f_7d85c052352222f1c91f,"[[7, 0], [8, 0], [8, 1], [8, 3], [8, 4], [9, 0]]"
f_b0ad704357038ece32cf,"[[1, 0], [1, 1], [2, 1], [3, 0], [3, 1], [4, 1], [5, 0], [5, 1]]"
f_3429a2efdd2c1755a446,"[[1, 1], [1, 2], [2, 1], [2, 2]]"
f_ab5febfec48591d9a674,"[[1, 0], [1, 1], [1, 2], [1, 3], [2, 1], [2, 2]]"
f_4b39cb82a6b94a3d5734,"[[5, 0], [6, 0], [7, 0], [7, 1], [7, 3], [8, 0], [9, 0], [10, 0], [11, 0], [12, 0]]"
f_6966eb7c83269722d8ab,"[[1, 1], [1, 6], [23, 6]]"
f_80d51b59cd1a79ddfaff,"[[5, 0], [5, 1], [6, 0], [6, 1], [7, 0], [7, 1], [8, 0], [8, 1]]"
f_fdb1234c32a74915f70e,"[[2, 0], [2, 1], [5, 0], [5, 1], [6, 1], [7, 0], [7, 1], [7, 7], [8, 1], [8, 7]]"
f_7c73684ff6ba9b7f2a75,"[[5, 0], [5, 1], [5, 3], [6, 0], [6, 1], [6, 3], [6, 4]]"
f_cf00e04c541f21715588,"[[9, 0], [9, 1], [10, 0], [11, 0], [11, 1]]"
f_2289a8b08fc830f09d11,"[[1, 0], [1, 3], [2, 0], [2, 3], [3, 0], [3, 1], [3, 3], [3, 4]]"
f_4ba25da9b7eb72a47e12,"[[15, 1], [15, 2], [15, 3], [15, 4], [15, 5]]"
f_23a8a8099a13deaf1489,"[[18, 1], [19, 1], [20, 1], [20, 2]]"
f_706d40709f373030c14b,"[[1, 1], [1, 4], [2, 1], [2, 4]]"
f_51b4bb5b08e5e16e711c,"[[8, 0], [9, 0], [9, 1]]"
f_406b320c312d6e00d9e8,"[[2, 2], [2, 3], [3, 2], [6, 2], [6, 3], [6, 4], [7, 2]]"
f_357089dd7c0c1fb93cf0,"[[6, 0], [7, 0], [8, 0], [8, 1], [8, 2], [8, 3]]"
f_875ab6f429ea2ad71b25,"[[1, 0], [2, 0], [2, 1], [2, 2], [2, 3], [2, 4]]"
f_899ed319dcb433bdf3ee,"[[8, 1], [8, 5], [9, 1], [9, 5]]"
f_afe0e306a5ae1b872723,"[[0, 3], [1, 3], [3, 3], [5, 3], [6, 3]]"
f_c8a4b1dc79ab8f4462cd,"[[1, 0], [1, 1], [1, 2]]"
f_4b3b007a89e18c2044ad,"[[10, 0], [10, 1], [10, 2], [10, 3], [10, 4], [10, 5], [16, 2]]"
f_21a1b417251d968a638f,"[[8, 1], [8, 2], [8, 3], [10, 1], [10, 2], [10, 3], [13, 1], [13, 2], [13, 3], [17, 1], [17, 2], [17, 3]]"
f_390b691e3f1c4c2f3b4f,"[[2, 0], [2, 2], [3, 0], [3, 2], [4, 0], [4, 2]]"
f_0bd65033fdf77a81edde,"[[4, 0], [5, 0], [5, 1], [5, 3], [5, 4], [6, 0]]"
f_8fd68941f2c25adcb900,"[[2, 0], [3, 0], [4, 0], [5, 0], [6, 0], [7, 0], [7, 1], [8, 0], [8, 9], [8, 10]]"
f_46a863b5dc10ea1e84a9,"[[10, 0], [10, 1], [10, 2], [10, 3]]"
f_ea2f5ab4608a5e7ebf4c,"[[2, 0], [3, 0]]"
f_8111c445360b13004ff2,"[[3, 1], [4, 1], [4, 2]]"
f_bb4ef19f18de1e73346c,"[[1, 0], [1, 1], [1, 4], [2, 0], [2, 1]]"
f_bc178fcca2e924b6dd75,"[[4, 0], [5, 0], [5, 1], [5, 2]]"
f_e2474ac336ab2d04ac77,"[[13, 0], [13, 1], [13, 2], [14, 0], [14, 1], [14, 2], [14, 3]]"
f_9b0a1c02d5899615843d,"[[1, 0], [1, 2], [3, 0]]"
f_49ac62b991c154d581e8,"[[1, 0], [1, 1], [2, 0], [2, 1], [3, 0], [3, 1], [4, 0], [4, 1]]"
f_626b2397c421e40349ad,"[[1, 1], [2, 0], [2, 1], [2, 2], [3, 1]]"
f_6862ea222261dfdced3e,"[[2, 0], [2, 1], [2, 3], [2, 5], [3, 0], [3, 1], [3, 3], [3, 5]]"
f_f91f396eaca246912ce3,"[[3, 0], [4, 0], [4, 1], [4, 2], [5, 0], [5, 1], [5, 2], [5, 3]]"
f_a6d96a47b45287ccb31e,"[[7, 2], [7, 4], [8, 2], [8, 3], [8, 4]]"
f_967baf0e67a1f9fb9ff6,"[[1, 2], [1, 3], [2, 2], [2, 3], [2, 4], [3, 2], [3, 3], [3, 4]]"
f_381cfddbe71a744ea293,"[[6, 0], [6, 1], [6, 4]]"
f_cc3fe395575057198b87,"[[12, 0], [12, 3], [13, 0], [13, 1], [13, 3]]"
f_a0c4bd376574ccb1fd7f,"[[1, 0], [1, 1], [1, 2], [1, 3], [3, 0], [3, 1], [3, 2]]"
f_a181298919509195f24b,"[[2, 0], [3, 0], [4, 0], [5, 0], [6, 0], [7, 0], [8, 0], [9, 0], [10, 0], [11, 0], [12, 0], [13, 0], [13, 4]]"
f_9492a7b8f81b7f6c0af0,"[[7, 0], [8, 0], [9, 0], [10, 0], [10, 1], [10, 2], [10, 3], [10, 4], [10, 5], [11, 0]]"
f_bd5bb9b42481311f634b,"[[1, 1], [2, 1], [3, 1], [4, 1], [5, 1], [6, 1], [7, 1], [7, 2], [7, 3], [7, 4]]"
f_e70c58ffc090ff9a2d2e,"[[5, 0], [6, 0], [6, 2], [6, 3], [6, 4]]"
f_4e58841415a434e93dd2,"[[2, 0], [2, 1], [2, 2], [6, 0], [6, 1], [6, 2], [7, 1]]"
f_30a3aff04dbec7a3d765,"[[1, 1], [2, 1], [3, 1], [4, 1], [5, 1], [6, 2]]"
f_1f48018ed1328b63849a,"[[1, 2], [3, 2]]"
f_5959804208ef2728bcc3,"[[1, 0], [1, 2], [1, 3], [1, 4], [1, 5], [2, 0], [2, 2], [2, 4], [3, 0], [3, 2], [3, 4], [4, 0], [4, 2], [4, 4], [5, 0], [5, 2], [5, 4], [6, 0], [6, 2], [6, 4], [7, 0], [7, 2], [8, 0], [8, 2], [9, 0], [9, 2], [10, 0], [10, 2], [11, 0], [11, 2], [22, 0], [22, 2], [22, 3], [22, 5], [23, 0], [23, 2], [23, 3], [23, 5], [24, 0], [24, 2], [25, 0], [25, 2]]"
f_c26d2b65ba47f58bab90,"[[12, 0], [12, 1], [12, 2], [13, 0], [21, 0], [21, 1], [21, 2], [22, 0], [22, 1], [22, 2], [22, 3]]"
f_1a32c8821bd02644e46b,"[[1, 0], [1, 1], [1, 2], [1, 3], [8, 0], [8, 2], [8, 3]]"
f_5e0d6d8d77e0861ca863,"[[10, 0], [10, 1], [11, 0], [11, 1], [12, 0], [12, 1], [13, 0], [13, 1], [14, 0], [14, 2]]"
f_84611b55c210fdbf3c7c,"[[3, 0], [3, 1], [5, 0], [5, 1], [8, 0], [8, 1], [8, 2], [8, 4]]"
f_9bd54d0b915a27801f94,"[[13, 0], [13, 1], [13, 2], [14, 1], [14, 2], [15, 1], [15, 2], [16, 1], [16, 2], [17, 1], [17, 2]]"
f_fe1376132b3cefd8ff02,"[[1, 1], [2, 1]]"
f_6d9554e2244a3c645ad5,"[[6, 1], [7, 0], [7, 1], [7, 3], [8, 1]]"
f_93a10c0ba72e8c8819de,"[[2, 0], [14, 0]]"
f_0db6107c81c7e55a513f,"[[8, 0], [8, 1], [8, 3], [9, 0], [9, 1], [9, 3], [10, 0], [10, 1], [10, 3], [11, 0], [11, 1], [11, 3], [12, 0], [12, 1], [12, 3]]"
f_78265324164f4d1e5a26,"[[21, 0], [21, 1], [22, 0], [22, 1], [22, 5], [23, 0], [23, 1], [23, 5], [23, 6]]"
f_4c435f7602f5df571288,"[[1, 1], [1, 2], [1, 3], [2, 1], [2, 2], [2, 3], [8, 3]]"
f_874da49f4f92c7af5d9a,"[[4, 1], [4, 2], [4, 3], [4, 4], [11, 2], [11, 3], [11, 4]]"
f_6eb212db7c405de9e1e4,"[[4, 0], [4, 1], [4, 2], [5, 0], [5, 1], [5, 2]]"
f_0af3a738f7dd144a7499,"[[2, 0], [2, 1], [2, 2], [2, 3], [2, 4], [2, 5], [2, 6], [2, 7], [2, 8], [2, 9], [2, 10], [2, 11], [2, 12], [3, 0], [3, 2], [3, 11]]"
f_a90951933eb806377ff6,"[[1, 6], [2, 6], [3, 2], [3, 3], [3, 4], [3, 6], [4, 6], [5, 6], [6, 6]]"
f_cffce284856f481b3748,"[[11, 0], [11, 4], [12, 0], [12, 1], [12, 4], [13, 0], [13, 4]]"
f_1c2bb49d11cea611bade,"[[5, 0], [5, 3], [5, 4], [5, 5]]"
f_7f6034f068f4c8770427,"[[1, 0], [1, 1], [1, 3], [2, 0], [2, 1], [2, 2], [2, 3]]"
f_b9fb97a4481551aa557d,"[[1, 0], [1, 1], [2, 0], [2, 1], [3, 0], [3, 1], [4, 0], [4, 1], [4, 2]]"
f_0d5cc4d74f80752f9f1b,"[[3, 0], [4, 0], [5, 0], [6, 0], [7, 0], [8, 0], [8, 2], [8, 3], [9, 0], [10, 0]]"
f_c0ef8c0a2d822efc5d53,"[[10, 0], [10, 1], [11, 0], [11, 1]]"
f_7bee9fde0405f7cd95c7,"[[12, 0], [12, 1], [12, 2], [16, 0], [16, 1], [16, 2]]"
f_63878b3677cd52633665,"[[10, 0], [10, 1], [10, 3], [12, 0], [12, 1], [12, 3], [16, 0], [16, 1], [16, 3], [17, 0], [17, 1], [17, 3], [19, 0], [19, 1], [19, 3]]"
f_b75f4da70710ee270221,"[[10, 0], [11, 0], [12, 0], [12, 4], [12, 6], [13, 0], [13, 3], [13, 4], [13, 5]]"
f_964bfff82e9d5be2b7a1,"[[1, 1], [1, 2], [4, 1], [4, 2], [7, 1], [7, 2], [7, 6], [8, 1], [8, 2], [11, 1], [11, 2], [12, 1], [12, 2], [13, 1], [13, 2], [14, 1], [14, 2], [18, 1], [18, 2]]"
f_2c291dd018eb2f1cf6b6,"[[11, 1], [11, 2], [11, 3], [11, 4]]"
f_b6198a4256783f2c10cb,"[[1, 1], [1, 2], [2, 1], [2, 2], [6, 3]]"
f_11b54b24bfeda9bdd7a5,"[[1, 0], [2, 0], [2, 1], [2, 2], [2, 3], [3, 0], [3, 1]]"
f_853cc2ee62b2bc4ff2aa,"[[13, 0], [13, 1], [14, 0], [14, 1]]"
f_b89667012457a1fbd5fd,"[[18, 0], [19, 0], [20, 0], [20, 1], [20, 3], [22, 0], [23, 0], [24, 0], [25, 0], [25, 1], [25, 3]]"
f_54aa612bc7f7032b9e98,"[[3, 0], [3, 1], [3, 2], [4, 1], [5, 1], [6, 1]]"
f_a18bdf7264841b044e4e,"[[1, 1], [1, 2], [1, 3], [2, 1], [2, 2], [2, 3], [10, 3]]"
f_578f57471056150e50eb,"[[1, 0], [2, 0], [2, 1], [3, 0], [3, 1], [3, 2], [3, 3], [3, 4], [4, 0], [5, 0], [6, 0], [6, 1], [6, 2], [6, 4], [7, 0], [7, 1], [8, 0], [8, 1], [8, 2], [8, 4], [9, 0], [9, 1], [10, 0], [10, 1], [11, 0], [11, 1], [11, 4], [12, 0], [12, 1], [12, 4], [13, 0], [13, 1], [14, 0], [14, 1], [15, 0], [15, 1], [16, 0], [17, 0], [18, 0], [19, 0]]"
f_e440b7d422a7981de589,"[[1, 0], [2, 0], [3, 0], [4, 0], [5, 0], [6, 0], [7, 0], [8, 0], [8, 1], [9, 0], [9, 1], [9, 2]]"
f_a946bcd37fec5eefffb3,"[[2, 1], [3, 0], [3, 1], [3, 2]]"
f_c7727b783d626d5334fd,"[[5, 0], [6, 0], [7, 0], [8, 0], [9, 0], [9, 1], [9, 2], [10, 0], [11, 0]]"
f_b94235de503cfd378728,"[[2, 2], [2, 3], [2, 5], [3, 2], [3, 4], [3, 5]]"
f_99c5ccac8eb81e5a5fa4,"[[2, 1], [2, 4], [3, 1], [3, 4]]"
f_c9e3d7c1b2581123426f,"[[6, 2], [7, 2], [8, 2], [9, 2], [10, 2], [11, 2], [12, 2], [13, 2], [14, 2], [16, 2], [18, 0], [18, 1], [18, 2], [18, 4], [19, 0], [19, 1], [19, 2], [19, 4]]"
f_f90574ce9b83736f70e5,"[[2, 0], [2, 5], [3, 0], [3, 5], [4, 0], [4, 5]]"
f_4163eb188a27350940a0,"[[7, 0], [7, 2], [8, 0], [8, 2], [8, 3], [8, 4]]"
f_505dd89f0f8777825674,"[[1, 1], [1, 4], [4, 4]]"
f_5c504191d429070791fe,"[[20, 0], [21, 0], [21, 1], [21, 2], [21, 3], [21, 4], [22, 0], [23, 0], [23, 1], [23, 2], [23, 3], [23, 4]]"
f_83da6c44ff8c5460ceb6,"[[12, 0], [12, 1], [12, 2], [12, 3], [13, 0], [13, 1], [13, 2], [13, 3], [14, 0], [14, 1], [14, 2], [14, 3]]"
f_26572c3e096638ba76e6,"[[7, 1], [8, 1], [9, 1], [10, 1], [12, 1], [13, 1], [14, 1]]"
f_dbb5cc62b70ebc05a510,"[[1, 0], [1, 1], [2, 0], [2, 1]]"
f_73286a09bbbf16cd9e68,"[[1, 0], [1, 1], [1, 2], [1, 3], [2, 6]]"
f_f4917dbcb83dc48a7527,"[[3, 0], [3, 4], [3, 5]]"
f_85e375a5346db6849eb1,"[[5, 1], [5, 4], [6, 1], [6, 2], [6, 3], [6, 4], [7, 1], [7, 4], [8, 1], [8, 4]]"
f_c87ab7e08956825d7f6c,"[[4, 1], [5, 1]]"
f_1e5b3418fc47575526af,"[[1, 0], [1, 1], [1, 2], [1, 3], [2, 0], [2, 1], [2, 2], [7, 0], [7, 1], [7, 2]]"
f_3aef6d3085248b687c81,"[[10, 0], [11, 0], [11, 1], [11, 2], [11, 3], [11, 4], [11, 5], [12, 0]]"
f_165c66b121176814701f,"[[15, 0], [15, 1], [15, 2], [15, 3], [16, 0], [16, 1], [16, 2], [16, 3]]"
f_20483217e3a3920258ea,"[[1, 0], [2, 0], [2, 1], [2, 2], [2, 4]]"
f_d45c2337fc51d55e5532,"[[4, 1], [5, 0], [5, 1], [5, 2], [5, 3], [6, 0], [6, 1], [7, 1], [8, 1], [9, 1], [10, 1], [11, 1], [12, 1], [13, 1], [14, 1], [15, 1], [16, 1]]"
f_dc5f7633f1527489ab57,"[[3, 0], [3, 1], [3, 5], [4, 0], [4, 1], [4, 2], [4, 4], [4, 5]]"
f_cb2312c16cd30482bbd9,"[[1, 4], [2, 0], [2, 1], [2, 2], [2, 3], [2, 4], [3, 0], [3, 4], [4, 0], [4, 4], [5, 0], [5, 4], [6, 0], [6, 1], [6, 2], [6, 4], [7, 4], [8, 4], [9, 4], [10, 4]]"
f_289c04c493ee35954ef4,"[[6, 0], [7, 0], [8, 0], [9, 0], [10, 0], [11, 0], [12, 0], [13, 0], [14, 0], [15, 0], [16, 0], [17, 0], [18, 0], [18, 1], [18, 2], [18, 3]]"
f_c75944fe02741049924c,"[[2, 0], [2, 1], [2, 3], [2, 4], [3, 0], [3, 1], [3, 3], [3, 4], [4, 0], [4, 1], [4, 3], [4, 4]]"
f_e93c1133e2d9c9281bfa,"[[1, 0], [2, 0], [3, 0], [4, 0]]"
f_e33e9f6ad8243d0d607c,"[[1, 0], [1, 1], [1, 2], [2, 0], [2, 1], [2, 2], [3, 0], [3, 1], [3, 2]]"
f_00e49e9b36859684ce2d,"[[2, 0], [2, 4], [6, 4]]"
f_a81e01941d48e5ef4b2a,"[[2, 0], [2, 1], [2, 3]]"
f_00e61f6f37de78400682,"[[7, 0], [8, 0], [8, 1], [8, 2], [9, 1], [10, 1], [11, 1]]"
f_f20fc4c37d8271c94cb2,"[[1, 0], [1, 1], [1, 2], [1, 3], [2, 1], [2, 3], [3, 1], [3, 3], [4, 1], [4, 3], [5, 1], [5, 3], [6, 1], [6, 3]]"
f_f09717e7cf78f6700ddb,"[[1, 0], [1, 1], [1, 2], [1, 3], [1, 4], [2, 0], [2, 1], [2, 2], [2, 3], [2, 4]]"
f_2504eefba5985f37f91f,"[[22, 0], [23, 3], [23, 4], [23, 5], [23, 6], [23, 7]]"
f_79915f9fa3a8d2c74fc5,"[[19, 0], [19, 1], [19, 4], [20, 0], [21, 3], [21, 4]]"
f_eb34ff5ea9c23ef15a9a,"[[11, 0], [11, 1], [11, 2], [11, 3], [12, 0], [12, 1], [12, 3], [16, 0], [16, 1], [16, 2], [16, 3]]"
f_2caa2fb6633a561ef2ad,"[[1, 1], [2, 1], [3, 0], [3, 1], [3, 2], [3, 3], [4, 1], [4, 3], [5, 1], [5, 3], [6, 1], [6, 3], [7, 1], [7, 3], [8, 1], [8, 3], [9, 1], [9, 3]]"
f_b8c8de1bda287dd3a4ad,"[[4, 0], [4, 1], [5, 0], [5, 1]]"
f_99bd5a958c39aba38844,"[[1, 0], [1, 1], [2, 0], [2, 1], [2, 2], [2, 4]]"
f_a3862a5709552b744993,"[[1, 0], [1, 3], [2, 0], [2, 3], [3, 0], [3, 1], [3, 3]]"
f_1651a3a1651af95db1fd,"[[5, 0], [6, 0], [6, 1], [6, 2], [6, 10], [7, 0]]"
f_c6362e9c5179d71dc9d6,"[[1, 0], [1, 1], [1, 2], [1, 3], [2, 0], [2, 1], [2, 2], [2, 3]]"
f_e5c6b6fad5888be22faa,"[[1, 1], [1, 2], [5, 3]]"
f_ef15991753f7f70ccfd8,"[[2, 0], [2, 1], [2, 2], [2, 3], [2, 4], [3, 0], [3, 1], [3, 2], [3, 3], [3, 4]]"
f_7114cca12f57aa48c169,"[[1, 0], [1, 1], [1, 2], [2, 0], [2, 1], [2, 2]]"
f_fe83d82da50b20467eee,"[[1, 0], [1, 1], [1, 2], [1, 3], [1, 4], [2, 0], [2, 1], [2, 2], [2, 3], [3, 0], [3, 1], [3, 2], [3, 3]]"
f_f2c46efbfdf98161a072,"[[5, 3], [6, 1], [6, 2], [6, 3]]"
f_b0687aa7f60efeb91bee,"[[10, 0], [10, 1], [10, 2], [10, 3], [10, 4], [10, 5], [12, 0], [12, 1], [12, 2], [12, 4]]"
f_7e9aa9e900ce5a0ce727,"[[13, 0], [14, 0]]"
f_b76127a6db84b30b3165,"[[8, 1], [9, 1], [9, 2]]"
f_2e12b2dd69b36a40c3ab,"[[2, 1], [2, 3], [3, 1], [3, 3], [3, 4]]"
f_055a183b3947da85fbae,"[[17, 1], [17, 2], [17, 3], [17, 4], [18, 1], [18, 2], [18, 3], [18, 4], [19, 1], [19, 2], [19, 3], [19, 4], [20, 1], [20, 2], [20, 3], [20, 4], [21, 1], [21, 2], [21, 3], [21, 4]]"
f_db7c3b2a71321d552fdf,"[[9, 0], [10, 0], [11, 0], [12, 0], [13, 0], [14, 0], [15, 0], [16, 0], [16, 11], [16, 12]]"
f_b5b6e3800db728a8724c,"[[1, 2], [1, 4], [2, 2], [2, 3], [2, 4]]"
f_ff733341a9ecdee1470a,"[[5, 2], [6, 0], [6, 1], [6, 2], [6, 8], [7, 0], [7, 1], [7, 2], [7, 8], [8, 0], [8, 1], [8, 2], [8, 8]]"
f_859f3644bdbc20d0d31a,"[[1, 0], [1, 1], [2, 0], [2, 1], [3, 0], [3, 1]]"
f_6232cb6f46124c534943,"[[15, 0], [15, 1], [16, 0], [16, 1], [17, 0], [17, 1]]"
f_dce6b80ed449ec18742a,"[[10, 0], [10, 1], [10, 2], [11, 0], [11, 1], [11, 2], [12, 0], [12, 1], [12, 2], [12, 3]]"
f_5a5146591f2ed18bc6e8,"[[11, 0], [11, 1], [11, 5], [12, 0], [12, 1], [12, 5]]"
f_1e6bef2146f4ff9fa3bb,"[[1, 2], [1, 3], [2, 2], [2, 3]]"
f_f85fd80c59ab3447d01a,"[[4, 0], [4, 1], [4, 2], [5, 0], [5, 1], [6, 0], [6, 1], [7, 0], [8, 0]]"
f_c27073df16ef238caa08,"[[7, 0], [7, 1], [7, 2], [7, 3], [7, 6], [8, 0], [8, 1], [8, 2], [8, 3], [8, 6]]"
f_61a4f5dfefe1b07b9a02,"[[1, 1], [1, 2], [2, 1], [2, 2], [6, 3]]"
f_fb53b808e255d8c1c423,"[[2, 0], [2, 1], [2, 2], [3, 0], [3, 2], [3, 3]]"
f_7130396dff3a1fc24e6d,"[[5, 2], [5, 3], [6, 1], [6, 2], [6, 3], [7, 2], [7, 3], [8, 2], [8, 3], [9, 2], [10, 2], [11, 2], [12, 2], [13, 2], [14, 2], [15, 2], [16, 2], [17, 2], [18, 2], [19, 2]]"
f_001a8c4dd9f530f84b85,"[[1, 0], [2, 0], [2, 1], [2, 2], [2, 3], [2, 4]]"
f_02ba1e9d539f9edb125c,"[[1, 1], [1, 2], [2, 2], [3, 2], [4, 2], [5, 2]]"
f_031a93ca16f1527141b4,"[[2, 0], [2, 1], [2, 2], [3, 0], [3, 1], [3, 2], [5, 0], [5, 1], [5, 2]]"
f_8b2252a6e713c17448bb,"[[5, 0], [5, 3], [18, 0], [18, 3], [20, 0], [20, 3], [25, 0], [25, 3]]"
f_96a063ef973683747d06,"[[8, 0], [8, 1], [8, 2], [9, 0], [9, 1], [9, 2], [10, 0], [10, 1], [10, 2], [11, 0]]"
f_a40f62c0d4f7dff76bbe,"[[5, 3], [5, 4], [11, 3], [11, 4]]"
f_de868d6b2eac74755657,"[[1, 0], [1, 1], [1, 2]]"
f_a863af131d1c4cd8a2dd,"[[24, 0], [25, 0], [26, 0], [26, 1], [27, 0], [28, 0]]"
f_de71074c37502254f7f0,"[[16, 0], [16, 1], [16, 2], [17, 0], [18, 0], [18, 1], [18, 2], [18, 3], [19, 0]]"
f_914fed467723d076834f,"[[14, 0], [14, 1], [14, 3], [14, 5], [15, 1], [15, 3], [15, 4]]"
f_4ca1e65aaab0071854bb,"[[21, 0], [21, 1], [21, 2], [22, 0], [22, 1], [22, 2]]"
f_d1d718fe3fb31840e7ce,"[[1, 0], [1, 1], [1, 2], [1, 3], [1, 4], [1, 5], [2, 2], [3, 2], [5, 0], [5, 1], [5, 2], [5, 3], [5, 4], [5, 5]]"
f_385afd39d040fd341e9c,"[[1, 1], [1, 2]]"
f_1e483ed2791656ccbdb0,"[[13, 0], [13, 1], [13, 3], [18, 0], [18, 1], [18, 2], [18, 3]]"
f_b1245efa413980f5efc0,"[[18, 0], [18, 1], [19, 0], [19, 1], [20, 0], [20, 1], [21, 0], [21, 1], [22, 0], [22, 1], [22, 2], [22, 3], [22, 4]]"
f_a721a7aedb2cc1aedab0,"[[4, 0], [4, 3], [5, 0], [5, 3], [6, 0], [6, 3], [7, 0], [7, 3], [8, 0], [8, 3], [9, 0], [9, 3], [10, 0], [10, 3]]"
f_b12a18e21c2ca3292665,"[[1, 0], [2, 0], [3, 0], [4, 0], [5, 0], [6, 0], [7, 0], [8, 0], [9, 0], [10, 0], [10, 1], [10, 3], [10, 4], [10, 5], [11, 0], [11, 1], [12, 0], [13, 0], [14, 0], [15, 0]]"
f_2f9d2b4011ef32261b4f,"[[2, 0], [3, 0], [3, 1], [3, 2], [3, 3], [4, 0]]"
f_261b1a99a485e94334bc,"[[1, 1], [1, 2], [8, 3]]"
f_0520e8193ddd36b24754,"[[1, 1], [1, 5], [2, 1]]"
f_091c5bce5c17917dbac4,"[[1, 1], [1, 2], [1, 3], [2, 1], [2, 2], [2, 3], [3, 1], [3, 2], [3, 3]]"
f_092484ea3a05e40a4452,"[[14, 0], [14, 1], [14, 2], [15, 0], [15, 1], [15, 2]]"
f_980ad120fa315229705c,"[[14, 0], [14, 1], [14, 2], [15, 0], [15, 1], [15, 2], [16, 0], [16, 1], [16, 2], [21, 0], [21, 1], [21, 2]]"
f_c7215679e99482640348,"[[2, 0], [2, 4], [3, 0], [3, 4], [4, 0], [4, 4], [5, 0], [5, 4], [7, 0], [7, 4]]"
f_a1ec679fb03d816cebc1,"[[3, 0], [3, 1], [3, 2], [3, 3]]"
f_e2173ab0591f1139d340,"[[3, 1], [3, 2], [3, 3]]"
f_b3140ce56cccc69d0b3d,"[[7, 1], [7, 2], [7, 3], [8, 0], [8, 1], [9, 1], [9, 2], [9, 3], [12, 0], [12, 1], [12, 2], [12, 3]]"
f_8071c766b25f5bf67cc2,"[[14, 0], [14, 1], [14, 11], [15, 0], [15, 1], [15, 11], [16, 0], [16, 11], [17, 0], [17, 11]]"
f_d4be09e581bbf8cabacb,"[[18, 2], [27, 0], [27, 1], [27, 2]]"
f_a2d2979630baf7b722d0,"[[3, 0], [3, 1], [3, 2], [3, 3], [6, 0], [6, 1], [6, 2], [6, 3]]"
f_d9d5fc392f1014920a68,"[[1, 1], [5, 1]]"
f_7706b0025a74d98450dc,"[[10, 0], [10, 1], [10, 3], [10, 4], [11, 0], [11, 1], [11, 3], [11, 4]]"
f_a09b27b37d4cb0b6e57e,"[[2, 2], [2, 3], [8, 0], [8, 2], [8, 3], [9, 0], [9, 2], [9, 3], [13, 0], [13, 2], [13, 3]]"
f_da83b14e1d3cc0cf54e1,"[[3, 0], [3, 1], [3, 2], [4, 0], [4, 1], [5, 0], [5, 1], [5, 2], [6, 0], [6, 1], [7, 0], [7, 1]]"
f_dc14de19e249d866f261,"[[1, 0], [2, 0], [2, 1], [2, 3], [2, 4]]"
f_c8670d00e3c5e9c35c97,"[[17, 3], [18, 3], [19, 0], [19, 1], [19, 3]]"
f_63e89fb4ba6724e3737f,"[[5, 0], [6, 0], [6, 1], [6, 3]]"
f_6e27e4d4401cc8127480,"[[1, 0], [2, 0], [2, 1], [2, 3], [7, 1], [7, 2]]"
f_48582fc55e3c5225f04b,"[[1, 0], [1, 3], [2, 0], [2, 1], [2, 2], [2, 3], [3, 0], [3, 1], [3, 2], [3, 3], [4, 0], [4, 3]]"
f_f7125a3d7d7d78427379,"[[4, 1], [4, 2], [5, 1], [5, 2], [11, 0], [11, 1], [11, 2]]"
f_55411379bb43aa7d8a9b,"[[1, 1], [1, 3], [2, 1], [2, 3]]"
f_605dcfa7152c4752acaa,"[[1, 0], [1, 1], [1, 2], [1, 3], [2, 0], [2, 1], [2, 2], [2, 3]]"
f_ee7710fa3f2580dbe79b,"[[6, 0], [6, 2], [7, 0], [7, 1], [7, 2], [8, 0], [8, 2], [9, 0], [9, 2], [10, 0]]"
f_7e3ddc4a798fcf0e674d,"[[6, 5]]"
f_3e1e7b8db2cf8ebf9065,"[[1, 1], [1, 2], [1, 4], [2, 1], [2, 2], [2, 4], [3, 1], [3, 2], [3, 4]]"
f_0528965e265d9dc823be,"[[21, 2], [22, 0], [22, 1], [22, 2], [22, 3], [23, 0], [23, 1], [23, 2], [23, 3], [24, 0], [24, 1], [24, 2], [24, 3], [25, 0], [25, 1], [25, 2], [25, 3], [26, 0], [26, 1], [26, 2], [26, 3], [27, 0], [27, 1], [27, 2], [27, 3]]"
f_2584b6113297da9d65f4,"[[9, 1], [10, 1], [11, 1], [11, 4], [11, 5]]"
f_ed3114fadf5ab3c22c8f,"[[5, 0], [6, 0], [6, 2], [6, 3]]"
f_f9024c2de86684b94d30,"[[2, 2], [3, 0], [3, 1], [3, 2], [3, 3], [4, 2], [5, 2], [6, 2], [7, 2]]"
f_e97eb049ed3ece18aa3d,"[[2, 0], [2, 1], [2, 2], [3, 0], [4, 0]]"
f_4faac6c66f04a17561de,"[[4, 1], [4, 2], [5, 1], [5, 2]]"
f_168c97c68be3006c98e9,"[[1, 1], [2, 1], [2, 2], [2, 3], [3, 1], [3, 2], [3, 3], [4, 1], [4, 2], [4, 3], [5, 1], [5, 2], [5, 3], [6, 1], [6, 2], [6, 3], [7, 1], [7, 2], [7, 3], [8, 1], [9, 1], [10, 1]]"
f_843aa7fab9881ef96a60,"[[6, 9], [7, 0], [7, 9], [8, 0], [8, 1], [8, 9]]"
f_0d3217058740842eb15a,"[[2, 0], [3, 0], [3, 1], [3, 2], [3, 4]]"
f_3320605c9e25f4530a2c,"[[1, 0], [1, 2], [1, 3], [1, 4], [2, 2], [2, 5]]"
f_30f5db4a13b344621039,"[[8, 0], [8, 1], [8, 4], [8, 5], [9, 0], [9, 1], [9, 4], [9, 5]]"
f_33426b0d66dc92f2a506,"[[4, 0], [5, 0], [5, 1], [5, 2]]"
f_d72fed77df5778e8ef82,"[[6, 0], [6, 1], [7, 0], [7, 1], [8, 0], [8, 1]]"
f_26aa57174c45f142c374,"[[4, 0], [4, 2], [5, 0], [5, 2]]"
f_f974819b59366599ba0d,"[[1, 0], [1, 3], [2, 0], [2, 3], [3, 0], [3, 3], [4, 0], [4, 3]]"
f_4c220b0073d497be0733,"[[1, 3], [2, 3], [3, 1], [3, 3], [4, 1], [4, 3], [5, 0], [5, 1], [5, 3], [6, 1], [7, 1]]"
f_909f44605303c07cbe42,"[[2, 16], [3, 16], [4, 16], [5, 16], [6, 16], [8, 0], [8, 1], [8, 16], [9, 0], [9, 1], [9, 16], [10, 1], [10, 16], [11, 1], [11, 16]]"
f_786dd3f58e76df4b8c95,"[[7, 0], [8, 0], [9, 0], [9, 1], [9, 5]]"
f_aa30afcd8fe001817aac,"[[1, 2], [1, 3], [2, 1], [2, 2], [2, 3]]"
f_98716329ba2c16f8d027,"[[3, 0], [3, 1], [3, 3], [3, 4], [4, 0], [4, 1], [4, 3], [4, 4]]"
f_0d981bb69fa4cc693f3a,"[[1, 1], [1, 2], [5, 3]]"
f_a1ab07d7c34852a84859,"[[2, 0], [2, 2], [3, 0], [3, 2]]"
f_5d5eb5f53b9071383fac,"[[7, 0], [8, 0], [9, 0], [10, 0], [10, 1], [10, 2], [10, 4], [11, 0]]"
f_35ca72255f601ca2753a,"[[1, 0], [1, 1], [1, 2], [1, 3], [1, 4], [3, 0], [3, 1], [3, 2], [3, 3], [3, 4]]"
f_52adb2f603c8b5f0e30c,"[[2, 0], [2, 1], [2, 3], [2, 4], [3, 0], [3, 1], [3, 3], [3, 4]]"
f_991ee537908e551fbba7,"[[1, 0], [1, 1], [1, 3], [1, 4], [2, 0], [2, 1], [2, 3], [2, 4]]"
f_da51c767b07a261ddb32,"[[3, 0], [4, 0], [5, 0], [5, 1], [5, 2]]"
f_57d613ef37d68ed779a6,"[[2, 3], [3, 3], [4, 3], [5, 0], [5, 1], [5, 3]]"
f_24d18569abff6b560ca0,"[[2, 0], [2, 1], [2, 2], [3, 0], [3, 1], [3, 2]]"
f_f788741e0d7179231900,"[[5, 0], [5, 1], [5, 2], [5, 3], [6, 0], [6, 1], [6, 2], [6, 3], [7, 0], [7, 1]]"
f_65bfa20fbc40ae4233e5,"[[7, 1], [8, 0], [8, 1], [8, 4], [9, 0], [9, 1], [9, 4]]"
f_e0d5fa13d66fb38fb0cd,"[[0, 1], [0, 2], [1, 0], [1, 1]]"
f_fffc8ce8cb4c6965d2b6,"[[8, 1], [8, 3], [8, 4], [9, 1], [9, 3], [9, 4], [10, 1], [10, 2], [10, 3], [10, 4], [10, 5]]"
f_3f68160c5a6cfde78233,"[[4, 0], [5, 0], [5, 6], [5, 7]]"
f_9fced7e6c9ea47c1b1d7,"[[3, 2], [4, 1], [4, 2], [5, 0], [5, 1], [5, 2], [6, 0], [6, 1], [6, 2]]"
f_d66d135256dc273bc266,"[[1, 3], [3, 3], [4, 3], [5, 3], [6, 3], [7, 0], [7, 1], [7, 2], [7, 3], [7, 4], [8, 0], [8, 1], [8, 2], [8, 3], [8, 4], [9, 0], [9, 1], [9, 2], [9, 3], [9, 4], [12, 3], [13, 3], [16, 3]]"
f_b4b36b90ddabb01f9c4f,"[[1, 0], [1, 1], [2, 0], [8, 0], [8, 1], [8, 2], [8, 3], [9, 0]]"
f_a820adc06918806a87a3,"[[1, 0], [1, 1], [1, 2], [1, 3], [1, 4], [2, 0], [2, 1], [2, 2], [2, 3], [2, 4]]"
f_5308422551a2ec6c58eb,"[[2, 0], [2, 1], [2, 2], [2, 3], [2, 4], [3, 0], [3, 1], [3, 2], [3, 3], [3, 4]]"
f_0fa5bcbb2cb2738c8317,"[[3, 0], [3, 1], [3, 2], [6, 0], [6, 1], [6, 2]]"
f_c0ec2704c40c6b0b2a59,"[[11, 0], [11, 1], [11, 2], [12, 0], [12, 1], [12, 2]]"
f_613924005232d49e24c2,"[[14, 0], [15, 0], [15, 1], [15, 2], [16, 0]]"
f_630c38990f0ab9ebf8f1,"[[1, 5], [2, 4], [4, 3]]"
f_155cb0399025683102a1,"[[3, 1], [3, 3], [4, 1], [4, 3], [5, 1], [5, 2], [5, 3]]"
f_a16afb3a0af885345e2d,"[[7, 1], [7, 2], [11, 0], [11, 1], [11, 2]]"
f_a3d523ceb5b334bd8035,"[[2, 0], [2, 1], [2, 2], [3, 0], [3, 1], [3, 2], [3, 3], [4, 3]]"
f_cccf54e17057a9370a2a,"[[1, 0], [1, 2], [7, 2]]"
f_341bd3c69031ac1ebcd4,"[[6, 0], [7, 0], [7, 1], [7, 2], [8, 0]]"
f_c5fd6dbe52e8c88b4744,"[[3, 2], [3, 3], [3, 4], [3, 5], [7, 2], [7, 3], [7, 4], [8, 2], [8, 3], [8, 4]]"
f_a2b0da7bf2c96b8caaaf,"[[2, 0], [2, 2], [4, 0], [4, 2], [6, 0], [6, 2]]"
f_5233eda29b4d412c6cb0,"[[1, 1], [1, 2], [4, 0], [4, 1], [4, 2], [4, 3]]"
f_824fe4e1132d00c9387c,"[[1, 2], [1, 3], [2, 2], [2, 3]]"
f_bffb0272ceca68880253,"[[1, 0], [1, 3], [5, 0], [5, 3]]"
f_6b03a3271d271502f619,"[[13, 0], [14, 0], [14, 1], [14, 2]]"
f_acb232f56f85daf96c90,"[[4, 0], [4, 1], [5, 0], [5, 1], [6, 0], [6, 1], [6, 2]]"
f_a153dc07669a6e1881b8,"[[19, 1], [21, 0], [21, 1], [21, 2]]"
f_f87582e0d395b65b217e,"[[1, 0], [1, 2], [2, 0], [2, 2]]"
f_e587a6a6e23b2daf2781,"[[1, 3], [1, 4], [2, 3], [2, 4]]"
f_31cf7e231790bfcaaf78,"[[3, 1], [3, 5], [4, 1], [4, 5]]"
f_7bd4d36d9d455ec7456b,"[[8, 0], [9, 0], [9, 1], [9, 2]]"
f_0f4995a74cfbb60a1c28,"[[1, 3], [2, 0], [2, 2], [2, 3]]"
f_a43580f6e2c8b3c90142,"[[4, 3], [5, 3], [5, 4]]"
f_1e72186a5079ec72c808,"[[2, 1], [2, 4], [2, 6], [9, 4], [9, 6]]"
f_7444af40e550fb97bdf1,"[[1, 1], [2, 0], [2, 1], [2, 2], [3, 1], [3, 2]]"
f_cad71c6d5c7208a34995,"[[2, 0], [2, 1], [2, 2], [5, 0], [5, 1], [5, 2], [6, 0], [6, 1], [6, 2]]"
f_5d1db867abd1bebaba25,"[[0, 1], [0, 2], [0, 3], [0, 4], [0, 5], [0, 6], [1, 1], [1, 2], [1, 3], [1, 4], [1, 5], [1, 6]]"
f_9973785bef8d347e4499,"[[12, 0], [13, 0], [13, 1], [13, 2]]"
f_d636dec5b464169e2709,"[[1, 0], [1, 1], [1, 2], [1, 3], [1, 4], [1, 5], [2, 0], [2, 2]]"
f_453d760d721124fc8e72,"[[1, 0], [1, 1], [1, 2], [1, 3], [2, 0], [2, 1], [2, 2], [2, 3], [3, 0]]"
f_c62f17a1f76349c623ab,"[[1, 14], [2, 14]]"
f_2ab70b7b10d2cd75a3be,"[[8, 0], [9, 0], [10, 0], [11, 0], [11, 1], [11, 2], [11, 3], [12, 0], [13, 0]]"
f_f8533c050c4919ad40cf,"[[0, 2], [1, 2]]"
f_4bb7a8a2a2225cf63612,"[[5, 0], [5, 1], [5, 3], [5, 4], [5, 5]]"
f_29e5d2ab7b9996f53d39,"[[8, 0], [8, 1], [8, 2], [8, 3]]"
f_35d7749e492371b413eb,"[[21, 0], [21, 1], [22, 0], [23, 0], [23, 1], [23, 2], [24, 0], [25, 0], [25, 1], [26, 0], [26, 1], [27, 0], [28, 0], [29, 0], [31, 0], [31, 1]]"
f_768cfe083fef6aa96889,"[[13, 0], [14, 0], [15, 0], [15, 1], [15, 3], [15, 4], [15, 5]]"
f_7a5fd66fcc5b52ea7e49,"[[23, 0], [24, 3], [24, 4], [24, 5], [24, 6]]"
f_6880528ea3485e80b0fd,"[[12, 0], [13, 0], [14, 0], [15, 0], [16, 0], [17, 0], [18, 0], [18, 10]]"
f_dbf78e962ebc0e4e3d58,"[[7, 0], [7, 1], [7, 2], [7, 3], [8, 0], [8, 1], [8, 2], [8, 3], [9, 0], [9, 1], [9, 2], [9, 3], [10, 0], [10, 1], [10, 2], [10, 3]]"
f_e2d014807a1a7315fca5,"[[5, 0], [5, 1], [5, 3], [5, 5], [5, 6], [6, 0], [6, 1], [6, 3], [6, 6]]"
f_1da8aff59d44ba9f5de3,"[[1, 3], [2, 1], [2, 3], [3, 3]]"
f_91ff0c263830e0f20698,"[[2, 3], [3, 0], [3, 1], [3, 3], [4, 0], [4, 1], [4, 3], [5, 0], [5, 1], [5, 3]]"
f_09735a3d4477824b6bf1,"[[17, 0], [17, 1], [17, 2], [17, 4], [18, 0], [18, 1], [18, 2], [18, 4]]"
f_66b0833e793a0da24161,"[[1, 0], [1, 1], [2, 0], [2, 1], [3, 0], [3, 1], [4, 0], [4, 1], [5, 0], [5, 1], [6, 0], [6, 1], [7, 0], [7, 1], [8, 0], [8, 1], [9, 0], [9, 1], [10, 0], [10, 1], [11, 0], [11, 1], [12, 0], [12, 1], [12, 2], [12, 5]]"
f_92d647424be5152bee09,"[[10, 0], [10, 1], [10, 2], [10, 3], [11, 0], [14, 0], [14, 1], [14, 3]]"
f_25bfedf6c3bfd29de7c8,"[[1, 0], [1, 1], [2, 0], [2, 1], [3, 0], [3, 1], [4, 0], [4, 1]]"
f_c89ff43a83e55ab195d9,"[[8, 0], [8, 3], [9, 0], [9, 1], [9, 3], [10, 3], [11, 3], [12, 3], [13, 3], [14, 3], [15, 3]]"
f_9a092f75fad97401b9e8,"[[2, 4], [3, 4], [4, 0], [4, 3], [4, 4]]"
f_ef3b6eba4deb165dd86e,"[[7, 2], [7, 4], [8, 2], [8, 3], [8, 4]]"
f_34595e1afe867f72c8be,"[[1, 0], [1, 2], [1, 3], [1, 4], [2, 0], [2, 2], [2, 3], [2, 4], [8, 0], [8, 1], [8, 2], [8, 3], [8, 4]]"
f_61409f032742c1741b13,"[[19, 0], [20, 0], [21, 0], [22, 0], [22, 1], [22, 3], [22, 4]]"
f_8c3f56717144e0f62184,"[[6, 0], [6, 1], [6, 2], [6, 3]]"
f_54d12ab50a0d60e51f93,"[[13, 0], [13, 1], [13, 2], [14, 0], [14, 1], [14, 2], [15, 0], [15, 1], [15, 2]]"
f_9af3fd0e4192305932d7,"[[5, 0], [6, 0], [6, 4], [6, 5], [7, 0]]"
f_85305ca29cc6453a7997,"[[11, 1], [12, 0], [12, 1], [12, 2], [12, 3], [12, 4], [13, 0], [13, 3], [14, 0], [14, 3]]"
f_d6d506f5bb4d4aeb27d3,"[[2, 0], [2, 1], [2, 2], [2, 4], [3, 0], [3, 1], [3, 2], [3, 4]]"
f_6d728844fff1e9d651b9,"[[1, 0], [1, 1], [1, 2], [2, 0], [3, 0], [4, 0], [5, 0], [6, 0], [7, 0], [8, 0], [9, 0], [10, 0], [11, 0]]"
f_3b9d6c4246e86418d88d,"[[6, 0], [6, 2], [7, 0], [7, 2], [8, 0], [8, 1], [8, 2], [9, 0], [10, 0], [11, 0]]"
f_467a21f46b531a724992,"[[2, 0], [2, 4], [12, 3]]"
f_92873b411278683ba12f,"[[11, 2], [12, 2], [13, 0], [13, 1], [13, 2], [13, 3], [14, 0], [15, 0], [15, 1], [15, 2], [15, 3], [16, 0], [17, 0], [17, 1], [17, 2], [17, 3], [18, 2]]"
f_88c1de282c04d24de248,"[[1, 0], [2, 0], [2, 1], [2, 2]]"
f_c22a98c2dab9e9f30f2e,"[[5, 0], [6, 0], [7, 0], [7, 1]]"
f_4cbeef7c3fa6790b699e,"[[4, 2], [5, 1], [5, 2]]"
f_55ce43077446cc1bc7cc,"[[1, 2], [1, 3], [2, 2], [2, 3]]"
f_d92bc4eb32be2cf33147,"[[1, 0], [1, 1], [1, 2], [1, 3], [2, 0], [2, 3]]"
f_cbacfc32edb0b452c2bd,"[[10, 0], [10, 1], [10, 2], [12, 0], [12, 1], [12, 2]]"
f_d637e18d0e5426ca92dc,"[[13, 2], [13, 3], [14, 2], [14, 3], [15, 2], [15, 3], [16, 1], [16, 2], [16, 3]]"
f_efd72a453784725b12a0,"[[1, 3], [2, 2], [3, 3], [4, 2], [5, 4], [7, 4], [8, 2]]"
f_b7cfe03146b077ad08d3,"[[10, 0], [10, 1], [10, 2], [10, 3], [10, 4], [10, 5], [10, 6], [11, 4], [12, 4], [15, 4], [23, 4], [25, 2]]"
f_561a49b1ec1ca92f45a2,"[[11, 0], [11, 1], [11, 2]]"
f_40b5639d3e0a35b004aa,"[[17, 1], [17, 4], [18, 1], [18, 4], [19, 1], [19, 4], [20, 0], [20, 3], [20, 4], [21, 4], [22, 4]]"
f_f4dc27a3a2b380a0d919,"[[1, 1], [1, 2], [4, 3]]"
f_8b619f8b390cfa3695d4,"[[1, 1], [1, 3]]"
f_6e45bee898d417bcfe80,"[[3, 0], [4, 0], [4, 1], [4, 2]]"
f_9c7725f273e1ebd42818,"[[1, 1], [1, 2], [1, 3], [2, 1], [2, 2], [2, 3], [9, 3]]"
f_31867ce24d977a86fc6c,"[[1, 2], [1, 3], [2, 1], [2, 2], [2, 3]]"
f_c7e8021319f22beb1848,"[[9, 0], [9, 1], [9, 2], [10, 0], [10, 1]]"
f_e5d891d98026360211ba,"[[0, 3], [6, 0], [6, 3], [6, 4]]"
f_f780670ed913f85fe0ba,"[[1, 2], [1, 4], [2, 2]]"
f_3fb60e23b83c5224b261,"[[10, 0], [10, 1], [10, 2], [10, 3]]"
f_4b5365d5375bd14764a8,"[[1, 1], [1, 2], [1, 3], [2, 1], [2, 2], [2, 3]]"
f_0b9e5e60bdd948f8d62d,"[[22, 1], [22, 2], [22, 3]]"
f_214e3adcc1b165f2629c,"[[4, 0], [4, 1], [4, 2], [5, 0], [5, 1], [5, 2]]"
f_7a9748e2301d5aab2722,"[[3, 1], [23, 1], [23, 7], [23, 8]]"
f_9c17b604b931080302d5,"[[1, 0], [1, 2], [2, 0], [2, 2], [3, 2], [4, 2], [5, 2], [6, 2], [7, 2], [8, 2], [9, 2], [10, 2], [11, 2], [13, 2]]"
f_d6af56bb8518a15fcf98,"[[9, 0], [10, 0], [10, 1], [10, 2], [10, 3]]"
f_8a057a79225b5eb08848,"[[5, 1], [5, 3], [6, 1], [6, 2], [6, 3]]"
f_e8bbd2ad4359546451d0,"[[1, 0], [1, 1], [1, 2], [1, 3], [2, 0], [2, 1], [3, 0], [3, 1], [3, 2], [3, 3], [4, 0], [4, 1], [4, 2], [4, 3], [5, 0], [6, 0], [6, 1], [6, 2], [6, 3], [7, 0], [7, 1], [10, 0], [10, 1], [11, 0], [11, 1], [11, 2], [11, 3]]"
f_64907f0a9b924f95fa67,"[[8, 0], [9, 0], [9, 1], [10, 0], [10, 1], [11, 0], [11, 1], [12, 0], [12, 1], [12, 2], [12, 3]]"
f_4e4c12223c467ae231d1,"[[0, 1], [0, 2], [2, 1], [2, 2], [3, 1], [3, 2]]"
f_0ab4b193339e76d9e450,"[[8, 0], [9, 0], [10, 0], [11, 0], [12, 0], [12, 1], [12, 2]]"
f_8e6255e761fefed7e3f1,"[[1, 0], [1, 1], [1, 3], [1, 4], [2, 0], [2, 1], [2, 3], [2, 4], [3, 0], [4, 0], [4, 1], [4, 3], [4, 4], [4, 5]]"
f_f6f47b47426e44faf9cd,"[[9, 0], [9, 1], [9, 2], [10, 0], [10, 1]]"
f_93b2021d1815f898f8b3,"[[16, 1], [16, 2], [17, 1], [17, 2], [18, 0], [18, 1], [18, 2], [18, 3]]"
f_35f9e44664d105d1f831,"[[2, 1], [3, 0], [3, 1]]"
f_85524539855bd43c8a72,"[[14, 0], [14, 1], [14, 2], [14, 3], [14, 4], [15, 1], [15, 3], [15, 4]]"
f_757ce3d3c58de1ebdd39,"[[15, 0], [16, 1]]"
f_6119f94fba5abeb8a60f,"[[17, 2], [18, 0], [18, 1], [18, 2], [19, 0], [19, 2], [20, 0]]"
f_d9c5a91233f14d8411ce,"[[2, 0], [2, 1], [2, 2], [2, 3], [5, 0], [5, 1], [5, 2], [5, 3]]"
f_86331c528e25b02240cd,"[[6, 0], [6, 1], [7, 0], [7, 1]]"
f_874f10258823b1d05a2d,"[[1, 1], [2, 1], [4, 1], [5, 1]]"
f_b2c416315e19d6722e91,"[[22, 0], [22, 1], [22, 2], [22, 3], [23, 0], [23, 1], [23, 2], [23, 3], [24, 0], [24, 1], [24, 2], [24, 3], [25, 0], [25, 1], [25, 2], [25, 3]]"
f_15dc1bd20468be7007d0,"[[1, 0], [1, 1], [1, 2], [1, 3]]"
f_57a91dae486a06c817db,"[[1, 2], [2, 2], [2, 3], [2, 4]]"
f_7a96d5d2ad123ced628f,"[[23, 0], [23, 2], [23, 3], [24, 0], [24, 2], [24, 3], [25, 0], [25, 2], [25, 3], [26, 0], [26, 2], [26, 3]]"
f_5f96792beaaa5da4a29b,"[[1, 1], [1, 2], [1, 3], [2, 1], [2, 2], [2, 3]]"
f_e2b7d75f16f83addc261,"[[2, 0], [2, 1], [2, 2], [2, 3], [4, 1], [4, 3], [8, 1], [8, 3], [14, 1], [14, 3]]"
f_0d16036180c8da6827a0,"[[3, 0], [4, 0], [5, 0], [5, 1], [5, 2], [5, 3]]"
f_4a49fdc55c99821d9a12,"[[1, 0], [1, 1], [1, 2], [2, 0], [2, 1], [2, 2]]"
f_e4cc0f1931e990e1e6c4,"[[4, 0], [4, 6], [5, 0], [5, 6], [6, 0], [6, 6], [7, 0], [7, 6], [8, 0], [8, 6], [9, 0], [9, 6], [10, 0], [10, 6], [11, 0], [11, 6], [12, 0], [12, 6], [13, 0], [13, 6], [14, 0], [14, 6], [15, 0], [15, 6]]"
f_3ed5f5716491ef7dc143,"[[6, 0], [7, 0], [8, 0], [9, 0], [9, 1], [9, 2], [9, 3]]"
f_271f7e47643f7bb50c7e,"[[2, 3], [2, 5], [3, 5], [4, 5], [5, 5], [6, 4], [6, 5], [7, 3], [7, 4], [7, 5]]"
f_cc2321cd1cfa7906d68d,"[[20, 1], [20, 4], [20, 5], [20, 6], [20, 7], [21, 1], [21, 4], [21, 5], [21, 6], [21, 7], [22, 1], [22, 4], [22, 5], [22, 6], [22, 7], [23, 1], [23, 4], [23, 5], [23, 6], [23, 7]]"
f_d1e93bca6c5490c3a61c,"[[2, 1], [2, 2], [3, 0], [3, 1], [3, 2]]"
f_2a10ca21c05e7a65489e,"[[6, 0], [7, 0], [7, 1], [7, 2], [7, 3], [7, 5]]"
f_54a37d4272c0ac5d965c,"[[9, 1], [9, 2], [10, 0], [10, 1], [10, 2]]"
f_7fecfa67ccfc96ed971e,"[[1, 1], [1, 2], [1, 3], [2, 1], [2, 2], [2, 3]]"
f_9aad25b4c31a6842a611,"[[1, 0], [1, 1], [1, 2], [1, 3], [1, 4], [1, 5], [7, 0], [8, 0], [8, 1], [8, 2], [9, 0], [9, 1], [9, 2], [9, 3], [9, 4]]"
f_b4a7e8b5d6e6f1404fc9,"[[1, 1], [2, 0], [2, 1], [3, 0], [3, 1], [4, 0], [4, 1], [5, 0], [5, 1], [6, 0], [6, 1], [7, 0], [7, 1], [8, 0], [8, 1], [9, 0], [9, 1], [10, 0], [10, 1], [11, 0], [11, 1], [12, 0], [12, 1], [13, 0], [13, 1], [14, 0], [14, 1], [15, 0], [15, 1], [16, 0], [16, 1], [17, 0], [17, 1], [18, 0], [18, 1], [19, 1], [20, 0], [20, 1], [21, 0], [21, 1], [22, 0], [22, 1], [23, 0], [23, 1], [24, 0], [24, 1], [25, 3], [25, 4], [25, 5], [25, 6]]"
f_476deaf1b4aded108df2,"[[3, 0], [3, 1], [3, 2], [4, 0], [4, 1], [4, 2], [4, 3], [5, 2], [6, 2], [7, 2]]"
f_9bfbb8204601651b03a7,"[[1, 1], [1, 2], [1, 4], [2, 1], [2, 2]]"
f_056d3d1c864c91a7d30c,"[[3, 1], [4, 0], [4, 1], [4, 2], [4, 3], [5, 1]]"
f_f142912996803e46df6e,"[[10, 0], [11, 0], [12, 0], [12, 1], [12, 4], [12, 5], [12, 6], [13, 0], [13, 1], [14, 0]]"
f_f45c087966f91595c498,"[[3, 0], [3, 1], [3, 2], [16, 0], [16, 1], [16, 2]]"
f_614fb3a4b12b69b8a567,"[[1, 0], [1, 3], [5, 3]]"
f_ccc75dfc360f0efe18b7,"[[1, 0], [1, 1], [2, 0], [2, 1], [2, 2], [2, 4], [3, 0], [3, 1], [4, 1], [5, 1], [6, 1], [7, 1], [8, 1]]"
f_4062b9986d470d4f04da,"[[10, 1], [10, 4], [27, 1], [27, 3]]"
f_d7e5e472665ce35a95cf,"[[6, 0], [7, 0], [7, 1], [7, 5]]"
f_18773b6adf255537a9bf,"[[1, 2], [1, 3], [2, 2], [2, 3]]"
f_64a3d93dabff803330d3,"[[2, 0], [3, 0], [4, 0], [5, 0], [6, 0], [7, 0], [7, 1], [7, 2], [8, 0], [8, 2], [9, 0], [9, 2], [10, 0], [10, 2], [11, 0], [11, 2], [12, 0]]"
f_7d1273239d1fd4e5b37e,"[[6, 4], [7, 1], [7, 2], [7, 4]]"
f_632d81295bf9aabafea5,"[[10, 0], [10, 1], [10, 2], [10, 3], [10, 4], [10, 5], [11, 0], [11, 1], [11, 3], [12, 0], [12, 1], [12, 2], [12, 4], [12, 5], [13, 0], [13, 1], [13, 2], [14, 0], [15, 0]]"
f_e54935bb0dcb622d2c28,"[[1, 1], [1, 2], [1, 3], [2, 1], [2, 3], [16, 1]]"
f_008ae54b0f3f01ee2be4,"[[2, 2], [3, 3]]"
f_3b3431ccee429cd3456f,"[[5, 0], [6, 0], [7, 0], [7, 1], [7, 2], [8, 0]]"
f_2dffdad48ab08ee59f89,"[[2, 0], [2, 1], [3, 0], [3, 1], [4, 0], [4, 1], [5, 0], [5, 1], [6, 0], [6, 1], [7, 0], [7, 1], [8, 0], [8, 1], [9, 0], [9, 1], [10, 0], [10, 8], [10, 9]]"
f_8b3a3dcdb806668a30ec,"[[2, 0], [2, 1], [2, 2], [3, 0], [3, 1], [3, 2]]"
f_65aeda86e37fa8284198,"[[1, 0], [1, 3], [1, 4], [3, 3]]"
f_420a700777a821b32b03,"[[1, 0], [1, 3], [2, 0], [2, 3], [2, 4]]"
f_f24accea8f54342af05b,"[[26, 0], [26, 1], [26, 2], [27, 0], [27, 1], [27, 2], [28, 0]]"
f_fba488657fdaba5ad8f0,"[[1, 0], [1, 1], [1, 2], [1, 4], [2, 0], [2, 1], [2, 2], [2, 4], [3, 0], [4, 0], [5, 0], [6, 0], [7, 0]]"
f_acc55f6b63fcd4d3cb3c,"[[1, 0], [1, 3], [2, 0], [2, 3]]"
f_2d3621b5e1b8eada964f,"[[1, 1], [2, 1], [3, 1], [4, 1], [5, 1], [6, 1], [6, 2], [6, 3], [6, 4], [7, 1], [7, 4], [8, 1], [8, 4]]"
f_6171807fd20f5ff2f977,"[[4, 0], [4, 1], [4, 3], [5, 0], [5, 1], [5, 3]]"
f_8ef8318addc6e3d62c49,"[[8, 0], [9, 0], [10, 0], [11, 0], [12, 0], [13, 0], [14, 0], [15, 0], [16, 0], [16, 1], [16, 2]]"
f_9f7568250d8460dfa14b,"[[0, 0], [0, 1], [0, 2], [0, 3], [1, 0], [1, 1], [1, 2], [1, 3], [2, 0], [2, 1], [2, 2], [2, 3], [3, 0], [3, 1], [3, 2], [3, 3], [4, 0], [4, 1], [4, 2], [4, 3], [5, 0], [5, 1], [5, 2], [6, 0], [6, 1]]"
f_0351b643e966bace8a24,"[[8, 0], [8, 1], [8, 2], [9, 0], [9, 1], [9, 2], [10, 0], [11, 0]]"
f_763bd864252c7b58bfb7,"[[1, 1], [1, 2], [2, 1], [2, 2], [8, 3]]"
f_96fca29e1464814807cf,"[[7, 0], [7, 1], [7, 2]]"
f_e89012d07c59f80893ae,"[[5, 1], [5, 2], [5, 4]]"
f_d060f276bb3c6a11e934,"[[4, 0], [4, 1], [4, 2], [5, 0], [5, 1], [5, 2]]"
f_9b0befcda73e214bee95,"[[21, 0], [22, 0], [23, 0], [24, 0], [24, 1], [24, 2]]"
f_8bb1384fb4a6db44a0a8,"[[2, 0], [2, 1], [2, 2], [2, 3], [2, 4]]"
f_c41914d23b38b7dc56e3,"[[7, 0], [8, 0], [8, 1], [8, 2]]"
f_f40b17f34f9b85d4d3d6,"[[0, 0], [0, 1], [0, 3], [1, 0], [1, 1], [1, 3]]"
f_e551886f69916579cd5f,"[[0, 1], [0, 2], [0, 3], [0, 4], [1, 0], [2, 0]]"
f_2f042edc04ab0f102451,"[[11, 0], [12, 0], [13, 0], [14, 0], [15, 0], [16, 0], [17, 0], [18, 0], [19, 0], [19, 9], [19, 10]]"
f_a1ba151e66005117a772,"[[1, 0], [1, 1], [1, 2], [1, 3], [2, 0], [2, 1], [2, 2], [2, 3]]"
f_6ccbd869169104b48da8,"[[5, 0], [6, 0], [6, 2], [6, 4], [6, 5], [7, 0], [14, 0], [14, 2], [14, 4], [14, 5]]"
f_5fcd14841a9299501e14,"[[2, 0], [2, 2], [2, 6], [3, 0], [3, 2]]"
f_6b69b255b8648ccc5dec,"[[1, 0], [2, 0], [2, 3], [3, 0], [3, 3], [4, 0], [4, 1], [4, 3], [5, 0], [5, 3], [6, 0], [6, 1], [6, 3], [7, 3]]"
f_fd526b647b46a4858859,"[[2, 1], [2, 5], [3, 1], [3, 7], [4, 1], [4, 7]]"
f_a75cea53c62c46c9706d,"[[31, 1], [33, 1]]"
f_44259dda3f53ffb02d0e,"[[2, 0], [2, 1], [3, 0], [3, 1], [5, 0], [5, 1], [6, 0], [6, 1], [8, 0], [8, 1], [9, 2]]"
f_e1d9f270c63c1d85b8d5,"[[1, 2], [1, 4], [2, 1], [2, 2], [2, 4]]"
f_b556daf45fe217040581,"[[1, 0], [2, 0], [2, 3], [3, 0], [4, 0]]"
f_da14e3226e9d470362f3,"[[1, 0], [1, 1], [1, 2], [14, 0], [14, 1], [14, 2]]"
f_62f4daeb33c94044cf4f,"[[25, 0], [26, 0], [27, 0], [27, 1], [27, 2], [28, 0]]"
f_c5500580360564cc03b0,"[[1, 0], [1, 1], [2, 0], [2, 1], [3, 0], [3, 1], [3, 2]]"
f_5de43c6473a4ec161fb2,"[[1, 0], [1, 1], [1, 2], [13, 0], [13, 1], [13, 2]]"
f_a9fbc11b27fe35a49fea,"[[4, 0], [4, 1], [5, 0], [5, 1], [5, 2], [5, 3], [6, 0], [6, 1]]"
f_3d9a73419e4dc1c90a67,"[[9, 0], [9, 2], [10, 0], [10, 2], [11, 0], [11, 2], [12, 0], [12, 2], [13, 0], [13, 1], [13, 2], [13, 11], [13, 12], [14, 0]]"
f_4a89de03535e49f41dda,"[[1, 0], [1, 1], [1, 2], [2, 0], [2, 1], [2, 2]]"
f_d8e8ea1bd7298e38b0e5,"[[1, 0], [1, 1], [1, 2], [1, 3], [2, 0], [2, 1], [2, 2], [2, 3]]"
f_bfb6ab0bf20c5759cd4c,"[[8, 0], [8, 1], [9, 0], [9, 1], [9, 2], [9, 3], [10, 0], [10, 1], [11, 0], [11, 1]]"
f_d35a8c69fa6adb909e51,"[[2, 0], [2, 1], [2, 3], [4, 0], [4, 1], [4, 2], [4, 3]]"
f_afcafb17332036a333c2,"[[2, 0], [2, 1], [3, 0], [3, 1], [3, 2], [4, 0], [4, 1]]"
f_67074d5d4c237b469f4d,"[[3, 0], [3, 2], [4, 0], [4, 1], [4, 2], [4, 3]]"
f_7a70dbe50fc11befa310,"[[15, 1], [16, 9]]"
f_c4f2bb64bf0edc11ca88,"[[3, 1], [3, 2], [3, 3], [3, 4]]"
f_8731112dd1bf8b22a8e5,"[[7, 0], [7, 2], [8, 0], [8, 2], [9, 2]]"
f_bcda0cef35f199764986,"[[7, 2], [7, 3], [7, 4], [8, 2], [8, 3], [8, 4]]"
f_d40021fe370790581525,"[[1, 0], [1, 3], [6, 3], [7, 2]]"
f_97a83238920216cb715d,"[[10, 0], [10, 3], [10, 4], [11, 0], [11, 4]]"
f_77dad8fa8a6d8e7cb162,"[[1, 2], [1, 4], [2, 2], [2, 4]]"
f_a1eaebf8236417c366f8,"[[2, 0], [2, 1], [2, 3], [2, 5], [2, 6]]"
f_d0cfff5a73cad3b4a482,"[[18, 0], [19, 0], [19, 1], [19, 2], [20, 0]]"
f_72885a9a3c517749d21d,"[[10, 0], [10, 1], [10, 2], [10, 3], [10, 4], [10, 5], [10, 6], [11, 4], [11, 6]]"
f_44c0404d3a58088fa693,"[[1, 0], [1, 1], [1, 2], [1, 3], [1, 4], [1, 5], [13, 0], [13, 1], [13, 2], [13, 3], [13, 4], [14, 0], [14, 1], [14, 2], [14, 3], [14, 4]]"
f_ecd7b6e30187f14254c4,"[[2, 0], [3, 0], [4, 0], [5, 0], [6, 0], [7, 0], [8, 0], [8, 1], [8, 2], [9, 0], [10, 0], [11, 0]]"
f_837675bfbc895e96de6c,"[[1, 1], [1, 2], [2, 1], [5, 1], [5, 2]]"
f_ead17d204dc510165f87,"[[6, 0], [7, 0], [8, 0], [8, 1], [8, 2], [8, 3], [8, 4]]"
f_998cb595f2f4bd05e464,"[[12, 0], [12, 1], [12, 2], [15, 0], [15, 1], [15, 2], [16, 0], [17, 0], [18, 0], [18, 1], [18, 2], [20, 0], [20, 1], [20, 2], [27, 0], [28, 0], [28, 1], [28, 2]]"
f_f1af996cd70328e5e643,"[[2, 0], [2, 1], [2, 2], [3, 0], [3, 1], [3, 2]]"
f_2727d004ccd64bbbfca2,"[[11, 1], [11, 2], [11, 3], [12, 1], [12, 2], [12, 3]]"
f_1ffdb54cf4b3582dde76,"[[12, 0], [13, 0], [14, 0], [15, 0], [16, 0], [17, 0], [18, 0], [19, 0], [20, 0], [21, 0], [22, 0], [23, 0], [24, 0], [25, 0], [26, 0], [27, 0], [27, 1], [27, 2]]"
f_a4b5ef1abc014f4596be,"[[2, 0], [2, 2], [2, 4], [5, 0], [5, 2], [5, 3], [5, 4], [6, 0], [6, 2], [6, 3], [6, 4], [7, 0], [7, 2], [7, 4]]"
f_4bf96dc62d7b3cf1e8c5,"[[4, 0], [4, 1], [4, 2], [4, 3], [4, 4], [4, 5], [5, 0], [6, 0], [7, 0], [8, 0], [9, 0], [10, 0], [11, 0], [12, 0], [13, 0], [14, 0], [15, 0], [16, 0], [17, 0], [18, 0], [19, 2], [19, 3]]"
f_0b2707a14bd2b9d4a6d1,"[[19, 0], [19, 1], [19, 2], [20, 0], [20, 1], [20, 2]]"
f_b0b303bf617cb32392a8,"[[8, 0], [9, 0], [9, 1], [9, 2], [9, 11], [10, 0], [11, 0]]"
f_fc0ee2fc125797b12470,"[[2, 1], [3, 1], [5, 1], [6, 1], [7, 1], [8, 1], [9, 1], [10, 1], [11, 1], [13, 1], [14, 1], [15, 1], [16, 1], [17, 1], [19, 9]]"
f_257658240c973962dc77,"[[2, 0], [2, 1], [2, 2], [6, 0], [6, 1], [6, 2], [10, 0], [10, 1], [10, 2], [10, 3], [11, 0], [11, 1], [11, 2], [11, 3]]"
f_1f0d384a37914b8b8f7a,"[[10, 2], [11, 0], [11, 1], [11, 2], [12, 2]]"
f_dc95fdd13b274650e899,"[[1, 1], [2, 1], [3, 1], [4, 1]]"
f_44b3bd1d5dc92335abc2,"[[1, 0], [1, 3], [8, 3]]"
f_2be37ff74e9d829deac4,"[[6, 0], [6, 1], [6, 2], [8, 0], [8, 1], [8, 2], [9, 0], [10, 0], [15, 0], [16, 0], [16, 1], [16, 2]]"
f_4efcf881d9f3642a67e8,"[[1, 0], [1, 1], [1, 2], [2, 2], [3, 2], [4, 2], [5, 2], [6, 2], [7, 2], [8, 2], [9, 2], [10, 2], [11, 2], [12, 2], [13, 2], [14, 2], [15, 2], [16, 2], [17, 2], [18, 2], [19, 2], [20, 2], [21, 2], [22, 2], [23, 2], [24, 2], [25, 2], [26, 2], [27, 2]]"
f_8c09831506f6c6954db2,"[[1, 0], [2, 0], [2, 1], [2, 2], [2, 3], [3, 0], [3, 1], [3, 2], [3, 3], [4, 0], [4, 1], [28, 3]]"
f_600a88a5013c70d4306f,"[[2, 6], [6, 6], [8, 6]]"
f_bde4a05f137479a96354,"[[3, 0], [4, 0], [5, 0], [6, 0], [7, 0], [8, 0], [9, 0], [10, 0], [11, 0], [12, 0], [13, 0], [13, 9], [13, 10]]"
f_4aabd00770d7a15acc6b,"[[2, 0], [2, 1], [2, 3]]"
f_2a9143470c3f384d8f35,"[[5, 0], [5, 1], [5, 2], [6, 0], [6, 1], [6, 2], [7, 0]]"
f_298aa8ed3aee9e9eabbf,"[[1, 0], [1, 1], [1, 2], [2, 0], [2, 1], [2, 2]]"
f_8ac5bd02a4ecb0b69198,"[[12, 0], [13, 0], [13, 1], [13, 2], [17, 0], [18, 0], [19, 0], [19, 1], [19, 2]]"
f_9e8b7fcafb30247df5e5,"[[15, 0], [15, 1], [15, 3], [17, 0], [17, 1], [17, 3]]"
f_f86385b016bc685ca5ef,"[[13, 1], [13, 2], [13, 3], [14, 1], [14, 2]]"
f_bf5af38b45825faa2208,"[[14, 0], [14, 1], [14, 2], [14, 3], [15, 0], [15, 1], [15, 2], [15, 3]]"
f_ceca3412e4fb478c9717,"[[26, 0], [27, 0], [27, 1], [27, 2], [27, 3], [28, 0]]"
f_bc620fb0e41c7c11dee7,"[[9, 0], [9, 1], [9, 2], [10, 0], [10, 1], [13, 0], [13, 1], [13, 2], [14, 0], [14, 1], [14, 2]]"
f_5057c52ae7da80b73cd4,"[[4, 0], [4, 1], [4, 2], [5, 0], [5, 1], [5, 2]]"
f_93658b9591d1fe35fc25,"[[7, 0], [8, 0], [8, 1], [8, 2], [8, 3], [8, 4]]"
f_5367cd8826535a2ecd52,"[[5, 0], [5, 1], [5, 4]]"
f_717404c503b4446e81f8,"[[2, 1], [3, 1], [3, 4]]"
f_e6221f103fb896295618,"[[18, 1], [19, 1], [19, 2]]"
f_cf7be9f8280d5ba0af93,"[[2, 1], [3, 0], [3, 1], [3, 2]]"
f_abb4b017494d6884ff22,"[[19, 3], [20, 0], [20, 1], [20, 2], [20, 3], [21, 0], [21, 1], [21, 3], [22, 0], [22, 1]]"
f_fffdea0c93f8b5416ef8,"[[4, 0], [5, 0], [5, 1], [5, 3], [5, 4], [5, 5], [6, 0], [7, 0]]"
f_102400e17cb3217ba2a8,"[[4, 0], [4, 1], [4, 2], [17, 0], [17, 1], [17, 2]]"
f_78f06af028c3bae29803,"[[6, 0], [6, 1], [6, 2], [6, 3]]"
f_98df628ecaefa155b808,"[[1, 1], [25, 0], [25, 1], [26, 0], [26, 1], [27, 3], [27, 4], [27, 5], [27, 6]]"
f_d1b23f100edae29ae236,"[[2, 2], [2, 3], [3, 2], [3, 3], [4, 3]]"
f_e3927537f848a49ae3b7,"[[1, 2], [6, 2]]"
f_72f4b9f12b9fcf877305,"[[1, 0], [1, 3], [1, 4], [1, 5], [1, 6], [2, 0], [2, 6]]"
f_b966148e2e38095891ed,"[[2, 1], [2, 3], [3, 1], [3, 3], [5, 1], [5, 3]]"
f_621ac0a3fbdad6b1a306,"[[1, 0], [1, 1], [1, 2], [2, 0], [2, 1], [2, 2]]"
f_db923e51b507d0077c0e,"[[1, 0], [2, 0], [3, 0], [4, 0], [5, 0], [6, 0], [7, 0], [8, 0], [9, 0], [10, 0], [11, 0], [12, 0], [13, 0], [14, 0], [15, 0], [16, 3], [16, 4], [16, 5], [16, 6]]"
f_0f0b54b8bc13447b7c98,"[[5, 0], [5, 1], [5, 2], [6, 0], [6, 1], [6, 2]]"
f_7ceb493caf2e185b4e4e,"[[1, 1], [1, 2], [1, 3], [2, 1], [2, 3], [4, 3]]"
f_decb7e80758e156cafe1,"[[9, 1], [9, 2], [11, 1], [11, 2]]"
f_095cae4db9021ba4293a,"[[21, 0], [22, 0], [22, 1], [22, 2], [22, 3]]"
f_04c32953a29dd628409a,"[[3, 0], [4, 0], [5, 0], [6, 0], [7, 0], [8, 0], [9, 0], [9, 1], [9, 2], [9, 3], [10, 0], [10, 1], [10, 2], [10, 3], [11, 0], [12, 0], [13, 0], [14, 0], [15, 0], [16, 0]]"
f_2d48d6e3904367401745,"[[0, 1], [0, 2], [0, 3], [1, 1]]"
f_f8ad55238825dfeae085,"[[3, 0], [3, 1], [3, 2]]"
f_80592b71bc2d828cecb9,"[[2, 0], [2, 1], [2, 3], [2, 5], [3, 0], [3, 1], [3, 3], [3, 5]]"
f_e296ac9b50bf458ee0dd,"[[2, 0], [3, 0], [3, 4], [3, 5]]"
f_980fe9d34d6823b9945d,"[[1, 0], [1, 1], [2, 0], [2, 1], [3, 0], [3, 1]]"
f_398ac34b8f9adffb5305,"[[6, 0], [7, 0], [7, 1], [7, 3], [7, 4], [8, 0]]"
f_4040eb19dd08fb205f69,"[[3, 0], [3, 1], [3, 2], [4, 0], [4, 1], [4, 2], [5, 0], [5, 1], [5, 2], [6, 0]]"
f_1b668fbbb0da35463810,"[[9, 13], [10, 1], [10, 13], [11, 0], [11, 1], [11, 13]]"
f_65ea9f1b5b98851d1c85,"[[4, 0], [5, 0], [9, 0]]"
f_f72b4a56bef891cdf322,"[[3, 0], [3, 1], [3, 2], [3, 3]]"
f_c26026f4394e4657638b,"[[2, 0], [2, 1], [2, 2], [3, 0], [3, 1], [3, 2], [4, 1], [4, 2]]"
f_d80aa0a4726e523fbedc,"[[6, 0], [6, 1], [9, 0], [9, 1]]"
f_030187ab647803709bf7,"[[1, 0], [1, 1], [1, 2], [2, 0], [2, 1], [2, 2]]"
f_9567862cf4dab12c1882,"[[1, 0], [1, 1], [1, 2], [1, 3], [1, 4], [2, 0], [2, 1], [2, 2], [2, 4], [3, 0], [3, 1], [3, 2], [3, 4], [4, 0], [4, 1], [5, 0], [5, 1], [6, 0], [6, 1], [6, 2], [6, 4], [7, 0], [7, 1], [8, 0], [8, 1], [8, 2], [8, 4], [9, 0], [9, 1], [9, 2], [9, 4], [10, 0], [10, 1], [10, 2], [10, 4], [11, 0], [11, 1], [11, 2], [11, 4], [12, 0], [13, 0], [14, 0], [15, 0], [16, 0], [17, 0]]"
f_eb75e7d7aa95a1b93418,"[[10, 3], [10, 4], [10, 5], [11, 3], [11, 4]]"
f_2989d9ec2e3b49b7e42f,"[[3, 5], [4, 0], [4, 4], [4, 5], [4, 8]]"
f_65e606d889ad81693c0b,"[[11, 1], [11, 2], [12, 1], [12, 2], [12, 3], [13, 1], [13, 2], [13, 3]]"
f_0c9c9e37310d51301e8e,"[[3, 2], [4, 2], [5, 2], [6, 2], [7, 2], [8, 1], [8, 2], [9, 0], [9, 1], [9, 2], [9, 3], [10, 2], [11, 2], [12, 2], [13, 2], [14, 2]]"
f_901c1491fa28308792f2,"[[1, 4], [2, 0], [2, 1], [2, 4]]"
f_14fce01b825fae611828,"[[10, 0], [10, 1], [11, 0], [11, 1], [12, 0], [12, 1], [13, 0], [13, 1], [14, 0], [14, 1], [15, 0], [15, 1], [16, 2]]"
f_f9438395867d4270670a,"[[7, 0], [7, 1], [7, 2], [8, 0], [8, 1], [8, 2]]"
f_3a52592ec036c3702fc1,"[[4, 0], [4, 1], [4, 2], [4, 3]]"
f_6435f20c50642b682113,"[[1, 0], [1, 2], [3, 0], [3, 2]]"
f_3c626db17b77046e5696,"[[1, 0], [2, 0], [3, 0], [4, 0], [5, 0], [6, 0], [7, 0], [8, 0], [11, 3]]"
f_702f4f3416ce7343b5e1,"[[9, 0], [10, 0], [11, 0], [11, 1], [12, 0], [12, 1], [12, 4], [13, 0]]"
f_223573093faeb83f0581,"[[1, 1], [2, 0], [2, 1], [3, 0], [3, 1], [3, 2], [3, 3], [3, 4]]"
f_2f495b402b8b375e618e,"[[1, 0], [1, 1], [1, 2], [1, 3], [1, 4], [2, 1], [2, 2], [2, 4], [3, 0], [3, 1], [3, 2], [3, 4], [5, 0], [5, 1], [5, 2], [5, 3], [5, 4]]"
f_e3de13a07f84f76a1b70,"[[1, 0], [1, 1], [1, 2], [2, 0], [2, 1], [2, 2], [3, 0], [3, 1], [3, 2], [4, 0], [4, 1], [4, 2]]"
f_5469c01a6f87ed20dc26,"[[2, 0], [2, 1], [2, 3]]"
f_1eb18e47d581a514d573,"[[18, 0], [18, 8], [19, 8]]"
f_f3063d76255d4af7c73b,"[[18, 0], [19, 0], [19, 1], [19, 5], [20, 0], [21, 0], [21, 1], [21, 5], [22, 0], [23, 0]]"
f_3e85ce599eefcf8a8a91,"[[2, 0], [2, 1], [2, 2], [8, 0], [8, 1], [8, 2]]"
f_2ca52ee7ed08682a1b4a,"[[2, 1], [3, 1], [4, 1]]"
f_92c64f0f1b6dbb8699e7,"[[6, 0], [6, 4], [7, 0], [7, 4]]"
f_62468d6242e238bd2dd1,"[[1, 3], [2, 3], [3, 3], [4, 3], [5, 3], [6, 3], [7, 1], [7, 2], [7, 3], [8, 3], [9, 3]]"
f_cc344e6826dbc852d63d,"[[27, 0], [27, 1], [27, 2], [27, 4], [28, 0], [28, 1], [28, 2], [28, 4]]"
f_8fc1a2d551d94cedb456,"[[7, 0], [7, 1], [7, 2], [7, 3]]"
f_e5183976178cf835eadd,"[[18, 0], [19, 0], [19, 1], [19, 2], [19, 3], [19, 4], [19, 5]]"
f_bf91bd36f2f294503bab,"[[1, 2], [1, 4], [2, 1], [2, 2], [2, 4]]"
f_e4464051a26e16da4c25,"[[1, 2], [5, 2]]"
f_fa4b26bff27790463945,"[[17, 0], [17, 3], [18, 0], [18, 3], [19, 0], [19, 2]]"
f_d28229e134426d4914f3,"[[5, 1], [5, 3], [5, 4], [6, 1], [6, 2], [6, 3], [6, 4], [7, 1], [7, 2], [7, 3], [7, 4]]"
f_f7daec630495064562bd,"[[4, 0], [4, 1], [6, 0], [6, 1], [6, 2]]"
f_8d35b2f8d39d5a3d7ddb,"[[1, 0], [1, 1], [1, 2], [7, 0], [7, 1]]"
f_1da9ded010ad32dc75e9,"[[5, 0], [6, 0], [6, 3], [7, 0], [7, 1], [7, 3], [7, 4]]"
f_67d21c76c646fc3bcf30,"[[29, 0], [30, 1], [30, 2], [30, 3], [31, 0], [32, 1], [32, 2], [32, 3]]"
f_800b29a0ae031dd99954,"[[2, 4], [3, 4], [4, 0], [4, 1], [4, 4]]"
f_4e92397d61636d804caf,"[[24, 0], [24, 1], [24, 2], [25, 0], [26, 0], [26, 1], [26, 2]]"
f_ffefcea820ea116281a9,"[[25, 0], [25, 1], [25, 2], [26, 0], [27, 0], [27, 1], [27, 2], [29, 0], [29, 1], [29, 2], [30, 2]]"
f_9284b45e03f1a1ad4595,"[[1, 2], [1, 4], [2, 2], [2, 4]]"
f_09da67843273cd61ba71,"[[24, 0], [25, 0], [25, 1], [25, 2]]"
f_73e6641480d59d2fde78,"[[9, 0], [9, 1], [9, 2], [10, 0], [10, 1], [10, 2]]"
f_d9e825c7107f04a13b63,"[[10, 0], [11, 0], [12, 0], [13, 0], [13, 1], [13, 2], [13, 4]]"
f_f28445bb292de6570753,"[[5, 3], [5, 4]]"
f_312d493c9dd6dc084bb8,"[[4, 0], [4, 1], [4, 2], [5, 0], [5, 1], [5, 2], [6, 0], [6, 1], [6, 2], [7, 0], [7, 1], [7, 2]]"
f_d8a4fd78d32810252cc7,"[[19, 4], [26, 0], [26, 3], [26, 4]]"
f_34950340dfc14043d1da,"[[1, 0], [1, 1], [1, 2], [2, 0], [2, 1], [2, 2], [3, 0], [3, 1], [3, 2], [4, 0], [4, 1], [4, 2]]"
f_afa50d98f4bb3de58dff,"[[5, 0], [5, 1], [5, 2], [5, 3], [5, 4], [5, 5], [6, 0], [6, 1], [7, 0], [7, 1], [8, 0], [8, 1], [9, 0], [9, 1], [10, 0], [10, 1], [11, 0], [11, 1], [12, 2], [12, 3]]"
f_b8733652e26e12243196,"[[1, 0], [1, 1], [1, 2], [1, 3], [2, 0], [2, 1], [2, 2], [2, 3], [3, 0], [3, 1], [3, 3]]"
f_50b04c0565698743d419,"[[2, 1], [2, 4], [3, 1], [3, 4]]"
f_23a1db1e638b7df1fada,"[[1, 2], [1, 3], [2, 1], [2, 2], [2, 3]]"
f_bcf9207887e94e1192fa,"[[22, 0], [22, 1], [22, 3], [22, 5], [23, 0]]"
f_1a02abd8ae86f7695399,"[[1, 0], [2, 0], [2, 1], [2, 2], [2, 3]]"
f_2564b3499be0384971a6,"[[2, 0], [2, 1], [2, 2], [3, 0], [3, 1], [3, 2]]"
f_37b1ba8a9e96fe25e063,"[[0, 2], [0, 3], [0, 4], [0, 5], [0, 6], [7, 0]]"
f_86e1219db72d79d93766,"[[2, 0], [2, 1], [2, 2], [7, 0], [7, 1], [7, 2], [9, 0], [9, 1], [9, 2]]"
f_fa36c3fc3bcfa6f3a0ea,"[[1, 1], [1, 2], [1, 3], [2, 1], [2, 2], [2, 3]]"
f_46564b12cd189afe3fe4,"[[5, 0], [5, 2], [6, 0], [6, 2], [7, 0], [7, 1], [7, 2], [7, 3], [8, 0], [8, 1], [8, 2], [8, 3], [9, 0], [9, 1], [9, 2], [9, 3]]"
f_e31335606db8a9493a0e,"[[3, 0], [4, 0], [4, 1], [4, 2], [4, 3], [4, 4]]"
f_98a8e1a2154d43c4ce0a,"[[5, 0], [5, 1], [5, 3], [6, 0], [6, 1], [6, 3], [7, 0], [7, 1], [7, 3], [8, 3], [9, 3]]"
f_98440eeee966f81138b5,"[[7, 0], [7, 1], [7, 4], [7, 5], [8, 0], [8, 1], [8, 4], [8, 5]]"
f_8cc95b02bfd32ba8eac7,"[[12, 0], [12, 1], [12, 2], [13, 1], [13, 2], [14, 1], [15, 1], [16, 1]]"
f_1543b2340d089663ef32,"[[2, 0], [2, 1], [2, 4], [3, 0], [3, 1], [3, 4]]"
f_f63de80a4567ade03697,"[[8, 0], [8, 1], [8, 2], [8, 3], [8, 4], [8, 5], [8, 6], [9, 0], [9, 1], [9, 2], [9, 4]]"
f_f43359d986ea889114a6,"[[17, 0], [17, 1], [17, 2], [17, 3], [17, 4], [22, 1], [22, 2]]"
f_29dcb3cdcf9b6f4acd1b,"[[1, 0], [1, 1], [1, 2], [1, 3], [1, 4], [1, 5], [2, 0], [2, 1], [2, 2], [2, 3], [2, 4], [2, 5], [3, 1], [3, 2], [3, 3], [3, 4]]"
f_8cd9d8f1dd4f6fa1f181,"[[10, 0], [11, 0], [11, 1], [11, 2]]"
f_f82e294d77d853c6a0ab,"[[5, 0], [5, 1], [5, 3], [5, 5], [5, 6], [6, 0], [6, 1], [6, 3], [6, 5], [6, 6]]"
f_cc07cbc3f48b02e22e0a,"[[1, 1], [1, 2], [1, 4], [2, 1], [2, 4]]"
f_510837f58a19dd4e1192,"[[8, 0], [9, 0], [9, 1], [9, 4], [10, 0], [10, 1], [10, 4]]"
f_b3a0d752eb0238ca0141,"[[5, 0], [5, 1], [5, 2], [5, 3], [10, 0], [10, 1], [10, 2], [10, 3]]"
f_9f439c269e191d51e93c,"[[14, 1], [14, 2]]"
f_c14f1a097ce9315f9ef6,"[[1, 1], [1, 2], [2, 1], [2, 2], [11, 3]]"
f_f279c4a77e40041137a6,"[[1, 1], [1, 2], [1, 3], [2, 3], [7, 3]]"
f_c0e373a29e92abdda240,"[[19, 0], [20, 3], [20, 4], [20, 5], [20, 6]]"
f_2cadd84c5ec1d5034010,"[[1, 0], [1, 3], [3, 3]]"
f_69fcddedf1a2ca72e364,"[[18, 0], [18, 1], [18, 2], [18, 3], [18, 5], [19, 0], [19, 1], [19, 2], [19, 3], [19, 5]]"
f_94f705b6f3a186dd32e6,"[[3, 0], [3, 1], [3, 2], [4, 0], [4, 1], [4, 2]]"
f_54c69f938dd418ce815b,"[[1, 0], [2, 0], [3, 0], [4, 0], [5, 0], [6, 0], [7, 0], [8, 0]]"
f_a6a740d432be7ca9f9f5,"[[4, 1], [6, 1], [6, 2]]"
f_7666f6bdb91001df5bc6,"[[2, 1], [2, 11], [3, 1], [3, 11], [4, 1], [4, 11]]"
f_a5fcd84e5d4cab11558c,"[[6, 1], [7, 1], [8, 0], [8, 1], [8, 2], [8, 3], [8, 4]]"
f_0fa752810902ebb74e2d,"[[2, 2], [5, 2]]"
f_b7064dddb16b20a73c21,"[[3, 0], [3, 1], [3, 2], [3, 4], [4, 0], [4, 1], [4, 2], [4, 3], [4, 4]]"
f_84c88d5466322e14a9ff,"[[16, 0], [16, 1], [16, 2], [16, 3]]"
f_ad4fdd92717492e4f1df,"[[1, 0], [1, 1], [2, 0], [2, 1], [2, 2], [10, 0], [10, 1], [10, 2], [10, 3], [11, 0]]"
f_f248ba56377672d8c0cb,"[[4, 0], [5, 0], [5, 1], [5, 2]]"
f_b2ee4e55f788ff67fe67,"[[2, 0], [2, 2], [3, 0], [3, 2], [4, 0], [4, 1], [4, 2], [5, 0]]"
f_c30941e15c8622347ab2,"[[1, 0], [1, 3], [5, 3]]"
f_5473cdd4780e703af153,"[[1, 0], [1, 5], [2, 0], [2, 5]]"
f_509f2328281bf4100d5e,"[[2, 1], [2, 3], [3, 1], [3, 3], [4, 1], [4, 3], [5, 1], [5, 3]]"
f_6c7165d21ed3d9b6920a,"[[1, 0], [1, 5]]"
f_b80bc1edae1120171a2e,"[[3, 0], [4, 0], [5, 0], [6, 0], [7, 0], [8, 0], [9, 0], [10, 0], [11, 0], [12, 0], [13, 0], [14, 0], [15, 0], [16, 0], [16, 1], [16, 2], [16, 3]]"
f_5fbfabd63fc2818e35a6,"[[1, 1], [1, 2], [1, 3]]"
f_bbda288250c1a957b141,"[[12, 1], [12, 7], [13, 0], [13, 1], [13, 3], [13, 7], [14, 7], [15, 7]]"
f_39219d73e918f9fed910,"[[1, 2], [1, 3], [27, 3]]"
f_555875951ebab3a3053e,"[[7, 1], [8, 0], [8, 1], [8, 2], [8, 3]]"
f_a453499c6ef660552470,"[[1, 0], [2, 0], [2, 1], [2, 2], [2, 3]]"
f_f094530418029a5030e7,"[[6, 0], [7, 0], [8, 0], [8, 1], [8, 2], [8, 3], [8, 4], [9, 0], [9, 2]]"
f_a7f5e78e7364b5abcd2a,"[[2, 3], [2, 4], [2, 5], [2, 7], [3, 3], [3, 7], [5, 7], [12, 7]]"
f_0621bde6a7bb1a72c410,"[[15, 0], [16, 0], [16, 1], [16, 2], [16, 3], [16, 5], [17, 0], [18, 0]]"
f_bfc692928685930d6e13,"[[1, 0], [1, 1], [2, 0], [2, 1], [3, 0], [3, 1]]"
f_13754cb73c4838d67631,"[[6, 0], [6, 1], [6, 2], [6, 3]]"
f_7ad53e62cfa0d9cdab22,"[[1, 0], [1, 1], [1, 2], [2, 0], [2, 1], [2, 2]]"
f_99e81bf28a95b4e95a49,"[[2, 0], [2, 1], [2, 4], [9, 0], [9, 1], [9, 4]]"
f_601b0e2cd81439cf9e9e,"[[11, 1], [12, 1], [13, 1], [14, 1], [15, 1], [15, 7], [15, 8]]"
f_a2fe8c6da53b554a27bd,"[[6, 0], [7, 0], [7, 1], [7, 3], [7, 4]]"
f_a0d37adf468f8207545b,"[[1, 0], [1, 1], [1, 2], [1, 3], [1, 4], [1, 5], [30, 2]]"
f_fc1ee7fdb6aa813f5b03,"[[9, 0], [10, 0], [11, 0], [11, 1], [11, 2], [12, 0]]"
f_7d4cb88f7c29e3373e37,"[[4, 1], [4, 2], [4, 3], [5, 1], [5, 3], [7, 0], [7, 1], [7, 2], [7, 3]]"
f_3e3755240da50a00298e,"[[5, 0], [5, 1], [9, 0], [9, 1]]"
f_286b48aa36d1e9d4800a,"[[0, 0], [0, 1], [1, 0], [1, 1]]"
f_88c1483cfcd662c8006b,"[[8, 0], [9, 0], [9, 1], [9, 2], [14, 0], [15, 0], [15, 1], [15, 2]]"
f_405ce6541dc3ed827948,"[[6, 2], [6, 3], [6, 4], [7, 2], [7, 3], [7, 4]]"
f_7379dc8991bed82d1c1e,"[[3, 2], [4, 2], [5, 0], [5, 1], [5, 2]]"
f_629182ab48db5570a7c0,"[[1, 0], [1, 1], [1, 3], [2, 1], [2, 3]]"
f_ec168e8a092c78b31839,"[[2, 0], [3, 0], [4, 0], [4, 1], [4, 2]]"
f_759ce57dc03f49519374,"[[2, 1], [3, 1], [3, 3], [3, 4]]"
f_7367eceb363da4a6c745,"[[6, 1], [6, 2]]"
f_3ec078da4fc547fbe568,"[[10, 0], [11, 0], [11, 1], [11, 2]]"
f_25bd3d83308a5994f0ed,"[[8, 1], [8, 2], [8, 3], [16, 1], [16, 2], [16, 3], [27, 0], [27, 1], [27, 2], [27, 3]]"
f_58b196641c8f197ab9a2,"[[1, 0], [1, 2], [1, 3], [1, 4]]"
f_1c031ac7b95b2f335e3a,"[[0, 3], [0, 4], [0, 5], [0, 6], [2, 0], [2, 3], [2, 5], [16, 3], [16, 5]]"
f_a23eecbeb9a69ea6693f,"[[2, 2], [6, 2], [6, 3], [11, 2], [11, 3], [16, 2], [16, 3]]"
f_dfa0d41bde0c9867cec2,"[[1, 0], [2, 0], [3, 0], [4, 0], [5, 0], [6, 0], [7, 0], [7, 1], [7, 2], [8, 0], [9, 0], [10, 0], [11, 0], [12, 0], [13, 0]]"
f_c7bb94769eb47f5099f5,"[[3, 0], [3, 3], [11, 3]]"
f_f22bb88a40fe5aa62b9d,"[[6, 1], [6, 2]]"
f_eb38e176891701aa7ab0,"[[1, 0], [1, 1], [1, 3], [2, 0], [2, 1], [2, 3], [4, 0], [4, 1], [4, 3], [6, 0], [6, 1], [6, 3]]"
f_5e52e70a1227d0de4657,"[[2, 0], [3, 0], [3, 1], [3, 4], [3, 5], [4, 0], [4, 1]]"
f_aa6e4307ad2cb9e47655,"[[2, 1], [2, 2], [3, 0], [3, 1], [3, 2], [4, 2]]"
f_fae96a668e163a9d7868,"[[13, 3], [14, 3], [15, 3], [16, 3], [17, 3], [18, 0], [18, 1], [18, 3], [19, 3], [20, 3]]"
f_283f765ab7752c246151,"[[2, 0], [3, 0], [4, 0], [5, 0], [6, 0], [6, 1], [6, 2], [7, 0], [8, 0], [9, 0]]"
f_04ab542b664222b3282e,"[[4, 0], [4, 2], [5, 0], [5, 2]]"
f_e1c1c016377c1ea1928e,"[[1, 0], [1, 1], [4, 0], [4, 1], [4, 2], [4, 3], [6, 1], [6, 3]]"
f_823801d7a04a0fbe7354,"[[29, 1], [30, 1], [30, 2], [30, 3], [30, 5]]"
f_6dc253958ebf84367682,"[[1, 0], [1, 1], [1, 2], [2, 0], [2, 1], [3, 0], [3, 1], [3, 2], [4, 0], [4, 1], [5, 0], [5, 1]]"
f_ab2abcf4964f8b58fb10,"[[1, 0], [1, 2], [1, 3], [1, 4], [2, 0], [3, 0], [4, 0], [4, 4]]"
f_9e5e6ac7e90057577d01,"[[1, 3], [1, 4], [1, 5], [1, 6], [2, 3], [2, 4], [2, 5], [2, 6]]"
f_686d035deb3fc6c2291f,"[[2, 0], [3, 0], [4, 0], [5, 0], [6, 0], [6, 1], [6, 2], [6, 3], [6, 4], [7, 0], [7, 3], [8, 0], [10, 3], [11, 0], [11, 1], [11, 2], [11, 3], [11, 4]]"
f_b97b9345ace41b904d73,"[[2, 4], [3, 0], [3, 1], [3, 2], [3, 3], [3, 4], [4, 1], [4, 4], [5, 1], [5, 4], [6, 4]]"
f_7ce4f3089fb411a45e41,"[[25, 0], [25, 1], [25, 2], [25, 3], [25, 5], [25, 6], [26, 0], [26, 1], [26, 2], [26, 3], [26, 5], [26, 6]]"
f_511320aae90b5839640a,"[[20, 2], [22, 2]]"
f_6b2fb9d5ee522d0fdb0c,"[[1, 2], [3, 0], [3, 1], [3, 2], [3, 3]]"
f_45f71fd7bf9bf4593d9e,"[[2, 0], [2, 1], [2, 2], [3, 0], [3, 1], [3, 2], [4, 0], [4, 1], [4, 2], [5, 0], [5, 1], [5, 2], [6, 0], [6, 1], [6, 2], [7, 0], [7, 1], [7, 2], [8, 0], [8, 1], [8, 2], [9, 0], [9, 1], [9, 2], [10, 0], [10, 1], [10, 2], [11, 0], [11, 1], [11, 2], [12, 0]]"
f_a78e022fbe1c391c125f,"[[29, 0], [29, 1], [30, 0], [30, 1]]"
f_76eea58110adb415be51,"[[9, 0], [9, 1], [9, 2], [10, 0], [11, 0], [11, 1], [11, 2]]"
f_bb674e93a286b7b949fa,"[[1, 1], [2, 0], [2, 1], [2, 2], [2, 3], [3, 1]]"
f_67c40ccb674e3208eca6,"[[3, 0], [3, 1], [3, 2], [3, 3], [4, 0], [4, 1], [4, 2], [4, 3]]"
f_f1c2898a98deb44666ab,"[[3, 1], [3, 2], [4, 1], [4, 2], [5, 0], [5, 1], [5, 2], [6, 1]]"
f_70452dff3c3be4692877,"[[1, 1], [2, 1], [2, 2], [2, 5], [3, 1], [3, 2], [3, 3], [3, 4], [3, 5], [4, 1]]"
f_13d6077323eadfbacb20,"[[0, 0], [0, 1], [0, 2], [0, 3], [0, 4], [1, 4]]"
f_e647d55372281db72d41,"[[6, 0], [6, 1]]"
f_e64005b5bf4d311df862,"[[3, 0], [3, 1], [3, 2], [6, 0], [6, 1], [6, 2]]"
f_c1b347787c20cefac069,"[[1, 1], [2, 1], [2, 2], [2, 3]]"
f_266b3e4ad3e2c29e774a,"[[7, 0], [7, 1], [7, 2], [7, 3], [8, 5]]"
f_c76619efb0d699c270b0,"[[1, 0], [1, 1], [2, 0], [2, 1]]"
f_8197cd7af1f63f35dd0b,"[[6, 0], [7, 0], [7, 1], [7, 2]]"
f_41a7a5fb6775d4da06fe,"[[1, 0], [1, 1], [1, 2], [1, 3], [1, 4]]"
f_8c6566b3c20e3d80aba4,"[[1, 0], [1, 1], [2, 0], [2, 1], [2, 2], [11, 0], [11, 1], [12, 0], [12, 1], [13, 0], [13, 1], [14, 0], [14, 1], [15, 0], [15, 1]]"
f_06a0bf008f9474df3aa7,"[[14, 0], [14, 1], [15, 0], [15, 1], [16, 0], [16, 1]]"
f_8a664420e84bc0de34f7,"[[9, 0], [10, 0], [10, 1], [10, 3], [10, 5]]"
f_8e6feac54d3a806d1ad8,"[[1, 0], [1, 1], [1, 2], [1, 3], [1, 4], [9, 0]]"
f_cf58f4057f2620ea2982,"[[17, 0], [17, 2], [17, 3], [18, 0], [18, 2], [18, 3]]"
f_9e38ae0bcdb84d4120d5,"[[6, 0], [6, 1], [6, 5], [7, 0], [7, 1], [7, 5], [8, 1], [8, 5], [9, 1], [10, 1]]"
f_5fd98b189aadd011ce62,"[[1, 0], [1, 1], [1, 2], [2, 1], [2, 2], [3, 1], [3, 2]]"
f_6b778d0e21afc2c7af8b,"[[3, 0], [3, 5], [3, 6], [19, 6], [20, 6]]"
f_93927246c94f341fc785,"[[1, 1], [1, 3], [2, 1], [2, 3], [3, 1], [3, 2], [3, 3]]"
f_ad2e14d5918fd875b6e6,"[[1, 0], [1, 1], [1, 2], [5, 0], [5, 1], [5, 2], [5, 3], [8, 0], [8, 1], [8, 2]]"
f_a3360390f6e1325810b6,"[[11, 1], [12, 0], [12, 1], [12, 2]]"
f_1c54a6643f675da1884c,"[[5, 0], [5, 1], [5, 7], [6, 0], [6, 1], [6, 7], [7, 0], [7, 1], [7, 7]]"
f_33fc130d11c9ddd626ec,"[[1, 0], [1, 1], [2, 1], [3, 1], [4, 1], [5, 1], [6, 1], [7, 1], [8, 1]]"
f_70c3481321dfc43003e8,"[[2, 0], [2, 1], [2, 2], [2, 3], [3, 0], [3, 1], [3, 2]]"
f_32f5913df7cafd2903f7,"[[2, 0], [3, 0], [3, 1], [3, 2], [3, 3]]"
f_ec32a56ce6f44443e69f,"[[5, 0], [6, 0], [7, 0], [8, 0], [9, 0], [10, 0], [11, 0], [11, 11]]"
f_6ae3bad7f0493f6da9d9,"[[6, 1], [6, 3], [7, 1], [7, 2], [7, 3]]"
f_02d50aee073378241b92,"[[1, 0], [1, 1], [1, 3], [2, 0], [2, 1], [2, 3], [3, 0], [3, 1], [3, 3]]"
f_74109bead106c9763640,"[[1, 0], [1, 1], [2, 0], [3, 0], [4, 0], [5, 0], [6, 0], [7, 0], [8, 0], [9, 0], [10, 0], [11, 0], [12, 0], [13, 0], [14, 0], [15, 0], [16, 0], [17, 0], [18, 0], [18, 1], [19, 3], [19, 4], [19, 5], [19, 6], [19, 7]]"
f_809e67ab4799b58573df,"[[18, 0], [19, 0], [20, 0], [20, 1], [20, 2]]"
f_d01e287521f01e5011ec,"[[1, 2], [1, 3], [2, 2], [2, 3]]"
f_d7c14194b67f55f27675,"[[11, 0], [12, 0], [12, 1], [12, 2]]"
f_45042162a05576ca5072,"[[5, 0], [5, 6], [6, 0], [6, 6], [6, 9]]"
f_b197048f47894ac285f8,"[[1, 0], [2, 0], [3, 0], [4, 0], [5, 0], [6, 0], [7, 0], [8, 0], [9, 0], [10, 0], [11, 0], [12, 0], [13, 0], [14, 0], [15, 0], [16, 0], [17, 0], [18, 0], [19, 0], [20, 0], [21, 0], [22, 0], [23, 0], [24, 0], [25, 0], [25, 1], [25, 2]]"
f_7e5af5d14345e615b2a0,"[[2, 0], [2, 1], [2, 2], [3, 1], [4, 1]]"
f_50a90f61267e6e29d538,"[[2, 3], [2, 4], [2, 5], [3, 0], [3, 3], [3, 4], [3, 5]]"
f_a982557049c3df251125,"[[15, 0], [15, 1], [15, 2], [16, 0], [16, 1], [16, 2], [17, 0], [17, 1], [17, 2], [18, 0], [18, 1], [18, 2], [19, 0], [19, 1], [19, 2], [20, 1], [20, 2], [21, 1], [21, 2]]"
f_59378db5bee8fc3ffa53,"[[6, 0], [7, 0], [7, 1], [7, 2], [7, 3], [7, 4], [8, 0]]"
f_539da59553089d9e6eb4,"[[2, 0], [3, 0], [4, 0], [5, 0], [7, 0], [8, 0]]"
f_cd9838a226963f91513d,"[[2, 0], [2, 1], [2, 3], [3, 0], [3, 1], [3, 3], [4, 3]]"
f_45294a366332a1c9a3c2,"[[1, 0], [2, 0], [2, 1], [2, 2]]"
f_1c6f57ae00a0d077efdd,"[[28, 1], [28, 2], [30, 0], [30, 1], [30, 2]]"
f_037388a9e49e06423cf4,"[[12, 2], [13, 2], [13, 3], [13, 4], [14, 4]]"
f_fb54ed431941f5e60106,"[[1, 2], [1, 4], [2, 2], [2, 4]]"
f_29ad49a70edb234fc4ad,"[[5, 1], [5, 4]]"
f_e26237166f1d19002a6a,"[[4, 0], [4, 1], [4, 2], [5, 0], [5, 1], [5, 2], [7, 1]]"
f_397672595e7ab0578834,"[[1, 1], [1, 2], [1, 3], [5, 0], [5, 5]]"
f_e77f0cfc1ef01abefe84,"[[15, 0], [15, 3], [16, 0], [16, 4]]"
f_ae529151ceda0042f33f,"[[1, 1], [1, 2], [1, 3], [1, 4], [2, 0], [2, 1], [3, 0], [3, 1]]"
f_33bccc722c51b7781bed,"[[6, 0], [7, 0], [8, 0], [9, 0], [10, 0], [11, 0], [12, 0], [13, 0], [14, 0], [15, 0], [16, 0], [17, 0], [18, 0], [19, 3]]"
f_674697f02d197bc494bf,"[[7, 3], [8, 3], [9, 3], [10, 0], [10, 1], [10, 2], [10, 3], [10, 5], [11, 0], [11, 3], [11, 5], [12, 0]]"
f_8751ba6b1e438c05a9a9,"[[7, 0], [7, 1], [9, 0], [9, 1]]"
f_5424bff389d060c4dfa4,"[[22, 0], [23, 0], [23, 2], [23, 5]]"
f_966dd6cda5b4d983f83f,"[[5, 1], [6, 1]]"
f_2f656eecf1ca2554a9f3,"[[11, 0], [11, 1], [11, 2], [11, 3], [11, 4], [11, 5], [13, 2]]"
f_67cc94be42d4ca77123c,"[[6, 0], [6, 1], [7, 0], [7, 1], [8, 0], [8, 1], [9, 0], [9, 1], [10, 0], [10, 1], [11, 0], [11, 1], [12, 0], [12, 7], [12, 8]]"
f_48e732f0487224e14afc,"[[1, 0], [1, 1], [2, 1]]"
f_34c8c9d357d43d009d10,"[[1, 1], [1, 2], [5, 3]]"
f_0332bc9e53a6478b4460,"[[3, 0], [3, 1], [3, 2], [4, 0], [4, 1], [4, 4], [4, 5]]"
f_1d9b2e85caf0d0558ccd,"[[2, 1], [2, 2], [6, 1], [6, 2]]"
f_74af17e13dd08723f7e2,"[[2, 0], [3, 0], [4, 0], [5, 0], [6, 0], [6, 1], [6, 2], [6, 4], [7, 0]]"
f_92d7003e11be04bc3b3f,"[[1, 0], [1, 1], [1, 2], [1, 3], [2, 0], [2, 1], [2, 2], [2, 3], [3, 2]]"
f_aad856eb94183e815341,"[[11, 0], [11, 2], [11, 3], [12, 0], [12, 2], [12, 4], [13, 0], [13, 2]]"
f_31e68ae0bd04cd18dddb,"[[1, 0], [1, 1], [1, 2], [1, 3], [2, 0], [2, 1], [2, 2], [2, 3]]"
f_6cbf5c2b116ffca408e8,"[[1, 1], [1, 2], [1, 3], [2, 1], [2, 3], [2, 4], [3, 1], [3, 3]]"
f_60838d4ff2a8186ec51f,"[[3, 0], [3, 1], [3, 2], [4, 0], [4, 1], [4, 2], [5, 0], [5, 1], [5, 2]]"
f_dcaec083044d61d3695b,"[[2, 1], [3, 1], [4, 1], [5, 0], [5, 1], [5, 4], [5, 7]]"
f_97e7bc2db90f9a920cbc,"[[1, 0], [1, 1], [1, 2], [2, 0], [2, 1], [2, 2], [3, 0], [3, 1], [3, 2]]"
f_6a9135a284ec96ee746f,"[[1, 0], [1, 1], [1, 2], [1, 4], [2, 0], [2, 1], [2, 2], [2, 4], [3, 0], [3, 1], [3, 2], [3, 4]]"
f_0fc572119fb096825b4d,"[[12, 0], [12, 1], [12, 2], [13, 1], [13, 3], [13, 4]]"
f_617860ec5414f603af22,"[[4, 0], [4, 1], [4, 2]]"
f_4cdc273dfb9c3e6774ec,"[[2, 0], [2, 3], [2, 4], [3, 0], [3, 3], [3, 4]]"
f_573bdb0fb8ffd11ca7d3,"[[3, 0], [3, 1], [3, 3], [3, 4], [4, 0], [4, 1], [4, 3], [4, 4]]"
f_92dce51e23a7d37a6f8c,"[[25, 0], [26, 3], [26, 4], [26, 5], [26, 6]]"
f_2fe82bf2f2632e823530,"[[3, 1], [4, 0], [4, 1], [4, 13]]"
f_0dad3833f7d48f6801b6,"[[2, 0], [2, 1], [2, 2], [3, 0], [4, 0], [4, 1], [4, 2], [5, 0], [10, 0], [10, 1], [10, 2], [11, 0], [11, 1], [11, 2], [12, 0]]"
f_f817d5dfcb6ea5c852b0,"[[4, 0], [4, 1], [4, 2]]"
f_d56bf502d1ad1f2aee98,"[[1, 0], [1, 1], [2, 0], [2, 1], [3, 0], [3, 1], [4, 0], [4, 1], [4, 2]]"
f_5ee1cf14bbc73f068213,"[[18, 5], [19, 0], [19, 5], [20, 5], [21, 5]]"
f_292dd109810b9908f331,"[[1, 0], [1, 1], [1, 2], [2, 0], [2, 1], [2, 2]]"
f_23e54700c4dd354055f8,"[[1, 0], [1, 1], [1, 3], [1, 4], [2, 0], [2, 1], [2, 3], [2, 4], [3, 0], [4, 0]]"
f_6604223ad213354947d9,"[[1, 0], [2, 0], [2, 1], [2, 3], [2, 4]]"
f_718d410dc465ed6c866a,"[[1, 0], [1, 1], [1, 2], [1, 4], [2, 0], [2, 1], [2, 2], [2, 4]]"
f_e73a87a328f1c3ef949b,"[[1, 0], [2, 0], [2, 1], [2, 2], [2, 3], [3, 0], [3, 1], [3, 3]]"
f_cf248d4ba3d614cb89c5,"[[1, 0], [1, 1], [1, 2], [1, 3], [1, 4], [2, 0], [2, 1], [2, 4], [3, 0], [3, 1], [4, 0], [4, 1], [4, 4]]"
f_edfbb93d7a9843e5e826,"[[1, 0], [1, 1], [1, 2], [2, 0], [2, 1], [2, 2]]"
f_49d41569648a5da1d69f,"[[5, 0], [5, 4], [8, 0], [8, 4]]"
f_a0e5b87a79ddf89a64a5,"[[1, 0], [1, 1], [1, 2], [1, 5], [18, 0], [18, 1]]"
f_780999e3eca81e9fb6d8,"[[5, 0], [6, 0], [6, 1], [6, 2], [6, 3], [6, 4], [7, 0], [7, 1], [7, 2], [17, 1], [17, 2], [17, 3], [17, 4]]"
f_1de216dcc94ccc6d544b,"[[6, 1], [6, 2], [6, 3], [7, 1], [7, 2], [7, 3], [8, 2], [8, 3]]"
f_19f4e74dbea07df9a85c,"[[3, 0], [3, 1], [3, 2], [3, 3]]"
f_d6175c5468fe97803bc3,"[[1, 0], [1, 1], [1, 2], [1, 4], [2, 0], [2, 1], [2, 2], [2, 4]]"
f_6628f86218ffabd0bdc4,"[[1, 1], [1, 2], [1, 3], [2, 1], [2, 2], [2, 3]]"
f_5edf0ff716f31bd4d72a,"[[4, 0], [4, 1], [4, 2], [6, 0], [6, 1], [6, 2], [8, 0], [8, 1], [8, 2]]"
f_b5101ba01d35135ebd67,"[[1, 2], [5, 3]]"
f_cae7b7b86730920bd8f7,"[[5, 0], [5, 1], [7, 0], [7, 1], [7, 3], [8, 0], [8, 1]]"
f_70203a7407319f3d60bd,"[[12, 0], [13, 0], [14, 0], [14, 1], [14, 2], [14, 3], [14, 4], [15, 0], [15, 1], [15, 2], [15, 3], [15, 4], [16, 0], [16, 1], [16, 2], [16, 3], [16, 4], [17, 0], [17, 1], [17, 2], [17, 3], [17, 4]]"
f_4fcc43c279324718e393,"[[9, 0], [10, 0], [10, 1], [10, 2], [10, 3], [10, 4], [11, 0], [12, 0], [13, 0], [14, 0], [15, 0], [16, 0]]"
f_ef4411e52ea23f038659,"[[26, 0], [26, 1], [26, 2]]"
f_c02e106b3253b97ff4f9,"[[8, 0], [9, 0], [9, 1], [9, 4], [10, 0], [11, 0], [12, 0], [13, 0]]"
f_c4a5ec13376c94689e32,"[[8, 0], [13, 0], [13, 1], [19, 0], [19, 1], [23, 0], [23, 1], [28, 0], [29, 0], [30, 0], [31, 0], [31, 1]]"
f_9f7104d1270d9361048b,"[[1, 2], [1, 3], [2, 2], [2, 3]]"
f_0b54c2edd9215980862a,"[[2, 0], [3, 0], [4, 0], [5, 0], [6, 0], [7, 0], [8, 0], [9, 0], [10, 0], [11, 0], [12, 0], [13, 0], [14, 0], [15, 0], [16, 0], [17, 0], [18, 3], [18, 4]]"
f_d3fb0cf9aaf129a51eff,"[[2, 0], [3, 0], [4, 0], [5, 0], [6, 0], [6, 1], [6, 3], [6, 4], [7, 0], [7, 1], [8, 0], [8, 1], [8, 3], [8, 4]]"
f_4b613c5bb53160ee8d38,"[[23, 0], [24, 0], [25, 0], [25, 1], [25, 2], [26, 0], [26, 1], [26, 2], [26, 3], [26, 4], [26, 5], [27, 0], [27, 1], [27, 2]]"
f_2b892be57bcf5a3f2b5d,"[[1, 1], [1, 2], [1, 3], [2, 1], [2, 2], [2, 3]]"
f_b247e18226fc02b99e1b,"[[1, 0], [1, 1], [1, 2], [1, 3], [2, 0], [2, 1], [2, 2]]"
f_ca672ab2e71c00ec4c89,"[[1, 0], [1, 1], [1, 2]]"
f_fb9ee24dc5d36fcb9b26,"[[2, 0], [3, 0], [3, 1], [3, 2]]"
f_98cbcc91befc953581fc,"[[12, 0], [12, 1], [12, 2], [13, 0], [13, 1], [13, 2], [15, 0], [15, 1], [15, 2]]"
f_702773bfbf252eaca22a,"[[5, 0], [6, 0], [7, 0], [7, 1], [7, 2], [8, 0], [9, 0]]"
f_cfa4f6275247fe01c915,"[[1, 1], [1, 2], [1, 4], [2, 1], [2, 2], [2, 4]]"
f_5031e26f97bde83ca20f,"[[3, 1], [4, 1], [5, 1], [6, 1], [7, 1], [8, 1], [9, 3], [9, 4]]"
f_251238c6b0cdac4e5653,"[[0, 0], [0, 1], [0, 2], [0, 3], [4, 0], [4, 1], [4, 2], [4, 3], [8, 0], [8, 1], [8, 3], [9, 3]]"
f_a15b555bb2650b6b9e19,"[[2, 0], [3, 0], [3, 2], [4, 0], [4, 2], [5, 0], [5, 2], [6, 0], [6, 2], [7, 0], [7, 2], [8, 0], [8, 2], [9, 0], [9, 2], [10, 0], [10, 2], [11, 0]]"
f_6aad90f7732eee7633ab,"[[1, 0], [1, 1], [1, 2], [2, 0], [3, 0]]"
f_150c8aa5b9ce73c933a1,"[[2, 0], [3, 0], [3, 1], [3, 3]]"
f_ab493dcf6a8fbe472ffd,"[[7, 0], [7, 2], [7, 3], [7, 4], [8, 0], [8, 2], [8, 3], [8, 4]]"
f_665b5f493500d34a0d3d,"[[2, 0], [2, 1], [2, 2], [2, 3]]"
f_8c4fc6bea348a0a40f8c,"[[27, 0], [28, 0], [29, 0], [29, 1], [29, 2], [29, 4], [29, 5]]"
f_83aa1f9c302ab34f1292,"[[4, 0], [4, 2], [4, 5], [5, 0], [5, 2], [5, 5]]"
f_4a06dfca02fc4c465e72,"[[1, 2], [1, 3], [2, 1], [2, 2], [2, 3]]"
f_015e504c9ba786a96ffc,"[[1, 0], [1, 2], [1, 3], [1, 4], [1, 5]]"
f_55c0d3824db0ea570eab,"[[5, 0], [5, 4], [7, 0], [7, 4]]"
f_e74243863b9c964db11d,"[[2, 0], [3, 0]]"
f_61c48b640459669e234b,"[[2, 0], [2, 1], [3, 0], [3, 1], [4, 0], [4, 1], [5, 0], [5, 1], [6, 0], [6, 1], [7, 0], [7, 1], [8, 0], [8, 1], [9, 0], [9, 1], [10, 0], [10, 1], [11, 0], [11, 1], [12, 0], [12, 1], [13, 9]]"
f_dad6c2607dbf403bd817,"[[1, 0], [1, 1], [1, 2], [1, 3], [2, 0], [2, 1], [2, 2], [2, 3]]"
f_f5edfa8ddff4de024a70,"[[2, 1], [7, 0], [7, 1], [7, 2], [7, 3], [9, 1], [10, 1], [10, 3]]"
f_c8d1ff845b3e98d8efa5,"[[1, 0], [15, 0]]"
f_5ffa4a9631ac5fed2a96,"[[5, 0], [6, 0], [7, 0], [7, 1], [7, 2], [7, 5], [8, 0], [8, 1], [8, 2], [8, 5]]"
f_06c912cfda44e7e7dd90,"[[5, 0], [6, 0], [6, 1], [6, 2], [7, 0]]"
f_c1c0ab0b3719e15a8482,"[[4, 0], [4, 4], [16, 0], [16, 4]]"
f_323a454731cde417fa84,"[[1, 0], [2, 0], [3, 1], [3, 2], [3, 3], [3, 4]]"
f_2a189ca359f1a4177bd7,"[[3, 0], [3, 1], [3, 4], [3, 5], [4, 0], [4, 1], [4, 4], [4, 5]]"
f_1a28769a673f4cf4d6eb,"[[14, 0], [15, 0], [15, 1], [15, 2], [15, 3]]"
f_6a596088dc198b5a2c2e,"[[1, 0], [1, 1], [2, 0], [2, 1], [3, 0], [3, 1]]"
f_a6f6a4491781b30e7bb8,"[[1, 0], [1, 1], [2, 0], [2, 1], [2, 2], [2, 4], [3, 0], [3, 1], [14, 1], [15, 1], [15, 2], [15, 4]]"
f_5bc8badd043bd0b4b6d7,"[[2, 0], [2, 1], [3, 0], [3, 1], [4, 0], [4, 1], [5, 0], [5, 1], [7, 0], [7, 1], [8, 0], [8, 1], [9, 0], [9, 1], [10, 0], [10, 1], [11, 0], [11, 1], [12, 0], [12, 1], [13, 0], [13, 1], [14, 0], [14, 1], [15, 0], [15, 1], [16, 0], [16, 1], [17, 0], [17, 1], [19, 0], [19, 1], [20, 0], [20, 1], [21, 0], [21, 1], [22, 0], [22, 1], [25, 0], [25, 1], [26, 0], [26, 1], [27, 2]]"
f_95720379af092b2fd141,"[[6, 0], [6, 1], [6, 2], [7, 0], [7, 1], [8, 0], [9, 0]]"
f_740496f0205564a325a0,"[[2, 0], [2, 1], [2, 2], [12, 1], [12, 2], [13, 1], [13, 2], [20, 1], [20, 2], [23, 1], [23, 2], [27, 1], [27, 2]]"
f_dcbb5fcf71a820cc1939,"[[4, 1], [4, 4], [5, 0], [5, 3]]"
f_73364afabfda25d2aaa3,"[[1, 0], [1, 1], [1, 2], [2, 0], [2, 1], [2, 2], [3, 2], [4, 2], [5, 2], [6, 2], [7, 2]]"
f_17020281b7a3109a4f57,"[[9, 13], [10, 13], [11, 1], [11, 12], [11, 13], [12, 13]]"
f_fe764deae46822b77058,"[[2, 2], [3, 1], [3, 2], [8, 2], [9, 1], [9, 2], [16, 2], [17, 1], [17, 2], [21, 1], [21, 2], [22, 1], [22, 2], [31, 2], [32, 1], [32, 2]]"
f_ae956830c7269153e946,"[[9, 0], [9, 1], [9, 2], [9, 3], [9, 4], [9, 5], [10, 1], [10, 2], [10, 4]]"
f_bc10fa47a8e7520a0a30,"[[1, 0], [1, 1], [1, 2], [2, 0], [2, 1], [2, 2]]"
f_c35fe35083557fe26b23,"[[2, 0], [2, 1], [2, 2], [2, 3], [2, 5]]"
f_f9ed006268ea41a0fe89,"[[1, 0], [1, 1], [2, 0], [2, 1], [2, 2], [2, 3], [3, 0], [3, 1], [3, 2], [3, 3], [4, 0], [4, 1], [5, 0]]"
f_99d3a1e31d7adccb8dd2,"[[1, 0], [1, 1], [1, 2], [4, 0], [4, 1], [4, 2]]"
f_75faec80a334ebfb1b25,"[[23, 2], [23, 3], [23, 4], [27, 2], [27, 3], [27, 4]]"
f_83f6b7bb949816baf885,"[[4, 0], [4, 1], [4, 2], [5, 0], [6, 0], [7, 0], [8, 0], [12, 0], [12, 1], [12, 2], [13, 0], [18, 0], [18, 1], [18, 2], [19, 0], [20, 0], [20, 1], [20, 2]]"
f_2d042f7776733471782e,"[[7, 0], [8, 0], [8, 1], [8, 2], [8, 3], [8, 4], [9, 0]]"
f_4b0bd88bc6a0b5a77196,"[[1, 2], [1, 4], [2, 2], [2, 4]]"
f_f75901df02f3443650c0,"[[10, 1], [10, 2], [11, 1], [11, 2], [12, 1], [12, 2], [14, 1], [14, 2]]"
f_abb70bf54ac57b21b779,"[[20, 0], [20, 1], [21, 0], [21, 3]]"
f_e55e59ac5df3c2788de4,"[[1, 1], [1, 2], [15, 0], [15, 1], [15, 2], [15, 3]]"
f_e74433c6be938b2b4485,"[[1, 0], [2, 0], [2, 2], [2, 3], [2, 4]]"
f_020fa449151c570aba42,"[[3, 1], [3, 2], [3, 3], [4, 1], [4, 2], [5, 1], [5, 2]]"
f_85653c0fa538754ce177,"[[2, 1], [2, 2], [3, 0], [3, 1], [3, 2], [3, 3]]"
f_cea6b623a7b7ea825a2d,"[[7, 0], [7, 1], [7, 2], [7, 3], [8, 0], [8, 1], [8, 2], [8, 3], [9, 0], [9, 1], [9, 2], [9, 3], [10, 0], [10, 1], [10, 2], [10, 3]]"
f_4d09bc231e2279b63353,"[[6, 0], [6, 1], [6, 2], [7, 0], [7, 1]]"
f_2f9fbb615d5e82240aa7,"[[1, 0], [2, 0], [2, 1], [2, 2], [5, 0], [5, 1], [5, 2], [6, 0]]"
f_fcf318aa645bb89ae8fb,"[[9, 0], [10, 0], [11, 0], [12, 0], [13, 0], [14, 0], [15, 0], [16, 0], [17, 0], [18, 0], [18, 3], [18, 4]]"
f_0de842ad6ef96c96cc05,"[[2, 0], [2, 4], [2, 6], [18, 0], [18, 4], [18, 6]]"
f_267d2a4f7278ccfd4d2d,"[[8, 0], [8, 1], [8, 3], [9, 0], [9, 1], [9, 3], [10, 0], [10, 3]]"
f_950a7c5fa9c82ed03609,"[[27, 0], [27, 1], [27, 3]]"
f_d1f295b1a27380c113aa,"[[21, 0], [22, 0], [22, 1], [22, 2]]"
f_ee1894a13d384bd53cd5,"[[2, 0], [2, 1], [2, 2], [2, 3], [3, 0], [3, 1], [3, 2], [3, 3]]"
f_74f4689ff1c04d8f7a95,"[[8, 0], [8, 1], [8, 4], [9, 0], [9, 1], [9, 4], [10, 0], [10, 1], [10, 4], [11, 0], [11, 1], [11, 2], [11, 4], [12, 0], [12, 1], [12, 4], [13, 0], [13, 1], [13, 4], [14, 0]]"
f_c34e53ed602d72336ccd,"[[0, 1], [0, 2], [0, 3], [2, 1], [2, 2], [2, 3], [2, 4]]"
f_3e55bd36d9a40ad65a23,"[[19, 0], [19, 1], [19, 2], [19, 3]]"
f_1ab555d1f9d4d5e60bf6,"[[8, 0], [8, 1], [8, 2], [15, 0], [15, 1], [15, 2], [16, 0]]"
f_ece5ab38012d064ec12f,"[[6, 5], [7, 1], [7, 2], [7, 3], [7, 5], [8, 5], [9, 5], [10, 5], [11, 5]]"
f_4ae770291665efeb15dd,"[[1, 0], [2, 0], [2, 1], [2, 2], [3, 0]]"
f_e1a4352bca15cd21551d,"[[2, 0], [2, 1], [3, 0], [3, 1]]"
f_3f5f5e5ad166a99e323e,"[[5, 4], [6, 0], [6, 3], [6, 4], [7, 0], [7, 3], [7, 4], [8, 0], [8, 3], [9, 3]]"
f_50db84251a570534617f,"[[2, 0], [2, 1], [2, 3], [3, 0], [3, 1], [3, 3], [4, 0], [4, 1], [4, 3], [5, 1], [5, 3]]"
f_73fc7210b6aa984e3e99,"[[1, 0], [1, 1], [1, 2], [2, 0], [2, 1], [2, 2]]"
f_c0d7f4f6ba2065ab5b98,"[[9, 0], [10, 0], [11, 0], [11, 1], [11, 2]]"
f_14a0237f4897f3d9ba9f,"[[10, 1], [10, 2], [10, 4], [11, 1], [11, 2], [11, 4]]"
f_20ce6f53700f4188837e,"[[16, 3], [17, 3], [17, 4]]"
f_add707e71001c73a7ea1,"[[1, 2], [1, 4], [2, 2], [2, 4]]"
f_e68d6d1c3e0994709460,"[[2, 1], [2, 2], [2, 3], [2, 4], [2, 5], [2, 6], [5, 2], [6, 2]]"
f_691b0b7664b6e76f074e,"[[2, 0], [2, 3], [2, 4], [3, 0], [3, 4], [6, 0], [6, 3], [6, 4], [7, 0], [7, 4]]"
f_f743b8c87da9bedc358f,"[[3, 0], [3, 3], [3, 4], [4, 0], [4, 3], [4, 4]]"
f_0e7814591935802a1848,"[[5, 0], [5, 1], [5, 2], [5, 3]]"
f_6d24c27f418149895dff,"[[2, 0], [2, 1], [3, 0], [3, 1], [4, 0], [4, 1], [5, 0], [5, 1], [6, 0], [6, 1], [7, 0], [7, 1], [8, 0], [8, 1], [9, 8], [9, 9]]"
f_f97a64b0900bf8ac02ca,"[[8, 0], [8, 2], [8, 3], [9, 0], [9, 2], [9, 3], [10, 0], [10, 2], [10, 3], [11, 0], [12, 2], [12, 3], [13, 0], [14, 0], [14, 1], [14, 2], [14, 3]]"
f_387eb520db575170a163,"[[8, 0], [8, 1], [9, 0], [9, 1], [9, 2], [9, 3]]"
f_55faa2a3dd884c1269cb,"[[4, 1], [4, 3], [4, 4], [9, 11], [9, 12]]"
f_9b73e2afcf5ab04281b2,"[[4, 0], [4, 1], [4, 3], [5, 0], [5, 1], [5, 3]]"
f_e7bc4b5246fb3cffdc77,"[[7, 1], [7, 5], [7, 6], [14, 1], [14, 5], [14, 6]]"
f_aa83c85e41d1e2189d67,"[[4, 0], [5, 0], [5, 2], [5, 4], [6, 0], [6, 1], [6, 2], [6, 4], [7, 0], [7, 1], [7, 2], [7, 4], [8, 0], [8, 2], [8, 4], [9, 0]]"
f_2f7f7802310e47b5d630,"[[6, 0], [7, 0], [8, 0], [8, 1], [8, 2], [8, 5]]"
f_d6be9087e85242b6c1e4,"[[6, 0], [6, 1]]"
f_6c104e01b5872a83c238,"[[3, 1], [4, 0], [4, 1], [4, 3]]"
f_754fe51c6e80e05b70b9,"[[9, 0], [10, 0], [11, 0], [12, 0], [13, 0], [14, 0], [14, 11], [14, 12]]"
f_0153e49e910e975ced45,"[[1, 0], [1, 2], [1, 5], [2, 2], [3, 2]]"
f_23d3040e7596d25d4faa,"[[9, 4], [9, 5], [9, 6], [10, 4], [10, 5], [10, 6]]"
f_8846c52c36be40e7ef10,"[[25, 7], [26, 7], [27, 7], [28, 0], [28, 2], [28, 3], [28, 4], [28, 7], [29, 7], [30, 7], [31, 7], [32, 7]]"
f_1d1e1805b13a70ebd55a,"[[23, 0], [23, 2], [23, 3], [25, 0], [25, 2], [25, 3]]"
f_04ada2102b7ff7b2ad7b,"[[20, 3], [21, 0], [21, 1], [21, 2], [21, 3]]"
f_a3245a0c7ca18183f366,"[[2, 13], [3, 0], [3, 1], [3, 13], [4, 0], [4, 1], [4, 13], [5, 1], [5, 13]]"
f_9d785b3115cd9baf08f5,"[[1, 0], [1, 1], [1, 2]]"
f_5d5cb6c12dacf3b56732,"[[2, 2], [2, 4], [3, 2], [3, 3], [3, 4]]"
f_ced33bf6cd2236b59394,"[[1, 0], [1, 2], [1, 3], [2, 0], [3, 0], [4, 0], [5, 0], [11, 0], [12, 0], [13, 0], [14, 0], [14, 2], [14, 3], [16, 0], [17, 0], [17, 1], [17, 2], [17, 3], [18, 0], [18, 1], [18, 2], [18, 3]]"
f_020581dc55d292e402f2,"[[27, 0], [28, 0], [28, 1], [28, 2], [28, 3]]"
f_64c1ec2fc669318a696f,"[[8, 0], [8, 7], [9, 0], [9, 1], [9, 7], [10, 0], [10, 7], [11, 0], [11, 7]]"
f_5e4b7e02eccf07bbaeeb,"[[1, 1], [25, 0], [25, 1], [26, 3], [26, 4], [26, 5], [26, 6]]"
f_1c8c6e657bc92184af58,"[[11, 0], [11, 1], [11, 2], [14, 0], [14, 1], [14, 2]]"
f_3ce956ffe3b72f7ebe5a,"[[1, 1], [1, 2], [2, 1], [2, 2], [11, 3]]"
f_3a7fb5363d7edfb13b51,"[[13, 0], [14, 0], [14, 1], [14, 3], [15, 0], [15, 1], [15, 3]]"
f_47ded2002ee3ec3d55f4,"[[2, 0], [2, 5], [2, 7], [2, 8]]"
f_6ae4158f5e1723fe4ce4,"[[3, 0], [3, 2], [19, 2]]"
f_6b15ebf0b9f9eece6be4,"[[2, 0], [2, 2], [2, 3], [3, 0], [3, 2], [3, 3], [4, 0], [4, 2], [4, 3]]"
f_a12517ad052485095f87,"[[4, 0], [4, 1], [4, 2], [5, 0], [5, 1], [5, 2]]"
f_8ce185f05d8cff96ef45,"[[3, 10], [3, 11], [3, 12], [3, 13], [3, 14], [3, 15], [4, 10], [4, 11], [4, 12], [4, 13], [4, 14], [4, 15]]"
f_6c36f18494c5c965f8db,"[[1, 0], [1, 1], [1, 3], [1, 4], [2, 0], [2, 1], [2, 4], [2, 5], [3, 0], [3, 1], [3, 4], [3, 5]]"
f_22b6d1b7f2c590391de4,"[[1, 2], [1, 3], [2, 2], [2, 3], [3, 3]]"
f_41e14a3d4fb0d255c84f,"[[1, 1], [2, 1], [3, 1], [4, 1]]"
f_a124c5a7da8b9410ff42,"[[4, 0], [5, 0], [6, 0], [7, 0], [7, 1], [7, 3]]"
f_b843fc6fb83e156c2659,"[[2, 0], [2, 1], [2, 2], [3, 0], [3, 1], [3, 2], [4, 0], [4, 1], [4, 2], [5, 0], [5, 1], [5, 2]]"
f_42adee9ea3092f833e8a,"[[9, 0], [9, 1], [9, 2], [9, 3], [10, 0], [10, 1], [10, 3]]"
f_e7a2aa91c69072e9f978,"[[1, 3], [2, 2], [2, 3], [3, 3], [4, 3]]"
f_d42458aadb1bc3d47b62,"[[1, 0], [1, 1], [1, 2], [1, 3], [1, 4], [2, 0], [2, 1], [2, 2], [2, 3], [2, 4], [3, 0], [3, 1], [3, 2], [3, 3], [3, 4], [4, 4], [5, 4]]"
f_a90ae8b950e21310afae,"[[12, 0], [12, 1], [12, 2], [16, 0], [16, 1], [16, 2], [17, 1], [18, 1]]"
f_7c3f73c85ca78edd88bf,"[[1, 0], [1, 1], [2, 0], [2, 1], [3, 0], [3, 1], [4, 0], [4, 1], [5, 0], [5, 1], [6, 0], [6, 1], [7, 0], [7, 1], [8, 0], [8, 1]]"
f_28a6ccd7e8cafdf155c9,"[[2, 1], [2, 2], [6, 1], [6, 2], [7, 1], [7, 2]]"
f_62f01cb5e82591e847f2,"[[1, 1], [1, 2], [1, 3], [1, 4], [2, 1], [2, 2], [2, 3], [2, 4]]"
f_fe85e1125cdeabce8f8a,"[[1, 0], [1, 3], [2, 0], [2, 3], [3, 0], [3, 3], [4, 0], [4, 3], [5, 0], [5, 3], [6, 0], [6, 3], [7, 0], [7, 3], [8, 0], [8, 3], [9, 0], [9, 3], [10, 0], [10, 3], [11, 0], [11, 3], [12, 0], [12, 3], [13, 0], [13, 3], [14, 0], [14, 3], [15, 0], [15, 3]]"
f_cf042f5e58289c2b2e18,"[[5, 1], [6, 0], [6, 1], [6, 3], [6, 4], [7, 0], [7, 3]]"
f_10002696e237b0b8bb64,"[[7, 3], [8, 3], [9, 0], [9, 1], [9, 3], [10, 0]]"
f_353644ab0dae14e5ddbb,"[[2, 1], [3, 1]]"
f_8ffb01621cee710bccee,"[[1, 0], [1, 1], [1, 2], [2, 0], [2, 1], [2, 2], [3, 0], [3, 1], [3, 2]]"
f_4d038f5e7cffdb91581d,"[[3, 0], [3, 1], [3, 2], [3, 4], [4, 0], [4, 1], [4, 2], [4, 4], [6, 1], [7, 1], [7, 2], [7, 3], [7, 4], [8, 1], [9, 1], [10, 1], [11, 1], [12, 1], [13, 1], [14, 1], [15, 1]]"
f_b70ca9f3cbd7bd073ef5,"[[6, 0], [7, 0], [7, 1], [7, 2]]"
f_971b018f4c55e3e4bf6e,"[[11, 0], [12, 0], [13, 0], [13, 1], [13, 3]]"
f_8cd81e4e12bc8d3eefaf,"[[12, 2], [13, 0], [13, 1], [13, 2], [14, 0], [14, 2]]"
f_81c76605cea7e67b4483,"[[18, 0], [18, 1], [18, 2], [21, 1], [21, 2]]"
f_6ba881163fc8352574fa,"[[8, 0], [8, 1], [8, 2]]"
f_fc2e298e4dad257ef121,"[[1, 1], [1, 2], [1, 3], [1, 4], [5, 1], [5, 2], [5, 3], [5, 4]]"
f_0d8ecf58379c5ccea87d,"[[0, 1], [1, 1], [2, 1]]"
f_5421d736de3a79f2f7a9,"[[11, 1], [11, 2], [12, 0], [12, 1], [12, 2], [13, 1], [13, 2], [14, 1]]"
f_9fac5b00f1004d5fef61,"[[1, 3], [2, 3], [3, 3], [4, 0], [4, 3], [5, 0], [5, 3], [6, 0], [6, 1], [6, 3], [9, 0], [9, 1], [9, 3], [10, 0]]"
f_19d7d1b3992d1e98f766,"[[1, 1], [15, 1], [16, 3], [16, 4], [16, 5], [16, 6], [16, 7]]"
f_7a19cf9e442a9c047e43,"[[1, 1], [1, 2], [1, 3], [1, 4], [2, 0], [2, 1], [2, 2], [2, 3], [2, 4], [3, 0], [3, 1], [4, 0], [4, 1]]"
f_4f72dd0ac34bcadbfe80,"[[11, 0], [11, 1], [11, 3], [12, 0], [12, 1], [12, 3], [13, 0]]"
f_26c3e11bc921f65b6438,"[[1, 0], [1, 1], [1, 2], [1, 3], [12, 0], [12, 1], [12, 2], [12, 3], [13, 2], [13, 3], [13, 4], [13, 5], [13, 6], [13, 7]]"
f_3ad3e6f567c7adf00019,"[[2, 0], [3, 0], [4, 0], [5, 0], [5, 1], [6, 0], [6, 11]]"
f_85bf51c443ec37de769b,"[[25, 0], [25, 1], [25, 2], [25, 3], [25, 4], [25, 5], [28, 2], [29, 2]]"
f_3d356bbc8499777ea65d,"[[1, 1], [1, 2], [2, 1], [7, 3]]"
f_2ef8b249432389e55a74,"[[10, 0], [11, 0], [12, 0], [13, 0], [13, 1], [14, 0], [14, 1], [14, 3], [14, 4], [15, 0], [16, 0], [22, 0], [22, 1], [22, 2], [23, 0], [23, 1], [23, 2], [23, 3], [23, 4], [24, 0]]"
f_66bc158e8f24a758741f,"[[13, 1], [13, 2], [14, 1], [14, 2], [15, 0], [15, 1], [15, 2], [16, 1], [16, 2], [17, 1], [17, 2], [18, 1], [18, 2]]"
f_3e273c6e74fcabf068b9,"[[1, 0], [1, 1], [1, 2], [1, 3], [1, 4], [2, 0], [2, 1], [2, 2], [2, 4], [3, 0], [3, 1], [3, 2], [3, 4], [4, 0], [4, 1], [4, 2], [4, 4], [13, 1], [13, 2], [13, 4]]"
f_3633854036a7bbd6e45b,"[[12, 0], [12, 4], [13, 0], [13, 3]]"
f_70e581bb4572707d2abc,"[[6, 0], [6, 1], [6, 3], [7, 0], [7, 1], [7, 2], [7, 3], [8, 0], [8, 1], [8, 2], [8, 3], [9, 0], [9, 1], [9, 3], [10, 0], [10, 1], [10, 2], [10, 3]]"
f_989564c61f3f9059370d,"[[3, 0], [3, 1], [3, 4], [12, 0], [12, 1], [12, 3], [12, 4], [13, 0], [14, 0], [18, 0], [18, 1], [18, 3], [18, 4], [19, 0], [20, 0], [23, 0], [23, 1], [24, 0], [24, 1], [24, 3], [24, 4], [25, 0], [26, 0], [27, 0], [28, 0], [28, 1], [28, 3], [28, 4]]"
f_5b3c194f4e4152a0f522,"[[4, 0], [4, 1], [4, 2], [4, 3], [9, 0], [9, 1], [9, 2], [9, 3], [11, 0], [11, 1], [11, 2], [11, 3], [14, 0], [14, 1], [14, 2], [14, 3]]"
f_ff241ef959101557f903,"[[16, 2], [16, 11], [17, 1], [17, 2], [17, 11], [18, 11], [18, 12]]"
f_ff76204029097a73f221,"[[2, 1], [2, 3], [3, 1], [3, 4]]"
f_8b605632bcf42791e86a,"[[2, 0], [2, 1], [2, 3], [3, 0], [3, 1], [3, 3]]"
f_705afbb0950881c964f7,"[[9, 0], [9, 1], [9, 3]]"
f_c8d0a6b46dcfb2089f93,"[[0, 1]]"
f_d972afede8c0faae8b81,"[[1, 0], [1, 1], [1, 2], [1, 3], [2, 0], [2, 1], [2, 2], [2, 3], [3, 0], [3, 1], [3, 2], [3, 3]]"
f_5be3531a4177d084af59,"[[1, 1], [1, 2], [1, 3], [2, 1], [2, 2], [2, 3]]"
f_9cc761ac575f8d6a5b00,"[[1, 0], [1, 3], [10, 3]]"
f_d17b1188cbf8f66a4246,"[[11, 0], [12, 0], [12, 1], [12, 2]]"
f_cac4aa925d2597c7a103,"[[13, 0], [13, 1], [13, 2], [13, 4], [17, 1], [17, 2], [17, 4], [20, 1], [20, 2], [20, 4]]"
f_cf5252184feefdb99930,"[[4, 0], [4, 1], [4, 2], [5, 0], [5, 1], [5, 2], [6, 1], [6, 2], [7, 2], [8, 2], [9, 2], [10, 2]]"
f_e43f1f8f22656cd287b6,"[[4, 1], [4, 2], [4, 3], [4, 4]]"
f_ed95ba80db15ef378a0b,"[[2, 1], [2, 2], [4, 1], [4, 2], [9, 1], [9, 2], [13, 1], [13, 2], [13, 3], [25, 1], [25, 2], [26, 1], [26, 2], [26, 3]]"
f_a1377524e3458b0f7351,"[[7, 1], [7, 2], [8, 1], [8, 2], [9, 0], [9, 1], [9, 2], [10, 1], [10, 2], [11, 1], [11, 2]]"
f_df25cbc4f08cfd46ca36,"[[2, 1], [3, 1], [4, 1], [5, 1], [6, 1], [8, 3]]"
f_3a7b459d4cec249870e4,"[[3, 1], [3, 2], [3, 3], [3, 4], [4, 1], [4, 2], [4, 3], [4, 4], [5, 1], [5, 2], [5, 3], [5, 4]]"
f_1f4ad55a837ba24040de,"[[1, 0], [1, 1], [1, 2], [1, 3], [2, 0], [2, 1], [2, 2], [2, 3]]"
f_2c99beaa2dfb4991111c,"[[1, 2], [1, 4], [2, 2], [2, 4]]"
f_02f70515b42e5eced492,"[[2, 2], [2, 3], [2, 4]]"
f_743fe6421601fe4e2fd5,"[[2, 0], [3, 0], [4, 0], [5, 0], [6, 0], [7, 0], [8, 0], [9, 0], [10, 0], [11, 0], [12, 0], [13, 0], [14, 0], [15, 0], [16, 0], [17, 9]]"
f_1da1b4f3ad09dd2aafd8,"[[1, 0], [2, 0], [3, 0], [4, 0], [5, 0], [6, 0], [7, 0], [8, 0], [9, 0], [10, 0], [11, 0], [12, 0], [13, 0], [14, 0], [15, 0], [16, 0], [17, 0], [18, 0], [19, 0], [20, 0], [21, 0], [22, 3], [22, 4], [22, 5], [22, 6]]"
f_e9aeaea2ede390897da0,"[[0, 0], [1, 0]]"
f_b31fca3c8e95e84fafad,"[[0, 0], [0, 1], [0, 2], [0, 3], [4, 0], [4, 3], [8, 0], [8, 1], [8, 2], [8, 3]]"
f_073c6f5e906a6beac209,"[[4, 0], [4, 1], [4, 3], [4, 4], [4, 5], [5, 0], [5, 1], [5, 3], [5, 4], [5, 5]]"
f_7dee8f717363c375058f,"[[1, 0], [1, 1], [2, 0], [2, 1]]"
f_bb856081b592bacf5e4f,"[[11, 0], [12, 0], [13, 0], [14, 0], [14, 1], [14, 2], [15, 0], [15, 2], [16, 0], [16, 2], [17, 0], [17, 2], [18, 0], [18, 2], [19, 0]]"
f_76e122a6c887df77cdc8,"[[1, 1], [1, 3], [2, 1], [2, 3]]"
f_0f482ee754cf85236df3,"[[1, 0], [1, 3], [3, 3]]"
f_4d6cfcc66d4be9841067,"[[5, 1], [5, 2], [5, 3], [6, 1], [6, 2], [6, 3], [11, 1], [11, 2], [11, 3], [12, 1], [12, 2], [12, 3], [13, 1], [13, 2], [13, 3], [15, 1], [15, 2], [15, 3], [16, 1], [16, 2], [16, 3]]"
f_57630599f16d9b2064c9,"[[17, 0], [18, 0], [19, 0], [19, 1], [19, 2]]"
f_e536122d50c781d4f2fd,"[[9, 0], [10, 0], [11, 0], [11, 1], [11, 2], [11, 3], [11, 4], [12, 4]]"
f_2b2dea2347b0a94e5e37,"[[20, 1], [20, 3], [27, 1], [27, 3]]"
f_55569e1f3c0d644ef3cc,"[[7, 0], [7, 2], [8, 0], [8, 2], [9, 0], [9, 2], [10, 0], [10, 2]]"
f_4a7fcae3fbcf48d3e7b1,"[[1, 0], [8, 0], [8, 1], [8, 2], [8, 4]]"
f_6a222c024fe01c4a21ce,"[[5, 0], [6, 0]]"
f_c5c5d5f3f61b401c72ab,"[[5, 1], [5, 2], [6, 0], [6, 1], [6, 2], [6, 3], [6, 4], [7, 0], [7, 3], [7, 4], [8, 0], [8, 1], [8, 2], [8, 3], [8, 4]]"
f_d3c9f25f1aae191e7c47,"[[3, 4], [5, 6], [6, 5], [7, 0], [7, 3]]"
f_16526d6a65500ab9dd48,"[[1, 1], [1, 2], [1, 4], [2, 1], [2, 2], [2, 4]]"
f_98c81dc200b8db421df6,"[[1, 0], [1, 3], [18, 3]]"
f_dc7cc8fd9f56bc63aa02,"[[1, 0], [2, 0]]"
f_7fd15c851aa20f42fa08,"[[5, 3], [6, 0], [6, 3], [6, 4]]"
f_9865e0970c2314a7f29f,"[[10, 0], [10, 1], [10, 2], [13, 0], [13, 1], [13, 2], [14, 0], [14, 1], [14, 2], [15, 0], [15, 1], [15, 2]]"
f_4e913be4430efdf2c6aa,"[[1, 0], [1, 1], [1, 2], [1, 3], [1, 4]]"
f_ead7ab787778399f2b40,"[[6, 0], [7, 0], [7, 1], [7, 2], [7, 3], [7, 5]]"
f_1f084c27bfd3123dc6f0,"[[11, 0], [12, 0], [13, 0], [13, 1], [13, 3], [14, 0], [14, 1], [14, 3]]"
f_5edba5363ad054b97994,"[[23, 0], [23, 1], [23, 2], [27, 0], [27, 1], [27, 2]]"
f_26705fac9b74b8c9d0dd,"[[2, 0], [2, 1], [2, 2], [3, 0], [3, 1], [3, 2]]"
f_ab2b3a3418c8e23db017,"[[1, 2], [2, 2], [3, 2], [4, 2], [5, 0], [5, 2], [6, 0], [6, 1], [6, 2]]"
f_1238cde147311f2e2bcc,"[[1, 0], [1, 2], [2, 0], [2, 1], [2, 2], [2, 3], [2, 4], [3, 0], [3, 2], [4, 0], [4, 2], [5, 2], [6, 2], [7, 2], [8, 2]]"
f_78507efa281fe003c3ff,"[[2, 0], [3, 0], [3, 1], [3, 2]]"
f_b1cd67a17f43c4fe13be,"[[7, 0], [7, 1], [7, 2], [8, 0], [8, 1], [8, 2], [9, 0], [9, 1], [9, 2], [10, 0], [10, 1], [10, 2], [10, 5]]"
f_d706055181d5c3017081,"[[1, 3], [1, 5], [1, 6], [2, 3], [2, 5], [2, 6]]"
f_ad9e394da59c38172df4,"[[2, 6], [3, 6], [4, 6], [5, 6], [6, 6], [7, 6], [8, 6], [9, 6], [10, 6], [12, 6], [13, 6]]"
f_a091cb0141599ba27646,"[[1, 0], [1, 1], [1, 2], [1, 4], [2, 0], [2, 1], [3, 0], [3, 1], [4, 0], [4, 1], [5, 0], [5, 1], [6, 0], [6, 1], [7, 0], [7, 1], [8, 0], [8, 1], [9, 0], [9, 1], [10, 0], [10, 1], [11, 0], [11, 1], [11, 2], [11, 4], [12, 0], [12, 1], [13, 0], [13, 1], [14, 0], [14, 1], [15, 0], [15, 1], [16, 0], [16, 1]]"
f_4c7895db79ded10abc4b,"[[13, 0], [13, 2], [13, 3], [14, 0], [14, 2], [14, 3]]"
f_7cff154e8a4c36cae7d8,"[[3, 9], [4, 9], [5, 9], [6, 9], [7, 9], [8, 0], [8, 1], [8, 9], [9, 0], [9, 1], [9, 9], [10, 0], [10, 1], [10, 9]]"
f_c6d993642baef638a751,"[[1, 1], [2, 0], [2, 1], [2, 2], [2, 3], [2, 4]]"
f_561e9467127143ca9515,"[[18, 1], [18, 7], [20, 1], [20, 7]]"
f_86a4fb2cc981aa45620b,"[[2, 0], [2, 1], [2, 2], [6, 0], [6, 1], [6, 2], [7, 1], [7, 2]]"
f_a3114e3e3b03382691e5,"[[1, 1], [2, 1], [3, 1], [4, 1], [4, 4], [5, 1], [5, 4], [6, 1], [7, 1], [8, 1], [9, 1]]"
f_95a490b01c48199c55f9,"[[1, 1], [1, 3], [4, 1], [4, 3]]"
f_3337e151babf58dccbef,"[[1, 2], [2, 2], [26, 0], [26, 1], [26, 2], [26, 3], [26, 4]]"
f_1049b6dd5a7de5de96bf,"[[1, 0], [1, 1], [1, 4], [2, 0], [2, 1], [2, 4], [3, 0], [3, 1], [4, 0], [4, 1], [5, 0], [5, 1], [5, 4]]"
f_73b187689c0e80d05f38,"[[10, 0], [10, 2], [11, 0], [11, 1], [11, 2], [12, 0], [12, 1], [12, 2], [18, 0], [18, 3], [19, 3], [20, 3], [21, 3], [22, 3], [23, 3], [24, 3], [25, 3], [26, 0], [26, 3]]"
f_b33a5923463b86bb98e6,"[[1, 0], [1, 1], [1, 2], [7, 0], [7, 1], [7, 2], [8, 1]]"
f_81432beff601152dcabf,"[[1, 3], [2, 3], [3, 3], [4, 3], [5, 3], [6, 3], [7, 1], [7, 2], [7, 3]]"
f_33e61b0ba1f127aaf903,"[[14, 0], [14, 1], [14, 2], [14, 4], [16, 0], [16, 1], [16, 2], [16, 4]]"
f_20dfb16ede64a03d7a66,"[[2, 0], [2, 1], [3, 0], [3, 1], [3, 3], [3, 4]]"
f_1285f1c58d8040cfc02c,"[[8, 0], [9, 0], [10, 0], [10, 1], [10, 3]]"
f_e585d335997fef04334f,"[[2, 0], [2, 1], [2, 2], [3, 0], [3, 1], [3, 2], [4, 0], [4, 1], [4, 2], [5, 0], [5, 1], [5, 2], [7, 0], [7, 2]]"
f_c59cd2a7eeef042da783,"[[6, 0], [6, 1], [6, 10], [7, 0], [7, 1], [7, 10], [8, 0], [8, 10], [9, 0], [9, 1], [9, 2], [9, 10], [10, 1], [10, 2], [10, 10]]"
f_7051d4e8ffa51a24913b,"[[4, 1], [4, 2], [5, 1], [5, 2], [6, 1], [6, 2], [7, 1], [7, 2], [8, 0], [8, 1], [8, 2]]"
f_85f11a195e75c0b1b403,"[[9, 0], [9, 1], [9, 3], [9, 4], [10, 0], [11, 0], [14, 0], [14, 1], [14, 4]]"
f_74ac73fec8793558cb91,"[[4, 1], [10, 1]]"
f_2ab2ccd522dd2ea754dc,"[[1, 0], [1, 3], [3, 3]]"
f_4618f472494d41774d2a,"[[2, 1], [2, 2], [2, 3], [2, 4]]"
f_b5cb5221dd5ce96a0f25,"[[7, 3], [8, 0], [8, 3], [8, 4]]"
f_f52101fbe6c14b6a7587,"[[6, 1], [6, 2], [7, 1], [7, 2], [8, 1], [8, 2], [9, 1], [9, 2], [10, 1], [10, 2], [11, 1], [11, 2], [24, 1], [24, 2], [24, 11]]"
f_42cb2a35c8b719a12ed4,"[[1, 0], [1, 3], [9, 3]]"
f_d9357e0fd8b82c88b23e,"[[1, 0], [1, 1], [1, 2], [1, 3], [1, 4], [2, 0], [2, 1], [3, 0], [3, 1], [3, 2], [3, 3], [3, 4], [4, 0], [4, 1], [5, 0], [5, 1], [6, 0], [6, 1], [7, 0], [7, 1]]"
f_6dc0f097b03cf9e3c478,"[[11, 0], [11, 1], [11, 2]]"
f_882490463bc0a7215e91,"[[13, 0], [14, 0], [14, 1], [14, 3]]"
f_9ec7d5acc308d56aa911,"[[3, 0], [3, 1], [3, 2], [4, 1], [5, 1], [6, 1], [7, 1], [8, 1]]"
f_6f1078ee47929e865046,"[[6, 1], [7, 0], [7, 1], [7, 2]]"
f_bf016f85c0644183acd5,"[[7, 0], [7, 1], [7, 2], [7, 3]]"
f_966db5ac20ce6c6c32d4,"[[1, 1], [10, 1], [10, 2], [10, 3]]"
f_532511d46ebe21465ba4,"[[2, 0], [3, 0], [5, 0], [6, 0]]"
f_4a6a714e8286cff58876,"[[15, 0], [15, 1], [15, 3], [16, 0], [16, 1], [16, 3]]"
f_b76dea8944642d35ea00,"[[3, 1], [3, 2], [4, 1], [4, 2], [4, 4], [5, 1], [5, 2], [5, 4], [6, 1], [6, 2], [11, 1], [11, 2]]"
f_57fa3b4ccb3bdad54d1c,"[[1, 0], [1, 2], [2, 0], [2, 2], [4, 0], [4, 2], [4, 4], [8, 0], [8, 1], [8, 2], [8, 4]]"
f_97d62e0fa1a90671211e,"[[2, 0], [2, 1], [2, 2], [5, 0], [5, 1], [5, 2], [9, 0], [9, 1], [9, 2]]"
f_9eb2f424792258b01425,"[[1, 1], [1, 2], [1, 4], [2, 1], [2, 2], [2, 3], [2, 4]]"
f_1f79f2fbfc8e0ec5401a,"[[1, 0], [1, 1], [1, 2], [1, 3], [1, 4], [2, 0], [2, 1], [2, 2], [2, 3], [2, 4], [3, 0], [3, 1], [3, 2], [3, 3], [3, 4]]"
f_7a5bb903eb791cdd0ad7,"[[1, 1], [2, 1], [3, 1], [4, 1], [5, 1], [6, 1], [7, 1], [8, 1], [9, 1], [10, 1], [11, 1], [12, 1], [13, 1]]"
f_551010604b3d474584f1,"[[1, 0], [1, 3], [2, 0], [2, 3], [3, 0], [3, 3], [9, 3]]"
f_07f6d9f028e1a2ba2c2d,"[[1, 1], [1, 2], [2, 1], [2, 2], [3, 1], [3, 2], [4, 1], [4, 2], [5, 1], [5, 2], [6, 1], [6, 2], [7, 1], [7, 2], [8, 1], [8, 2], [9, 1], [9, 2], [10, 1], [10, 2]]"
f_dcf532ef5522c2249a49,"[[8, 0], [8, 1], [8, 2], [9, 0], [9, 1], [9, 2], [9, 3], [14, 1], [14, 2]]"
f_9bb803cbf5f4c1141a6d,"[[1, 1], [1, 2], [1, 3], [2, 1], [2, 2], [2, 3]]"
f_7551a0447656bf05b0bd,"[[1, 0], [2, 0], [2, 1], [2, 2]]"
f_c9cec369446e74a54e42,"[[1, 0], [1, 2], [1, 5], [2, 2], [2, 5], [3, 2], [3, 5]]"
f_dd96185c61637fbc8bd6,"[[4, 0], [4, 3], [4, 4], [5, 0], [5, 1], [5, 2], [5, 3], [5, 4]]"
f_6c65e478a318562666e1,"[[9, 0], [9, 1], [9, 5]]"
f_6092daed239cf2c1d5d8,"[[6, 0], [6, 1], [6, 2], [7, 0], [8, 0], [9, 0], [10, 0], [10, 1], [11, 0], [12, 0], [13, 0], [14, 0]]"
f_a24cee3733c3a7e60bbe,"[[2, 0], [2, 1], [2, 2], [6, 1], [7, 0], [7, 1], [7, 2]]"
f_92fc370e386f55caa834,"[[1, 1], [1, 2], [2, 1], [2, 2], [11, 3]]"
f_4b7b4fa961a6004d2fbf,"[[1, 1], [1, 2], [1, 4], [2, 1], [2, 2]]"
f_3143859687ff2cc16e2e,"[[4, 0], [4, 1], [5, 0], [5, 1], [6, 0], [6, 1], [7, 0], [7, 1], [8, 0], [8, 1], [8, 2], [8, 3]]"
f_2d248d85bb34b7b503da,"[[6, 0], [6, 2], [7, 0], [7, 1], [7, 2], [8, 0], [8, 2], [9, 0]]"
f_5329d910a9f57b6ff944,"[[21, 0], [22, 0]]"
f_d6bb62b611f0fe4981c6,"[[1, 0], [1, 1], [1, 3], [1, 5], [1, 6], [2, 0], [2, 1], [2, 3], [2, 5], [2, 6]]"
f_db71d1efc3fac735c9c2,"[[11, 0], [12, 0], [13, 0], [13, 1], [13, 2], [14, 0], [15, 0], [16, 0]]"
f_f5e1654567db643fe770,"[[1, 0], [1, 1], [1, 2], [1, 3], [1, 4], [2, 0], [2, 1], [2, 3], [3, 0], [3, 1], [3, 2], [3, 3], [3, 4]]"
f_48a995d60d28403bf48a,"[[2, 0], [2, 1], [3, 0], [3, 1], [4, 0], [4, 1], [5, 0], [5, 1], [7, 0], [7, 1], [8, 0], [8, 1], [9, 2], [10, 2]]"
f_c9d53c23930c94cf760e,"[[3, 0], [3, 1], [3, 2], [12, 0], [12, 1], [12, 2]]"
f_db337ae358cccb79416d,"[[20, 0], [21, 0], [21, 1], [21, 2], [21, 3]]"
f_0662a74cef990501163e,"[[6, 0], [7, 0], [7, 1], [7, 2], [7, 3]]"
f_d22ec28eb75fe9a72fe5,"[[9, 2], [9, 4], [10, 1], [10, 2], [10, 3], [10, 4]]"
f_54627280d401e1e7046a,"[[5, 1], [6, 1], [6, 2]]"
f_9aaa157950fc103426c8,"[[18, 2], [20, 2]]"
f_3fbe3bf1462b749d90a6,"[[9, 0], [9, 1], [10, 0], [10, 1], [10, 2], [10, 3], [11, 0]]"
f_4884d267f9b0e264e150,"[[5, 0], [5, 1], [5, 2], [6, 0], [6, 2], [7, 0], [7, 2], [8, 0]]"
f_e5f939ec95b3724c92cc,"[[4, 0], [4, 1], [5, 0], [6, 0], [7, 0], [7, 11], [7, 12]]"
f_8825417fcceedaab2f3b,"[[3, 0], [3, 1], [3, 2], [3, 3], [4, 0], [4, 1], [4, 2], [4, 3], [6, 0], [6, 1], [6, 2], [6, 3], [7, 0], [7, 1], [7, 2], [7, 3]]"
f_0efafe7adbacf8aa0a46,"[[2, 0], [2, 1], [4, 2]]"
f_1f5d19590a79a71b2857,"[[1, 1], [1, 2], [1, 4], [2, 1], [2, 2], [2, 4], [9, 3]]"
f_512c9caaed94a3f5a56c,"[[6, 0], [6, 1], [7, 0], [8, 0], [8, 1], [8, 2], [8, 3], [8, 4], [9, 0]]"
f_a85b487424cc416b946d,"[[11, 0], [11, 1], [11, 13], [12, 0], [12, 13], [13, 0], [13, 13], [14, 1], [14, 13]]"
f_30276fa53d1d92541760,"[[2, 0], [2, 1], [2, 2], [2, 3], [2, 4], [2, 5], [2, 6], [2, 7], [2, 8], [2, 9], [2, 10], [2, 11], [2, 12], [4, 0], [4, 9], [4, 10]]"
f_6ba4667abeccc2fc117b,"[[7, 1], [7, 14], [8, 0], [8, 1], [8, 14], [9, 1], [9, 14]]"
f_4f559f9077445924ae02,"[[22, 0], [22, 1], [22, 3], [22, 4], [22, 5], [23, 0], [23, 1], [23, 2], [23, 3], [23, 4], [23, 5], [24, 0], [24, 2], [24, 3], [24, 4], [24, 5], [25, 0], [25, 2], [25, 3]]"
f_bb61349dd87b86c67892,"[[1, 0], [1, 1], [2, 0], [2, 1]]"
f_4af060f472547ce1d057,"[[15, 0], [15, 1], [16, 0], [16, 1], [17, 0], [17, 1], [18, 0], [18, 1], [19, 0], [19, 1], [21, 1], [23, 1], [25, 1], [26, 1]]"
f_2e8c4a64be4ce5ab6797,"[[1, 2], [5, 3]]"
f_1fce3e6496e356422c3e,"[[11, 0], [11, 1], [11, 2], [11, 3], [12, 0], [12, 1], [12, 2], [12, 3], [13, 0], [13, 1], [13, 2], [13, 3]]"
f_b3e58750a1a372d24a69,"[[11, 0], [11, 1], [11, 2], [11, 3], [11, 4], [12, 0], [12, 1], [12, 2], [12, 3], [13, 0], [13, 1], [13, 2], [13, 3], [13, 4]]"
f_41afdbfc4d09001ae35c,"[[4, 0], [4, 1], [4, 2], [5, 0], [5, 1], [5, 2], [5, 3]]"
f_bf7264556e80fc2fcb0d,"[[6, 0], [6, 2], [6, 3], [8, 0], [8, 2], [8, 3]]"
f_a092da602abc6163af41,"[[1, 1], [1, 2], [12, 3]]"
f_827027f5c9fee994798e,"[[1, 0], [1, 1], [1, 2], [1, 3], [2, 0], [2, 3], [3, 0], [3, 1], [3, 2], [3, 3], [4, 0], [4, 1], [4, 2], [4, 3], [5, 0], [5, 3]]"
f_2ac724df940f6bd6e3ea,"[[31, 1], [31, 2], [32, 0], [32, 1], [32, 2], [32, 3]]"
f_a310e23a341444e92895,"[[1, 1], [1, 3], [1, 4], [2, 1], [2, 3], [2, 4]]"
f_5f39d92d34dac3e422d7,"[[12, 0], [13, 0], [13, 1], [13, 2], [14, 0], [14, 2], [15, 0], [15, 2], [16, 0], [16, 2], [17, 0]]"
f_c557781546323eae7ed2,"[[10, 1], [10, 3], [10, 4], [14, 1], [14, 3], [14, 4]]"
f_1a5ce73ebbe9cc0b73a8,"[[1, 0], [1, 2], [1, 3], [1, 4], [2, 0], [2, 2], [2, 3], [2, 4], [3, 0], [3, 2], [3, 3], [3, 4], [4, 0], [4, 2], [4, 3], [4, 4]]"
f_e60bb61486bbc054dc36,"[[6, 0], [6, 1], [6, 2], [7, 0], [7, 1]]"
f_4c92aff1a5c33e0ca87c,"[[4, 0], [4, 2], [4, 4], [5, 0], [5, 2], [5, 4]]"
f_f69eadc95e9066009f2c,"[[1, 0], [1, 3], [11, 3]]"
f_4aab183288f4e3c60a7e,"[[2, 0], [2, 3], [3, 0], [3, 1], [3, 3]]"
f_a8e1c57126bf10d6bfa5,"[[1, 0], [1, 1], [1, 3], [2, 0], [2, 1], [2, 3], [3, 0], [3, 1], [3, 3], [4, 0], [4, 1], [4, 3]]"
f_30267286553c72a45512,"[[1, 0], [1, 1], [1, 2], [2, 0], [2, 1], [2, 2]]"
f_f3554fc42160352b3442,"[[1, 0], [1, 1], [1, 3], [2, 0], [2, 1], [2, 3]]"
f_611f2993fbd77d342713,"[[4, 2], [5, 0], [5, 2], [5, 4], [6, 0], [6, 2], [6, 3], [6, 4]]"
f_18906159ef7bcafabe21,"[[11, 0], [11, 1], [11, 3], [12, 0], [12, 1], [12, 3]]"
f_6647707ae281d0942968,"[[1, 1], [1, 3], [2, 1], [2, 3]]"
f_4c84ed58f6043825743b,"[[1, 0], [1, 1], [1, 2], [1, 4], [2, 0], [2, 1], [2, 2], [2, 4], [3, 0], [3, 1], [3, 2], [3, 4], [4, 0], [4, 1], [4, 2], [4, 4], [5, 0], [5, 1], [5, 2], [5, 3], [5, 4], [6, 0], [6, 1], [6, 4], [7, 0], [7, 1], [7, 4], [8, 0], [8, 1], [8, 4], [9, 0], [9, 1], [9, 4], [10, 0], [10, 1], [10, 4], [11, 0], [11, 1], [11, 4], [12, 0], [13, 0], [14, 0], [15, 0]]"
f_7da9ea0500f0ecac89f1,"[[2, 0], [2, 1], [2, 2], [2, 3], [3, 0], [3, 1], [3, 2], [3, 3], [3, 5]]"
f_ee9d7ee6b926d11019c0,"[[2, 0], [2, 1], [2, 4], [3, 4]]"
f_a67a6b39e79e3959ed3e,"[[7, 0], [7, 1], [7, 2], [7, 3], [7, 4], [7, 5], [8, 0], [10, 0], [11, 0], [11, 1], [11, 2], [11, 3], [11, 4], [11, 5], [12, 0]]"
f_54dccce6a74e2505abc0,"[[1, 1], [2, 1], [2, 2], [2, 3]]"
f_dee48516042a4ca69b45,"[[2, 0], [2, 1], [2, 3], [29, 0], [29, 1], [29, 3]]"
f_a435d87b7f90435b1bc5,"[[2, 0], [2, 1], [2, 3], [4, 0], [4, 1], [4, 3], [5, 0], [5, 1], [5, 2]]"
f_d80e2afcb5177192908c,"[[13, 0], [13, 1], [13, 2], [13, 3], [14, 0], [14, 1], [15, 0], [15, 1], [15, 2], [15, 3], [16, 0]]"
f_6c4fe0819bc25345a896,"[[3, 0], [3, 1], [3, 2], [3, 4]]"
f_8adcf219e987413a3dd2,"[[7, 1], [7, 5], [8, 0], [8, 1], [8, 2], [8, 3], [8, 5], [8, 6]]"
f_2dedf2c6ea5e9be4ac84,"[[5, 0], [6, 0], [7, 0], [8, 0], [9, 0], [10, 0], [11, 0], [12, 0], [13, 0], [14, 0], [14, 7], [14, 8]]"
f_f4869bb15fe339c194d7,"[[9, 1], [9, 2], [9, 3], [9, 4], [14, 1], [14, 2], [14, 3], [14, 4]]"
f_b1f6ba28c819f1ecf997,"[[2, 1], [3, 1], [3, 2], [3, 3], [3, 4], [4, 1], [4, 2], [4, 3], [4, 4], [5, 1]]"
f_7448a4b01eb7c2319041,"[[3, 1], [3, 3], [3, 4], [4, 1], [4, 3], [4, 4], [5, 0], [5, 1], [5, 3], [5, 4], [6, 0], [6, 1], [6, 4], [7, 0], [7, 1], [7, 4], [8, 0], [8, 1], [8, 4], [9, 0], [9, 1], [9, 4]]"
f_96a11dd24c3ba99c3623,"[[4, 0], [4, 1], [4, 2], [5, 0], [5, 1], [5, 2]]"
f_99c9440e19b84c33f4b0,"[[20, 1], [20, 3], [20, 4]]"
f_ae7b1d944ae0d6fbfdd8,"[[2, 0], [3, 0], [3, 1], [3, 2], [3, 3], [12, 1], [12, 2], [13, 2], [13, 3]]"
f_fedc84581fd1469ceaf5,"[[4, 0], [4, 1], [4, 6], [5, 0], [5, 1], [5, 4], [5, 6], [6, 1], [7, 1], [8, 1]]"
f_c9704412259f5856f12d,"[[2, 0], [15, 0], [17, 2]]"
f_e5909630801840dc124b,"[[7, 1], [7, 12], [8, 0], [8, 1], [8, 12], [9, 0], [9, 12], [10, 0], [10, 12], [11, 12], [12, 12]]"
f_4d954833f7c8cf346507,"[[1, 0], [1, 1], [1, 2], [2, 0], [2, 1], [2, 2], [3, 0], [3, 1], [3, 2], [4, 0], [4, 1], [4, 2], [5, 0], [5, 1], [5, 2]]"
f_9ff9f666a7288629dcbb,"[[5, 1], [5, 2], [5, 4], [6, 1], [6, 2], [6, 4]]"
f_8803925c48899b361cf8,"[[5, 0], [7, 0], [9, 0], [10, 0], [11, 0], [14, 0]]"
f_6a9a7385c159cbe45294,"[[5, 4], [6, 1], [6, 2], [6, 4], [6, 5]]"
f_88ad6201b118798e89ca,"[[11, 0], [11, 1], [12, 0], [12, 1], [12, 2], [12, 3]]"
f_3545f3d5620f0d9687ed,"[[7, 1], [7, 4], [8, 1], [8, 4]]"
f_0cdbfbf3c1852459fbda,"[[2, 0], [2, 1], [2, 7], [5, 0], [6, 0], [6, 1], [6, 7], [9, 0], [9, 1], [9, 8], [10, 0], [10, 1], [10, 8]]"
f_9aa185b397393ade52cc,"[[1, 0], [1, 2], [1, 3], [1, 4], [2, 0], [2, 2], [2, 3], [2, 4]]"
f_855ebe75fe15ce30c25b,"[[14, 0], [14, 1], [14, 4], [15, 0], [15, 1], [16, 0], [17, 0], [17, 1], [17, 2], [17, 4], [18, 0], [18, 1], [18, 2]]"
f_7d8f5b31f14e5491e8dd,"[[1, 1], [3, 3]]"
f_ec4c83a3fa204642f9b9,"[[2, 0], [2, 1], [5, 0], [5, 1], [6, 0], [6, 1], [7, 0], [7, 1], [8, 0], [8, 1], [9, 0], [9, 1], [10, 0], [10, 1], [11, 0], [11, 1], [12, 0], [12, 1], [14, 0], [14, 1], [14, 2]]"
f_a8f9ab6008bdad4ddff1,"[[18, 1], [18, 4], [19, 1], [19, 4]]"
f_1da4f55881faaa5060ca,"[[7, 1], [7, 3], [7, 4], [8, 1], [8, 3]]"
f_97a44b747b28eaa45a28,"[[1, 0], [1, 2], [1, 3], [1, 4], [2, 0], [2, 2], [2, 3], [2, 4], [3, 0], [3, 2], [3, 3], [3, 4], [4, 0], [4, 2], [4, 3], [4, 4], [5, 0], [5, 4], [6, 0], [6, 4], [7, 0], [7, 4], [8, 0], [8, 4], [9, 0], [9, 4], [10, 0], [10, 4], [11, 0], [11, 4], [12, 0], [12, 2], [12, 3], [12, 4], [13, 0]]"
f_06cc95e0aa9b014f2bd2,"[[10, 1], [10, 2], [10, 3], [10, 4], [17, 1], [17, 2], [17, 3], [17, 4], [18, 4], [19, 4]]"
f_08054d6f2647ef56d521,"[[1, 0], [1, 2], [2, 0], [2, 2], [3, 0]]"
f_9ae061ef3d54aed8432c,"[[12, 0], [13, 0], [13, 1], [13, 3], [14, 0]]"
f_bdb53ee699e07eb97377,"[[6, 0], [6, 1], [6, 2], [6, 3], [7, 0], [7, 2], [8, 0], [8, 1], [8, 3]]"
f_e0591e32297504e00bb5,"[[3, 4], [4, 4], [5, 4], [6, 4], [7, 4], [8, 0], [8, 1], [8, 2], [8, 4]]"
f_bb9dbca240f176a97f4f,"[[5, 0], [5, 2], [5, 3], [6, 0], [6, 1], [6, 2], [6, 3], [7, 0]]"
f_0f620eb40e48190ec6e6,"[[9, 8], [10, 1], [10, 8], [11, 0], [11, 1], [11, 7], [11, 8], [12, 8]]"
f_72d57f952f05d780edbe,"[[11, 0], [11, 1], [11, 2], [11, 3], [11, 4], [13, 2]]"
f_67ea678db4e2de6a4397,"[[12, 0], [12, 1], [13, 0], [14, 0], [15, 0], [16, 0], [17, 0], [17, 1]]"
f_bae85ce6f754f43bd8dd,"[[1, 0], [1, 1], [1, 2], [1, 3], [2, 0], [2, 1], [2, 2], [2, 3]]"
f_a560d8ac5e3d6aa83212,"[[5, 0], [5, 1], [5, 3], [6, 0], [6, 1], [6, 3]]"
f_ca84228d596a8e5417af,"[[1, 1], [1, 2], [22, 3], [22, 4]]"
f_b210a1fcd0c5f63867e0,"[[3, 0], [4, 0], [4, 1], [5, 0], [5, 2], [5, 3]]"
f_e8d317bb8a25533c91ad,"[[1, 5], [1, 6], [2, 5], [2, 6], [3, 5], [3, 6], [4, 5], [4, 6]]"
f_31790b41ceab64ee42a5,"[[1, 2], [4, 3]]"
f_d7ac2962b0a0924f7347,"[[1, 0], [1, 1], [2, 0], [2, 2]]"
f_513d699e1679bd5ee6e5,"[[0, 0], [0, 1], [0, 2], [0, 3], [1, 4]]"
f_4ad37bf7729e0731e288,"[[3, 1], [3, 3], [3, 4], [3, 5], [4, 1], [5, 1], [5, 3], [5, 4], [5, 5]]"
f_fa0a914e2407792e375a,"[[2, 0], [2, 1], [2, 2]]"
f_3d033b7b756570e5eb1b,"[[7, 0], [7, 2], [7, 3], [8, 0], [8, 2], [8, 3]]"
f_d26f65eff78c231e1604,"[[5, 0], [5, 1], [5, 2], [5, 3]]"
f_f253271877348fc8e7cb,"[[1, 0], [1, 1], [1, 2], [2, 0], [3, 0], [4, 0], [5, 0], [6, 0], [7, 0], [8, 0], [9, 0], [11, 0], [12, 0], [13, 0], [14, 0], [15, 0], [16, 0], [17, 0], [19, 0], [20, 0], [21, 0], [22, 0], [23, 0], [23, 1], [23, 2], [24, 3], [24, 4], [24, 5], [24, 6]]"
f_fee4f46556b915ee60bc,"[[1, 0], [1, 2], [1, 6], [1, 7], [2, 6], [2, 7], [3, 6], [3, 7], [4, 6], [4, 7], [5, 6], [5, 7], [6, 6], [6, 7], [7, 6], [7, 7], [8, 6], [8, 7], [9, 6], [9, 7], [10, 6], [10, 7], [11, 6], [11, 7], [12, 7], [13, 7], [14, 0], [14, 2], [14, 7]]"
f_4910668a24d5abe4829c,"[[1, 2], [1, 3], [1, 4], [4, 2], [4, 3], [4, 4], [4, 5]]"
f_aefcd3ea7ee45fcd4277,"[[5, 0], [6, 0], [7, 0], [8, 0], [9, 0], [10, 0], [11, 0], [11, 3], [11, 9]]"
f_53c0172f3f8ade4d57ce,"[[2, 0], [2, 1], [2, 2], [3, 2], [4, 2], [5, 2], [11, 2], [12, 2], [13, 2], [14, 0], [14, 1], [14, 2]]"
f_3b046aa4f102b84a2d6e,"[[5, 0], [6, 0], [6, 1], [7, 0], [7, 1], [7, 2], [8, 0]]"
f_67d60c664870d7cd1b9a,"[[1, 0], [2, 0], [2, 1], [2, 2], [2, 3], [2, 4], [3, 0], [3, 2], [4, 0], [5, 0], [6, 0], [7, 0], [8, 0]]"
f_fc44d1b0fb5cc9ba464c,"[[2, 0], [2, 1], [2, 2], [2, 3], [2, 4], [3, 0], [3, 1], [3, 2], [3, 3], [3, 4]]"
f_b02fb47e9500e05c1d4e,"[[2, 0], [3, 0], [3, 1], [3, 2], [3, 3], [3, 4], [4, 0], [4, 1], [4, 2], [4, 3], [4, 4]]"
f_370084ef49b98ca755c5,"[[1, 0], [2, 0], [2, 1], [2, 2]]"
f_b9b44d826566813ed247,"[[1, 0], [1, 1], [1, 2]]"
f_9a6768b5adba6e6f4a05,"[[1, 3], [1, 4], [1, 5], [2, 3], [2, 4], [2, 5], [3, 2], [3, 3], [3, 4], [3, 5]]"
f_0d3ff7549a09d3be8b38,"[[1, 0], [1, 1], [1, 5], [1, 6], [3, 1], [3, 2], [3, 5], [9, 1], [9, 2], [9, 5]]"
f_1955f195abd9f615d6d0,"[[3, 4], [4, 3], [4, 4]]"
f_a58eba771c5d9e5bdd6c,"[[3, 0], [3, 1], [4, 0], [4, 1]]"
f_ec2a922e6f0b99b5c690,"[[1, 0], [1, 1], [1, 3], [2, 1], [2, 2], [2, 3]]"
f_285e8d15828ca8476b99,"[[2, 0], [3, 0], [4, 0], [5, 0], [6, 0], [7, 0], [7, 1], [7, 2], [7, 3], [8, 0], [8, 1], [8, 2], [8, 3]]"
f_6f43351375a366336cf8,"[[10, 0], [11, 0], [11, 1], [11, 5]]"
f_8853282c2a366a3a6128,"[[3, 0], [3, 1], [3, 2], [3, 3], [4, 0], [4, 1], [4, 3]]"
f_adb7d1df6e33c49548fb,"[[9, 0], [9, 3], [10, 0], [10, 1], [10, 3], [10, 4], [11, 0], [11, 3]]"
f_86336f87479ec4a37f67,"[[1, 2], [2, 2], [3, 0], [3, 2], [3, 3], [4, 0], [4, 1], [4, 2], [4, 3], [5, 2], [5, 3], [6, 2], [6, 3], [7, 3]]"
f_821be27e15e9488a6f89,"[[2, 0], [2, 2], [2, 3], [3, 0], [3, 2], [3, 3], [4, 0], [4, 2], [4, 3], [5, 0], [5, 2], [5, 3], [6, 0], [6, 2], [6, 3], [7, 0], [7, 2], [7, 3], [8, 0], [8, 2], [8, 3]]"
f_fbdcbe84a72974e22dd6,"[[1, 1], [1, 3], [1, 4]]"
f_ed33582bfe5e1ff1f9e0,"[[1, 0], [1, 1], [1, 3], [2, 0], [2, 1]]"
f_70b876334a9723a385e2,"[[17, 0], [17, 1], [17, 5], [20, 2], [21, 2]]"
f_0627bfa16d1ff6bf72df,"[[13, 0], [13, 2], [13, 5], [17, 0], [17, 4]]"
f_4ba47453fdf9ff206f7f,"[[4, 0], [4, 1], [4, 2], [4, 3], [4, 4], [4, 5], [4, 6], [6, 1], [6, 3], [6, 4]]"
f_a2c697f0147a55ad65cf,"[[4, 0], [4, 1], [4, 2], [4, 4]]"
f_4b434a888fb2cf6b497c,"[[1, 0], [1, 2], [2, 0], [2, 2]]"
f_0cbc95d6516880ad39fe,"[[1, 0], [1, 1], [1, 2], [3, 0], [3, 1], [3, 2], [5, 0], [5, 1], [5, 2]]"
f_fbe597b4fc541a4958ce,"[[3, 1], [3, 2], [3, 3], [4, 0], [4, 1], [4, 2], [4, 3], [8, 0], [8, 1], [8, 2], [8, 3]]"
f_50c9b8f22267e260c36f,"[[1, 0], [2, 0], [2, 1], [2, 2], [3, 0], [4, 0], [4, 1], [4, 2]]"
f_257de48e61f9418de24e,"[[1, 2], [1, 4], [2, 2], [2, 4]]"
f_2c6191821f7fe4b2eb9e,"[[9, 0], [10, 0], [11, 0], [12, 0], [12, 1], [12, 2], [12, 4], [13, 0], [13, 1], [14, 0], [14, 1]]"
f_3b6aba167c5ca72e3b9b,"[[13, 1], [14, 0], [14, 1], [14, 13]]"
f_964bd8d45a3ac88fba21,"[[1, 0], [1, 1], [1, 2], [1, 3]]"
f_adf4253f8e5fcb69e141,"[[9, 2], [10, 1], [10, 2]]"
f_55bafb3b7042114d5c6d,"[[16, 0], [16, 1], [16, 2], [16, 3], [16, 4], [17, 0], [17, 3], [18, 0], [18, 3], [19, 0], [19, 3], [20, 0], [20, 3], [21, 3], [23, 0], [23, 1], [23, 2], [23, 3], [23, 4], [24, 0], [24, 3], [25, 0], [25, 3], [26, 3]]"
f_13423d528d22c6228d77,"[[6, 4], [7, 4], [8, 0], [8, 1], [8, 4]]"
f_4e397ed653535b72011e,"[[2, 0], [2, 1], [2, 2], [4, 0], [4, 1]]"
f_15f219ea49bbc46ee1b7,"[[2, 0], [3, 0], [3, 1], [3, 2]]"
f_29dc84ad6093bd44dd62,"[[2, 1], [3, 1], [3, 3], [3, 4], [4, 1], [5, 1], [6, 1], [7, 1], [8, 1], [9, 1], [10, 1], [11, 1], [12, 1], [13, 1], [14, 1], [14, 2]]"
f_daa630c19a14b8b3bee6,"[[10, 0], [10, 1], [10, 2]]"
f_369fe4b72282c5012362,"[[8, 0], [8, 1], [9, 0], [9, 1]]"
f_d2539a859a250bf9b2f6,"[[9, 2], [10, 0], [10, 1], [10, 2], [10, 3]]"
f_fb0a4a466fc10765515d,"[[0, 0], [0, 2], [0, 3], [1, 0], [1, 2], [1, 3]]"
f_392dfcc73424b60a42d4,"[[2, 0], [2, 1], [2, 2], [2, 3]]"
f_f8b86aa2b22f57eb244e,"[[9, 0], [9, 1], [9, 3], [10, 0], [11, 0], [11, 1], [11, 3], [12, 0], [12, 1], [12, 3]]"
f_82433ca9c1a33fff0853,"[[1, 0], [1, 3], [2, 0], [2, 3], [5, 0], [5, 3]]"
f_e3367111adadaf9cdefb,"[[2, 2], [5, 2], [6, 2], [9, 2]]"
f_bca578a47e5fff107949,"[[1, 0], [1, 1], [1, 2], [2, 0], [2, 1], [2, 2], [3, 0], [3, 1], [3, 2], [4, 0], [4, 1], [4, 2], [5, 0], [5, 1], [5, 2], [6, 0], [6, 1], [6, 2], [7, 0], [7, 1], [7, 2], [8, 0], [8, 1], [8, 2], [9, 0], [9, 1], [9, 2], [10, 0], [10, 1], [10, 2]]"
f_e78578f2024bf1ca0c01,"[[1, 0], [1, 1], [1, 3], [1, 4], [2, 1], [2, 4]]"
f_21902f10be7dfb6a3761,"[[2, 0], [2, 1], [2, 3], [3, 0], [3, 1], [3, 2], [3, 3], [4, 0], [4, 1], [4, 2], [4, 3], [5, 0], [5, 1], [5, 3], [6, 0], [6, 1], [6, 3]]"
f_68fab4cfe1ba205fb949,"[[1, 0], [1, 2], [2, 0], [2, 2]]"
f_dddc8e74622c0600d62c,"[[8, 0], [8, 1], [9, 0], [9, 1], [9, 2], [9, 3]]"
f_0f043c77b16306bdc4aa,"[[6, 0], [7, 0], [8, 0], [8, 1], [8, 2], [9, 0]]"
f_f9d44cf7462ed1e186e5,"[[1, 0], [1, 1], [1, 2], [1, 3], [1, 4], [1, 5], [4, 2]]"
f_4f2356ab46405ec66e18,"[[6, 0], [6, 6], [8, 0], [8, 6], [13, 0], [13, 6]]"
f_a9cff7f7472a0b6d640d,"[[1, 0], [1, 1], [1, 2], [2, 0], [2, 1], [2, 2], [3, 0], [3, 1], [3, 2]]"
f_f6d056ed8b6dd0dafdb5,"[[4, 0], [4, 1], [4, 2], [4, 3], [5, 0], [5, 1], [5, 2], [6, 0], [6, 1], [6, 2], [7, 0], [7, 1], [7, 2]]"
f_6c1ce13b52dfe408c628,"[[3, 0], [4, 0], [5, 0], [5, 1], [5, 3]]"
f_31d2c5fefa14da501abd,"[[1, 0], [1, 1], [1, 3], [2, 0], [2, 1], [3, 0], [3, 1], [3, 3], [4, 0], [4, 1], [4, 3]]"
f_3c22ef06b273f864bd58,"[[26, 1], [26, 2], [30, 1], [30, 2]]"
f_123fed4a935ff51e2201,"[[1, 2], [1, 4], [2, 2]]"
f_b529551a02ffe291c99c,"[[2, 0], [2, 2], [2, 3], [3, 0], [3, 1], [3, 2], [3, 3], [3, 4], [3, 5]]"
f_343070eba693d7aaba2a,"[[7, 1], [7, 2], [10, 1], [10, 2], [13, 1], [13, 2], [14, 1], [14, 2], [15, 1], [15, 2], [16, 1], [16, 2], [17, 1], [17, 2], [18, 1], [18, 2], [20, 1], [20, 2], [22, 1], [22, 2], [23, 1], [23, 2], [24, 1], [24, 2], [26, 4]]"
f_c87e2667dc61ebd9f472,"[[9, 1], [10, 0], [10, 1], [11, 0], [11, 1], [11, 13], [12, 0], [12, 1], [12, 13], [13, 13]]"
f_b96e1ab85a543859d689,"[[2, 1], [2, 2], [2, 3], [3, 1], [3, 2], [3, 3], [4, 1], [4, 2], [4, 3]]"
f_9bbc6b674cb4fbedbd17,"[[1, 1], [1, 3], [1, 4], [2, 1], [2, 3], [4, 1], [4, 3]]"
f_d6f8a831c10618d65838,"[[15, 0], [16, 3], [16, 4], [16, 5], [16, 6], [16, 7]]"
f_d31c2b524b6af456dbfd,"[[2, 0], [2, 1], [2, 3], [3, 0], [3, 1], [3, 2], [3, 3], [4, 1], [4, 3]]"
f_1d60373b0fa47d975c6a,"[[13, 14], [14, 14], [15, 0], [15, 1], [15, 14], [16, 1], [16, 14]]"
f_3e6301d8a6df60e314a5,"[[4, 0], [6, 0], [6, 4]]"
f_571dc222357c9b7156db,"[[1, 1], [1, 2], [1, 4]]"
f_5015c7a7efda0fbc534c,"[[1, 0], [1, 1], [2, 0], [2, 1], [2, 2], [2, 3]]"
f_f45b690c3a3afedff135,"[[1, 0], [2, 0], [3, 0], [3, 1], [3, 2], [3, 3]]"
f_297eb90127c3ae1d0124,"[[1, 0], [1, 1], [1, 3], [1, 4], [2, 0], [2, 1], [2, 3], [2, 4]]"
f_e76357735e80f6d008de,"[[3, 0], [3, 1], [3, 2], [6, 0], [6, 1], [6, 2]]"
f_f09c716366c9ea6e987c,"[[30, 0], [31, 0], [31, 1], [31, 3], [31, 4]]"
f_731938dedd407fcc7672,"[[5, 0], [26, 0], [26, 1], [28, 2]]"
f_a0ece306476111f812a9,"[[1, 0], [1, 1], [1, 5], [1, 6], [2, 0], [2, 1], [2, 5], [2, 6], [3, 0], [3, 1], [3, 5], [3, 6], [4, 0], [4, 1], [4, 5], [4, 6]]"
f_05bee130d0f18709b7ac,"[[1, 6], [5, 6], [6, 6]]"
f_f39f080a0a1b6d0d10b5,"[[2, 0], [2, 1], [2, 2], [2, 3], [2, 4], [2, 5]]"
f_f7a352c648a9f881298a,"[[2, 0], [2, 1], [2, 2], [3, 0], [3, 1], [3, 2], [4, 1], [4, 2], [5, 1], [5, 2], [6, 1], [6, 2], [7, 1], [7, 2], [8, 1], [8, 2], [9, 1], [10, 1], [11, 1]]"
f_ff8bd4e918a68e4503dd,"[[3, 0], [4, 0], [4, 1], [4, 2], [4, 4], [4, 5]]"
f_27c404c712f4b7b92709,"[[2, 1], [3, 1], [5, 1], [6, 1], [7, 1], [8, 1], [9, 1], [10, 1], [12, 1], [13, 1], [14, 1], [16, 9]]"
f_377d19e70dfa2215d6db,"[[4, 0], [4, 1], [4, 2]]"
f_a8c343e04857f4ccb60b,"[[2, 0], [3, 0], [4, 0], [4, 1], [4, 3], [5, 0]]"
f_39f32f92d48ca4010419,"[[3, 0], [3, 1], [3, 2], [3, 3], [4, 0], [4, 1], [4, 2], [4, 3], [5, 0], [5, 1], [5, 3], [6, 0], [6, 3], [7, 0], [7, 3], [8, 0], [8, 3], [9, 0], [9, 3]]"
f_98f330617936eedc565e,"[[3, 0], [4, 0], [5, 0], [6, 0], [7, 0], [8, 0], [9, 0], [9, 3], [9, 4], [9, 9], [9, 10]]"
f_6feb4c890d7667082860,"[[14, 1], [14, 2], [14, 3], [14, 4], [15, 1], [16, 1], [17, 1], [18, 1], [19, 1], [19, 2], [19, 3], [19, 4], [20, 1], [20, 4], [21, 1], [22, 1], [22, 4], [23, 1], [23, 4], [24, 1], [24, 4]]"
f_f04bdba3296ec1eb3aa7,"[[1, 0], [1, 1], [1, 3], [2, 0], [2, 1], [2, 3], [3, 0], [3, 1], [3, 3]]"
f_49395b6108de7e29d931,"[[1, 0], [1, 1], [1, 2], [1, 3], [1, 4], [4, 0], [4, 3]]"
f_7ab37132821fdef1ea15,"[[7, 0], [7, 1], [7, 3], [10, 0], [10, 1], [10, 3]]"
f_e2e0f709f54f238c5b42,"[[7, 0], [7, 1], [7, 3], [8, 0], [8, 1], [8, 3]]"
f_58e42000de26c5119175,"[[2, 0], [2, 1], [2, 3], [3, 0], [3, 1], [3, 3], [4, 0], [4, 1], [4, 3]]"
f_eceb62d6128d43f5083d,"[[2, 0], [2, 1], [2, 2], [3, 0], [3, 1], [3, 2]]"
f_924eb48ebbbc5fa1bde5,"[[4, 0], [4, 1], [4, 2], [4, 3], [7, 1], [7, 2], [7, 3]]"
f_2d6b2d34504338875534,"[[10, 0], [11, 0], [12, 0], [13, 0], [14, 0], [14, 1], [15, 0], [15, 11], [15, 12], [16, 0], [16, 1], [16, 2]]"
f_48cfde01e2079dee8b03,"[[14, 0], [14, 1], [14, 3], [15, 0], [15, 1], [15, 3], [15, 5], [16, 0]]"
f_6359aff7a6e2d81b021f,"[[1, 4], [2, 4], [3, 4], [4, 4], [5, 4], [6, 0], [6, 1], [6, 4], [7, 4], [8, 4], [9, 4], [10, 4], [11, 4], [12, 4], [13, 4], [14, 4], [15, 4], [16, 4], [17, 4]]"
f_e790e4c8c7f4321f60a2,"[[5, 2], [5, 3], [6, 3]]"
f_049acab16ff7e7d12921,"[[2, 0], [2, 1], [2, 2], [2, 3], [3, 0], [3, 1], [3, 2], [3, 3]]"
f_3fd15c6f8d7e6a5b42cd,"[[8, 1], [9, 0], [9, 1], [9, 13]]"
f_359460fa35c08210e5b3,"[[1, 1], [1, 2], [3, 0], [3, 1], [3, 2]]"
f_1093d76e165821d583e7,"[[3, 0], [3, 2], [3, 8], [4, 0], [4, 2], [4, 8], [6, 0], [6, 2], [6, 8], [11, 0], [11, 2], [11, 8], [12, 0], [12, 2], [12, 8]]"
f_b9cc060701306cb6b6b8,"[[1, 0], [1, 2], [1, 4], [2, 0], [2, 2], [2, 4]]"
f_d4edc240044aa48d8c37,"[[1, 2], [2, 2], [4, 2]]"
f_e5cfd2bd7e8612bc523a,"[[1, 0], [20, 0]]"
f_359530ef5e858fed33de,"[[8, 0], [8, 1], [8, 2], [10, 2]]"
f_218f01e2c252d1c831e4,"[[16, 0], [16, 1], [16, 2], [17, 0], [17, 1]]"
f_a42c204ded5a56bd43d5,"[[8, 0], [9, 0], [9, 1], [9, 2], [11, 1], [11, 2]]"
f_404cf6306aff326f86e2,"[[3, 1], [3, 2], [5, 1], [5, 2], [6, 1], [6, 2], [7, 1], [7, 2]]"
f_14202ba0118c04981af8,"[[2, 0], [2, 1], [2, 3], [6, 0], [6, 1], [6, 3]]"
f_24e5b1a96651229a2c6d,"[[4, 1], [4, 2], [5, 1], [5, 2], [5, 3]]"
f_54ed50132d125f451130,"[[8, 0], [8, 1], [8, 2], [11, 0], [11, 1], [11, 2], [11, 3]]"
f_e119695864c45628c1a7,"[[13, 0], [13, 1], [13, 2], [13, 3], [13, 4], [13, 5], [13, 6], [14, 6]]"
f_0e57f889d501c5a298ef,"[[13, 0], [14, 0], [14, 1], [14, 2], [15, 0]]"
f_4be56695ec3b40e3698e,"[[3, 0], [3, 2], [4, 0], [4, 2], [5, 0], [5, 1], [5, 2], [6, 0], [6, 2], [7, 0], [7, 2], [8, 0], [8, 2], [9, 0], [9, 2], [10, 0], [10, 2], [11, 0], [11, 2], [12, 0], [12, 2], [13, 0], [13, 2]]"
f_3ab155147523081454d4,"[[2, 0], [2, 1], [2, 3]]"
f_e30d9c0c6348e188d894,"[[5, 1], [6, 1]]"
f_e9d3a0c86711fecc2d13,"[[2, 4], [3, 0], [3, 1], [3, 2], [3, 4]]"
f_626c35a9f7efca3e20c2,"[[1, 1], [1, 2], [1, 3], [1, 4], [2, 1], [2, 2], [2, 3], [2, 4]]"
f_bc9e33718497dde9d5ee,"[[18, 0], [18, 1], [18, 3], [18, 4], [19, 0], [20, 0], [21, 0], [22, 0], [22, 1], [22, 3], [22, 4], [23, 0]]"
f_f76cf6281dc1dd4fb6a7,"[[2, 1], [3, 1], [4, 1], [5, 1], [6, 1], [7, 1], [8, 1], [9, 1], [10, 1], [11, 1], [12, 1], [13, 1], [14, 1], [15, 10], [15, 11]]"
f_0447145f77cc961d0bfc,"[[17, 0], [17, 1], [17, 2], [17, 3], [17, 4]]"
f_b726580322f9522d9148,"[[8, 0], [8, 2], [9, 0], [9, 2], [9, 3], [10, 0], [10, 2], [10, 3], [11, 2]]"
f_5b65d20fe408d291499e,"[[2, 2], [2, 3], [11, 2], [11, 3], [24, 2], [24, 3]]"
f_b31b893d8ec8f9c6320f,"[[6, 0], [6, 2], [6, 3], [7, 0], [7, 2], [7, 3]]"
f_c4a69fdff86f22c2494b,"[[1, 2], [1, 4], [2, 2]]"
f_e3aaba4b4b8096304149,"[[4, 0], [4, 1], [6, 0], [6, 1]]"
f_dd5fb976f4c39d3adc4f,"[[1, 1], [1, 2], [1, 3], [1, 4], [2, 1], [2, 2], [2, 3], [2, 4]]"
f_bac76d33d2256d27ab26,"[[3, 13], [4, 13], [5, 13], [6, 0], [6, 13], [7, 0], [7, 1], [7, 13], [8, 13]]"
f_b3d921782c00b71a0a1a,"[[1, 1], [1, 2], [1, 3], [2, 1], [2, 2], [2, 3], [3, 1], [3, 3]]"
f_49e9ce75c9a81f02e95d,"[[1, 0], [1, 1], [2, 0], [2, 1]]"
f_50bc2c442bc504d54707,"[[5, 0], [5, 1], [5, 3], [6, 0], [18, 0], [19, 0], [19, 1], [19, 3], [20, 0]]"
f_fcda0ce226fe7d948fdb,"[[2, 0], [3, 0], [3, 1], [3, 2], [3, 4], [4, 0]]"
f_4fae1d4f8efab6fbc3f1,"[[8, 0], [9, 0], [9, 1], [9, 2], [9, 3], [9, 4], [9, 5]]"
f_07f03be73e021dcab8c3,"[[3, 0], [3, 1], [3, 3], [5, 0], [5, 1], [5, 3]]"
f_a9b4da8115ea998184a6,"[[2, 1], [3, 1], [4, 0], [4, 1]]"
f_b2a7a68c744bd5d6ef26,"[[5, 0], [5, 1], [6, 0], [6, 1], [6, 2], [7, 0], [7, 1], [7, 2]]"
f_b4c726891c0bc36e436f,"[[6, 0], [7, 0], [7, 1], [7, 2], [7, 11], [8, 0]]"
f_27a942ecb8b19c3d733a,"[[2, 0], [2, 2], [3, 0], [3, 2], [4, 0], [4, 1], [4, 2], [4, 7], [4, 8], [5, 0]]"
f_9b4a7a0a0613c5573fb1,"[[19, 0], [19, 1], [19, 2], [20, 0], [20, 1], [20, 2], [20, 3]]"
f_2fdd84391b98e3a0765a,"[[2, 0], [3, 0], [4, 0], [5, 0], [6, 0], [10, 5], [10, 6], [10, 7], [10, 10], [10, 11], [10, 12]]"
f_9f8ffcc7fb42ca66e42f,"[[2, 0], [2, 1], [2, 2], [2, 4], [3, 1], [3, 2]]"
f_0aba813f0ecd975c0bbf,"[[2, 0], [2, 1], [2, 4], [3, 0], [3, 1], [3, 4]]"
f_2c0693498f60844ded2c,"[[12, 7], [13, 0], [14, 0], [15, 0], [16, 0], [17, 0]]"
f_9fba8d378add4e11dbf2,"[[7, 0], [8, 0], [8, 1], [8, 2]]"
f_f7dc95c65a918717010b,"[[1, 0], [2, 0], [3, 0], [4, 0], [5, 0], [6, 0], [7, 0], [8, 0], [9, 0], [10, 0], [11, 0], [12, 0], [13, 0], [14, 0], [15, 3]]"
f_fccb825ae6882881e95f,"[[1, 1], [1, 2], [2, 0], [2, 1], [2, 2], [2, 3], [2, 4], [3, 0], [3, 1], [3, 2], [3, 3], [3, 4]]"
f_4d743c984a97fa1996fe,"[[1, 0], [1, 1], [1, 4], [1, 5], [2, 0], [2, 2], [2, 3], [2, 4], [2, 5]]"
f_1ea9c200999a86174ab5,"[[11, 0], [11, 1], [12, 0], [13, 0], [14, 0], [15, 0], [15, 1], [16, 0], [16, 7], [16, 8]]"
f_d4326cde9eea20b13905,"[[8, 0], [8, 1], [8, 2], [9, 1], [9, 2]]"
f_4a788b5191a6b159398b,"[[1, 0], [1, 3], [6, 0], [6, 1], [6, 2], [6, 3]]"
f_c5e17e657cf52c261c70,"[[1, 2], [1, 3], [2, 2], [2, 3], [3, 2], [3, 3], [4, 2], [4, 3]]"
f_ed5f99264236e0a283d9,"[[6, 0], [6, 4], [7, 0], [7, 4]]"
f_16f4151f3282cbe4aeb9,"[[1, 0], [1, 1], [1, 2], [1, 3], [2, 0], [2, 1], [2, 2], [2, 3]]"
f_a87be8f6488e550b5058,"[[1, 0], [2, 0], [3, 0]]"
f_026dd72a692aa32f3964,"[[15, 0], [15, 1], [15, 2], [16, 0], [16, 1], [16, 2]]"
f_b6b6b0f7c56390f99483,"[[2, 0], [2, 1], [2, 2], [3, 0], [3, 1], [3, 2], [4, 1], [5, 1], [6, 1], [7, 1], [8, 1], [9, 1], [10, 1], [11, 1], [12, 1]]"
f_8fde3d3207219b40dd87,"[[7, 1], [8, 0], [8, 1], [8, 2]]"
f_634a9b16a9781babb661,"[[1, 0], [1, 1], [1, 2], [1, 3], [2, 0], [2, 1], [2, 2], [2, 3]]"
f_9c08e4b2b225cec8d241,"[[11, 2], [12, 1], [12, 2], [14, 0], [15, 0]]"
f_4028a85d6db0a3504bf2,"[[1, 2], [1, 4], [2, 2], [2, 4]]"
f_e49d5c094a0859e956a4,"[[2, 1], [4, 1], [5, 1], [7, 1], [9, 1]]"
f_2b11cebdea35ccf3da35,"[[6, 2], [6, 3], [6, 4], [7, 2], [7, 3], [7, 4], [8, 2], [8, 3], [8, 4]]"
f_11173d8c1618392d2957,"[[2, 2], [3, 2], [4, 2], [8, 2], [11, 2]]"
f_b7667e96164679f9f0ba,"[[2, 1], [2, 2], [2, 4], [3, 0], [3, 1], [3, 2], [3, 4], [4, 0], [4, 1], [4, 2], [4, 4], [5, 4]]"
f_6d8033156d879299367a,"[[1, 0], [2, 0], [2, 1], [2, 2], [2, 3]]"
f_3375fb2597655f1a21ef,"[[5, 2], [5, 3], [5, 4], [7, 2], [7, 3], [7, 4]]"
f_78c6e15b6b92723ef352,"[[1, 0], [1, 2], [1, 3], [2, 0], [2, 2], [2, 3], [2, 5], [3, 0], [3, 2], [3, 3]]"
f_548af484ece5a437c452,"[[4, 2], [5, 2], [6, 2], [7, 2], [8, 2], [9, 2], [10, 2], [11, 2], [12, 2], [13, 2], [14, 2], [15, 2], [16, 2]]"
f_49cc97bc73510c9cb346,"[[15, 0], [15, 1], [15, 2], [16, 0], [16, 1], [16, 2]]"
f_11ceb073a7831caeb7a3,"[[2, 0], [2, 1], [6, 0], [6, 1], [14, 0], [14, 1]]"
f_694292495b2223718074,"[[1, 4], [2, 4], [3, 4], [4, 3], [4, 4]]"
f_e984b84bb223bf8c84b7,"[[1, 0], [1, 1], [1, 4], [1, 5], [2, 0], [2, 1], [3, 0], [3, 1], [3, 4], [3, 5]]"
f_7525a282b2943b78b3cf,"[[1, 0], [1, 3], [1, 4], [1, 6], [2, 0], [2, 3], [3, 0], [3, 3], [3, 4], [3, 6]]"
f_8e78339eff782cab0b81,"[[2, 0], [2, 1], [2, 2]]"
f_622d2566df520dd4fa4e,"[[2, 0], [2, 1], [2, 2], [2, 4], [3, 0], [3, 1], [3, 2], [3, 4], [4, 0], [4, 1], [4, 2], [4, 4]]"
f_6577705b6177766458c8,"[[1, 2], [5, 0], [5, 2]]"
f_dde7a5425ab23ef0ac38,"[[1, 0], [2, 0], [3, 0], [4, 0], [5, 0], [6, 0], [7, 0], [8, 0], [9, 0], [10, 0], [11, 0], [12, 0], [13, 0], [14, 0], [14, 1], [14, 2], [14, 3], [15, 0], [15, 1], [15, 2], [15, 3], [16, 0], [17, 0]]"
f_ad31bad8be40e1147b14,"[[1, 0], [1, 1], [1, 2], [1, 3], [2, 0], [2, 1], [2, 2], [2, 3], [3, 0], [3, 1], [3, 2], [3, 3], [4, 0], [4, 1], [4, 2], [4, 3]]"
f_77db7d64a353784e8a2f,"[[21, 0]]"
f_0a9bd049a02bb71dbbb5,"[[1, 0], [1, 1], [1, 3], [1, 4], [2, 0], [2, 1], [2, 3], [2, 4]]"
f_4990f7df33e009a95a12,"[[3, 0], [4, 0], [5, 0], [6, 0], [6, 1], [6, 2], [6, 3], [6, 4]]"
f_4a086ab5176d4985bf82,"[[6, 0], [6, 1], [6, 2], [7, 0], [7, 1], [7, 2]]"
f_9d126029d9a03ea0d8c8,"[[5, 0], [6, 0], [6, 1], [6, 2], [7, 0], [7, 1], [7, 2], [7, 3]]"
f_7161eb2ff12a022dff55,"[[10, 1], [10, 2], [13, 0], [13, 1], [13, 2], [13, 3]]"
f_5253b99cdcf978c72265,"[[4, 0], [4, 1], [4, 2], [5, 0], [5, 1], [5, 2]]"
f_1eec1f78e6f4d4e3acd0,"[[2, 0], [2, 1], [2, 2], [2, 3], [2, 4]]"
f_29e736becd57a7113e6a,"[[1, 0], [2, 0], [2, 1], [2, 2], [2, 4]]"
f_83c9f972d8d2accb664d,"[[5, 2], [19, 2]]"
f_1b2e4f2dd111b3972527,"[[1, 0], [1, 1], [1, 2], [2, 1]]"
f_7e84945cfa378c1a345f,"[[1, 2], [1, 4], [2, 2], [2, 4], [3, 2], [3, 4], [4, 1], [4, 2], [4, 3], [4, 4]]"
f_2a5551641816a8c795da,"[[2, 1], [2, 2], [3, 1], [3, 2], [4, 1], [4, 2]]"
f_89e88bd5a6739b181093,"[[2, 0], [2, 1], [2, 2], [2, 3], [2, 4], [2, 5], [3, 0], [3, 1], [3, 2], [3, 3], [3, 4]]"
f_56c505d8e67822310041,"[[2, 0], [2, 1], [2, 2], [2, 3], [3, 0], [3, 1], [3, 2], [3, 3]]"
f_09db1ef289748a9592f6,"[[1, 0], [1, 1], [1, 2], [1, 3], [1, 4], [2, 0], [2, 1], [2, 2], [2, 3], [2, 4]]"
f_3a2f36fd79ed1cc4dbbb,"[[5, 0], [5, 1], [5, 2], [5, 3], [6, 0], [6, 1], [6, 2], [6, 3]]"
f_e012a0b66f6f1b8fa41a,"[[4, 0], [4, 1], [4, 6], [6, 0], [6, 1], [6, 6], [7, 0], [7, 1], [7, 5], [7, 6]]"
f_47a48ae052f0a6eba4d4,"[[1, 5], [2, 5]]"
f_2a0a64b16884ecc199b1,"[[2, 0], [2, 2], [5, 2]]"
f_0471cf4c8d34efc551a7,"[[1, 1], [1, 2], [19, 1], [19, 2], [19, 3], [19, 4]]"
f_5ce33dc3e692f6137880,"[[1, 1], [1, 2], [2, 1], [2, 2]]"
f_f4dc7ccaba0f71a8838e,"[[2, 2], [2, 6], [3, 2], [3, 6], [4, 2], [4, 6], [5, 2], [5, 6]]"
f_a5dbfa437dd956d1e5a5,"[[3, 0], [3, 1], [3, 2], [3, 3], [4, 0], [4, 1], [4, 2], [4, 3]]"
f_a99c6999a454e1fcb2e8,"[[4, 0], [5, 0], [5, 1], [5, 2], [6, 0]]"
f_f6529fa6ec1a09346e23,"[[1, 1], [1, 4], [2, 0], [2, 1], [2, 4], [3, 4]]"
f_c5bf17e0dfe2b63ebcbd,"[[1, 1], [1, 2], [2, 1], [2, 2], [4, 3], [4, 4]]"
f_264a0adae486389402db,"[[5, 0], [6, 0], [7, 0], [8, 0], [9, 0], [10, 0], [10, 11], [10, 12], [11, 0], [11, 1], [11, 2], [12, 0], [13, 0], [14, 0], [15, 0]]"
f_da9af2315afb49429893,"[[2, 0], [2, 1], [2, 2], [3, 0], [3, 1], [3, 2], [13, 0], [13, 1], [13, 2], [13, 3]]"
f_95a42944e9ccca602177,"[[4, 0], [4, 1], [4, 3], [4, 4], [5, 0], [6, 0], [6, 1], [6, 3], [6, 4]]"
f_277209bea9aaff4aad82,"[[2, 0], [2, 4], [3, 0], [3, 4], [4, 0], [4, 4]]"
f_1133e973cea79d5ab727,"[[10, 0], [11, 0], [12, 0], [13, 0], [14, 0], [14, 2], [15, 0], [15, 1], [15, 2], [16, 0]]"
f_f3e7c6c379d0334f98c6,"[[2, 0], [3, 0], [4, 0], [4, 1], [4, 2], [4, 3], [4, 4]]"
f_925eac926c02d6e17631,"[[1, 1], [2, 1], [6, 3]]"
f_8f612b7308c51bffd862,"[[1, 1], [1, 2], [1, 3], [2, 2], [10, 1], [10, 2], [10, 3], [11, 3], [11, 4], [11, 5], [11, 6], [11, 7]]"
f_9382fea3278111cb7a38,"[[2, 0], [3, 0], [4, 0], [4, 1], [4, 2]]"
f_0c5bf2ebcf973a3e3ed0,"[[3, 1], [3, 2], [4, 1], [4, 2]]"
f_2bd5453df14e459930aa,"[[1, 0], [1, 3], [6, 0], [6, 3], [9, 0], [9, 3]]"
f_a147a42e833e96d485fe,"[[6, 1], [6, 5], [6, 6], [10, 1], [10, 5], [10, 6], [19, 1], [19, 5], [19, 6], [21, 1], [21, 5], [21, 6], [22, 1], [22, 5], [22, 6]]"
f_0004ebf6b769b99b1206,"[[16, 0], [17, 0], [18, 0], [19, 0], [20, 0], [21, 0], [22, 0], [23, 0], [23, 2], [23, 3]]"
f_e6215fdfb68d15adb86b,"[[1, 1], [2, 0], [2, 1]]"
f_83be84bdd3a15033e3e1,"[[1, 1], [2, 1], [2, 2], [2, 3]]"
f_f5515d49a7f6fcd3ff82,"[[1, 0], [1, 3], [12, 3]]"
f_8bb9687c0650283f9fb8,"[[1, 1], [1, 2], [1, 4], [2, 1], [2, 2]]"
f_30bc20cf5b124cb8a768,"[[2, 1], [2, 3], [5, 1], [5, 3], [7, 1], [7, 3]]"
f_2efec0ed0e113c752161,"[[6, 0], [7, 0], [8, 0], [8, 1], [9, 0], [10, 0]]"
f_e4e9a6d5fe4a617b15b2,"[[1, 0], [1, 1], [1, 2], [1, 3], [1, 4], [1, 5], [1, 6], [24, 2]]"
f_1c425bd3c64c361c9a29,"[[2, 0], [2, 6], [2, 7], [3, 6], [3, 7], [4, 6], [4, 7], [5, 6], [5, 7], [6, 7], [7, 7], [8, 7], [9, 7], [10, 7], [11, 7], [12, 7], [13, 7], [14, 7], [15, 7], [16, 7], [17, 7], [18, 7], [19, 7], [20, 7], [21, 7], [22, 7], [23, 7], [24, 7], [25, 7], [26, 7], [27, 7], [28, 6], [28, 7], [29, 6], [29, 7], [30, 6], [30, 7], [31, 0], [31, 6], [31, 7], [32, 6], [32, 7]]"
f_451f2e2617d5bbeb5da8,"[[7, 0], [7, 2], [7, 3], [8, 0], [8, 2], [8, 3]]"
f_58b72807d44900bc4066,"[[6, 0], [6, 1], [6, 2], [7, 0], [7, 1], [7, 2], [8, 0], [8, 1], [8, 2]]"
f_21de40a7bc0f6135dd45,"[[1, 0], [1, 1], [1, 2], [2, 0], [2, 1], [2, 2]]"
f_1748e8fa2e77dd801406,"[[5, 1], [5, 2], [5, 4], [5, 5]]"
f_061167528e0b901953e8,"[[0, 0], [2, 0]]"
f_4445bd9b975c4784f364,"[[3, 0], [3, 11], [4, 0], [4, 11], [5, 0], [5, 11], [6, 0], [6, 11], [6, 12]]"
f_56bb5ed4a00c412a3bc3,"[[2, 0], [2, 1], [2, 2], [6, 0], [6, 1], [6, 2]]"
f_a96c3f70e4dfeeb1ce56,"[[1, 0], [1, 1], [1, 2], [1, 3], [6, 0], [6, 1], [6, 2], [6, 3]]"
f_5e800db734145a6490a8,"[[5, 0], [5, 1], [5, 2], [6, 0], [6, 1], [6, 2]]"
f_c996e9e779d3dbe67544,"[[9, 3], [10, 3], [11, 3], [12, 0], [12, 1], [12, 3]]"
f_b7c2b93bba0fcf2c1978,"[[3, 2], [5, 2]]"
f_59bc633c55294538f295,"[[19, 0], [19, 1], [19, 2], [22, 0], [22, 1], [22, 2]]"
f_474131fb1ef0b7202a0b,"[[5, 2], [5, 5], [6, 2], [6, 5], [7, 2], [7, 5], [8, 2], [8, 5], [9, 2], [9, 5], [10, 2], [10, 5], [11, 2], [11, 5], [12, 2], [12, 5], [13, 2], [13, 5], [14, 2], [14, 5], [15, 2], [15, 5], [16, 2], [16, 5], [17, 2], [17, 3], [17, 5], [18, 2], [18, 3], [18, 5], [19, 2], [19, 3], [19, 5], [20, 2], [20, 3], [20, 5], [21, 2], [21, 3], [21, 5], [22, 2]]"
f_0ba9f22bebbb68a2b2b7,"[[1, 3], [2, 3], [3, 0], [3, 1], [3, 2], [3, 3], [3, 4], [4, 3]]"
f_86d1e1a16718f13825c2,"[[1, 0], [1, 3], [9, 3]]"
f_b14b72c097ac9006ef4f,"[[1, 0], [1, 1], [1, 2], [1, 3], [2, 1], [2, 2], [3, 1], [3, 2], [3, 3], [4, 2]]"
f_31054e7875ea43c04320,"[[1, 0], [1, 3], [2, 0], [2, 3], [4, 3]]"
f_6ff2cf26e3d6c788d5eb,"[[3, 0], [4, 0], [5, 0], [6, 0], [6, 1], [7, 0], [7, 1], [7, 4], [8, 0], [9, 0], [10, 0], [11, 0], [12, 0]]"
f_5b24722af2dd05e370cb,"[[9, 3], [9, 4], [24, 1], [24, 2], [24, 3], [24, 4]]"
f_d61dd53723ccedecaeeb,"[[9, 0], [9, 3], [10, 0], [10, 3], [11, 0], [11, 3], [12, 0], [12, 1], [12, 2], [12, 3], [13, 0], [13, 3], [14, 0], [14, 3]]"
f_05b7b2cd44d0468259b4,"[[1, 0], [1, 1], [1, 3], [3, 0], [3, 1], [3, 3]]"
f_4c879547f33b3941c580,"[[7, 0], [8, 0], [9, 0], [10, 0], [11, 0], [11, 1], [11, 2], [11, 4], [12, 0], [13, 0]]"
f_a41a9519c9522efe20ab,"[[6, 0], [6, 1], [7, 0], [7, 1], [8, 0], [8, 1], [9, 0], [9, 1], [10, 0], [10, 1], [11, 0], [11, 1], [12, 0], [12, 1], [13, 0], [13, 7]]"
f_2e88a978ddf70c996959,"[[7, 0], [7, 1], [7, 2], [7, 3]]"
f_c0fdc73e8c34a7dd6954,"[[1, 1], [2, 0], [2, 1], [2, 2], [2, 3], [2, 4], [3, 0], [3, 1], [3, 2], [3, 3], [3, 4], [4, 0], [4, 1], [4, 2], [4, 3], [4, 4], [5, 0], [5, 1], [5, 2], [5, 3], [5, 4]]"
f_bb916be02ec2113db0c1,"[[2, 0], [2, 1], [2, 2], [15, 0], [15, 1], [15, 2]]"
f_d5ab5ede3db6d5f6cc94,"[[2, 0], [2, 2], [3, 0], [3, 2], [4, 0], [4, 2], [5, 0], [5, 1], [5, 2], [6, 0], [6, 2], [7, 0]]"
f_c6606992c7c08fc5367d,"[[1, 0], [1, 1], [1, 2], [3, 2]]"
f_b1f0005e3870f23390f0,"[[15, 0], [15, 2], [16, 0], [16, 2], [17, 0], [17, 1], [17, 2]]"
f_f39c29699b86a66ef7c9,"[[5, 0], [5, 1], [5, 2], [5, 3], [6, 0], [6, 1], [6, 2], [6, 3]]"
f_89a696fc25fd1b55fdab,"[[1, 0], [1, 2], [2, 0], [2, 2]]"
f_ce6fdb09bd6fe0e77eb2,"[[7, 0], [7, 1], [7, 2], [8, 0], [9, 0], [10, 0], [11, 0], [12, 0], [12, 1], [12, 2], [13, 0], [13, 1], [13, 2], [14, 0], [14, 1], [14, 2], [15, 0], [15, 1], [15, 2], [16, 0], [16, 1], [16, 2], [17, 0], [17, 1], [17, 2], [18, 0], [18, 1], [19, 0], [19, 1], [19, 2]]"
f_948fed41d4d676be5526,"[[2, 0], [2, 1], [2, 3], [2, 4], [9, 0], [9, 1], [9, 3], [9, 4], [13, 0], [13, 1], [13, 3], [13, 4], [14, 0], [14, 1], [14, 3], [14, 4], [15, 0], [16, 0]]"
f_5fd2c99a7be9d9549d5f,"[[10, 0], [10, 1], [10, 2], [13, 0], [13, 2]]"
f_95c9e4dc29223ac0213d,"[[2, 1], [2, 2], [2, 3], [4, 0], [4, 1], [4, 2], [4, 3]]"
f_cf507a1eda6b23b6659b,"[[0, 1], [4, 0], [4, 1]]"
f_5dec41d4e5cc450177de,"[[14, 0], [15, 0], [15, 1], [15, 2], [16, 0]]"
f_60514f6e6d77fbc25027,"[[2, 0], [3, 0], [4, 0], [4, 1], [4, 2], [5, 0], [6, 0], [7, 0], [8, 0], [9, 0]]"
f_a6fda601bc881138fb5f,"[[4, 0], [5, 0], [5, 4]]"
f_87d939f67f5e6580a898,"[[2, 0], [2, 1], [3, 0], [3, 1], [4, 0], [4, 1], [5, 0], [5, 1], [6, 0], [6, 1], [7, 0], [7, 1], [7, 2]]"
f_f66920acdb21244e13da,"[[1, 2], [2, 1], [2, 2], [3, 2], [3, 3], [5, 3]]"
f_2eb2de39ab02f3e8dda7,"[[3, 3], [4, 3], [5, 0], [5, 1], [5, 2], [5, 3], [5, 4], [6, 0], [6, 3], [7, 0], [7, 3], [8, 0], [8, 3], [9, 0], [9, 3]]"
f_83b4719d014457604d08,"[[10, 1], [11, 1]]"
f_cb0edd5f12720cbf4d2b,"[[2, 6], [8, 6]]"
f_49676182d4c31e1b1cb3,"[[17, 0], [17, 1], [17, 2], [17, 4], [18, 0], [19, 0], [20, 0], [20, 1], [20, 2], [20, 4]]"
f_b2075ca721d9aed5fcf2,"[[5, 0], [5, 1], [5, 2], [6, 0], [6, 1], [6, 2]]"
f_c2d4db56d1e9d3a80cb1,"[[2, 0], [2, 1], [2, 2], [2, 3], [10, 0], [11, 0], [11, 1], [11, 2], [11, 4]]"
f_976f401ca44c99b62df0,"[[5, 0], [5, 1], [5, 3]]"
f_7097a498db42125612c4,"[[1, 0], [1, 1], [1, 2], [1, 3], [2, 0], [3, 0], [3, 1], [3, 2], [3, 3]]"
f_86c81b0139122dd20199,"[[15, 0], [16, 0], [16, 1], [16, 2]]"
f_8cae0edbdd11753b66d0,"[[18, 0], [18, 1], [18, 2], [18, 3], [19, 0], [19, 1], [19, 2], [19, 3], [20, 0], [20, 1], [20, 2], [20, 3], [21, 0], [21, 1], [21, 2], [21, 3], [22, 0], [22, 1], [22, 2], [22, 3], [23, 0], [23, 1], [23, 2], [23, 3], [24, 0], [24, 1], [24, 2], [24, 3], [25, 0], [25, 1], [25, 2], [25, 3], [26, 0], [26, 1], [26, 2], [26, 3], [27, 0], [27, 1], [27, 2], [27, 3], [28, 0], [28, 1], [28, 2], [28, 3], [29, 0], [29, 1], [29, 2], [29, 3], [30, 0], [30, 1], [30, 2], [30, 3]]"
f_671e8ccc4cc35a9a5b01,"[[7, 0], [8, 0], [9, 0], [10, 0], [10, 1], [10, 2], [10, 3], [11, 0], [12, 0], [13, 0], [13, 1], [13, 2], [13, 3]]"
f_e2714ff3da70f5d7cab6,"[[1, 6], [1, 7], [1, 8], [2, 6], [2, 7], [2, 8]]"
f_cfa543b2bacb574c8fec,"[[12, 0], [13, 0], [13, 1], [13, 4], [13, 5]]"
f_f1e91f637ece549f0232,"[[2, 1], [2, 2], [3, 1], [3, 2]]"
f_161eb9c2a4a91e4596fa,"[[1, 2], [2, 2], [3, 4]]"
f_b54aa2733de3b6b92a6d,"[[1, 3], [2, 3], [3, 3], [4, 3], [5, 3], [6, 3], [7, 3], [8, 3], [9, 3], [10, 0], [10, 1], [10, 3], [11, 0], [11, 1], [11, 3], [11, 5], [12, 3], [13, 3]]"
f_b639f8217fb906072266,"[[2, 0], [2, 1], [2, 2], [2, 4], [3, 0], [3, 1], [3, 2], [3, 4], [4, 1]]"
f_9aaa8aadf4048a79d230,"[[2, 1], [2, 9], [3, 1], [3, 9]]"
f_02674b2268dd757fb327,"[[1, 1], [2, 1], [3, 1], [4, 1], [5, 1], [6, 1], [7, 1], [8, 6]]"
f_86614731fd1287b26e5a,"[[1, 1], [1, 2], [1, 3], [1, 4], [2, 3], [3, 3], [5, 2], [5, 3], [6, 3], [7, 3]]"
f_a1bc60f05fd7a2a669b1,"[[1, 1], [1, 3], [2, 1], [2, 3]]"
f_5b78d146e29e50c0ca35,"[[2, 0], [2, 1], [2, 2], [6, 0], [6, 1], [6, 2]]"
f_f650565ec6493cc06fbf,"[[1, 1], [1, 3], [1, 4], [2, 1], [2, 3], [2, 4], [3, 1], [3, 3], [3, 4], [4, 1], [4, 3], [4, 4]]"
f_6034fcce45ac1f9375a6,"[[1, 0], [1, 1], [1, 2], [1, 3], [1, 4], [1, 5], [2, 1], [2, 3], [2, 4], [3, 1], [3, 3], [3, 4], [4, 1], [7, 1], [7, 3], [7, 4], [9, 1], [9, 3], [9, 4], [11, 0], [11, 1], [11, 3], [11, 4], [12, 0], [13, 0], [13, 1], [13, 2], [13, 3], [13, 5]]"
f_127c7e4d56b0712ada2d,"[[1, 1], [2, 1], [2, 2], [2, 3]]"
f_c7736e044dfd35ba2d01,"[[21, 2], [22, 2], [23, 2], [23, 3], [24, 1], [24, 2], [24, 3]]"
f_7df63ed618d65dd7a043,"[[1, 2], [2, 0], [2, 1], [2, 2], [2, 3]]"
f_e75d9e80970231df0dea,"[[2, 0], [3, 0], [4, 0], [5, 0], [6, 0], [7, 0], [8, 0], [9, 0], [9, 1], [9, 2], [10, 0], [11, 0]]"
f_602665988e01893566ab,"[[1, 0], [1, 1], [1, 2], [2, 0], [2, 1], [2, 2], [9, 1], [9, 2], [20, 1], [24, 1]]"
f_fd1f5cc5491b67f2b67b,"[[1, 0], [1, 1], [1, 2], [1, 3], [1, 4], [1, 5], [4, 2]]"
f_20e336998ff2f4fdc0ad,"[[6, 2], [7, 2]]"
f_c1f28e6ba5d4aceb4f46,"[[6, 2], [7, 2], [8, 2], [9, 2], [10, 2], [11, 2]]"
f_11bb74746d3045e23b9a,"[[5, 2], [6, 2]]"
f_f0ca09c98db69fa58212,"[[5, 1], [6, 1], [7, 1], [8, 0], [8, 1], [8, 14]]"
f_c91d7c53e39bfa330155,"[[11, 0], [12, 0], [12, 2], [12, 4]]"
f_916f28a5b5f6ed7b59d9,"[[1, 0], [1, 1], [1, 2]]"
f_34eab6d924df48a4ada8,"[[6, 0], [6, 1], [6, 2], [7, 1], [8, 1], [9, 1], [10, 1]]"
f_e6e37b6217e656e794fc,"[[3, 0], [4, 0], [4, 1], [4, 2], [4, 3], [5, 0]]"
f_82922caff2ac5592c8ba,"[[1, 0], [1, 1], [2, 0], [2, 1]]"
f_b052122af413151b7b91,"[[10, 1], [10, 2], [10, 3], [10, 4]]"
f_edbae0107436dd5a4696,"[[4, 0], [4, 1], [4, 2], [5, 0], [5, 1], [5, 2], [5, 3]]"
f_e08492fed8c48f2e1068,"[[1, 1], [2, 0], [2, 1], [2, 2]]"
f_69170837cce0990e1c27,"[[8, 0], [8, 1], [8, 2], [8, 3]]"
f_6d8c50a53fb7cceea2c6,"[[0, 1], [0, 4], [1, 4]]"
f_b6d52316cb933adf7ff8,"[[2, 1], [2, 3], [2, 4], [3, 1], [3, 4]]"
f_52751448194b069cc659,"[[1, 0], [1, 3], [17, 3]]"
f_339a9a773c91bc5d2810,"[[2, 3], [2, 4], [3, 3], [3, 4]]"
f_b801086799c88e64a200,"[[2, 3], [2, 6], [26, 6]]"
f_581b63b607810c01360c,"[[1, 1], [1, 2], [2, 1], [2, 2], [7, 0], [7, 1], [7, 2], [7, 3]]"
f_940a82571d57ffbc10f3,"[[5, 0], [5, 2], [5, 3], [5, 4], [5, 5], [6, 0], [6, 2], [6, 3], [6, 4]]"
f_17e2e392197956840373,"[[17, 0], [18, 0], [18, 1], [18, 2], [18, 3]]"
f_fd7b3a9d29b7f5c90386,"[[7, 0], [7, 1], [7, 2], [7, 4], [7, 7], [8, 0], [8, 1], [8, 2], [8, 4], [8, 7]]"
f_2466045ecfc5cf5040a2,"[[1, 0], [1, 1], [1, 2], [2, 1], [2, 2]]"
f_c3e8ed980d4fca43885c,"[[7, 0], [7, 1], [14, 0], [14, 1]]"
f_57aae9efbbf903040a46,"[[3, 0], [4, 0], [5, 0], [5, 1], [11, 0], [11, 1], [11, 2]]"
f_642e107e337794cd394c,"[[7, 1], [7, 2], [8, 0], [8, 1], [8, 2]]"
f_6ea09d9b5c7bb0f7d9fc,"[[1, 0], [1, 1], [1, 2], [3, 0], [3, 1], [3, 2]]"
f_7448ea3b3b006973f0df,"[[1, 1], [1, 2], [1, 5], [4, 2], [4, 3], [4, 4], [5, 2], [5, 3], [5, 4], [6, 1], [6, 2], [6, 5]]"
f_0dd7da1899c428b81caa,"[[6, 0], [6, 2], [6, 3], [7, 0], [7, 2], [7, 3]]"
f_7c5f22c82f02d6427e34,"[[1, 0], [1, 2], [6, 1]]"
f_b0ebd227d6f027fd32de,"[[1, 1], [1, 2], [1, 3], [2, 1], [2, 2], [2, 3], [10, 0], [10, 1], [10, 2], [10, 3]]"
f_2c76cdc65a4d43b1b21d,"[[2, 0], [2, 1], [3, 0], [3, 1]]"
f_35b06a1937e414b06eb7,"[[1, 0], [1, 3], [1, 4], [1, 5], [2, 0], [2, 3], [2, 4], [2, 5], [3, 0], [3, 3], [3, 4], [3, 5], [4, 0], [4, 3], [4, 4], [4, 5]]"
f_042bc8fe3205b5306689,"[[1, 0], [1, 1], [1, 3], [2, 0], [2, 1], [2, 3]]"
f_93edaee9b058a69c1994,"[[7, 0], [7, 1], [7, 2], [8, 0], [8, 1], [8, 2]]"
f_90cf31a2b74c0df9a2a5,"[[8, 4], [9, 2], [9, 3], [9, 4]]"
f_f052ef4edb307389e871,"[[9, 0], [9, 1], [9, 2], [10, 0]]"
f_01347fb8588b017b764e,"[[0, 0], [0, 1], [0, 2], [2, 0], [2, 1], [2, 2]]"
f_e4db5577060988d07a31,"[[0, 2], [4, 2]]"
f_e54aef69bb061154e299,"[[1, 0], [1, 1], [1, 2], [1, 3], [1, 4], [1, 5], [5, 0], [5, 1], [5, 3], [5, 4]]"
f_ee9f33bbc84c64e40b4b,"[[1, 0], [1, 2], [1, 3], [2, 0], [2, 1], [2, 2], [2, 3], [2, 4], [3, 0], [3, 2], [4, 0], [4, 1], [4, 2], [4, 3], [4, 4], [5, 0], [5, 1], [5, 2], [5, 3], [5, 4], [6, 0], [6, 2], [6, 3], [7, 2], [7, 3]]"
f_35ab7676817dbc560bc6,"[[2, 0], [2, 2], [2, 3], [2, 4], [3, 0], [3, 2], [3, 3], [3, 4]]"
f_1fb8fc9f340fa80d264b,"[[8, 1], [8, 2], [8, 3], [8, 6], [9, 1], [9, 2], [9, 3], [9, 5], [10, 2], [10, 3]]"
f_04e75cb02a354f9f6c58,"[[15, 0], [15, 1], [16, 0], [16, 1], [17, 0], [17, 1], [18, 0], [18, 1], [19, 0], [19, 1], [20, 0], [20, 1], [21, 0], [21, 1], [22, 0], [22, 11]]"
f_a90d63a6768e771bbb00,"[[4, 0], [5, 0], [6, 0], [6, 1], [6, 2], [6, 3]]"
f_5f6a2f3592b07c8b64be,"[[9, 0], [9, 1], [9, 2], [9, 3], [9, 4], [10, 0], [10, 1], [10, 2]]"
f_ca3610bb39b1200f60c4,"[[1, 0], [1, 1], [2, 0], [2, 1], [2, 3]]"
f_b96326ae40513fd90ff0,"[[10, 0], [10, 2], [10, 3], [11, 0], [11, 2], [11, 3], [13, 0], [14, 0], [14, 2], [14, 3], [14, 4]]"
f_96118f8cc88d5015ff96,"[[1, 2], [2, 2], [5, 2]]"
f_310f4d342bcb2c2dab99,"[[12, 0], [12, 1], [13, 0], [13, 1], [14, 0], [14, 1], [16, 0], [16, 1], [18, 0], [18, 1], [20, 0], [20, 1], [21, 0], [21, 1], [23, 0], [23, 1]]"
f_d418734dd478c1e0e021,"[[7, 2], [7, 3], [7, 4], [8, 2], [8, 4]]"
f_2736608c12f259a48b76,"[[2, 8], [3, 0], [3, 8]]"
f_b8f5de1b189913f8940a,"[[1, 0], [1, 1], [1, 2], [1, 3], [2, 0], [2, 1], [2, 2], [2, 3], [3, 0], [3, 1], [3, 2], [3, 3]]"
f_27d9be85243efae73533,"[[2, 0], [3, 0], [4, 0], [5, 0], [6, 0], [7, 0], [8, 0], [9, 5], [9, 7], [9, 8], [9, 9], [9, 11]]"
f_dc9c09b8e2028d674bd6,"[[1, 0], [1, 3], [11, 3]]"
f_6f558b71e16eaa3e67b7,"[[1, 0], [1, 1], [2, 0], [2, 1], [3, 0], [3, 1], [3, 2], [3, 3], [3, 4], [4, 0], [5, 0], [6, 0], [7, 0]]"
f_b7ab963b94f6e436615a,"[[1, 1], [1, 3], [1, 4], [2, 1]]"
f_23624f70bf1ebbea857c,"[[6, 0], [6, 1], [6, 3], [6, 4], [6, 5], [7, 0], [7, 1], [7, 3], [7, 4], [7, 5]]"
f_06d98ec74d5d59124f28,"[[20, 0], [20, 1], [20, 2], [20, 4], [21, 0], [21, 1], [21, 2], [21, 3], [21, 4]]"
f_cb7d4c2581461ce6cb25,"[[7, 0], [7, 1], [7, 2], [7, 4], [8, 0], [8, 1], [8, 2]]"
f_f45493afa30de4b81f3d,"[[1, 1], [2, 1], [2, 2], [2, 3]]"
f_24d4146e59edf635aacb,"[[8, 0], [8, 1], [8, 2], [8, 4], [9, 0], [9, 1], [9, 2], [9, 4], [11, 0], [11, 1], [11, 2], [11, 4]]"
f_a8d0ab519706e59bbaac,"[[4, 0], [24, 0], [25, 4], [25, 5], [25, 6], [25, 7]]"
f_2b2d6e8661efd3007115,"[[27, 1], [28, 1], [31, 0], [31, 1], [31, 2], [31, 4]]"
f_af25fe87ed412adb63ab,"[[2, 1], [3, 1], [3, 2], [4, 0], [4, 1], [4, 2], [7, 0], [7, 1], [7, 2]]"
f_c06fa82af8eea7200da1,"[[2, 3], [3, 3], [4, 0], [4, 1], [4, 3]]"
f_782d3b1f8c1e9bb9190f,"[[1, 0], [1, 1], [1, 2], [2, 0], [2, 1], [2, 2]]"
f_7de302cdc4c1ce001f9e,"[[1, 0], [1, 1], [3, 0], [3, 1]]"
f_85b0c63f00c8615c3a95,"[[7, 0], [7, 1], [9, 0], [9, 1], [10, 0], [10, 1], [13, 0], [13, 1], [13, 2], [13, 3], [13, 4]]"
f_711a276e8b7a9fcc2733,"[[1, 0], [1, 1], [2, 0], [2, 1]]"
f_4d39980110d5491c46d9,"[[2, 0], [2, 1], [2, 2], [2, 3], [3, 0], [3, 1], [3, 2], [3, 3]]"
f_17f0f5925c14d5bd24b0,"[[2, 0], [2, 1], [2, 2], [4, 0], [4, 1], [4, 2], [5, 0], [5, 1], [5, 2]]"
f_9a9b7c1057213e32374e,"[[2, 0], [2, 1], [2, 2], [2, 3], [2, 4], [2, 5], [2, 6], [2, 7], [2, 8], [3, 0]]"
f_e17d0bc207d1348c7df3,"[[3, 0], [3, 1], [3, 2], [3, 3], [3, 4], [3, 5], [5, 2]]"
f_93578ae1ca34066c001e,"[[1, 1], [2, 1]]"
f_8f5bd2826909fdbfd7dc,"[[7, 1], [8, 1], [9, 1], [10, 0], [11, 0], [11, 1], [11, 2], [11, 3], [12, 0], [12, 1], [12, 2], [12, 3], [13, 0], [13, 1], [13, 2], [13, 3]]"
f_49cb386d1633cfba22bd,"[[1, 2], [3, 3]]"
f_2f34520bc323203be2d6,"[[3, 2], [4, 2], [5, 1], [5, 2], [6, 0], [6, 1], [6, 2], [7, 2], [8, 2], [9, 2], [10, 2]]"
f_01dac5218360f5d61331,"[[1, 1], [2, 1], [3, 0], [3, 1], [3, 2], [4, 1]]"
f_249be6fb9373a632c275,"[[1, 0], [1, 3], [1, 5], [2, 3], [3, 3], [4, 3], [5, 3], [5, 5], [6, 3], [6, 5], [7, 3], [7, 5], [8, 3], [8, 5], [9, 3], [9, 5], [10, 3], [10, 5], [11, 3], [11, 5], [12, 3], [12, 5], [13, 0], [13, 3], [13, 5]]"
f_fe872706060f46153c32,"[[1, 2], [3, 3]]"
f_b98f3abcffac03df9a68,"[[8, 1], [8, 2], [9, 1], [9, 2], [10, 1], [10, 2], [11, 0], [11, 1], [11, 2], [12, 1], [12, 2], [13, 1], [13, 2], [14, 1], [14, 2], [15, 1], [15, 2], [16, 1], [16, 2], [17, 2]]"
f_130038885185cf6510ae,"[[1, 0], [1, 6], [2, 0], [2, 6], [3, 0], [3, 6]]"
f_747bf5fa5d79acab5c16,"[[1, 0], [1, 3], [9, 3]]"
f_a9238bfe9f61e1ed5a6e,"[[1, 0], [1, 1], [1, 2], [4, 0], [4, 1], [4, 2]]"
f_efbdfb61aeb63e59a66a,"[[1, 1], [1, 2], [1, 3], [1, 4], [2, 2], [2, 4]]"
f_20cdaa0867e227882309,"[[1, 0], [2, 0], [3, 0], [4, 0], [5, 0], [6, 0], [6, 1], [6, 2], [6, 3], [7, 0], [7, 1], [7, 2], [7, 3], [8, 0], [8, 1], [8, 2], [8, 3], [9, 0], [9, 1], [9, 2], [9, 3], [10, 0], [11, 0]]"
f_f452db47e5c4dbefaddf,"[[1, 0], [1, 1], [1, 2], [1, 3], [1, 4], [2, 0], [2, 1], [2, 2], [2, 3], [2, 4]]"
f_3beb27d3154244d3f9d3,"[[1, 0], [2, 0], [2, 1], [2, 2], [2, 3], [3, 0]]"
f_cecf6ebc87d025fb2d97,"[[1, 0], [1, 1], [1, 2], [1, 3], [1, 4], [2, 0], [2, 1], [2, 2], [2, 3], [2, 4]]"
f_0f07498edc5b6cc3d21b,"[[4, 0], [4, 1], [4, 2], [4, 3], [5, 0], [5, 1], [5, 2], [5, 3], [6, 0], [6, 1], [6, 2], [6, 3]]"
f_64fe59dd6fed8af0e557,"[[1, 2], [1, 3], [3, 0], [3, 1], [3, 2], [3, 3]]"
f_a24a4093dc6b6c6fd28d,"[[23, 0], [24, 0], [24, 1], [24, 2], [24, 3]]"
f_e264fe98923cef2b1193,"[[20, 0], [21, 0], [22, 0], [22, 1], [22, 3], [22, 4], [23, 0], [24, 0], [24, 1], [24, 2], [24, 3], [24, 4]]"
f_6aa4f2f28cbf3e51c1f0,"[[2, 0], [2, 3], [3, 0], [3, 3], [4, 0], [4, 3]]"
f_350393e46f7859b6a102,"[[2, 0], [2, 1], [2, 2], [3, 0], [3, 1], [3, 2]]"
f_7cf8b191e9e327abf15c,"[[2, 0], [2, 1], [2, 2], [2, 3], [2, 4], [3, 0], [3, 1], [3, 3], [3, 4], [4, 0], [4, 1], [4, 3], [4, 4], [5, 0], [5, 1], [5, 3], [5, 4]]"
f_9278532e2e28a0462430,"[[2, 0], [2, 3], [3, 0], [3, 3], [4, 0], [4, 3], [5, 0], [5, 3], [6, 0], [6, 1], [6, 2], [6, 3], [6, 4], [7, 0], [7, 1], [7, 3], [8, 0], [8, 3], [9, 0], [9, 3], [10, 0], [10, 1], [10, 2], [10, 3], [10, 4], [11, 0], [11, 1], [11, 3]]"
f_e799d5e223f4d8319429,"[[10, 2], [10, 3], [10, 4], [11, 2], [11, 3], [11, 4], [12, 0], [12, 2], [12, 3], [12, 4], [13, 4], [14, 4]]"
f_75005f6e813d71969cdb,"[[1, 0], [1, 1], [1, 3], [3, 1], [3, 3], [6, 1], [6, 3]]"
f_0b830b046d84fa23e705,"[[4, 0], [5, 0], [6, 0], [7, 0], [8, 0], [8, 2], [9, 0], [10, 0], [11, 0], [12, 0]]"
f_ae22ef46eac051f83805,"[[1, 0], [1, 1], [1, 2], [1, 3], [2, 0], [2, 1], [2, 2], [2, 3], [2, 4], [2, 5]]"
f_9559d7a9e78108443951,"[[1, 1], [1, 3], [1, 4], [2, 1], [2, 3], [2, 4], [3, 1], [3, 3], [3, 4], [4, 1], [4, 3], [4, 4], [5, 1], [5, 3], [5, 4], [6, 1], [6, 3], [6, 4]]"
f_794d5a0ac1cbf92578c0,"[[9, 0], [9, 3], [30, 0], [30, 3]]"
f_e93fd344cb7451b69cb6,"[[3, 0], [3, 1], [4, 0], [4, 1], [5, 0], [6, 0]]"
f_6e1cb0da74135b058708,"[[2, 0], [2, 2], [2, 3]]"
f_df452f88373b3b66ea47,"[[6, 1], [6, 4], [8, 1], [8, 2], [8, 4]]"
f_a1960420ad476207acb8,"[[1, 2], [1, 4]]"
f_ae6850ab82a43cfe5d09,"[[9, 0], [9, 1], [9, 3], [10, 0], [11, 0], [11, 1], [11, 3], [12, 0], [12, 1], [12, 2], [12, 3], [12, 4]]"
f_f131c86fa2a3b0b2e92c,"[[13, 0], [13, 1], [13, 2], [14, 0], [14, 1], [14, 2]]"
f_e0fa9f48d74c1fbdbfa7,"[[2, 4], [4, 6], [5, 5]]"
f_4e266a3433797defc62e,"[[1, 1], [1, 2], [1, 3], [2, 1], [2, 2], [2, 3]]"
f_2fa5488eae6347a43890,"[[9, 3], [11, 1], [11, 2], [11, 3], [12, 1], [12, 3]]"
f_d4025938796134160ebc,"[[2, 0], [3, 0], [4, 0], [5, 0], [6, 0], [7, 0], [8, 0], [9, 0], [10, 0], [11, 2]]"
f_6aae459035b477170020,"[[1, 0], [1, 3], [12, 3]]"
f_b0a2ad4421afba4ae5ce,"[[1, 3], [5, 0], [5, 1], [5, 2], [5, 3]]"
f_8bbf70a871ae1c137098,"[[1, 2], [1, 4], [2, 2], [3, 1], [3, 2], [3, 4], [4, 2], [5, 2]]"
f_c600c4845fa75b0175e1,"[[21, 2], [22, 2], [23, 0], [23, 1], [23, 2], [23, 3]]"
f_9902a6c675384c99551d,"[[10, 0], [10, 1], [10, 2]]"
f_f999a758e8a6f8ef2194,"[[6, 0], [6, 1], [6, 4], [7, 0], [7, 1], [7, 4]]"
f_ee392cb778e38776f4b5,"[[3, 0], [3, 1], [4, 0], [4, 1], [5, 0], [5, 1], [6, 0], [6, 1], [7, 0], [7, 1], [8, 0], [8, 1], [9, 0], [9, 1], [10, 0], [10, 1], [11, 0], [11, 1], [12, 0], [12, 1], [13, 0], [13, 1], [14, 0], [14, 1], [15, 0], [15, 1], [16, 0], [16, 1], [17, 0], [17, 1], [18, 0], [18, 1], [19, 0], [19, 1], [26, 1], [26, 2], [26, 13]]"
f_965b584145c057308db4,"[[9, 0], [9, 3], [9, 4], [13, 0], [13, 3], [13, 4], [14, 0], [14, 3], [14, 4], [16, 0], [16, 3], [16, 4]]"
f_b2d923348002f01fbf8a,"[[4, 0], [4, 1], [4, 2], [4, 5], [5, 0], [5, 1], [5, 2], [5, 5], [6, 0], [6, 1], [6, 2], [6, 5]]"
f_0bf7b915e6ef2cb47868,"[[12, 1], [12, 2], [12, 3], [15, 1], [15, 2], [15, 3]]"
f_fb964369963e530ca255,"[[1, 0], [2, 0], [2, 1], [2, 2], [2, 3], [2, 4], [3, 0], [4, 0], [5, 0]]"
f_3d71e04eb7e6361fbd69,"[[3, 0], [4, 0], [4, 1], [4, 2], [4, 3]]"
f_ec446bc73f0faffa06a3,"[[5, 0], [5, 1], [5, 2], [5, 3], [7, 0], [7, 1], [7, 2], [7, 3]]"
f_70b8e8049ad9b10907ef,"[[2, 0], [2, 1], [2, 2], [2, 4], [3, 0], [3, 1], [3, 4], [4, 0], [4, 1], [4, 4], [5, 1], [5, 4]]"
f_afa1db3dc53d455ec865,"[[1, 1], [7, 3], [7, 4]]"
f_e2ca066aea7126cbe650,"[[6, 0], [6, 2], [6, 8], [7, 0], [7, 2], [7, 8]]"
f_3947f12cab115774f38e,"[[2, 1], [3, 1], [4, 1], [4, 2]]"
f_5b53f402bfe09127ceae,"[[3, 0], [3, 2], [3, 8], [4, 0], [4, 2], [4, 8]]"
f_ce9395f052884e073cff,"[[3, 0], [3, 1], [3, 2], [4, 0], [4, 1], [4, 2], [11, 0], [11, 1], [11, 2]]"
f_f997e53eb022d615e926,"[[22, 2], [24, 2]]"
f_b829b9a9bfe8ef6395d8,"[[1, 1], [1, 3], [1, 4], [2, 0], [2, 1], [2, 3]]"
f_85938545ad77bf543438,"[[5, 0], [5, 1], [5, 2], [6, 0], [6, 1], [6, 2], [7, 0], [7, 1], [7, 2]]"
f_dcf4ec63e98fe6af5b0c,"[[5, 0], [5, 1], [5, 3], [6, 0], [6, 1], [6, 3]]"
f_1e9815856c8a758edba6,"[[4, 0], [4, 1], [4, 2], [5, 0], [5, 1], [5, 2], [5, 3]]"
f_652e47d6a1f3ebbbd5bc,"[[3, 0], [4, 0], [4, 1], [4, 2]]"
f_1ff665de8f9e98e5d17d,"[[1, 1], [1, 2], [1, 3], [1, 4], [2, 1], [2, 2], [2, 3], [2, 4]]"
f_6129d14d732718faf4d8,"[[0, 2], [0, 4], [1, 2], [1, 4]]"
f_b3880520eaacb38db0e1,"[[1, 1], [1, 3], [1, 4], [2, 1], [2, 3], [2, 4], [3, 1], [3, 3], [3, 4]]"
f_f34b374e60f36db6d92d,"[[5, 0], [5, 1], [6, 0], [6, 1], [6, 3], [6, 4], [6, 5]]"
f_bf3ec9613ee40a627be1,"[[9, 0], [10, 0], [11, 0], [12, 0], [13, 0], [14, 0], [15, 0], [15, 11], [15, 12]]"
f_3ea4d75619ed274f7f02,"[[10, 0], [11, 0], [12, 0], [13, 0], [14, 0], [14, 9]]"
f_1a4c6f8c6790a04c08ac,"[[9, 0], [9, 2], [11, 0], [11, 2], [13, 0], [13, 2]]"
f_f0f61c38bd01306b8947,"[[4, 0], [4, 1], [5, 0], [5, 1], [5, 2], [5, 3]]"
f_95def154264a9f9e4861,"[[14, 1], [14, 2], [15, 0], [15, 1], [15, 2]]"
f_23c987f92df30469a7f2,"[[1, 0], [1, 1], [1, 3], [2, 0], [2, 1], [2, 3], [3, 0], [3, 1], [3, 3], [4, 0], [4, 1], [4, 3], [5, 3]]"
f_6336c8734d04cad8fbd8,"[[1, 0], [1, 1], [1, 3]]"
f_2d3818fd2cc47e1958aa,"[[3, 0], [3, 1], [3, 3], [4, 0], [4, 1], [4, 2], [4, 3]]"
f_6c4979ea7ac33abc676a,"[[2, 0], [2, 6], [3, 0], [3, 1], [3, 6], [4, 0], [4, 1], [4, 6], [5, 0], [5, 1], [5, 6], [6, 1], [6, 6]]"
f_6f7de0ea8841e361fb5e,"[[8, 0], [8, 2], [9, 0], [9, 2]]"
f_f81f2b257648b1171a23,"[[13, 0], [13, 1], [17, 0], [17, 1], [19, 0], [19, 1], [20, 0], [20, 1], [21, 0], [21, 1], [21, 3]]"
f_79aa1bca3bee65cbbf6a,"[[1, 1], [1, 2], [1, 4], [4, 1], [4, 2], [4, 4], [6, 1], [6, 2], [6, 4]]"
f_8cdf579f8bbd51fb57b8,"[[4, 0], [5, 0], [5, 1], [5, 4], [5, 5]]"
f_7c4e61e4dd3ad3f75261,"[[1, 0], [1, 1], [1, 3], [2, 0], [2, 1], [17, 3]]"
f_c82b280d25c59e780f61,"[[4, 0], [5, 0], [5, 1], [5, 2]]"
f_81e092405458bc66bf37,"[[2, 0], [2, 1], [2, 2], [2, 4], [2, 5], [2, 6], [2, 7], [3, 0], [3, 1], [3, 2], [3, 4], [3, 5], [3, 6], [3, 7]]"
f_a307a73ecdde8642379e,"[[1, 0], [1, 1], [1, 2], [1, 3], [2, 0], [2, 1], [2, 2], [2, 3]]"
f_2ec4ab4be295ef4e0170,"[[26, 0], [27, 0], [28, 0], [29, 0], [29, 1], [29, 2], [30, 0]]"
f_0149c3a8eec041ef93bf,"[[15, 0], [16, 0], [16, 1], [16, 2], [16, 3], [16, 4], [17, 3]]"
f_c0a99ecdc660e92e502f,"[[1, 0], [1, 3], [2, 0], [2, 3], [3, 0], [3, 3]]"
f_62e74e416e317b90d33a,"[[2, 0], [2, 1], [3, 2]]"
f_9d586b899168ebb0c493,"[[2, 1], [2, 3], [3, 1], [3, 3], [4, 3]]"
f_effb7daefe6b25180557,"[[1, 1], [2, 1], [3, 1], [4, 1], [5, 1], [6, 0], [6, 1], [6, 5], [7, 1]]"
f_bdf768afb47cdd6dca77,"[[1, 2], [1, 4], [3, 4]]"
f_6ed4da21d7746ed611bb,"[[1, 1], [1, 2], [1, 3], [2, 1], [2, 2], [2, 3]]"
f_a1ec03167bbd50e81259,"[[2, 0], [2, 1], [2, 2]]"
f_98d59c90593e8f03f92e,"[[2, 0], [2, 1], [2, 2], [4, 0], [4, 1], [4, 2], [5, 0], [5, 1], [5, 2]]"
f_511a161e4772406326bc,"[[1, 0], [1, 1], [1, 2], [1, 3], [1, 4], [1, 5], [2, 4], [3, 4], [4, 4], [5, 0], [5, 1], [5, 2], [5, 4], [5, 5]]"
f_25306e0dfec6e897c6cd,"[[7, 0], [7, 1], [7, 2], [8, 0], [8, 1], [8, 2], [9, 1], [9, 2], [10, 1], [10, 2]]"
f_7b58df6633582c8e9734,"[[13, 11], [13, 12], [14, 0], [14, 1], [15, 0], [16, 0], [17, 0], [18, 0], [19, 0], [20, 0], [21, 0], [22, 0]]"
f_88d772bb42356057b375,"[[1, 1], [2, 1], [3, 1], [4, 1], [4, 2], [4, 3], [4, 4], [5, 1]]"
f_fb116f6e5119009d80e6,"[[1, 0], [1, 2], [2, 0], [2, 1]]"
f_8e1cb6396528b2b6e1cc,"[[7, 0], [7, 1], [7, 3], [7, 4], [8, 0], [8, 1], [8, 3], [8, 4], [9, 0], [9, 1], [9, 3], [9, 4]]"
f_f1501b6b475bfcdbfa53,"[[1, 1], [1, 2], [1, 3], [1, 4], [4, 1], [4, 3], [4, 4]]"
f_c6efe709d96eff2efc80,"[[3, 1], [4, 1], [5, 1], [6, 1], [7, 0], [7, 1], [9, 0], [9, 1], [9, 2]]"
f_586fc9a994377d5f2666,"[[1, 2], [2, 2], [3, 2], [4, 2], [5, 2], [6, 0], [6, 2], [7, 0], [7, 2], [8, 0], [8, 2], [9, 0], [9, 1], [9, 2], [9, 3], [9, 4], [10, 0], [10, 2], [11, 2], [12, 2], [13, 2]]"
f_6e1077a715af282ed32e,"[[1, 0], [1, 3], [1, 4], [1, 5], [2, 0], [2, 3], [2, 4], [2, 5], [3, 0], [3, 3], [3, 4], [3, 5], [4, 0], [4, 3], [4, 4], [4, 5]]"
f_d506508547b2f80495ac,"[[1, 0], [1, 2], [1, 3], [2, 0], [2, 2], [2, 3], [3, 0], [3, 2], [3, 3], [4, 0], [4, 2], [4, 3]]"
f_ad4dabd0a29f0e20e28b,"[[30, 0], [30, 1], [30, 2], [31, 0], [31, 1], [31, 2]]"
f_20546add579c861c7397,"[[11, 0], [11, 1], [11, 2], [11, 3], [12, 0], [12, 1], [12, 2], [12, 3], [12, 4]]"
f_8abf7799e742551bb1a1,"[[1, 0], [1, 2], [2, 0], [2, 2], [3, 0], [3, 2]]"
f_736b9a8f787f82c1ba27,"[[17, 0], [17, 1], [19, 0], [19, 1], [22, 0], [22, 1], [22, 3]]"
f_7473291109aeb1aa9050,"[[17, 0], [17, 1], [17, 3], [18, 0], [19, 0], [19, 1], [19, 3]]"
f_18a5a6d061cf36c21f5c,"[[7, 0], [7, 2]]"
f_c4078df3b1f7fbde4e92,"[[11, 0], [11, 1], [11, 3], [14, 0], [14, 1], [14, 3], [14, 5], [15, 0]]"
f_11203c6f50df5b4d80b6,"[[15, 1], [15, 2], [16, 0], [16, 1], [16, 2], [17, 1]]"
f_87b51ab3495183da3ae4,"[[1, 1], [1, 2], [1, 3], [14, 1], [14, 2], [14, 3]]"
f_52cdf9393326f23ce5ef,"[[2, 0], [2, 1], [2, 2], [2, 3], [2, 4], [2, 5], [4, 0], [4, 2], [4, 4], [4, 5]]"
f_cc7bb56427366a7cf6b4,"[[6, 0], [6, 2], [6, 3], [6, 4], [6, 5]]"
f_9dc48d6a36dcfb1e4859,"[[3, 0], [3, 1], [3, 2], [4, 1], [4, 2]]"
f_46431e0376547e1c6479,"[[2, 2], [5, 2]]"
f_995103946eaf3540a82d,"[[14, 0], [14, 1], [14, 5], [14, 7], [15, 0], [15, 1], [15, 5], [15, 7]]"
f_08a0b1ba808e6b008b9f,"[[3, 1], [3, 2], [4, 1], [4, 2], [5, 1], [5, 2], [11, 1], [11, 2], [15, 1], [15, 2], [16, 1], [16, 2], [17, 1], [17, 2], [18, 1], [18, 2], [19, 1], [19, 2], [20, 1], [20, 2], [21, 1], [21, 2], [22, 1], [22, 2], [23, 1], [23, 2], [24, 3], [24, 4]]"
f_7625fa11a31d19e12d2d,"[[8, 0], [8, 1], [8, 2], [8, 3]]"
f_3ecb1338607560925b82,"[[1, 0], [2, 0], [2, 1], [2, 2]]"
f_b88f1c266d9bc3cdc9e1,"[[4, 0], [5, 0], [5, 1], [5, 5], [6, 0]]"
f_2602ffdd688cebb137aa,"[[4, 1], [6, 1], [7, 1], [10, 1]]"
f_41061eb4ab69688261e3,"[[9, 0], [9, 1], [9, 5], [9, 6], [13, 0], [13, 1], [13, 5], [13, 6]]"
f_e4cfbc1962fc330b1c10,"[[7, 0], [7, 1], [7, 3], [7, 4], [8, 0], [8, 1], [8, 3], [8, 4]]"
f_9aaa4ef4727858545db6,"[[7, 0], [7, 1], [7, 2], [7, 3], [7, 4], [8, 0], [8, 1], [8, 2], [8, 3], [8, 4], [9, 2]]"
f_a9f8ffb42d55ec6ac7e8,"[[1, 0], [1, 1], [1, 2], [2, 0], [2, 1], [2, 2], [3, 0], [4, 0], [5, 0], [6, 0], [7, 0], [8, 0]]"
f_21db42c691109f1867d8,"[[5, 0], [5, 3], [5, 5], [10, 0], [10, 3], [10, 5], [12, 0], [12, 3], [12, 5], [14, 0], [14, 3], [14, 5]]"
f_33a5368da2c156c275ba,"[[1, 0], [2, 0], [2, 1]]"
f_0b060101424263545061,"[[1, 0], [1, 2], [1, 3], [1, 4], [14, 0], [14, 2], [14, 4]]"
f_93629954fdc099c05877,"[[6, 0], [6, 1], [6, 2], [8, 0], [8, 1], [8, 2]]"
f_66f3a68ee78ac7fb62fa,"[[6, 0], [6, 2], [9, 0], [9, 2]]"
f_ab4670c7f11e38986903,"[[10, 0], [11, 0], [12, 0], [13, 0], [13, 1], [13, 2], [13, 3], [13, 4], [14, 0]]"
f_a9177b697b7e2f1f9a85,"[[2, 0], [2, 2], [3, 0], [3, 1], [3, 2], [4, 0]]"
f_368bb0b9240e89175162,"[[15, 0], [15, 1], [15, 3], [16, 0], [16, 1], [16, 3]]"
f_7e44a73c27d8a4bac733,"[[2, 0], [2, 1], [2, 3], [2, 5]]"
f_34ca50808bba017cd272,"[[5, 1], [5, 2], [5, 4], [6, 1], [6, 3], [6, 4]]"
f_f7c9dfc969c0d92ee32b,"[[2, 0], [2, 1], [2, 2], [3, 0], [3, 1], [3, 2], [4, 0], [4, 1], [4, 2], [5, 0], [5, 1], [5, 2], [6, 0], [6, 1], [6, 2], [7, 1], [8, 0], [8, 1], [9, 1], [10, 1], [11, 1]]"
f_ca860fd37fb139f63433,"[[1, 1], [1, 2], [1, 5], [2, 1], [2, 2], [5, 3]]"
f_8e62f32fa4a0de54cda0,"[[3, 1], [3, 2], [3, 3], [3, 4], [4, 1], [4, 2], [4, 3], [4, 4], [5, 1], [5, 2], [5, 3], [5, 4]]"
f_a8bfe31bb3f4eb56c8d4,"[[16, 0], [17, 0], [18, 0], [19, 0], [20, 0], [20, 11], [21, 0], [21, 2]]"
f_1a39b4fd6b02afca0908,"[[25, 3], [26, 3], [27, 3], [28, 3], [29, 3], [30, 2], [30, 3], [31, 2], [31, 3], [32, 1], [32, 2], [32, 3]]"
f_16e07450ad1d675e5654,"[[1, 0], [1, 3]]"
f_963405be881cc8106198,"[[1, 0], [1, 1], [1, 2], [2, 0], [2, 1], [2, 2], [3, 0], [3, 1], [3, 2], [4, 0], [4, 1], [4, 2], [6, 0], [6, 1], [6, 2], [7, 0], [7, 1], [7, 2], [8, 0], [8, 1], [8, 2], [9, 0], [9, 1], [9, 2]]"
f_30b63134f391bb1d3f48,"[[2, 0], [3, 0], [4, 0], [5, 0], [6, 0], [7, 0], [8, 0], [9, 0], [10, 0], [11, 0], [12, 0], [13, 0], [14, 3]]"
f_5e87e9dd8646da145add,"[[4, 0], [4, 1], [7, 0], [7, 1], [7, 3], [11, 0], [11, 1], [11, 3]]"
f_ee384ff83449464b8a9e,"[[1, 1], [1, 3], [2, 1], [2, 2], [2, 3]]"
f_3a89f10fae4b6dc9ab86,"[[5, 0], [5, 1], [5, 2], [9, 0], [9, 1], [9, 2]]"
f_0c30657eea19481684b2,"[[12, 0], [13, 0], [14, 0], [15, 0], [15, 1], [15, 2]]"
f_6b50f869606c7b3d36fc,"[[1, 1], [1, 2], [1, 4], [2, 1], [2, 2], [2, 4]]"
f_2a9be8fbc4d258ba4a05,"[[1, 0], [1, 1], [1, 2], [1, 3], [2, 0], [2, 1], [2, 2], [2, 3], [3, 3]]"
f_f0a15b7f7f03bdfa44e2,"[[2, 0], [2, 2], [3, 0], [3, 1], [3, 2], [4, 0], [4, 2], [5, 0], [5, 2], [6, 0], [6, 2], [7, 0], [7, 2], [8, 0]]"
f_f51878f72f0300091f1d,"[[2, 0], [2, 1], [2, 3], [3, 0], [3, 1], [3, 3]]"
f_91eab8eb85e1b5cc28ae,"[[0, 0], [0, 2], [0, 3], [1, 2], [1, 3], [3, 2], [3, 3]]"
f_c2108172a5d10a2b1c2c,"[[3, 2], [4, 2], [5, 2], [6, 2], [7, 2], [14, 2], [15, 2], [16, 2], [17, 2], [18, 2], [19, 2], [20, 2], [21, 2], [22, 2], [23, 3], [23, 4]]"
f_b7a3c493f75a65a941b3,"[[1, 0], [1, 1], [1, 2], [1, 3], [1, 4], [1, 5], [2, 0], [2, 2], [3, 0], [3, 1], [3, 2], [3, 4], [4, 0], [4, 2]]"
f_c214c1ad7fdff8baf04f,"[[1, 0], [1, 1], [2, 0], [2, 1]]"
f_5cd22fc244eb3c5162cf,"[[7, 3], [8, 0], [8, 3], [9, 0], [9, 3], [10, 0], [10, 3], [11, 0], [11, 3], [12, 0], [12, 1], [12, 2], [12, 3], [12, 4], [13, 0], [13, 3]]"
f_8dc32f990667b9a8b49a,"[[1, 0], [1, 1], [1, 2], [1, 4]]"
f_1084c15b2bd7ab9a9ef5,"[[0, 1], [0, 2], [0, 3], [4, 1], [4, 2], [4, 3]]"
f_7630799e72e6da3fd66b,"[[23, 0], [23, 1], [23, 2], [24, 0], [24, 1]]"
f_268b645c010e6bd0c9f8,"[[19, 0], [19, 1], [19, 3], [19, 4], [20, 0], [20, 1], [20, 3], [20, 4], [21, 0], [21, 1], [21, 3], [21, 4], [22, 0], [23, 0], [24, 0], [25, 0]]"
f_f99b50ce7d4457c94ef1,"[[1, 2], [1, 3], [1, 5]]"
f_5039bcfd4e25f877d7b9,"[[1, 1], [1, 2], [1, 4], [2, 1], [2, 2]]"
f_957dd498fa88d19bb5e9,"[[3, 1], [3, 3], [4, 1], [4, 3], [5, 1], [5, 3], [6, 1], [6, 3], [7, 1], [7, 3], [8, 1], [8, 3], [9, 1], [9, 3], [10, 1], [10, 3], [11, 2]]"
f_1df76137a568bad049a3,"[[19, 0], [20, 0], [21, 0], [21, 1], [21, 3], [21, 4], [21, 5], [22, 0], [22, 1], [23, 0], [23, 1], [24, 0], [25, 0]]"
f_d37c8318dc6d8e956456,"[[2, 0], [3, 0], [4, 0], [5, 0], [6, 0], [7, 0], [8, 0], [9, 0], [10, 0], [10, 11], [10, 12], [11, 0], [12, 0], [13, 0]]"
f_c03c24bc20dbab15bfc1,"[[9, 0], [9, 1], [9, 2], [9, 4], [10, 0], [15, 0], [16, 0], [17, 0], [17, 1], [17, 2], [17, 4]]"
f_c2333a03d677ba26ecdf,"[[2, 0], [3, 0], [4, 0], [5, 0], [6, 0], [7, 0], [8, 0], [9, 0], [11, 0], [12, 0], [13, 0], [14, 0], [15, 0], [16, 0], [18, 0], [19, 0], [20, 0], [21, 0], [22, 0], [23, 0], [24, 3], [24, 4], [24, 5], [24, 6]]"
f_09629d6bad058c052753,"[[1, 1], [1, 3], [2, 1], [2, 3], [2, 6]]"
f_7c177efa6b14ae6a7ff5,"[[11, 0], [11, 1], [11, 2], [11, 3], [11, 4]]"
f_cfa90bc209d4818d56fd,"[[4, 0], [4, 3], [5, 0], [5, 1]]"
f_d0004ef5895447bc80a3,"[[15, 0], [15, 1], [16, 1], [17, 1], [19, 1], [20, 1], [21, 0], [21, 1]]"
f_7ce6c0532a05ecd249c0,"[[1, 0], [1, 1], [1, 3], [2, 0], [2, 1], [2, 3]]"
f_88831fd4ee6b6b46c609,"[[19, 0], [19, 1], [19, 2], [19, 3], [20, 0], [20, 1], [21, 0]]"
f_ef06c193e99932a071b5,"[[4, 0], [4, 1], [7, 0], [7, 1]]"
f_add12912d71a209b5006,"[[7, 0], [7, 1], [7, 2]]"
f_6c74328e24dbdb6cc5c8,"[[2, 1], [2, 2], [3, 1], [3, 2], [4, 1], [4, 2], [5, 1], [5, 2], [6, 1], [6, 2], [7, 1], [7, 2], [8, 1], [8, 2], [9, 1], [9, 2], [10, 1], [10, 2], [11, 1], [11, 2], [12, 1], [12, 2], [13, 1], [13, 2], [14, 1], [14, 2], [15, 1], [15, 2], [16, 1], [16, 2]]"
f_c23a4d11f2ac505595d3,"[[18, 0], [18, 1], [18, 3], [18, 6], [19, 0], [19, 1], [19, 2], [19, 3], [20, 0], [20, 1], [21, 0]]"
f_d9a42168e7f1cda37d88,"[[2, 1], [2, 2], [3, 1], [3, 2], [4, 1], [4, 2], [6, 0], [6, 1], [6, 2]]"
f_da155e6d7c5c704e9c7f,"[[18, 0], [18, 1], [18, 2], [18, 3], [20, 0], [20, 1], [20, 2], [20, 3], [21, 0], [21, 1], [21, 2], [21, 3]]"
f_caf4f1c8454632f83c74,"[[2, 0], [2, 1], [2, 2], [3, 0], [3, 1], [3, 2]]"
f_0c29e8704595856ccae6,"[[4, 0], [5, 0], [5, 1], [5, 3], [5, 4]]"
f_bcd8695a9edbfcc134b0,"[[1, 1], [1, 2], [2, 1], [2, 2], [4, 3]]"
f_04f10484954be02effc4,"[[5, 0], [6, 0], [7, 0], [7, 1], [7, 2], [7, 3]]"
f_b8a610d1fb48fddef975,"[[1, 1], [2, 1], [2, 2], [2, 3]]"
f_dbcb554022c79ac2ab7b,"[[3, 1], [3, 2], [5, 1], [5, 2], [8, 1], [8, 2], [10, 1], [10, 2], [13, 1], [13, 2], [14, 1], [14, 2], [16, 1], [16, 2], [25, 4]]"
f_0f5dcc5163493670b349,"[[3, 0], [4, 0], [4, 1], [4, 2], [4, 3], [4, 4]]"
f_b877804f114a3d2c7d44,"[[3, 1], [3, 3], [3, 4], [3, 5]]"
f_1e504c204cecfa16f4db,"[[1, 2], [1, 4], [2, 2]]"
f_8ede8567f63d5e405ee5,"[[2, 0], [2, 6], [9, 6]]"
f_96054167e8ac15806988,"[[1, 0], [1, 1], [1, 2], [1, 3], [1, 4], [1, 5], [2, 0], [2, 1], [2, 3], [2, 4], [2, 5]]"
f_7465001f8538c6af8e08,"[[10, 0], [10, 1], [10, 2], [11, 0], [12, 0], [12, 1], [13, 0], [14, 0], [15, 0], [16, 0], [17, 0], [18, 0]]"
f_1bcce376af8fe79465a1,"[[4, 0], [4, 1], [4, 2], [5, 0], [5, 1], [5, 2]]"
f_9765d5202eefe94880ac,"[[26, 0], [28, 2]]"
f_ec2d5e83eed23548265d,"[[10, 0], [10, 1], [10, 2], [10, 3], [10, 4], [11, 0], [11, 1], [11, 2], [11, 3], [11, 4]]"
f_d3704385501e396be4a1,"[[9, 4], [10, 3]]"
f_d14994078e6c9d36590c,"[[25, 0], [26, 0], [27, 0], [27, 1], [27, 2]]"
f_93e26e854d4bf2363235,"[[4, 0], [5, 0], [5, 1], [9, 1], [14, 0], [14, 1], [15, 0], [15, 1], [18, 0], [18, 1], [18, 2], [19, 0], [20, 0]]"
f_48f843f188f6657e50c3,"[[2, 0], [2, 1], [3, 0], [3, 1], [3, 2], [3, 3]]"
f_53cf427672dbbcdf0080,"[[6, 2], [7, 2]]"
f_29e0c47a32613cbdfe8e,"[[3, 0], [3, 10], [6, 10]]"
f_b3696b05ee6c6bafec22,"[[1, 0], [1, 1], [1, 3], [2, 1], [2, 3]]"
f_27ac17b6eebce842ce58,"[[2, 0], [2, 1], [7, 0], [7, 1], [13, 0], [13, 1]]"
f_654c706db67588898887,"[[1, 2], [1, 3], [1, 4], [2, 2], [2, 3], [2, 4], [3, 0], [3, 1], [3, 2], [3, 3], [3, 4], [4, 0], [4, 1], [4, 2], [5, 0], [5, 1], [5, 2], [6, 1]]"
f_5833a6f0c6146ca28db9,"[[6, 1], [6, 2], [6, 3], [6, 4], [6, 5]]"
f_d06c277f7e5799f361e4,"[[6, 0], [6, 1], [6, 8], [7, 0], [7, 1], [7, 8]]"
f_6719881018546275aa1b,"[[7, 0], [8, 0], [9, 0], [10, 0], [11, 0], [11, 1], [11, 4], [11, 5]]"
f_8b9773bd356baa899430,"[[0, 0], [0, 2], [1, 0]]"
f_1f262b62243ee5297835,"[[1, 0], [1, 7], [5, 0], [5, 1], [5, 3], [5, 7]]"
f_cecfa110f765caed20ab,"[[2, 0], [2, 1], [2, 2], [3, 0], [3, 1], [3, 2], [3, 3], [4, 0], [4, 1], [4, 2], [4, 3]]"
f_e413d219ba555e3bb70d,"[[1, 0], [1, 1], [1, 2], [1, 3], [1, 4], [1, 5], [7, 0], [7, 1], [7, 2], [7, 3]]"
f_fece7f2f87963647a338,"[[1, 0], [1, 1], [1, 2], [1, 3], [2, 0], [2, 1], [2, 2], [2, 3], [3, 0], [3, 1], [3, 2], [3, 3], [4, 0], [4, 1], [4, 2], [4, 3]]"
f_dadf568a0f53a47f4e52,"[[1, 1], [1, 2], [1, 4], [2, 1], [2, 2], [2, 4]]"
f_9e169e05b6f2865b9837,"[[3, 0], [3, 1], [4, 0], [4, 1], [4, 2], [4, 4], [5, 0], [5, 1]]"
f_f26d697aa13c33a02abf,"[[1, 0], [1, 1], [1, 2], [1, 3], [1, 4]]"
f_63dd19bcc753d8d4afc8,"[[13, 0], [13, 1], [13, 2], [13, 3], [13, 4], [14, 0], [14, 1], [14, 2], [14, 3], [14, 4]]"
f_55aac635b192699e21d9,"[[4, 2], [4, 3], [5, 1], [5, 2], [5, 3]]"
f_832d8192707f62f74d23,"[[5, 2], [5, 5], [6, 0], [6, 1], [6, 2], [6, 3], [6, 4], [6, 5], [6, 6]]"
f_c44453b6b866b1d5ece6,"[[3, 1], [3, 2], [3, 3], [4, 1], [4, 2], [5, 1], [5, 2], [6, 0], [7, 0], [7, 1], [7, 3]]"
f_e4e2aa4b77519e74f0e1,"[[4, 0], [4, 1], [5, 0], [5, 1]]"
f_24e673b2ca6153c5dfd4,"[[1, 0], [1, 1], [1, 2], [1, 3], [2, 0], [2, 1], [2, 2], [2, 3]]"
f_2f03e1a24ffdace053f9,"[[1, 1], [1, 2], [1, 3], [1, 4], [6, 1], [6, 2], [6, 3], [6, 4]]"
f_312bce7ef01e2c3bf747,"[[5, 0], [6, 0], [6, 1], [6, 3]]"
f_f9d2053aaf732cd11cd3,"[[1, 0], [1, 1], [1, 2], [1, 3], [2, 0], [2, 2], [2, 3], [3, 0], [3, 2], [3, 3], [4, 0], [4, 2], [4, 3]]"
f_fc522bdf749ee6d086e8,"[[1, 0], [1, 5], [2, 0], [2, 5], [3, 0], [3, 5]]"
f_4f3bc0c30e86029c7c06,"[[5, 0], [5, 2], [5, 3], [5, 4], [6, 0], [6, 2], [6, 3], [6, 4]]"
f_16d789fbd1c9a3a586b1,"[[1, 0], [2, 0], [3, 0], [4, 0], [5, 0], [6, 0], [7, 0], [8, 0], [9, 0], [10, 0], [11, 0], [12, 0], [13, 0], [14, 0], [15, 0], [16, 0], [17, 0], [18, 0], [19, 0], [20, 0], [21, 0], [22, 0], [23, 0], [24, 0], [25, 0], [26, 0], [27, 0], [28, 0], [28, 1], [28, 2], [28, 4], [29, 0], [30, 0], [31, 0]]"
f_4f00661947341893e7ca,"[[1, 0], [2, 0], [2, 1], [2, 2]]"
f_479c0cd26490bfd4579e,"[[2, 0], [2, 1], [3, 0], [3, 1]]"
f_e0df892daa7621c71ce3,"[[3, 1], [6, 0], [6, 1], [6, 2]]"
f_41004d3c9ab2c89dbadc,"[[14, 0], [14, 3], [15, 0], [15, 3]]"
f_3ada1c495fc4782a6042,"[[1, 0], [1, 1], [1, 2], [2, 0], [2, 1], [2, 2], [2, 3], [2, 5], [3, 0], [3, 1], [3, 2], [4, 0], [4, 1], [4, 2]]"
f_f304803d1a27cd1c3b98,"[[4, 1], [7, 0], [7, 1], [7, 2], [8, 0], [8, 1], [8, 2], [9, 0], [9, 1], [9, 2], [10, 0], [10, 1], [10, 2], [11, 0], [11, 1], [11, 2]]"
f_bdc285d6d4a80d844d56,"[[1, 0], [2, 0], [3, 0], [4, 0], [5, 0], [6, 0]]"
f_1c4306eb847bf7edf6d8,"[[1, 0], [1, 2], [2, 0], [2, 2]]"
f_6977d722a5b0802a5718,"[[1, 0], [1, 1], [1, 2], [2, 0], [2, 1], [2, 2]]"
f_14bd23eb1a7485a17e3f,"[[0, 0], [0, 1], [1, 0], [1, 1], [2, 0], [2, 1], [2, 2]]"
f_d73d150a135166e09536,"[[1, 1], [1, 2], [1, 3], [2, 1], [2, 2]]"
f_f90e8b2af13bae3a11ff,"[[3, 2], [3, 4], [3, 5], [3, 7], [5, 2], [5, 4], [5, 5], [5, 7]]"
f_67728e02844fa40ce862,"[[10, 0], [10, 3], [10, 14], [12, 0], [12, 3]]"
f_63c75911ac6faf461188,"[[1, 1], [1, 3], [1, 4], [2, 1], [2, 3], [2, 4], [2, 5], [3, 1], [3, 3], [3, 4], [4, 1], [4, 3], [4, 4]]"
f_73003a73b43306bc36fc,"[[8, 1], [9, 1], [9, 2], [11, 1], [11, 2], [12, 1], [12, 2]]"
f_e7831deb65778d519107,"[[11, 0], [11, 1], [11, 3], [11, 5], [12, 0], [12, 1], [12, 3], [12, 4], [13, 0], [14, 0], [15, 0], [16, 0]]"
f_3a609bbc9877cff42f2c,"[[1, 0], [2, 0], [3, 0], [4, 0], [5, 0], [6, 0], [7, 0], [8, 0], [9, 0], [10, 0], [11, 0], [12, 0], [13, 0], [14, 0], [15, 0], [16, 0], [17, 0], [18, 0], [19, 0], [20, 0], [21, 0], [22, 0], [23, 0], [24, 0], [25, 0]]"
f_c97b69162ea2b494025b,"[[1, 0], [1, 1], [2, 0], [2, 1], [4, 0], [4, 1], [5, 0], [5, 1], [6, 0], [6, 1], [7, 0], [7, 1]]"
f_ca7e99c5048a7f037171,"[[8, 0], [8, 1], [8, 2], [8, 3], [12, 0], [12, 1], [12, 2]]"
f_89d2112f44c46e9a725a,"[[4, 0], [4, 1], [4, 3], [12, 0], [12, 1], [12, 2], [12, 3]]"
f_fd432b0e97c95bffa924,"[[1, 0], [1, 1], [1, 2], [1, 3], [1, 4], [1, 5], [10, 3], [11, 2]]"
f_84ea58b985100117cc51,"[[5, 0], [6, 0], [7, 0], [8, 0], [8, 1], [8, 3], [9, 0]]"
f_f18611c4d6ce686e7460,"[[1, 0], [1, 1], [1, 2], [1, 3], [2, 0], [2, 1], [2, 2], [2, 3], [3, 0], [4, 0], [4, 1], [4, 2], [4, 3]]"
f_4a9b8e21549d7d7dc959,"[[2, 0], [3, 0], [3, 1], [3, 2], [4, 0]]"
f_25cd451226ae15b2b9b5,"[[9, 0], [9, 2], [10, 0], [10, 1], [10, 2], [11, 0], [11, 1], [11, 2], [12, 0], [12, 1], [12, 2], [13, 2]]"
f_e5d02e3df46c9cce9bc7,"[[9, 1], [9, 2], [14, 1], [14, 2], [19, 0], [19, 1], [19, 2]]"
f_4a28827406c4d8f76238,"[[10, 0], [10, 9], [11, 0], [11, 2], [11, 3], [11, 9], [12, 0], [12, 2], [12, 3], [12, 9]]"
f_e818e5d34ea7043c3eb8,"[[1, 1], [1, 2], [2, 1], [2, 2]]"
f_a4633cbff086b0eedffb,"[[7, 2], [7, 3], [7, 4], [8, 2], [8, 4]]"
f_42f1811b9f1a50979425,"[[1, 1], [1, 3], [2, 0], [2, 1], [2, 3], [3, 3]]"
f_580cb63a58cc63b82967,"[[18, 0], [18, 2], [19, 0], [19, 2], [20, 0], [20, 2], [21, 0], [21, 1], [21, 2], [22, 0]]"
f_3d02f2fae9f581064af1,"[[1, 0], [1, 1], [1, 2], [1, 3], [2, 0], [2, 1], [2, 2], [2, 3]]"
f_9122e06ae711a23a0bba,"[[27, 1], [27, 3], [28, 1]]"
f_c78499cc82684c696662,"[[8, 0], [8, 1], [8, 2], [8, 4], [9, 0], [9, 1], [9, 2], [9, 4], [10, 0], [10, 1], [11, 0], [11, 1], [11, 4], [12, 0], [12, 1], [12, 2], [12, 3], [12, 4], [13, 0], [13, 1], [13, 4], [14, 0], [14, 1], [14, 4], [15, 0], [15, 1], [15, 4], [16, 0], [16, 1], [17, 0], [17, 1], [18, 0], [18, 1], [19, 0], [19, 1], [19, 4]]"
f_5368e6d2c6cd65a663e3,"[[1, 1], [1, 2], [1, 3], [2, 1], [2, 2], [2, 3]]"
f_4066e64df06796cf920d,"[[1, 1], [1, 2], [2, 1], [2, 2], [11, 0], [11, 1], [11, 2], [11, 3]]"
f_1ae4ebad0d357911edd4,"[[5, 0], [6, 0], [6, 1], [6, 2], [6, 3], [6, 5]]"
f_874862cac6433ef822ae,"[[1, 0], [1, 1], [1, 4], [2, 0], [2, 1], [2, 2], [2, 3], [2, 4], [3, 0], [3, 1], [3, 2], [3, 3], [3, 4], [4, 0], [4, 1], [4, 2], [4, 4], [5, 0], [5, 1], [5, 2], [5, 3], [5, 4], [6, 0], [6, 1], [6, 4], [7, 0], [7, 1], [7, 3], [7, 4]]"
f_2302712fd78b00bd0c1d,"[[5, 0], [5, 1], [5, 5], [22, 0], [22, 5]]"
f_ddd48ffe46852ce9a48f,"[[12, 0], [12, 1], [12, 2], [13, 0], [13, 1], [13, 2], [14, 0], [14, 1], [14, 2]]"
f_91423da6888fddd2f6fd,"[[4, 0], [5, 0], [5, 1], [5, 2], [5, 3], [5, 5], [6, 0]]"
f_855b8e9596d56d0405db,"[[10, 0], [11, 0], [12, 0], [13, 0], [14, 0], [15, 0], [16, 0], [17, 0], [18, 0], [19, 0], [20, 0], [21, 0], [21, 1], [21, 2]]"
f_3632993f0feb94aa607a,"[[2, 5], [2, 6], [2, 7], [2, 8], [3, 5], [3, 7]]"
f_1d6c5dfce58f6434db42,"[[14, 0], [15, 0], [16, 0], [16, 1], [16, 4], [17, 0], [17, 1], [17, 4]]"
f_6c8ac651c03520e92727,"[[1, 3], [2, 3], [3, 3], [4, 3], [5, 3], [6, 3], [7, 3], [8, 1], [8, 2], [8, 3], [8, 4], [9, 3], [10, 3]]"
f_102acebf24c34e787ca9,"[[3, 0], [3, 3], [3, 5], [5, 0], [5, 3], [5, 5]]"
f_ffcbf0e5bf90a643df80,"[[18, 0], [18, 1], [18, 2], [19, 0], [19, 1], [19, 2]]"
f_b052af6e48cf6663e311,"[[2, 2], [2, 3], [2, 4]]"
f_1ee9b5e6fc01de988817,"[[9, 0], [9, 1], [9, 11], [10, 0], [10, 1], [10, 11]]"
f_6ed8d71c0edc99fc4200,"[[1, 1], [2, 1], [3, 1], [4, 1], [5, 1], [6, 1]]"
f_366bde1c6184972de2b4,"[[3, 0], [3, 3], [4, 0], [4, 3], [5, 0], [5, 3], [6, 0], [6, 3], [7, 1], [7, 2], [7, 3], [7, 4], [8, 3], [9, 3], [10, 3], [11, 3], [12, 3]]"
f_aa16367a0ceec293e459,"[[1, 0], [1, 3], [2, 0], [2, 3], [18, 3]]"
f_3bca575a618bb95bc256,"[[11, 4], [12, 0], [12, 1], [12, 4], [13, 4]]"
f_131ebf94cf32bccbe6f6,"[[1, 1], [1, 2], [7, 4]]"
f_158fdeb6ec14f73f9572,"[[17, 0], [18, 0], [19, 0], [19, 1], [19, 2]]"
f_02da55d43b4ea1913e69,"[[3, 1], [3, 3], [4, 1], [4, 3]]"
f_af00cf6d28720b394e26,"[[1, 0], [1, 1], [1, 2], [1, 3], [1, 4], [5, 0], [6, 0], [6, 1], [6, 3]]"
f_26c9eb2feb355c20c136,"[[11, 4], [12, 3]]"
f_a446cbc2267d0be25fe5,"[[5, 1], [5, 3], [7, 1], [7, 3], [10, 1], [10, 3], [13, 1], [13, 3], [17, 1], [17, 3], [20, 1], [20, 3], [21, 1], [21, 3], [23, 1], [23, 3]]"
f_23830c875e1eb4f5bd8b,"[[1, 1], [1, 5], [3, 1], [3, 5]]"
f_a01eab68710f6e8e75b9,"[[5, 0], [5, 1], [5, 3], [7, 0], [7, 1]]"
f_bcfa10ac5ea4a0c0de18,"[[12, 0], [13, 0], [13, 1], [13, 2], [13, 3]]"
f_732cb5fbeefdcab325f8,"[[2, 0], [2, 1], [3, 0], [4, 0], [5, 0], [6, 0], [7, 0], [8, 0], [9, 0], [10, 0], [11, 0], [12, 0], [13, 0], [13, 10]]"
f_5b580d0d931b24b9327a,"[[3, 0], [4, 0], [5, 0], [6, 0], [7, 0], [7, 1], [7, 2], [8, 0], [9, 0], [10, 0]]"
f_e00d0c5b971355ffe1c3,"[[2, 0], [2, 1], [2, 2], [2, 3]]"
f_07c57752a4256ac3b0e8,"[[1, 1], [1, 2], [1, 4], [2, 1], [2, 2]]"
f_3aa748e52168e877d7a6,"[[6, 0], [7, 0], [8, 0], [9, 0], [10, 0], [11, 0], [11, 11], [11, 12]]"
f_7e9e48ed09f67ed96df6,"[[5, 0], [5, 1], [5, 3], [5, 4], [6, 0], [6, 1], [7, 0], [8, 0], [8, 1], [9, 0], [9, 1], [10, 0], [10, 1], [11, 0], [11, 1]]"
f_e1d39bf04cba2651b2a2,"[[6, 0], [6, 1], [6, 4], [9, 0], [9, 1], [9, 4], [11, 0], [11, 4]]"
f_a9a9b4b87df0993cb256,"[[3, 0], [3, 1], [3, 2], [4, 0], [4, 1], [4, 2]]"
f_c2ce533cd79986e5839a,"[[5, 2], [5, 4], [6, 0], [6, 2], [6, 3], [6, 4]]"
f_9345f6702a3cba3c9a6a,"[[5, 0], [5, 1], [5, 2], [5, 3]]"
f_d58aacd8fe0061e491bb,"[[8, 0], [8, 1], [11, 0], [11, 1]]"
f_81aa9cb4c3817ca7c476,"[[1, 1], [1, 3], [1, 4], [2, 2], [2, 3], [2, 4], [3, 2], [3, 3], [3, 4]]"
f_2f2048ef120ad2e2b10a,"[[1, 0], [1, 1], [1, 2], [2, 0], [2, 1], [2, 2], [3, 0], [3, 1], [3, 2], [4, 0], [4, 1], [4, 2]]"
f_a55d3add67e08258b770,"[[8, 0], [8, 1], [9, 0], [9, 1], [10, 0], [10, 1], [11, 0], [11, 1], [11, 2]]"
f_73f19a720006f9453d1e,"[[1, 1], [1, 2], [1, 3], [1, 4], [1, 5], [10, 1], [10, 2], [10, 4], [10, 5]]"
f_1c67ab5e3dc3b05b0fac,"[[3, 0], [3, 1], [3, 2], [3, 3]]"
f_d9b511e6b3935f899ef8,"[[2, 0], [2, 1], [3, 0], [3, 1], [4, 0], [4, 1]]"
f_b812eb737f023e788cec,"[[2, 0], [3, 0], [3, 1], [3, 3], [3, 4], [3, 5]]"
f_96218bbb458b4508b1dd,"[[2, 0], [2, 1], [2, 2], [5, 0], [5, 1], [5, 2], [18, 0], [18, 1], [18, 2], [20, 0], [20, 1], [20, 2]]"
f_d07974e7f355ff48994f,"[[1, 0], [1, 1], [1, 2], [1, 3], [2, 1], [2, 2], [2, 3], [3, 1], [3, 3], [4, 1], [4, 3], [9, 2], [9, 3]]"
f_a6f70f9d935e36a66d4a,"[[3, 0], [3, 1], [3, 2], [3, 3], [4, 0], [4, 1], [4, 2], [5, 0], [5, 1], [5, 2]]"
f_ddd0ff42a63fb40ba829,"[[1, 0], [2, 0], [3, 0], [4, 0], [5, 0], [6, 0], [7, 0], [7, 1], [8, 0], [8, 1], [9, 0], [9, 1], [10, 0], [10, 1], [10, 2], [11, 0], [11, 1], [12, 0]]"
f_e19745e6249ca63f188d,"[[1, 0], [1, 1], [1, 2], [1, 3], [2, 0], [2, 1], [2, 2], [2, 3]]"
f_a1781453e9640bc45348,"[[7, 0], [7, 1], [7, 2], [7, 3], [7, 4], [7, 5], [8, 0], [8, 4]]"
f_d7b49f7e1aa5f8348f47,"[[1, 1], [1, 3], [1, 4], [2, 1], [2, 3], [2, 4]]"
f_6101720621ceda202a9e,"[[4, 0], [5, 0], [5, 1], [5, 3], [5, 4], [5, 5]]"
f_ad838571497fd8f3b4ab,"[[2, 2], [2, 6]]"
f_12b884ae86aa6721bec9,"[[4, 4], [5, 4], [6, 4], [7, 1], [7, 4], [8, 4], [9, 4], [10, 4], [11, 1], [11, 3], [11, 4], [12, 4], [13, 4]]"
f_c49dadb1f521274a34b5,"[[1, 0], [1, 1], [1, 2], [3, 0], [3, 1], [5, 1], [15, 0], [15, 1]]"
f_dbf97139633dd098f6ea,"[[1, 0], [1, 1], [1, 3], [2, 1], [3, 1]]"
f_b06c566be186fab5f106,"[[4, 4], [5, 4], [6, 0], [6, 1], [6, 4]]"
f_cc759de2006ed1d6300f,"[[2, 0], [2, 1], [2, 3], [5, 0], [5, 1], [5, 3], [5, 4]]"
f_86b2fb3ada7aaa6fa54e,"[[10, 0], [11, 0], [11, 1], [12, 0], [13, 0], [13, 2], [14, 0], [14, 2], [15, 0], [15, 2], [16, 0], [16, 2], [17, 0], [17, 2], [18, 0], [18, 2], [19, 0], [19, 2], [20, 0], [20, 2], [21, 0], [21, 11]]"
f_68ac25e1b79e74a562b7,"[[2, 0], [2, 1], [2, 5], [3, 0], [3, 1], [3, 5], [4, 5], [5, 5], [6, 5], [7, 5]]"
f_1fe5dc8490830dc6f783,"[[6, 2], [6, 3], [6, 4], [7, 2], [7, 3], [7, 4], [8, 2], [8, 3], [8, 4]]"
f_12402caa0601bab6538f,"[[1, 0], [2, 0], [2, 1], [2, 2], [3, 0], [4, 0], [5, 0], [6, 0]]"
f_22cb16f2a55c079342a1,"[[6, 0], [6, 1], [6, 2], [6, 3], [7, 0], [7, 1], [7, 2]]"
f_aac8698e4b085e8758be,"[[1, 0], [1, 1], [1, 2], [1, 3], [2, 3], [3, 3], [4, 3], [5, 3], [6, 3], [7, 3], [8, 3], [9, 3], [10, 3], [11, 3]]"
f_0b825e60911e770c8531,"[[1, 0], [1, 2], [2, 0], [2, 2]]"
f_79b6e168361ffda4c48b,"[[1, 1], [1, 2], [1, 5], [2, 1], [2, 2], [2, 5]]"
f_dcb246c4a641d3bdf9bd,"[[1, 0], [1, 1], [1, 2], [2, 0], [2, 1], [2, 2]]"
f_af5223c3c915a0a254d6,"[[1, 0], [1, 1], [1, 3], [1, 4], [2, 0], [2, 1], [2, 3], [2, 4], [3, 0], [3, 1]]"
f_f41868b154b03eb6355f,"[[1, 0], [1, 2], [1, 3], [1, 4]]"
f_e59d1af9151c6f08a680,"[[5, 0], [5, 2], [6, 0], [6, 2]]"
f_48b8be2bb213914c9c25,"[[1, 0], [1, 1], [1, 5], [2, 0], [2, 1], [2, 5], [3, 0], [3, 1], [3, 5]]"
f_e17be020fbd380f270b7,"[[2, 0], [2, 1], [3, 0], [3, 1], [4, 0], [4, 1], [5, 0], [5, 1], [6, 0], [6, 1], [7, 0], [7, 1]]"
f_0f8f816adf4e683b2a8f,"[[8, 0], [8, 1], [8, 2], [9, 1], [9, 2]]"
f_e9774ada1f7b9093c211,"[[1, 0], [1, 2], [2, 0], [3, 0]]"
f_35bc7aaf19ea4c0b1466,"[[8, 0], [8, 1], [9, 0], [9, 1], [9, 2], [10, 0]]"
f_2bc9853a89fb9dd38922,"[[1, 0], [1, 2], [1, 3], [1, 4]]"
f_145d51e0d71587b077ec,"[[2, 0], [2, 1], [3, 0], [3, 1], [3, 3], [4, 0], [4, 1]]"
f_94833a1f8b4b9e116612,"[[1, 0], [2, 0], [3, 0], [3, 1], [3, 3]]"
f_3318a3181657c01eeeeb,"[[0, 2], [1, 2]]"
f_3cf7cd943ca3072318e8,"[[1, 1], [1, 2], [1, 3], [4, 1], [4, 2]]"
f_f0b761cd40fe5cbd2146,"[[6, 0], [6, 1], [6, 3], [7, 0], [7, 1], [7, 3], [7, 4], [8, 0], [8, 1], [8, 3], [8, 4]]"
f_34d3eb2e8b2996e69ca5,"[[4, 2], [5, 2], [6, 2], [7, 0], [7, 1], [7, 2], [8, 0], [8, 2]]"
f_00a664ddd4ef66d8e565,"[[1, 1], [29, 0], [29, 1], [30, 3], [30, 4], [30, 5], [30, 6]]"
f_d8cb9f699e7b2e535e2a,"[[1, 0], [1, 1], [1, 2], [2, 0], [2, 1], [2, 2], [3, 0], [3, 1], [4, 0], [4, 1], [5, 0], [5, 1], [6, 0], [6, 1], [7, 0], [7, 1], [8, 0], [8, 1], [9, 0], [9, 1], [10, 0], [10, 1], [11, 0], [11, 1], [12, 0], [12, 1], [13, 0], [13, 1], [13, 2], [14, 0], [14, 1], [14, 2]]"
f_a67d6fbf067d50ffef54,"[[1, 0], [2, 0], [3, 0], [4, 0], [5, 0], [6, 0], [6, 1], [7, 0], [7, 1], [7, 2], [8, 0], [9, 0], [10, 0], [11, 0]]"
f_5ee9e53eade2976ee318,"[[3, 0], [3, 1], [3, 2], [4, 0], [4, 1], [4, 2]]"
f_5b9f97452ef1b3ae2316,"[[4, 0], [5, 0], [5, 1], [5, 2], [5, 3]]"
f_48d8a9d4841ca603fdb7,"[[2, 0], [2, 1], [2, 2], [2, 3], [2, 4], [2, 5], [2, 6], [2, 7], [2, 8], [2, 9], [2, 10], [2, 11], [2, 12], [3, 0], [3, 2], [3, 9]]"
f_6073fc3533bee11dea5d,"[[2, 1], [3, 1], [3, 3], [3, 4], [3, 5]]"
f_d01a15beec4db72e4511,"[[8, 0], [8, 1], [8, 2], [8, 3], [8, 4], [8, 5], [21, 2]]"
f_3ee998c772d672aafb86,"[[1, 0], [1, 1], [1, 2], [1, 3], [3, 0], [3, 1], [3, 2]]"
f_ccad6df0e51febfa671a,"[[1, 0], [1, 1], [1, 2], [1, 3], [1, 4]]"
f_be460707c63becd01173,"[[6, 0], [6, 7], [7, 0], [7, 7], [8, 0], [8, 1], [8, 7]]"
f_13c5d1dd3b848e4e3f38,"[[1, 2], [13, 3]]"
f_1053d3fe5dd6278e7cf3,"[[1, 1], [2, 1], [3, 1], [7, 1], [8, 1]]"
f_311baef2cd955d718603,"[[17, 1], [18, 1], [18, 2], [19, 1], [19, 2], [20, 1], [20, 2], [20, 4], [20, 5]]"
f_50a1d503843370a38bd6,"[[1, 0], [2, 0], [2, 1], [2, 3]]"
f_d7e4494238c4618a273c,"[[8, 0], [8, 1], [8, 2], [11, 0], [11, 1], [11, 2]]"
f_458e8b1c6cff3f46e03b,"[[1, 0], [1, 1], [1, 3], [1, 5], [2, 0], [2, 1], [2, 3], [2, 5], [3, 0], [3, 1], [3, 3], [3, 5]]"
f_ce8f16438697a35d4b41,"[[20, 0], [20, 1], [21, 0], [21, 1], [22, 0], [22, 1], [23, 0], [23, 1], [24, 0], [24, 1], [24, 2]]"
f_f7372aff087b97ccbac9,"[[2, 0], [2, 1], [2, 2], [2, 3], [2, 4]]"
f_50ea53ceacabe87b3625,"[[6, 0], [7, 0], [7, 1], [7, 3], [7, 4], [7, 5]]"
f_f02faa47a7810d8beca7,"[[7, 3], [8, 0], [8, 1], [8, 2], [8, 3], [9, 3], [10, 3], [11, 3], [12, 3], [13, 3], [14, 3], [15, 3], [16, 3], [17, 3], [18, 3]]"
f_92ecf5f50b924f198080,"[[5, 0], [5, 1], [5, 2]]"
f_fbfdd2ce8d80c37856cb,"[[1, 1], [1, 2], [7, 1], [7, 2]]"
f_aab56ad30082e9ff67b8,"[[1, 0], [1, 1], [1, 2], [1, 3], [4, 0], [4, 1], [4, 2], [4, 3]]"
f_a4c4e4daa0d883fff3b6,"[[28, 2], [29, 2], [33, 0], [33, 1], [33, 2]]"
f_a5f65e924d43be85ceba,"[[0, 0], [0, 3], [0, 4], [1, 4]]"
f_a1ba615000f666959241,"[[5, 0], [5, 1], [6, 0], [6, 1], [7, 0], [7, 1], [7, 2]]"
f_6e0ce7a521ef5a372807,"[[4, 0], [4, 1], [6, 0], [6, 1], [17, 0], [17, 1]]"
f_a642c49e79359f5b2e26,"[[2, 0], [3, 0], [3, 1], [3, 2], [3, 3]]"
f_984f0b4b629948b52a69,"[[1, 1], [5, 1], [7, 1], [8, 1], [9, 6]]"
f_c0419e693bc575faec8c,"[[1, 0], [1, 1], [2, 0], [2, 1], [3, 0], [3, 1], [4, 0], [4, 1], [5, 0], [5, 1], [6, 0], [6, 1], [7, 1], [8, 1], [9, 1], [10, 1], [11, 1]]"
f_37695c23b8a2ca65692e,"[[1, 0], [1, 1], [1, 2], [5, 0], [5, 2]]"
f_e912d405c707207ddb9f,"[[2, 2], [2, 4]]"
f_6b32997617ba11bb0291,"[[1, 2], [1, 3], [2, 2], [2, 3], [5, 3]]"
f_f6f19a4855464a64e6f2,"[[1, 0], [1, 2], [2, 0], [2, 2], [3, 0], [3, 2], [4, 0], [4, 2], [5, 0], [5, 2]]"
f_8fd8893fca1a197c1018,"[[6, 0], [7, 0], [8, 0], [8, 2]]"
f_81bf3dec33e877d88290,"[[1, 0], [1, 2], [1, 4], [2, 0], [2, 2], [2, 4]]"
f_03bfa5184a7dd84bfdfc,"[[1, 1], [1, 6], [17, 1], [17, 6]]"
f_424880aeee36170fc1c1,"[[1, 0], [1, 4], [1, 6], [2, 0], [2, 3], [2, 4], [2, 5]]"
f_4234b00ddc27917f6d12,"[[1, 1], [1, 2], [1, 4], [2, 1], [2, 2]]"
f_ee72523c6d326097911f,"[[2, 0], [2, 1], [2, 2], [3, 0], [4, 0], [4, 1], [4, 2]]"
f_50af034c4b309e00acd7,"[[1, 0], [1, 3], [1, 4], [2, 0], [2, 1], [2, 2], [2, 3], [2, 4], [3, 0], [3, 1], [3, 2], [4, 0], [4, 1], [4, 2], [5, 0], [5, 3], [5, 4], [7, 0], [7, 3], [7, 4], [9, 0], [9, 3], [9, 4]]"
f_ce3107a7053581acfd40,"[[3, 0], [3, 1], [3, 3], [3, 4], [4, 0], [4, 1], [4, 3], [4, 4]]"
f_e4cee218844a32d2efcf,"[[1, 3], [5, 3]]"
f_61a81babc3ab6735f644,"[[4, 1], [5, 1], [6, 0], [6, 1], [6, 2]]"
f_1d012cb7f41d0ed37731,"[[2, 0], [3, 0], [4, 0], [5, 0], [5, 2], [6, 0], [6, 1], [6, 2], [6, 3], [6, 4]]"
f_127dbd88248f4ce1256c,"[[2, 0], [2, 1], [2, 2], [6, 0], [6, 1], [6, 2], [7, 1], [7, 2]]"
f_3f9f6b1454e93df2dca0,"[[1, 2], [1, 4], [2, 2], [2, 4]]"
f_6eb3bdac59b39174d8d3,"[[2, 3], [3, 3], [4, 3], [5, 3], [6, 3], [7, 3], [8, 3], [9, 3], [10, 3], [11, 3], [12, 0], [12, 1], [12, 2], [12, 3], [12, 4], [12, 5], [13, 0]]"
f_0e985bda2af26b2e8cf4,"[[1, 0], [1, 1], [1, 2], [3, 0], [3, 1], [3, 2]]"
f_d0638be297e49c64a8e6,"[[1, 1], [1, 2], [2, 1], [2, 2]]"
f_e399b195a38ad0e774a5,"[[1, 0], [1, 1], [1, 2], [1, 3], [1, 4], [1, 5], [2, 1], [2, 2], [2, 3]]"
f_7b47c827c1cdf831f123,"[[3, 0], [3, 1], [3, 4], [6, 0], [6, 4], [7, 0], [7, 1], [7, 4]]"
f_3c5035bf9bf5d3abe216,"[[1, 0], [2, 0], [2, 1], [2, 2], [2, 3], [2, 4], [3, 0], [4, 0], [5, 0], [5, 1], [5, 2], [5, 3], [5, 4], [6, 0], [6, 4], [7, 0]]"
f_a49c4602260710e1ead2,"[[1, 0], [1, 1], [1, 2], [2, 0], [2, 1], [3, 0], [3, 1]]"
f_9d95f97e36bd35d7e888,"[[13, 0], [13, 1], [13, 3], [14, 0], [14, 1]]"
f_e0d1c9ed50ba29ecb3e9,"[[1, 0], [1, 1], [1, 2], [1, 3], [2, 0], [2, 1], [3, 0], [3, 2], [4, 3], [10, 3], [13, 3]]"
f_12da77820cebcd88d459,"[[10, 0], [10, 1], [10, 2], [11, 0], [11, 1], [11, 2], [11, 3], [11, 4], [12, 0]]"
f_1821009f4eee18a01db3,"[[2, 0], [2, 1], [2, 2], [3, 0], [3, 1], [3, 2], [4, 0], [4, 1], [4, 2], [5, 0], [6, 0], [6, 1], [6, 2]]"
f_109ec8d4a2c898b4c8de,"[[1, 0], [2, 0], [2, 1], [2, 2]]"
f_7b4309fb8461744ebe70,"[[1, 0], [1, 1], [1, 2], [2, 0], [2, 1], [2, 2], [3, 0], [3, 1], [3, 2]]"
f_1d288d451f8b9d47e217,"[[2, 0], [2, 1], [2, 13], [3, 0], [3, 1], [3, 13]]"
f_80710d4be92d4ea06691,"[[2, 3], [4, 3]]"
f_f4a209ac004d442accd7,"[[3, 0], [4, 0], [5, 0], [6, 0], [7, 0], [8, 0]]"
f_56a13dc808655ecc0cf2,"[[12, 0], [13, 1]]"
f_81a25e9eff502b39f7a2,"[[25, 3], [26, 1], [26, 3]]"
f_eb2ab00639f30a4a97f2,"[[1, 1], [1, 2], [2, 1], [2, 2], [3, 2], [4, 2], [5, 2], [6, 2], [7, 1], [7, 2], [8, 1], [8, 2]]"
f_e6f894dd160ff4053d9c,"[[1, 0], [1, 1], [1, 2], [1, 3], [1, 4], [2, 0], [2, 1], [3, 0], [4, 0], [5, 0], [5, 1], [5, 2], [5, 3], [5, 4], [6, 0], [6, 1]]"
f_f6d4a15e4a80263e9b6b,"[[1, 0], [2, 0], [2, 1], [3, 0], [4, 0], [5, 0], [6, 0], [7, 0], [7, 1], [7, 2], [8, 0], [8, 1], [8, 2], [9, 0], [10, 0]]"
f_fd1c82214c450ac95d8d,"[[1, 0], [1, 1], [1, 2]]"
f_f7c981b72e7083e4ef7f,"[[4, 1], [4, 2], [4, 3], [5, 1], [5, 3], [6, 0], [6, 1], [9, 1], [9, 3], [11, 1]]"
f_ba4b0467fa727d77e564,"[[1, 0], [1, 1], [1, 2], [1, 3], [2, 0], [2, 1], [2, 2], [2, 3]]"
f_04983dd98689a9d56ee4,"[[26, 0], [27, 0], [28, 0], [28, 1], [28, 2]]"
f_5fd49fcdfbd06815f7d1,"[[1, 0], [1, 1], [1, 2], [1, 3], [2, 0], [2, 1]]"
f_74e57301bd7e7a3da24d,"[[6, 0], [7, 0], [7, 1], [7, 2], [7, 3], [7, 4]]"
f_171549ea388c8cc42da2,"[[3, 0], [3, 1], [3, 2], [4, 1], [4, 2]]"
f_db001be04180ba103d0f,"[[2, 0], [3, 0], [4, 0], [4, 1], [4, 2], [4, 3], [4, 11], [5, 0], [6, 0]]"
f_ea960cf9761bc2cb048f,"[[1, 0], [2, 0], [3, 0], [3, 3], [3, 4], [4, 0], [5, 0], [5, 1], [5, 3], [5, 4], [6, 0], [6, 1], [6, 3], [6, 4]]"
f_87022277d4b6ae83509e,"[[23, 0], [23, 1], [23, 3], [24, 0], [24, 1], [24, 2], [24, 3], [24, 4], [25, 0]]"
f_ba5e217c9e8d275490f6,"[[11, 0], [11, 1], [11, 3], [14, 0], [14, 1], [14, 3], [15, 0], [15, 1], [15, 3]]"
f_8ed46882f1eae2158617,"[[6, 0], [6, 1], [6, 2], [11, 0], [11, 1], [11, 2], [11, 3]]"
f_1b2aef482c83a9912edb,"[[13, 0], [14, 0], [15, 0], [16, 0], [17, 0], [17, 11]]"
f_97c390135b810a3d5287,"[[2, 0], [2, 2], [2, 3]]"
f_a353d1daf9d9347dca7d,"[[7, 0], [7, 1], [7, 2], [7, 3], [10, 0], [10, 2], [10, 3]]"
f_f1a12607b0a3ea2ca268,"[[2, 1], [2, 2], [3, 1], [3, 2], [4, 1], [4, 2], [5, 0], [5, 1], [5, 2], [6, 1], [6, 2]]"
f_b14742dc2fdd2edd1138,"[[9, 0], [9, 1], [9, 3], [10, 0], [10, 1], [10, 3], [10, 5], [11, 0], [12, 0], [13, 0]]"
f_33f5b133397332a723a2,"[[2, 0], [3, 0], [3, 1], [3, 2], [4, 0]]"
f_9c34ad4c6b910194dfbe,"[[18, 0], [19, 0], [20, 0], [21, 0], [22, 0], [22, 1], [22, 11], [23, 0], [24, 0], [24, 1], [24, 2]]"
f_f68d83aa8b585d90220d,"[[3, 0], [3, 1], [3, 2], [4, 0], [4, 1], [4, 2]]"
f_d3aabd14656e41eeeb01,"[[19, 0], [20, 0], [21, 0], [22, 0], [22, 1], [22, 3], [22, 4], [23, 0], [23, 1], [23, 3], [23, 4], [24, 0], [25, 0]]"
f_0ab7b2cc3313ebea0f6e,"[[1, 0], [1, 2], [2, 0], [2, 1], [2, 2]]"
f_c837290ef5aa773c02b8,"[[1, 0], [1, 2], [2, 0], [2, 2], [3, 0], [3, 2]]"
f_379e2416fa6449785a86,"[[1, 0], [1, 3], [7, 3]]"
f_ed581e52bd07476b8e6b,"[[12, 0], [13, 0], [13, 1], [13, 2], [13, 3]]"
f_6db1035e5b58fe3d7330,"[[2, 0], [2, 4], [2, 5], [4, 0], [4, 4], [4, 5]]"
f_fe84b47e42ab4ea0d1ab,"[[3, 1], [4, 1], [5, 1], [6, 0], [6, 1], [6, 3], [11, 0], [11, 3], [12, 0], [12, 3]]"
f_da3a5aafcd3ad8db9ce0,"[[1, 1], [1, 2], [1, 3], [2, 1], [2, 2], [2, 3], [3, 1], [3, 2], [3, 3]]"
f_7c31b73a45b979ed0409,"[[2, 0], [2, 1], [2, 2], [2, 4], [3, 0], [3, 1], [3, 2], [3, 4]]"
f_3872cc2e11a88f5d1c50,"[[1, 0], [2, 0], [2, 1], [2, 2]]"
f_600d3194e659ae85406d,"[[11, 0], [12, 0], [12, 1], [12, 2], [13, 0], [14, 0]]"
f_04c919a59b5741785fe3,"[[6, 13], [7, 13], [8, 0], [8, 1], [8, 13], [9, 0], [9, 13], [10, 0], [10, 13], [11, 0]]"
f_a0d5e312514d63ffdf33,"[[3, 1], [3, 9], [4, 0], [4, 1], [4, 9], [5, 1]]"
f_6c1578c3462f4aee4422,"[[1, 1], [1, 2], [7, 3]]"
f_d8922674994451826c68,"[[1, 2], [2, 2], [3, 2], [3, 3], [3, 4], [4, 2], [5, 2]]"
f_4b881d7fc37e98002c89,"[[7, 0], [7, 1], [7, 2], [8, 0], [8, 1]]"
f_320df5e70670d10f654d,"[[6, 1], [7, 1], [8, 1], [9, 1], [10, 1], [11, 1], [12, 3], [12, 4]]"
f_2a02b2527f1fe6ca36f0,"[[1, 1], [1, 2], [2, 1], [2, 3]]"
f_bcd7a0435db61ea1513f,"[[3, 0], [3, 1], [3, 3], [4, 0], [7, 1], [7, 3]]"
f_0c56841a002b5ba28349,"[[1, 1], [1, 2], [1, 3], [1, 4], [2, 1], [3, 1], [4, 1], [5, 1], [6, 1], [7, 1], [8, 1], [8, 2], [8, 3], [8, 4], [9, 1], [9, 2], [9, 3], [9, 4]]"
f_315bde06f009cce69e42,"[[4, 1], [5, 1], [6, 0], [6, 1], [6, 2], [7, 1]]"
f_69a8fb6c1ddabd08cf85,"[[13, 0], [13, 1], [14, 1], [14, 2]]"
f_4692ca9ca6f7d06450ea,"[[5, 0], [5, 1], [5, 2], [5, 3], [5, 4]]"
f_8a3e976fec33bca9cd0b,"[[2, 3], [3, 0], [3, 3], [3, 4]]"
f_26a8620a28ea5e0a7a02,"[[5, 3], [6, 0], [6, 3]]"
f_8c5f89b268b2569117af,"[[0, 1], [0, 2], [0, 3], [0, 4]]"
f_75065c6a5409bb336d51,"[[1, 0], [1, 1], [2, 0], [2, 1], [3, 0], [3, 1]]"
f_f639ddc4d92d10f28a50,"[[22, 0], [23, 0], [23, 1], [23, 3], [23, 5]]"
f_81fc3be02eb8aab5504c,"[[3, 2], [3, 3], [3, 4], [4, 2], [4, 3], [4, 4]]"
f_0862dd6799e97c1c417b,"[[5, 0], [6, 0], [6, 1], [6, 2], [7, 0], [8, 0], [9, 0]]"
f_e9408dfb6c1dee844543,"[[1, 0], [1, 1], [1, 2], [2, 0], [2, 1], [2, 2]]"
f_6150ef8c432d4481a811,"[[7, 3], [8, 3]]"
f_a4ddd8a58cf817b91701,"[[2, 1], [3, 1], [4, 1]]"
f_092e3da5f00dde16a5f8,"[[14, 0], [14, 6], [15, 0], [15, 6], [16, 0], [16, 5], [16, 6], [17, 0], [17, 5], [17, 6], [18, 0], [18, 5], [18, 6], [19, 6], [20, 6], [21, 6], [22, 6]]"
f_b6102529bb90adbd3c78,"[[1, 0], [1, 3], [1, 5], [2, 0], [2, 3], [2, 5]]"
f_feff65878e0fd8bad319,"[[6, 0], [6, 1], [6, 2], [7, 0], [7, 1], [7, 2]]"
f_479832d6d7c973ab1288,"[[2, 1], [2, 2], [3, 1], [3, 2]]"
f_f6845b1420ab2c908b2f,"[[9, 1], [9, 5], [12, 1], [12, 5]]"
f_332c62b29cf367cbf7bf,"[[1, 0], [2, 0], [3, 0], [4, 0], [5, 0], [6, 0], [7, 0], [8, 0], [9, 0], [10, 0], [11, 0], [12, 0], [13, 0], [14, 0], [15, 0], [16, 0], [17, 0], [18, 1]]"
f_b5ae41ac5e60d6378e0e,"[[1, 1], [1, 2], [1, 4], [2, 1], [2, 2], [4, 4]]"
f_72c2fcf7da862a236f33,"[[1, 0], [1, 1], [1, 2], [2, 0], [2, 1], [2, 2]]"
f_f14168e81b576ec93fba,"[[1, 0], [1, 1], [1, 3], [31, 0], [31, 1], [31, 3]]"
f_b5381ef3a2e60f53192d,"[[1, 0], [1, 2], [1, 3], [2, 0], [2, 2], [2, 3], [3, 0], [3, 2], [3, 3], [4, 0], [4, 2], [4, 3]]"
f_1ff67eaca070cdb40037,"[[2, 0], [2, 1], [2, 5], [3, 0], [3, 1], [5, 0], [5, 1], [6, 0], [6, 1], [8, 0], [8, 1]]"
f_73c9eb978fcc45f39563,"[[3, 0], [4, 0], [4, 1], [4, 4]]"
f_d8ddf67a980cf829aae3,"[[2, 1], [3, 1], [3, 2], [4, 1]]"
f_42af58347e9f72984ddd,"[[2, 0], [3, 0], [3, 1], [4, 0]]"
f_64417bf3c31f66b62933,"[[3, 0], [3, 1], [3, 2], [4, 0], [7, 0], [7, 1], [7, 2], [8, 0]]"
f_f6c532a5a2be4aa80947,"[[2, 0], [2, 1], [2, 2], [3, 0], [3, 1], [3, 2], [4, 0], [4, 1], [4, 2]]"
f_7d7ee7bdf1527bf4977d,"[[5, 1], [5, 4], [6, 0], [6, 1], [6, 4], [7, 4]]"
f_cc59a69cbfce38acd975,"[[9, 1], [10, 0], [10, 1], [10, 3]]"
f_2792e6d17ca2f1583e82,"[[2, 1], [3, 0], [3, 1], [4, 1]]"
f_40330d6d7cb2b1b78bee,"[[25, 0], [25, 1], [25, 2], [25, 16], [26, 0], [26, 1], [26, 2], [26, 16], [27, 1], [27, 16]]"
f_4d6f8efb47a67ca978e7,"[[1, 0], [1, 1], [2, 0], [2, 1], [3, 0], [3, 1]]"
f_812deff8fd5343af01b3,"[[7, 0], [8, 0], [9, 0], [10, 0], [11, 0], [11, 1], [11, 2]]"
f_bd228571679d444a05a5,"[[4, 0], [4, 1], [4, 2], [5, 0], [6, 0], [7, 0], [8, 0], [9, 0], [10, 0], [11, 0], [12, 0], [13, 0], [14, 0], [14, 1], [14, 2], [15, 0], [16, 0], [17, 0]]"
f_0cdf8dee76702e1cf442,"[[1, 0], [1, 1], [1, 2], [1, 3], [1, 4], [1, 5], [31, 2]]"
f_f00f8281e9f59ee73297,"[[11, 1], [11, 2], [11, 3], [19, 1], [19, 2], [20, 0], [20, 1], [20, 2], [20, 3], [24, 1], [24, 2], [24, 3], [29, 1], [29, 2], [29, 3]]"
f_2e9867bde8549c927a7b,"[[2, 0], [2, 2], [3, 0], [3, 2], [4, 0], [4, 2], [5, 0], [5, 2], [6, 0], [6, 2], [7, 0], [7, 2], [8, 0], [8, 2], [9, 0], [9, 2], [10, 0], [10, 2], [11, 0], [11, 2], [12, 0], [12, 2], [13, 0], [13, 2], [14, 0], [14, 2], [15, 0], [15, 2], [16, 0], [16, 2], [17, 0], [17, 2], [18, 0], [18, 2], [19, 0], [19, 4]]"
f_06aeb3417030cfce0bef,"[[4, 0], [4, 1], [4, 2], [5, 0], [5, 1], [5, 2]]"
f_80d730d97e8429a5fe87,"[[1, 0], [1, 1], [1, 2], [1, 3], [2, 0], [2, 1], [2, 2], [2, 3], [3, 0], [3, 1], [3, 2], [3, 3]]"
f_672999eb56efd3cb87cd,"[[4, 0], [5, 0], [6, 0], [6, 1], [6, 3]]"
f_9bce0589bcec0d61324e,"[[15, 0], [15, 2], [15, 5], [31, 0], [31, 1], [31, 2], [31, 3], [31, 4], [31, 5]]"
f_f94413fbc742b9135642,"[[1, 0], [1, 1], [1, 2], [1, 3], [1, 5], [2, 0], [2, 1], [2, 2], [2, 3], [2, 6]]"
f_1760cf6ef67203dcb8af,"[[6, 0], [6, 1], [6, 3], [8, 0], [8, 1], [8, 3], [9, 0], [9, 1], [9, 3]]"
f_e53918337a61a8359b0f,"[[2, 0], [2, 2], [3, 0], [3, 2]]"
f_e2944b8e992f83e6b2fb,"[[13, 0], [13, 1]]"
f_4856d5cd31907e70a75e,"[[2, 0], [2, 1], [2, 2], [31, 0], [31, 1], [31, 2], [31, 3], [31, 4], [31, 5], [31, 6]]"
f_ef33c117623cba581b8b,"[[5, 1], [6, 0], [6, 1], [6, 2], [7, 1], [7, 2], [8, 1], [9, 2], [10, 2], [11, 2], [12, 0], [12, 1], [12, 2], [14, 0], [14, 1], [14, 2], [15, 1], [15, 2], [16, 1], [16, 2], [17, 1], [17, 2]]"
f_eb177f322ffd0736208b,"[[6, 0], [6, 1], [6, 2], [6, 3], [10, 0], [10, 1], [10, 2], [10, 3], [24, 0], [24, 1], [24, 2], [24, 3]]"
f_e4a4b3977839f7d037bb,"[[1, 0], [1, 1], [1, 2], [1, 3], [1, 4], [1, 5], [8, 2], [8, 3]]"
f_4a67bf1b15e1ef2e69ad,"[[1, 0], [1, 1], [1, 2], [1, 3], [2, 0], [2, 1], [2, 2], [2, 3], [3, 0], [3, 1], [4, 0], [5, 0]]"
f_66d238e53f7e42fcdf62,"[[2, 2], [2, 3], [2, 4], [2, 5], [4, 2], [4, 3], [4, 4], [4, 5], [5, 0], [5, 2], [5, 3], [5, 4], [6, 0], [6, 2], [6, 3], [6, 4]]"
f_1feb452a4ed8ffb4afaf,"[[1, 1], [1, 2], [2, 1], [2, 2], [3, 3], [3, 4]]"
f_cc56f44c5ba0c9ea3a23,"[[4, 0], [5, 0], [6, 0], [7, 0], [7, 1], [7, 2], [8, 0]]"
f_097e1ac1a83421d2e2c8,"[[2, 1], [2, 2], [3, 0], [3, 1], [3, 2]]"
f_cb8e9cefa7def5a50446,"[[1, 0], [1, 1], [2, 0], [2, 1], [2, 2], [2, 4], [3, 1], [3, 2]]"
f_6f0e6adc36c1b00c4432,"[[1, 1], [1, 2], [1, 3], [1, 6], [2, 1], [2, 3], [2, 6], [3, 1], [3, 3], [3, 6], [4, 1], [4, 3], [4, 6]]"
f_efd044fad1d4d313a7ae,"[[1, 6], [2, 6], [3, 6], [4, 2], [4, 3], [4, 4], [4, 6], [5, 6], [6, 6]]"
f_56872607aeb9a1d11ddb,"[[1, 0], [2, 0], [3, 0], [4, 0], [5, 0], [6, 0], [7, 0], [8, 0], [9, 0], [10, 0], [11, 0], [12, 0], [13, 0], [14, 0], [15, 0], [16, 0], [17, 0], [17, 2], [17, 3]]"
f_b1719a01948a863ab111,"[[1, 1], [2, 1], [2, 2], [2, 3], [2, 4]]"
f_5d4ab9efcb4c475f86cf,"[[12, 0], [12, 1], [13, 0], [14, 0], [15, 0], [16, 0], [17, 0], [18, 0], [19, 0], [20, 0], [20, 2], [20, 3]]"
f_f75bb2ca423f6b574a43,"[[3, 0], [3, 1], [3, 2], [4, 0], [4, 1], [4, 2]]"
f_b42cf237fab43e3dd4d9,"[[2, 0], [2, 1], [3, 0], [3, 1], [4, 0], [4, 1], [5, 0], [5, 1], [6, 3], [6, 4], [6, 6], [6, 8], [6, 9]]"
f_18514fca37832884129f,"[[1, 1], [1, 2], [2, 1], [3, 1]]"
f_1a3eb1cea74015618648,"[[14, 0], [15, 1]]"
f_3892a8ada50301a5e329,"[[3, 0], [3, 1], [3, 3], [4, 0], [4, 1], [4, 3], [5, 0], [5, 1], [5, 3]]"
f_cf39f705c7a5476c240d,"[[2, 3], [2, 4], [3, 3], [3, 4]]"
f_971249ae51abd7fc961a,"[[1, 2], [3, 0], [3, 1], [3, 2], [3, 3], [3, 4]]"
f_5c9ba955042453aa2a81,"[[8, 0], [8, 3], [8, 4], [9, 0], [9, 3], [9, 4], [10, 0], [10, 3], [10, 4], [11, 3]]"
f_88043e54440f7d5ec17e,"[[2, 0], [2, 1], [3, 0], [3, 1], [4, 0], [4, 1], [6, 0], [6, 1], [7, 0], [7, 1], [8, 0], [8, 1], [9, 0], [9, 1], [10, 0], [10, 1], [11, 0], [11, 1], [14, 0], [14, 1], [15, 0], [15, 1], [16, 0], [16, 1], [17, 0], [17, 1], [18, 0], [18, 1], [19, 0], [19, 1], [20, 0], [20, 1], [21, 0], [21, 1], [22, 0], [22, 1], [23, 0], [23, 1], [24, 0], [24, 1], [25, 0], [25, 1], [26, 0], [26, 1], [27, 0], [27, 1], [29, 0], [29, 1], [31, 2]]"
f_93fbd8600a1a857f500e,"[[1, 3], [1, 4], [2, 3], [2, 4], [3, 3], [3, 4], [4, 3], [4, 4]]"
f_da34a0ce07905a52c69b,"[[6, 0], [7, 0], [7, 1], [7, 2], [8, 0], [9, 0]]"
f_36e36ba46ff054bf1f2c,"[[1, 1], [1, 2], [1, 3], [2, 1], [2, 2], [2, 3]]"
f_92090850719d6a64a195,"[[1, 0], [1, 1], [1, 2], [4, 0], [4, 1], [4, 2]]"
f_687f297e93e087a573d0,"[[1, 0], [1, 1], [1, 3], [2, 0], [3, 0], [3, 1], [4, 0], [4, 1], [5, 0], [6, 0]]"
f_2e1b17db6acd968b12a8,"[[1, 2], [2, 2], [3, 2], [4, 2], [5, 0], [5, 1], [5, 2], [6, 1]]"
f_65660c9d2c191b605733,"[[1, 2], [2, 0], [2, 1], [2, 2], [3, 2]]"
f_31fb77512134c6fcdb56,"[[6, 0], [6, 2], [7, 0], [7, 1], [7, 2], [8, 0], [8, 1], [8, 2], [9, 0]]"
f_9007b7cb44ebdda724e3,"[[3, 1], [4, 1], [4, 3], [4, 4]]"
f_69d6fbc4135d39308cdf,"[[6, 0], [6, 1], [6, 2], [8, 0], [8, 1], [8, 2]]"
f_ac4934574c364bf0d1f2,"[[2, 0], [2, 1], [3, 0], [3, 1], [4, 0], [4, 1], [5, 0], [5, 1], [6, 0], [6, 1], [7, 0], [7, 1], [8, 0], [8, 1], [9, 0], [9, 1], [10, 0], [10, 1], [11, 0], [11, 1], [12, 0], [12, 1], [13, 0], [13, 1], [14, 0], [14, 1], [15, 0], [15, 1], [16, 0], [16, 1], [17, 0], [17, 1], [18, 0], [18, 1], [19, 2]]"
f_9fb9acbd7c2c9f2c64f1,"[[5, 0], [5, 1], [5, 2], [5, 3]]"
f_5b1c1ee92b96beec2f96,"[[3, 0], [3, 1], [3, 2], [3, 3], [6, 0], [6, 1], [6, 2], [6, 3]]"
f_e73803dd39f9541b3b96,"[[2, 1], [2, 2], [4, 1], [4, 2]]"
f_8664ad2f65a73da33d1a,"[[7, 1], [7, 3], [15, 1], [15, 3], [17, 0], [17, 1], [17, 3], [18, 0], [18, 1], [18, 3], [20, 0], [20, 1], [20, 3], [21, 0], [21, 1], [21, 3]]"
f_a74f362508a3ed0dfc87,"[[1, 0], [2, 0], [2, 1], [2, 3], [2, 4]]"
f_4f650e614fa271a02bb0,"[[11, 0], [11, 1], [11, 2], [11, 3]]"
f_7739c57300ffddce5089,"[[1, 0], [2, 0], [3, 0], [4, 0], [5, 0], [6, 0], [7, 0], [8, 0], [9, 0], [10, 0], [11, 0], [12, 0], [13, 0], [14, 0], [15, 0], [16, 0], [17, 0], [18, 0], [19, 0], [20, 0], [21, 0], [22, 0], [23, 0], [24, 3], [24, 4], [24, 5], [24, 6], [24, 7]]"
f_43c7fbe7e1bc7acff71c,"[[4, 1], [4, 4], [5, 1], [5, 4], [6, 1], [6, 4], [7, 1], [7, 4]]"
f_98305e089d9194188278,"[[1, 0], [2, 0], [3, 0], [3, 1], [3, 2], [3, 3]]"
f_4fd075e49cfa446354a5,"[[1, 0], [1, 1], [1, 2], [1, 3], [2, 0], [2, 1], [2, 2], [2, 3]]"
f_8fdccfe8709bd4a5d2f5,"[[8, 0], [9, 0], [10, 0], [11, 0], [12, 0], [13, 0], [14, 0], [14, 1], [14, 2], [15, 0]]"
f_0bfe3744ba5494558cb5,"[[1, 3], [2, 3], [3, 1], [3, 2], [3, 3], [4, 3], [5, 3], [6, 3], [7, 1], [7, 2], [7, 3], [8, 3]]"
f_a82500a73ca0aef95a3e,"[[4, 3], [4, 5], [4, 6], [5, 3], [5, 4], [5, 5], [5, 6]]"
f_4814c7858dfb721c91d3,"[[1, 1], [1, 5], [2, 1], [2, 5]]"
f_6f01785db7a05a3af3ca,"[[1, 1], [2, 1], [3, 1], [4, 1], [5, 1], [6, 1], [8, 5]]"
f_4e422df85667721f5fd9,"[[10, 1], [10, 2], [11, 1], [11, 2], [12, 1], [12, 2]]"
f_b47af5f2f3c16dcbc799,"[[1, 0], [1, 1], [1, 3], [2, 0], [2, 1], [2, 3]]"
f_8293c827965d101bf720,"[[1, 0], [1, 1], [1, 2], [5, 0], [5, 1], [5, 2]]"
f_392989bc7b9b6ce6357c,"[[1, 0], [1, 1], [1, 4], [2, 0], [2, 4], [3, 0], [3, 4], [4, 0], [4, 4], [5, 0], [5, 4], [6, 0], [6, 4], [7, 0], [7, 4], [8, 0], [8, 4], [9, 0], [9, 4], [10, 0], [10, 4], [11, 0], [11, 4], [12, 0], [12, 4], [13, 0], [13, 4], [14, 0], [14, 4], [15, 0], [15, 4], [16, 0], [16, 1], [16, 4]]"
f_7cfa6d29b1efd6a300f4,"[[8, 0], [9, 0], [10, 0], [10, 1], [10, 2], [11, 0], [11, 1], [11, 2], [12, 0], [13, 0], [15, 1], [15, 2]]"
f_31b71ad2aba12788ef71,"[[7, 0], [7, 1], [7, 3], [7, 4], [8, 0], [8, 1], [8, 3], [8, 4], [9, 0], [9, 1], [9, 3], [9, 4], [10, 0], [10, 1], [10, 3], [10, 4]]"
f_579cc0db01c2c5c40101,"[[11, 0], [11, 1], [11, 2], [12, 0], [13, 0], [13, 1], [13, 2], [14, 2]]"
f_fc5cec0c795cfa6e4b9b,"[[1, 0], [1, 1], [1, 2], [1, 5], [5, 0], [5, 5]]"
f_ece42c79d197c93beba5,"[[1, 2], [7, 3]]"
f_b6ea2eb44af0ea33ba22,"[[5, 0], [5, 1], [5, 3], [5, 4], [6, 0], [6, 1], [6, 3], [6, 4], [7, 0], [7, 1], [7, 3], [7, 4], [8, 0], [8, 1], [8, 3], [8, 4], [9, 0], [9, 1], [9, 3], [9, 4]]"
f_77b3f9d6c54a21de40c0,"[[8, 0], [8, 1], [9, 0], [9, 1], [9, 3]]"
f_a356ce2898320463d663,"[[2, 0], [2, 1], [2, 2], [3, 2], [4, 2], [5, 2], [6, 2], [7, 2], [8, 2], [9, 2], [10, 2], [11, 2], [12, 2], [13, 2], [14, 2], [15, 2], [16, 2], [17, 2], [18, 2], [19, 2], [20, 2], [21, 2], [22, 2], [23, 2], [24, 2], [25, 2], [26, 2], [27, 2], [28, 2], [29, 0], [29, 1], [29, 2]]"
f_7d5719aebeb369649271,"[[8, 0], [8, 1], [8, 2], [10, 0], [10, 1], [10, 2]]"
f_c90c7e0b9a67e8f91d33,"[[2, 0], [6, 0], [7, 0], [8, 0], [9, 0], [10, 0], [11, 0], [11, 3], [11, 4]]"
f_071409b8c1fb6237b70d,"[[6, 0], [6, 2], [6, 3], [6, 4], [7, 0]]"
f_9b68f0ca55b2244ae62a,"[[14, 1], [14, 2], [15, 0], [15, 1], [15, 2], [15, 4]]"
f_e35cb879e73825f2e8f5,"[[1, 2], [1, 4], [1, 5], [2, 4]]"
f_4e7b782519074ffef4d3,"[[2, 0], [2, 1], [3, 0], [3, 1], [4, 0], [4, 1], [4, 2], [5, 0], [5, 1], [6, 0], [6, 1], [7, 0]]"
f_ce787361a9fe7100e121,"[[18, 0], [19, 0], [19, 1], [19, 3], [19, 4]]"
f_d416e8c82606dada5cdd,"[[11, 1], [12, 1], [13, 1], [14, 1], [14, 3]]"
f_845ee809c29e4f3c6934,"[[8, 0], [9, 0], [9, 1], [9, 3], [9, 4], [9, 5]]"
f_4a73b8f4aac9cdbb6621,"[[14, 1], [14, 2], [14, 3], [15, 1], [15, 2], [15, 3]]"
f_b30b6a045daadd77cab1,"[[1, 1], [1, 2], [2, 1], [2, 2], [17, 3]]"
f_85c03ea1173736df77ba,"[[1, 0], [1, 1], [1, 2], [2, 0], [2, 1], [2, 2]]"
f_c421186c421fcb5353cb,"[[1, 4], [2, 4], [3, 0], [3, 1], [3, 2], [3, 4], [4, 4], [5, 4], [6, 4], [7, 4], [8, 4], [9, 4], [10, 4], [11, 4]]"
f_b7b0a092749c18f8f1a1,"[[7, 1], [7, 2], [8, 0], [8, 1], [8, 2]]"
f_84a7ed3c14f4236e8ae8,"[[2, 0], [2, 1], [2, 2], [16, 1], [16, 2], [16, 3]]"
f_b16f80e314134825600f,"[[1, 0], [2, 0], [3, 0], [4, 0], [5, 0], [6, 0], [7, 0], [8, 0], [9, 0], [10, 0], [11, 0], [12, 0], [13, 0], [14, 0], [15, 0], [16, 0], [17, 0], [17, 1], [17, 2], [18, 0], [19, 0], [20, 0], [21, 0], [22, 0], [23, 0], [24, 0], [25, 0], [26, 0], [27, 0]]"
f_fc9d5b8fd26ba1e417a5,"[[1, 0], [1, 1], [1, 5], [1, 6]]"
f_f538e6e21a2228c5a53c,"[[2, 0], [3, 0], [3, 3]]"
f_dd5d0bd08008d0e951f5,"[[2, 0], [2, 1], [2, 2], [5, 0], [5, 1], [5, 2], [6, 1], [6, 2]]"
f_9a818d1bd27395fc39bc,"[[1, 0], [1, 1], [1, 2]]"
f_c17296699a1a5799f60c,"[[4, 1], [5, 1], [6, 1], [7, 1], [7, 2], [7, 4], [8, 1]]"
f_2583990df436da0eda98,"[[2, 0], [2, 1], [2, 2], [15, 0], [15, 1], [15, 2], [16, 1], [16, 2]]"
f_791eafb2580f433f8a3f,"[[6, 0], [6, 1], [6, 2], [7, 0], [7, 1], [7, 2], [8, 0], [8, 2], [9, 0], [9, 2], [10, 0], [10, 2], [11, 0], [11, 2], [12, 0]]"
f_4634e10e67bcf8b3cb4d,"[[2, 5], [2, 6], [2, 8], [4, 6]]"
f_8c391795abe39c6ec5a8,"[[2, 0], [2, 3], [3, 0], [3, 1], [3, 3]]"
f_1f1041fc7f4887555a5e,"[[4, 0], [4, 4], [4, 5], [4, 6], [5, 0], [5, 4], [5, 5], [5, 6], [6, 0], [6, 4], [6, 5], [6, 6], [7, 0], [7, 4], [7, 5], [7, 6], [8, 0], [8, 4], [8, 5], [8, 6]]"
f_1b1c63a670bdbcf36975,"[[2, 0], [3, 0], [4, 0], [4, 1], [4, 3], [5, 0], [5, 3]]"
f_51ae61bd1a67138a4e28,"[[14, 0], [15, 0], [16, 0], [16, 1], [16, 2], [16, 3], [17, 0]]"
f_7413bc4ff231467b5a8a,"[[2, 0], [3, 0], [4, 0], [4, 1], [4, 2]]"
f_f628640e3001083a6f43,"[[2, 1], [2, 2], [2, 4], [3, 1], [3, 2], [3, 4]]"
f_6dc2fc76f91bf68779f0,"[[7, 6], [8, 6], [9, 0], [9, 1], [9, 6], [10, 0], [10, 6], [11, 0]]"
f_5ab48567947ac17a3aef,"[[2, 0], [2, 1], [2, 2], [3, 0], [3, 1], [3, 2]]"
f_ab74d8c3aec473a7d41c,"[[1, 0], [1, 1], [1, 4], [3, 0], [3, 1], [3, 4], [4, 0], [4, 1], [4, 4]]"
f_0ddeae3371450932f826,"[[0, 0], [0, 2], [1, 2]]"
f_1fe8081b29d358294c50,"[[2, 0], [2, 1], [2, 4], [3, 0], [3, 1], [3, 4]]"
f_ba6b574fda171d5294b8,"[[2, 0], [3, 0], [3, 1], [3, 2], [4, 0], [5, 0], [6, 0]]"
f_3ceec90857378831ec99,"[[1, 0], [1, 1], [2, 0], [2, 1], [3, 0], [3, 1], [3, 2], [3, 4], [4, 0], [4, 1], [5, 0], [5, 1], [6, 0], [6, 1], [7, 0], [7, 1], [8, 0]]"
f_2210c49dde58f6c8fb06,"[[2, 0], [2, 2], [3, 0], [3, 2], [4, 0], [4, 2], [5, 0], [5, 2], [6, 0], [6, 1], [6, 2], [7, 0]]"
f_f62b2d2edc89999b99b3,"[[9, 0], [10, 0], [11, 0], [12, 0], [12, 1]]"
f_45d29dc5a815c48681eb,"[[1, 0], [2, 0], [2, 1], [2, 3], [2, 4]]"
f_a386039c67fde5d7b958,"[[27, 0], [27, 2]]"
f_daca0082bfe9af217ae3,"[[2, 0], [2, 1], [2, 4]]"
f_811855178e378f0a3f7f,"[[18, 0], [19, 0], [19, 1], [19, 2], [19, 3], [20, 0], [20, 1], [20, 2]]"
f_8764ec7563caa820f267,"[[2, 0], [3, 0], [4, 0], [5, 0], [6, 0], [7, 0], [8, 0], [9, 0], [10, 0], [11, 0], [12, 0], [13, 0], [14, 0], [15, 0], [16, 0], [16, 11], [16, 12]]"
f_ccd0422a2ef204fb1d67,"[[11, 0], [11, 1], [12, 0], [12, 1], [13, 0], [13, 1]]"
f_fdc4f32bfe0c54b8df92,"[[6, 0], [7, 0], [7, 1], [7, 3], [7, 4]]"
f_f06bcc3a8c49ebe851bf,"[[2, 0], [2, 1], [2, 5], [3, 0], [3, 1], [3, 5], [4, 1], [4, 5]]"
f_26ac6f1c0c2efe2d78c4,"[[1, 0], [2, 0], [2, 1], [2, 2], [8, 1], [8, 2], [9, 1], [9, 2], [11, 1], [11, 2], [13, 1], [13, 2], [14, 1], [14, 2], [19, 1], [19, 2], [20, 1], [20, 2]]"
f_5913bfff400d8321c53d,"[[5, 0], [5, 1], [5, 2], [6, 0], [6, 5], [7, 0], [7, 5]]"
f_40f5ed93fd7f63b50d4a,"[[1, 0], [1, 1], [1, 2], [2, 0], [2, 1], [2, 2]]"
f_b4f50b0cfbd9438b36f0,"[[4, 0], [5, 0], [5, 1], [5, 2]]"
f_8070e0c24bf8847888d4,"[[1, 1], [1, 2], [1, 4], [2, 1], [2, 2]]"
f_af3fb56df6c81a091e9d,"[[1, 1], [1, 3], [2, 0], [2, 1], [2, 3]]"
f_56ac166781cf60886bcb,"[[10, 0], [11, 0], [12, 0], [13, 0], [13, 11], [13, 12]]"
f_054c50d0489d675b4e30,"[[1, 1], [2, 1], [3, 1], [4, 1]]"
f_cba86bd6e2e9315ccf82,"[[14, 0], [14, 1], [14, 2], [15, 0], [15, 1], [15, 2], [15, 3], [15, 4]]"
f_8c68725db2fbbf106c65,"[[2, 1], [3, 1], [4, 1], [5, 4], [5, 6]]"
f_dbc170bf6e636b110a80,"[[1, 1], [1, 2], [1, 3], [1, 5]]"
f_7d51974572eed47ca49d,"[[3, 0], [3, 1], [3, 3], [4, 0], [4, 1], [4, 3], [5, 0], [5, 1], [5, 3]]"
f_1720071cd97c61846f23,"[[2, 0], [3, 0], [3, 4], [3, 5], [3, 6], [3, 7]]"
f_019e25e3fc284c154286,"[[3, 0], [3, 1], [3, 2], [3, 3], [4, 0], [4, 1], [4, 2], [4, 3], [5, 0], [6, 0], [7, 0], [8, 0], [8, 1], [8, 2], [8, 3]]"
f_b5e76b215f2f7531a863,"[[2, 0], [2, 1], [2, 2], [2, 3], [2, 4], [2, 5], [2, 6], [3, 0], [3, 1], [3, 2]]"
f_177e5127a51e21c54fa9,"[[1, 0], [2, 0], [3, 0], [3, 1], [4, 0], [4, 1], [4, 2], [4, 3], [5, 0], [5, 1], [6, 0], [6, 1], [7, 0], [8, 0], [9, 0]]"
f_a7cb31165b76a628e885,"[[2, 0], [2, 1], [2, 2], [9, 0], [9, 1], [9, 2], [10, 1], [11, 1], [12, 1], [13, 1], [14, 1], [15, 1], [16, 1], [17, 1], [18, 1]]"
f_82c489c264ad1c72f0b2,"[[9, 0], [10, 0], [11, 0], [12, 0], [13, 0], [13, 1], [13, 4]]"
f_8428beb2b9b28547fa2e,"[[1, 0], [1, 1], [1, 2], [5, 0], [6, 0], [6, 1], [6, 2], [7, 0]]"
f_3a52231157ea331adc53,"[[1, 1], [1, 2], [18, 0], [18, 1], [18, 2], [18, 3], [19, 0], [19, 1], [19, 2], [19, 3]]"
f_9ed5d94c1c11ee814313,"[[4, 0], [4, 1], [4, 2], [5, 0], [5, 1], [5, 2], [6, 0], [6, 1], [6, 2]]"
f_482ff441c23195c5f49d,"[[11, 0], [12, 0], [13, 0], [14, 0], [15, 0], [15, 1], [15, 2], [15, 3], [16, 0], [17, 0]]"
f_14061982d6eec8ebb4e5,"[[2, 0], [2, 1], [2, 2], [3, 0], [3, 1], [3, 2], [5, 0], [5, 1], [5, 2]]"
f_629648bffbf9396c2917,"[[3, 0], [4, 0], [5, 0], [5, 1], [5, 3]]"
f_1c715d8abe06c6ce0bce,"[[13, 1], [13, 3], [14, 0], [14, 1], [14, 3], [15, 0], [15, 1], [15, 3], [20, 1], [20, 3], [26, 1], [26, 3], [27, 1], [27, 3]]"
f_7bd6c3bc2d31ee9fbf04,"[[1, 3], [8, 3]]"
f_68b39f51dddcf57d8742,"[[1, 0], [1, 1], [1, 2], [2, 1], [3, 1], [4, 1], [5, 1], [6, 1], [7, 1], [8, 1], [9, 1], [10, 1], [11, 1], [12, 1], [13, 1], [14, 1], [15, 1], [16, 1], [17, 1], [18, 1], [19, 1], [20, 1], [21, 1], [22, 1], [23, 1], [24, 1], [25, 1], [26, 1], [27, 1], [28, 1], [29, 1], [30, 0], [30, 1], [30, 2]]"
f_ec81e6f38e2385013925,"[[7, 0], [7, 2], [7, 3], [7, 4], [8, 0], [8, 2], [8, 3], [8, 4]]"
f_5a7b730abbde2eed905c,"[[2, 1], [2, 2], [2, 3], [3, 1], [3, 2], [3, 3]]"
f_a2633cc97c98af108cb6,"[[1, 0], [1, 1], [1, 2], [1, 3], [8, 0], [8, 1], [8, 2], [8, 3], [15, 1], [17, 1], [20, 1]]"
f_43ae50dedf5a98512de6,"[[2, 1], [2, 6], [2, 7], [3, 1], [3, 6]]"
f_e62a31dd9af6048fe6b8,"[[8, 0], [8, 2], [9, 0], [9, 2], [10, 0], [10, 2], [12, 0], [12, 2], [14, 0], [14, 2], [15, 0], [15, 2], [17, 0], [17, 2], [18, 0], [18, 2], [19, 0], [19, 2], [20, 0], [20, 2], [21, 0], [21, 2], [22, 0], [22, 2], [23, 0], [23, 2], [24, 0], [24, 2], [25, 0], [25, 2], [26, 0], [26, 2], [29, 4], [29, 5], [29, 6]]"
f_d3a228ea9028598163ef,"[[2, 0], [2, 2], [2, 3]]"
f_56da2253089ceea6c1ae,"[[5, 3], [7, 3]]"
f_f6ae8fc3f9a329a66266,"[[2, 0], [2, 8], [10, 8]]"
f_cb3d3a34f476bb55d43d,"[[2, 0], [2, 3], [3, 0], [3, 3], [4, 0], [5, 0], [5, 3], [6, 0], [6, 3], [7, 0], [7, 3], [8, 0], [8, 3]]"
f_74fb8051543cdbd5ac94,"[[18, 0], [18, 1], [18, 2], [18, 3], [19, 0], [19, 1], [19, 2], [19, 3]]"
f_484e09aba61b1fec5f67,"[[2, 0], [2, 1], [2, 2], [6, 0], [6, 1], [6, 2], [10, 0], [10, 1], [10, 2]]"
f_6ecd30268c8b46faaf02,"[[6, 0], [6, 1], [6, 2], [6, 3], [11, 2]]"
f_3ec89b0a3405b4f3a769,"[[1, 1], [1, 2], [1, 4], [2, 1], [2, 2], [2, 4]]"
f_a340ad78b397d9a14357,"[[1, 3], [4, 3]]"
f_feb93ad6fdbbe730e76c,"[[10, 1], [10, 2], [13, 1], [13, 2], [14, 1], [14, 2], [15, 1], [15, 2], [16, 1], [16, 2], [17, 1], [17, 2], [19, 1], [19, 2], [27, 4]]"
f_7827dd3164b0f29eddb0,"[[21, 0], [21, 1], [21, 2], [22, 0], [22, 1], [22, 2]]"
f_2a88d07ec86f7a995b69,"[[4, 0], [5, 0], [6, 0], [6, 1], [6, 2], [6, 3], [7, 0], [7, 1], [7, 2], [7, 3], [7, 4], [7, 5], [8, 0]]"
f_5a8c6b20978808acab5a,"[[2, 3], [3, 3], [4, 3], [5, 3], [6, 3], [7, 3], [8, 3], [9, 3], [10, 3], [11, 3], [12, 3], [13, 3], [14, 1], [14, 3], [15, 0], [15, 1], [15, 3]]"
f_bc2457badca7d49457ee,"[[1, 0], [1, 3], [2, 0], [2, 3]]"
f_989a82edbd71814e3166,"[[1, 2], [1, 4], [2, 1], [2, 4]]"
f_60a29ee464e9644687b5,"[[2, 0], [2, 1], [2, 2], [2, 3], [3, 0], [3, 2], [3, 3]]"
f_de57dcd3817447b08e22,"[[3, 1], [4, 1], [5, 1], [7, 1], [8, 1], [9, 1], [11, 3], [11, 4]]"
f_769138949ecb35dd1b9f,"[[14, 0], [14, 1], [14, 2], [14, 3], [15, 0], [15, 3], [16, 0], [16, 3], [17, 0], [17, 3], [18, 0], [18, 1], [18, 2], [18, 3], [19, 0], [19, 3], [20, 0], [20, 1], [20, 2], [20, 3], [21, 0], [21, 3], [22, 0], [22, 3]]"
f_459bfec039cb464adb81,"[[1, 0], [1, 1], [1, 3], [1, 4], [2, 0], [2, 1], [2, 3], [2, 4], [3, 0], [3, 1], [3, 3], [3, 4]]"
f_b9af8418a0c7131ebadd,"[[1, 2], [1, 4], [2, 2], [2, 4]]"
f_f580ba78f2f9affe3433,"[[22, 0], [23, 0], [23, 1], [23, 2], [24, 0]]"
f_eedf55decb132062f948,"[[2, 0], [3, 0], [3, 2], [3, 3]]"
f_00c6b246f3e1a4ec3811,"[[1, 2], [1, 4], [2, 2], [2, 4]]"
f_2fbc60c2981d36e983c3,"[[2, 0], [2, 2], [3, 0], [3, 2]]"
f_01960d6cc2060268f88a,"[[9, 0], [9, 1], [9, 2], [9, 3], [10, 0], [10, 1], [10, 2], [10, 3]]"
f_e12fb0abd0199fd14cef,"[[4, 0], [4, 5], [5, 0], [5, 5], [6, 0], [6, 5], [7, 0], [7, 5]]"
f_ed7f3bd1bdd59bbb846e,"[[1, 0], [1, 2], [1, 3], [2, 0], [2, 2], [2, 3], [3, 0], [3, 2], [3, 3], [4, 0], [4, 2], [4, 3], [5, 0], [5, 2], [5, 3], [6, 0], [6, 2], [6, 3], [7, 0], [7, 2], [7, 3]]"
f_8ddd7f0010637468d022,"[[3, 0], [4, 0], [5, 0], [5, 1], [5, 2], [6, 0], [7, 0]]"
f_121b967351fec8b0480f,"[[22, 0], [22, 1], [23, 0], [23, 1], [24, 0], [24, 1]]"
f_8cfca276a18e2a00257c,"[[10, 0], [11, 0], [11, 1], [11, 2]]"
f_f9aa0033c0d01880f0ec,"[[3, 0], [4, 0], [5, 0], [6, 0], [7, 0], [9, 0], [11, 0], [12, 0], [13, 0], [14, 4], [14, 7]]"
f_da46e36b94c7b979f628,"[[1, 0], [1, 1], [2, 0], [2, 1]]"
f_bedf735d3f55abf15e84,"[[1, 4], [5, 4], [7, 4]]"
f_64de484167689df18be0,"[[1, 1], [1, 2], [1, 3], [1, 4], [2, 1], [2, 2], [2, 3], [2, 4], [3, 1], [3, 2], [3, 3], [3, 4], [4, 0], [4, 1], [4, 2], [4, 3], [4, 4], [5, 1], [5, 2], [5, 3], [5, 4]]"
f_5597204dd611232d3cee,"[[6, 0], [6, 1], [6, 2], [6, 3], [6, 4], [6, 5], [6, 6], [6, 7], [6, 8], [6, 9], [6, 10], [6, 11], [6, 12], [9, 0], [9, 2], [9, 11]]"
f_f9769c698020b3f5cffa,"[[2, 0], [2, 2], [2, 3], [2, 4], [3, 0], [3, 2], [3, 3], [3, 4], [4, 0], [4, 2], [4, 3], [4, 4], [5, 0], [5, 2], [5, 3], [5, 4]]"
f_0c8f21a23f19b250b692,"[[1, 0], [1, 1], [1, 2], [1, 3], [1, 4], [2, 0], [2, 2], [2, 3], [2, 4]]"
f_454ea9d8f0814bf025a4,"[[7, 0], [7, 1], [7, 3], [8, 0], [8, 3]]"
f_9cf9f8d37cbe6a923edc,"[[1, 0], [1, 4], [2, 0], [2, 4], [3, 0], [3, 4], [4, 0], [4, 4], [5, 0], [5, 4], [6, 0], [6, 4], [7, 0], [7, 4], [8, 0], [8, 4], [9, 0], [9, 4], [10, 0], [10, 4], [11, 0], [11, 4], [12, 0], [12, 4], [13, 0], [13, 4]]"
f_ead0a6f0362660db1f66,"[[8, 0], [9, 0], [9, 1], [9, 2], [10, 0], [11, 0], [12, 0], [13, 0], [14, 0], [15, 0]]"
f_aaa58932507a02c9702b,"[[0, 1], [0, 2], [0, 3], [1, 1], [1, 4]]"
f_564d47786b30ff8de900,"[[7, 2], [8, 2], [9, 2], [10, 1], [10, 2], [11, 0], [11, 1], [11, 2], [12, 1], [12, 2], [13, 1], [13, 2], [14, 1], [14, 2], [15, 1], [15, 2], [16, 1], [16, 2], [17, 2], [18, 2]]"
f_3af80b45fd2df3620042,"[[1, 2], [2, 2], [3, 0], [3, 1], [3, 2], [3, 3], [4, 2]]"
f_32533345e00e8126bad5,"[[1, 0], [1, 1], [2, 0], [2, 1], [2, 2], [2, 3], [2, 4]]"
f_6cf98eb040cc18f7e22e,"[[3, 1], [3, 2], [3, 3], [3, 4], [4, 1], [4, 2], [4, 3], [4, 4], [5, 1], [5, 2], [5, 3], [5, 4], [6, 1], [7, 1]]"
f_66d1a62a6f4ea0e86dfd,"[[0, 1], [0, 2], [5, 1], [5, 2]]"
f_e4522391051783b1bd9d,"[[3, 0], [3, 1], [4, 0], [4, 1], [4, 2], [4, 3], [5, 0], [5, 1], [5, 2], [5, 3], [6, 2], [7, 2], [8, 2], [9, 2], [10, 2], [11, 2], [12, 2]]"
f_a6304980518813600923,"[[5, 0], [5, 3], [6, 0], [6, 3]]"
f_51837d753547163168c0,"[[9, 0], [9, 1], [9, 2], [9, 3], [12, 0], [12, 1], [12, 2]]"
f_da49eff13ec53a38c8d9,"[[1, 1], [2, 1], [3, 1], [4, 1], [5, 1], [6, 1], [7, 1], [8, 1], [9, 1]]"
f_d5b846414c03a20574b7,"[[2, 0], [3, 0], [4, 0], [5, 0], [5, 1], [5, 2], [5, 4], [6, 0]]"
f_eadc951cc81a4a001dc0,"[[3, 0], [4, 0], [4, 1], [4, 2], [4, 4]]"
f_2ce71158e28598861514,"[[2, 3], [2, 6], [2, 7], [3, 3], [3, 7], [4, 3], [4, 7], [5, 3], [5, 7]]"
f_9775aeffea9b8aa6eb36,"[[1, 2], [1, 4], [2, 2], [2, 4]]"
f_e0792e1f32c45043a940,"[[8, 0], [9, 0], [10, 0], [10, 1], [10, 3], [10, 4], [11, 0], [12, 0]]"
f_1137874a1e101dde3d45,"[[8, 0], [9, 0], [10, 0], [11, 0], [14, 0], [14, 1], [15, 0], [15, 12], [16, 0]]"
f_64fa4722def60ecd3fcf,"[[3, 0], [4, 0], [5, 0], [6, 0], [7, 0], [8, 0], [8, 1], [9, 0], [9, 1], [9, 2], [9, 3], [9, 4]]"
f_68a327388b4019b48c31,"[[2, 0], [2, 1], [6, 1], [11, 1], [12, 1], [13, 0], [13, 1], [14, 1], [16, 0], [16, 1], [17, 1]]"
f_a10f15daf78716183a49,"[[1, 0], [1, 1], [1, 2], [1, 3]]"
f_d7cf540ad5f003c739d9,"[[1, 0], [1, 1], [1, 2], [1, 4], [2, 0], [2, 1], [2, 2], [2, 4]]"
f_4a3d775b178966b18619,"[[11, 6], [12, 6], [13, 2], [13, 3], [13, 4], [13, 5], [13, 6], [14, 6], [15, 6]]"
f_aeb16da13b778f47fd5a,"[[2, 0], [2, 1], [3, 0], [3, 1], [4, 0], [4, 1], [5, 0], [5, 1], [6, 0], [6, 1], [7, 0], [7, 1], [8, 0], [8, 1], [9, 0], [9, 1], [10, 0], [10, 1], [11, 0], [11, 1], [12, 0], [12, 1], [13, 0], [13, 1], [14, 0], [14, 11], [14, 12]]"
f_73dd0a5de354da5e2f54,"[[8, 0], [8, 1], [8, 2], [9, 0], [9, 1], [9, 2]]"
f_524e82d57e0fa24d3683,"[[16, 0], [16, 1], [17, 0], [17, 1], [18, 0], [18, 1]]"
f_c555a11910f03a588a30,"[[2, 0], [2, 1], [2, 2], [3, 0], [3, 1], [3, 2], [4, 1], [5, 1]]"
f_ef0b8b4a7641acf0f1ea,"[[1, 1], [2, 1], [4, 1]]"
f_ed3caf7ca06f87569e61,"[[2, 0], [2, 1], [3, 0], [3, 1], [4, 0], [4, 1], [5, 0], [5, 1], [6, 0], [6, 1], [7, 0], [7, 1], [8, 0], [8, 1], [9, 0], [9, 1], [10, 0], [11, 0], [11, 1], [12, 0], [12, 1], [13, 0], [13, 1], [14, 0], [15, 0], [15, 1], [16, 3]]"
f_ae4f70d58457fe40740c,"[[7, 0], [7, 2], [7, 3], [7, 4], [12, 0], [12, 2], [12, 3], [12, 4]]"
f_3391ec669070913c8f2d,"[[1, 2], [5, 2]]"
f_17e3a35470536f629ca3,"[[1, 1], [1, 2], [1, 3], [2, 1], [2, 2], [2, 3], [3, 3]]"
f_bf5b91fdb8774743fca5,"[[6, 0], [6, 1], [6, 2], [6, 3], [8, 0], [8, 1], [8, 2], [8, 3], [9, 0], [9, 1], [9, 2], [9, 3], [10, 0], [10, 1], [10, 2], [10, 3], [11, 0], [11, 1], [11, 2], [11, 3], [12, 0], [12, 1], [12, 2], [12, 3], [13, 0], [13, 1], [13, 2], [13, 3], [14, 0], [14, 1], [14, 2], [14, 3]]"
f_215f9030493cbbe1fdf2,"[[1, 0], [1, 1], [1, 2], [1, 3], [2, 0], [2, 1], [2, 2], [2, 3]]"
f_537d388c00730181dcd1,"[[12, 4], [13, 4], [14, 0], [14, 3], [14, 4], [15, 3]]"
f_8d10246cbd218d22d030,"[[6, 0], [6, 1], [6, 2], [7, 0], [7, 1], [7, 2], [8, 0]]"
f_560f08dd27215167e6ef,"[[1, 0], [1, 1], [1, 2], [2, 0], [2, 1], [2, 2], [3, 0], [3, 1], [3, 2], [4, 0], [4, 1], [4, 2], [5, 0], [5, 1], [5, 2], [6, 0], [6, 1], [6, 2], [7, 0], [7, 1], [7, 2], [8, 0], [8, 1], [8, 2], [9, 0], [9, 2], [10, 0], [10, 2], [11, 0], [11, 2], [12, 2], [13, 2], [14, 2], [15, 2], [16, 2], [17, 2], [18, 2]]"
f_c13018335693e6224bda,"[[14, 1], [14, 2], [14, 3], [14, 4], [15, 3], [16, 3], [17, 3], [18, 1], [18, 2], [18, 3], [18, 4]]"
f_d5f6f1e4a989406c848d,"[[2, 0], [2, 1], [2, 3], [2, 4], [3, 0], [3, 1], [3, 3], [3, 4]]"
f_06b5d1e9270115a5411f,"[[10, 0], [10, 1], [10, 2]]"
f_378414c9d24fa311f3d3,"[[3, 2], [3, 3], [7, 2], [7, 3], [7, 4], [8, 2], [8, 3], [8, 4]]"
f_b8aacbfa6c7cec4b3a11,"[[6, 0], [7, 0]]"
f_35add96a8baa721ed19a,"[[0, 0], [2, 2], [2, 4]]"
f_0e6dbd1e96da0e747530,"[[11, 0], [11, 1], [11, 3], [13, 0], [13, 1], [13, 3]]"
f_8e48a90c1928103fea6b,"[[2, 0], [2, 4], [3, 0], [3, 4], [3, 6]]"
f_6ecb2c9324f2e238625a,"[[10, 0], [10, 1], [10, 2], [11, 0], [11, 1], [11, 2]]"
f_77d54fca2c239e6e51b7,"[[6, 0], [6, 1], [6, 3]]"
f_c46f197f65dae0e4fc6e,"[[3, 0], [3, 1], [3, 2], [3, 3], [3, 4]]"
f_5fe9acef5ff4c4def195,"[[20, 0], [20, 3], [20, 4], [21, 0], [21, 3], [21, 4]]"
f_08204db486fcaa3b5ac1,"[[6, 0], [6, 1], [6, 2], [6, 3]]"
f_2920ba76763f6f8da03f,"[[1, 0], [2, 0], [3, 0], [4, 0], [5, 0], [6, 0], [7, 0], [8, 0], [9, 0], [10, 0], [11, 0], [12, 0], [13, 0], [14, 0], [15, 0], [16, 0], [17, 2], [17, 3]]"
f_2c5cc552b55c135fee0b,"[[1, 0], [1, 1], [1, 2], [1, 6], [2, 0], [2, 1], [2, 2], [2, 4], [2, 6], [3, 0], [3, 1], [3, 6], [4, 6]]"
f_b3bed79154b01b8c189a,"[[7, 0], [8, 0], [8, 1], [8, 2]]"
f_790aff6b39af945344b0,"[[2, 1], [2, 7], [10, 7]]"
f_6827993fefdce697c17d,"[[5, 0], [7, 0]]"
f_0ca6b0c8d1bd3a713ad2,"[[1, 0], [1, 1], [1, 2], [1, 3], [1, 4]]"
f_61c91c45257b9836cba2,"[[16, 0], [17, 0], [17, 1], [17, 2], [18, 0]]"
f_168fb9d6bd9a6868608a,"[[4, 0], [4, 1], [4, 2], [4, 4], [11, 0], [11, 1], [11, 2]]"
f_32613cbff4ce6b4b8004,"[[22, 1], [22, 2], [22, 3], [22, 4]]"
f_8585911a640add2b764e,"[[6, 0], [6, 1], [7, 0], [7, 1], [7, 2], [8, 0], [9, 0]]"
f_eec826c13d17b894c1b5,"[[1, 0], [1, 1], [1, 2], [1, 4], [2, 1], [2, 2], [2, 4]]"
f_cbf2bf8e30bbd272637e,"[[9, 0], [9, 1], [9, 2], [9, 3], [9, 4], [9, 5], [12, 1], [12, 2], [12, 3], [12, 4]]"
f_4a4aef8230ef0c38951c,"[[3, 0], [4, 0], [4, 1], [4, 2], [5, 0], [6, 0], [7, 0], [8, 0]]"
f_02ae4bb6d1c083e53044,"[[2, 0], [2, 1], [3, 0], [3, 1], [3, 2], [3, 3]]"
f_ea4b7bd8eb90307efe27,"[[7, 0], [7, 2], [9, 0], [9, 1], [9, 2], [9, 3], [9, 4]]"
f_02a3843eb766739e7e97,"[[4, 0], [4, 4], [5, 0], [5, 4]]"
f_ffa61262a1b28bd8a6c1,"[[4, 0], [4, 1], [5, 0], [5, 1]]"
f_a0cb11c7d18bdf009e5d,"[[1, 0], [1, 2], [1, 4], [2, 0], [2, 2], [2, 4]]"
f_d672c626402ca104e7a8,"[[7, 2], [7, 5], [8, 0], [8, 1], [8, 2], [8, 3], [8, 4], [8, 5]]"
f_7499c1d0d56eff88f20d,"[[2, 0], [3, 0], [4, 0], [5, 0], [6, 0], [7, 0], [8, 0], [9, 7]]"
f_5b9e9ca754adb4046cc6,"[[2, 0], [2, 1], [2, 2], [2, 3], [5, 0], [5, 1], [5, 2], [5, 3]]"
f_776471e1cff01aa4ed2e,"[[3, 0], [3, 2], [3, 3], [3, 4], [3, 5]]"
f_86ccf12555bbcf987ddd,"[[7, 0], [8, 0], [8, 1], [8, 2], [8, 3], [8, 4], [9, 0], [9, 3], [10, 0], [10, 1], [10, 2], [10, 3], [10, 4], [11, 0], [11, 1], [11, 2], [11, 3], [11, 4], [12, 3]]"
f_ea507eaab68097488b78,"[[3, 0], [3, 3], [4, 0], [4, 3]]"
f_0fc28669a4ca9004d4e5,"[[15, 0], [17, 0]]"
f_6741af7854e971b13d59,"[[1, 0], [1, 1], [1, 2], [1, 3], [2, 0], [2, 1], [2, 2], [2, 3]]"
f_4708a8fe8dbbe2d545bb,"[[10, 0], [10, 2], [10, 3]]"
f_ddfa1c821ae3742bc124,"[[1, 0], [1, 1]]"
f_c0f20f7889d466925040,"[[1, 0], [1, 3], [2, 0], [2, 3]]"
f_636626b0ab6445085436,"[[1, 2], [2, 2], [3, 2], [4, 2], [4, 3], [5, 2], [5, 3], [6, 0], [6, 1], [6, 2], [6, 3], [7, 2]]"
f_526559f4ffbe9236fa64,"[[11, 0], [11, 1], [11, 3], [11, 4], [12, 0], [12, 1], [12, 3], [12, 4]]"
f_0ec2e9550db2bf0105ba,"[[3, 0], [3, 1], [3, 2], [4, 0], [4, 1], [4, 2]]"
f_e9023e2bc0e663c90fe3,"[[1, 0], [2, 0], [3, 0], [3, 1], [3, 3], [3, 4]]"
f_7e490e3681d776fa2fd3,"[[7, 0], [8, 0], [8, 1], [8, 2]]"
f_9ba1f8f32a48cd46bc18,"[[3, 1], [3, 2], [4, 0], [4, 1], [4, 2], [5, 2], [6, 2]]"
f_7554c1e801a2408b3f76,"[[1, 2], [2, 1], [5, 3]]"
f_938ee610f49d4ac9b82f,"[[4, 4], [5, 0], [5, 1], [5, 2], [5, 4], [6, 0], [6, 1], [6, 2], [6, 4], [7, 0], [7, 1], [7, 2], [8, 1]]"
f_b6d2172602d9bfe7e25d,"[[17, 0], [18, 0], [18, 1], [18, 3], [18, 4], [19, 0], [20, 0], [25, 0], [25, 1], [25, 3], [25, 4], [26, 0]]"
f_e17f7a6e5b85990f2856,"[[7, 0], [7, 1], [7, 2], [8, 0], [9, 0], [10, 0], [11, 0], [12, 0], [12, 1], [12, 2], [13, 0]]"
f_82c1201b8959a5499b04,"[[1, 0], [1, 1], [1, 2], [2, 0], [2, 1], [2, 2]]"
f_4fb60c6fd377132361b7,"[[1, 2], [1, 5], [4, 5], [6, 5]]"
f_98c8a330d91b72fe8317,"[[1, 2], [1, 5], [2, 2], [2, 5]]"
f_c961f8013962fc228cfa,"[[1, 2], [3, 3]]"
f_38c141ee97e9cc2dd45a,"[[1, 0], [1, 1], [1, 2], [1, 3], [1, 4]]"
f_2139c471e7cc6ae52685,"[[1, 0], [1, 1], [2, 0], [2, 1]]"
f_9fb451bc5cb87ce7a021,"[[1, 1], [1, 2], [1, 4], [2, 1], [2, 2], [2, 4]]"
f_c0e7e452b001a59d2020,"[[1, 0], [1, 2], [2, 0], [2, 2], [3, 0], [3, 2]]"
f_fc0ec1737964e9f9dc86,"[[6, 0], [7, 0], [8, 0], [8, 1], [8, 2], [8, 3]]"
f_4407291fb04c03cfc979,"[[1, 0], [1, 2], [1, 3], [1, 4], [2, 0], [2, 2], [2, 3], [3, 0], [3, 2], [3, 3], [4, 0], [4, 2], [4, 3], [5, 0], [5, 2], [5, 3], [6, 0], [6, 2], [6, 3]]"
f_c3f375980e91032f5236,"[[2, 0], [2, 1], [2, 4], [3, 0], [3, 1], [3, 4], [4, 1], [4, 4], [5, 1]]"
f_8f4d2f51182ac859a021,"[[21, 0], [22, 0], [22, 1], [22, 3], [22, 4]]"
f_4706b41d6d4253b5f7b4,"[[3, 0], [3, 9], [4, 0], [4, 6], [4, 9]]"
f_45e946c9e3a9bad08134,"[[2, 0], [3, 0], [3, 2], [4, 0], [5, 0]]"
f_46b6fd17a742782bbc1b,"[[1, 0], [1, 2], [1, 3], [2, 0], [2, 2], [2, 3]]"
f_496ac83f97f447379c6f,"[[2, 0], [2, 1], [3, 0], [3, 1], [4, 0], [4, 1]]"
f_c3d7ca19462d63ccad74,"[[15, 1], [15, 3], [15, 4], [15, 6]]"
f_1da67580c8638c995562,"[[12, 0], [13, 0], [14, 0], [15, 0], [15, 1], [15, 2], [18, 0], [18, 1], [18, 2]]"
f_80547e8e57d0e3fe1542,"[[3, 1], [4, 0], [4, 1], [4, 5]]"
f_6520b61be8dea7851367,"[[1, 0], [1, 3], [1, 4], [1, 6], [4, 0], [4, 1], [4, 5]]"
f_23ad030b83e6b59c1869,"[[1, 0], [1, 3], [11, 3]]"
f_b66eab10c4a27297758c,"[[1, 2], [5, 2]]"
f_b0054042c92780345ee3,"[[2, 1], [4, 1], [5, 0], [5, 1], [5, 2], [6, 1]]"
f_8365c038a924185fde76,"[[2, 6], [6, 6], [8, 6]]"
f_5508a132b332e956f328,"[[2, 0], [2, 2], [2, 3], [3, 0], [3, 2], [3, 3], [4, 0], [4, 2], [4, 3]]"
f_f31b17536c3948c6a89a,"[[1, 0], [2, 0], [2, 1], [2, 2], [2, 3]]"
f_946eaff96e18503d763e,"[[1, 1], [1, 2], [2, 1], [3, 1], [4, 1], [5, 1], [6, 1], [7, 0], [7, 1], [7, 2], [7, 3]]"
f_759207c10db6e3f1368e,"[[6, 0], [7, 0], [7, 7]]"
f_c84b871bc209d62fd970,"[[4, 0], [5, 0], [5, 1], [5, 3], [5, 4], [5, 5]]"
f_e8240bbdc22bad10a2cb,"[[7, 0], [7, 1], [7, 2], [7, 3], [17, 0], [17, 1], [17, 2], [17, 3], [20, 0], [20, 1], [20, 2], [20, 3]]"
f_7c1163727aec88f4b18a,"[[2, 6], [3, 1], [3, 6], [6, 1], [6, 6], [7, 1], [7, 6], [8, 1], [8, 6]]"
f_4e58e65fcb6a05c18be2,"[[7, 2], [7, 3], [7, 4], [8, 2], [8, 3], [8, 4]]"
f_4bb7ff838e8293cfa240,"[[1, 0], [1, 1], [2, 0], [3, 0], [3, 1], [4, 0]]"
f_40e2aea04548701521d2,"[[1, 1], [1, 2], [10, 1], [10, 2], [11, 2], [11, 3], [11, 4]]"
f_8bd26c07fc48d2983b48,"[[2, 0], [24, 0], [25, 2]]"
f_9f460ecf362611320e1d,"[[1, 0], [1, 2], [2, 2]]"
f_08733e0c4af962e79298,"[[20, 0], [20, 2], [21, 0], [21, 3]]"
f_47b042f0980be04e2679,"[[4, 0], [4, 1], [4, 3], [4, 6], [5, 0], [5, 1], [5, 3], [5, 6], [6, 0], [6, 1], [6, 3], [6, 6], [7, 6]]"
f_e49836eda7089abccc2a,"[[2, 0], [3, 0], [3, 2], [3, 3], [4, 0]]"
f_1a55d33912ded12bfb14,"[[8, 0], [8, 1], [8, 3], [8, 4], [9, 0], [10, 0], [10, 1], [10, 3], [10, 4], [11, 0], [12, 0], [13, 0], [13, 1], [13, 3], [13, 4], [14, 0], [16, 0], [16, 1], [16, 3], [16, 4], [17, 0]]"
f_8ae841194a5288db8a7f,"[[9, 0], [10, 0], [10, 1], [10, 2], [11, 0], [12, 0], [13, 0], [13, 1], [13, 2], [14, 0], [15, 0]]"
f_74cf1ed5f07ab8795dd7,"[[2, 1], [2, 2], [3, 1], [3, 2]]"
f_0324b02434dc9182bcf8,"[[2, 0], [19, 0], [20, 2]]"
f_c4ef4f9869ff3eea7880,"[[3, 1], [3, 2], [3, 3], [9, 1], [10, 1]]"
f_830970c1d0bd5ef7397b,"[[1, 0], [1, 1], [1, 3], [1, 4], [2, 0], [2, 1], [2, 3], [2, 4]]"
f_dafc0fe7b0a9290c1c88,"[[1, 0], [1, 1], [1, 2], [1, 3], [2, 0], [2, 1], [2, 2], [2, 3], [3, 0], [3, 1], [3, 2], [3, 3], [4, 0], [4, 1], [4, 2], [4, 3], [5, 0], [5, 1], [5, 2], [6, 0], [6, 1], [6, 2], [7, 0], [7, 1], [7, 2], [8, 0], [8, 1], [8, 2], [9, 0], [9, 1], [9, 2], [10, 0], [10, 1], [10, 2], [11, 0], [11, 1], [11, 2], [12, 0], [12, 1], [12, 2], [13, 0], [13, 1], [13, 2], [14, 0], [14, 1], [14, 2], [15, 0], [15, 1], [15, 2], [16, 0], [16, 1], [16, 2]]"
f_c18a1e6870e6d9ded831,"[[26, 0], [26, 1], [26, 2], [26, 3], [26, 4], [26, 5], [27, 0], [27, 1], [27, 2], [27, 3]]"
f_5d206a065c22db9e5f99,"[[13, 0], [13, 1], [13, 2], [14, 0], [23, 0], [23, 1], [23, 2], [24, 0]]"
f_2aa186c47c41604519d7,"[[4, 3], [5, 0], [5, 1], [5, 2], [5, 3], [6, 3]]"
f_fd6fc674ef1b930e97bd,"[[3, 0], [3, 1], [3, 2], [4, 0], [4, 1], [4, 2]]"
f_faa256a5efdd7ec034a3,"[[5, 0], [5, 1], [5, 2], [5, 3], [5, 5], [6, 0], [6, 1], [6, 2], [6, 3], [7, 0], [7, 1], [7, 2], [7, 3], [9, 0], [9, 1], [9, 2], [9, 3]]"
f_c4f702d119b523d317af,"[[1, 0], [2, 0], [3, 0], [3, 1], [3, 2], [3, 3], [4, 0], [5, 0], [6, 0]]"
f_96a31207d7d8ec9a85d1,"[[1, 0], [1, 1], [1, 2], [1, 3], [2, 0], [2, 1], [2, 2], [2, 3]]"
f_c3774e5a5bab3afff1f5,"[[4, 0], [5, 0], [6, 0], [6, 1], [6, 2], [6, 3], [6, 4]]"
f_0403c645ad6c12a2e453,"[[1, 0], [1, 1], [1, 3], [2, 0], [2, 1], [2, 3], [3, 0], [3, 1], [3, 3], [4, 0], [4, 1], [4, 3]]"
f_2e76039368ed708bbe44,"[[8, 0], [8, 1]]"
f_a87b6fe7a030421c3f56,"[[7, 0], [8, 0], [8, 1], [8, 2], [9, 0], [10, 0]]"
f_b01d6eb4c107e40d594f,"[[3, 0], [4, 0], [4, 1], [4, 2], [4, 3]]"
f_9b1900bbcf28e9731fb0,"[[1, 0], [1, 1], [1, 2], [1, 3], [1, 4], [2, 0], [2, 1], [2, 2], [2, 3], [2, 4]]"
f_0feefe9f53195df53323,"[[2, 0], [2, 1], [2, 3]]"
f_112671779b1653ff347a,"[[3, 0], [3, 1], [3, 4], [3, 5], [6, 0], [6, 1], [6, 4], [6, 5]]"
f_e37567de269e54733319,"[[1, 0], [1, 1], [1, 3], [2, 0], [2, 1], [2, 3]]"
f_1afc2d54b50a4036cd7c,"[[1, 0], [1, 1], [3, 0], [3, 1], [5, 0], [5, 1]]"
f_736e44bbed81bc0d15e2,"[[3, 0], [4, 0], [4, 1], [4, 2], [5, 0], [6, 0], [12, 0], [12, 1], [12, 2]]"
f_48fab1af34280accb607,"[[3, 0], [4, 0], [4, 1], [4, 2], [6, 0], [6, 1], [6, 2]]"
f_9ddd46302ac64308292a,"[[1, 0], [1, 1], [5, 0], [5, 1], [5, 3], [8, 0], [8, 1], [11, 0], [11, 1], [12, 0], [12, 1]]"
f_71c23bb7ee655d37bb4d,"[[2, 0], [3, 0], [4, 0], [5, 0], [6, 0], [7, 0], [8, 0], [9, 0], [10, 0], [11, 0], [11, 1], [11, 2], [11, 3], [11, 4], [12, 0], [13, 0], [14, 0]]"
f_9a247376fc1dde7ccd32,"[[1, 0], [1, 1], [1, 2], [1, 3], [2, 0], [2, 1], [2, 2], [2, 3]]"
f_a15104a6270b1f32ba53,"[[1, 1], [3, 2]]"
f_b001f2867a0eaa93be03,"[[0, 1], [0, 2], [0, 3], [1, 0]]"
f_5375db717c4d16b6581f,"[[10, 1], [11, 0], [11, 1], [11, 2]]"
f_a3067a3563f06cc878a8,"[[1, 0], [1, 1], [3, 0], [3, 1], [3, 2]]"
f_af888c90f95fd8f917b6,"[[1, 1], [1, 2], [2, 1], [2, 2], [3, 1], [3, 2], [4, 1], [4, 2]]"
f_74cd67e06e6ef50a1979,"[[1, 0], [1, 1], [1, 3], [2, 0], [2, 1], [2, 3], [3, 0], [4, 0], [5, 0], [6, 0], [7, 0], [8, 0], [8, 1], [8, 3], [9, 0], [9, 1], [9, 3], [10, 0], [10, 1], [10, 3], [11, 0], [11, 1], [11, 3], [12, 0], [12, 1], [12, 3], [13, 0], [14, 0], [15, 0], [16, 0], [17, 0]]"
f_f7a352d41dae53687f6e,"[[1, 0], [2, 0], [2, 1], [2, 2]]"
f_c834d4298250e1f79324,"[[2, 0], [2, 1], [2, 4], [3, 0], [3, 1], [3, 3], [3, 4]]"
f_2c1716af043ccee5e2df,"[[4, 0], [5, 0], [5, 1], [5, 2], [5, 3]]"
f_af1d3a82949b4e11e259,"[[6, 1], [6, 2], [6, 3], [8, 1], [8, 2], [8, 3]]"
f_0274d7fa624a35f95a7c,"[[7, 0], [7, 1], [7, 2], [7, 3], [7, 4], [13, 3], [14, 0], [14, 1], [14, 2], [14, 3], [14, 4], [21, 3]]"
f_54388b700df1166982c6,"[[2, 0], [2, 1], [2, 2], [3, 0], [3, 1], [3, 2], [4, 1], [4, 2], [5, 1], [5, 2]]"
f_7ed03c507810da2ca09b,"[[4, 0], [5, 0], [6, 0], [6, 1], [6, 2]]"
f_6f0ac7e497f9526d73bf,"[[1, 1], [1, 2], [1, 3], [2, 1], [2, 2], [2, 3]]"
f_f86b83c3ac3063537c4d,"[[1, 0], [1, 1], [1, 2], [2, 0], [2, 1], [2, 2]]"
f_97257df458dc680f12eb,"[[3, 0], [3, 1], [3, 2], [3, 3], [3, 4]]"
f_1b364b05269481e16479,"[[1, 0], [1, 1], [1, 2], [1, 3], [1, 4], [1, 5], [17, 0], [17, 1], [17, 2], [17, 3], [17, 4], [18, 0], [18, 1], [18, 2]]"
f_7ceee31eb91c52c177e9,"[[1, 1], [1, 2], [2, 1], [2, 2], [6, 3]]"
f_43451b18677f29d9c680,"[[1, 2], [1, 4], [1, 5], [2, 5], [3, 5], [4, 5], [5, 5]]"
f_97d9a5fe8a6850fe4898,"[[13, 0], [13, 1], [13, 2], [13, 3], [14, 0], [14, 1], [14, 2], [14, 3], [15, 0], [15, 1], [15, 2], [15, 3]]"
f_480687748836a9d265ce,"[[4, 0], [4, 1], [5, 0], [5, 1], [6, 0], [6, 1], [7, 0], [7, 1], [8, 0], [8, 1], [9, 0], [9, 1], [10, 0], [10, 1], [11, 0], [11, 1], [12, 0], [12, 1], [13, 0], [13, 1], [14, 0], [14, 1], [15, 0], [15, 1], [16, 0], [16, 1], [17, 0], [17, 1], [18, 0], [18, 1], [19, 0], [19, 1], [21, 4], [21, 5], [21, 7]]"
f_4a53c1793f6eafad0ee7,"[[1, 2], [1, 3], [2, 2], [2, 3]]"
f_46037740a8574dd93ab8,"[[1, 4], [1, 5], [2, 4]]"
f_6ddebafa843b1543710f,"[[2, 0], [2, 1], [2, 2], [2, 3], [3, 0], [3, 1], [3, 2], [3, 3]]"
f_a9143558a3da56268475,"[[1, 0], [1, 1], [1, 2], [2, 0], [2, 1], [2, 2], [3, 0], [3, 2], [4, 2]]"
f_773d79e67fe75a9b3816,"[[9, 0], [9, 1], [9, 2], [16, 0], [16, 1], [16, 2]]"
f_94aa3a9c0f84ca96fb64,"[[1, 1], [1, 2], [1, 3], [1, 4], [2, 1], [2, 2], [2, 3], [2, 4], [3, 1], [3, 2], [3, 3], [3, 4]]"
f_b43a6f9234bb2b118bfa,"[[12, 0], [12, 1], [12, 3], [13, 0], [13, 1], [13, 3]]"
f_f6239586e5aa6c16610f,"[[14, 1], [14, 5], [15, 1], [15, 5]]"
f_2ed8fd7b4d54f8862a0c,"[[11, 0], [11, 3], [12, 0], [12, 3]]"
f_9f50cff44171be70e3ca,"[[20, 0], [21, 0], [21, 1], [21, 2], [21, 3]]"
f_0e1f7ed494a73b326d62,"[[8, 0], [9, 0], [9, 1], [9, 3]]"
f_79fbb4decf35078055fe,"[[1, 0], [1, 1], [1, 2], [1, 3], [2, 0], [2, 1], [2, 2], [2, 3]]"
f_f9f0ca90e93d9def2672,"[[3, 0], [4, 0], [4, 1], [4, 2], [4, 3]]"
f_39fdecc7d7eff4277fda,"[[6, 2], [6, 4], [7, 2], [7, 4], [8, 2], [8, 4]]"
f_68a249588f33fc1d0643,"[[1, 0], [1, 1], [1, 2], [1, 3], [1, 5], [2, 1], [2, 2], [2, 3], [2, 5], [3, 1], [3, 2], [3, 3], [3, 5]]"
f_9f26a7e11097d67375e9,"[[6, 0], [6, 1], [6, 2], [6, 3], [7, 0], [7, 1], [7, 2], [7, 3], [7, 4]]"
f_bf7eb4f7d5ca77b00af9,"[[5, 1], [5, 2], [5, 3]]"
f_48e19a1407990d266e0f,"[[6, 1], [7, 1], [8, 0], [8, 1], [8, 2]]"
f_6079a3e097541cb1aa0f,"[[1, 2], [3, 1], [3, 2]]"
f_e5d9ed89ba2df603431c,"[[12, 0], [12, 1], [12, 2], [12, 3], [17, 0], [17, 1], [17, 2], [17, 3], [22, 0], [22, 1], [22, 2], [22, 3], [30, 0], [30, 1], [30, 2], [30, 3]]"
f_2c448adb501778449fde,"[[13, 0], [13, 3], [14, 0], [14, 1], [14, 2], [14, 3], [14, 4], [15, 0], [15, 3], [16, 0], [16, 1], [16, 2], [16, 3], [16, 4]]"
f_f831e899b2467955e272,"[[1, 0], [1, 1], [1, 2], [2, 0], [2, 1], [2, 2]]"
f_cc580a05c836b8db9199,"[[11, 1], [11, 3], [11, 4], [16, 1], [16, 3], [16, 4]]"
f_8b673159a9271cc3bbbb,"[[1, 2], [1, 3], [1, 4], [2, 3], [2, 4]]"
f_d5c6e95ca5ab44ea8b6b,"[[2, 0], [3, 0], [3, 1], [3, 2], [3, 3]]"
f_10aa53a9a5821d60df09,"[[1, 0], [1, 1], [1, 2], [1, 3], [2, 0], [2, 1], [2, 2], [2, 3], [3, 0], [3, 1], [3, 2], [3, 3], [4, 0], [4, 3], [5, 0], [5, 1], [5, 2], [5, 3], [6, 0], [6, 3], [7, 0], [7, 1], [7, 2], [7, 3], [8, 0], [8, 3]]"
f_9a29c89d1e759db82462,"[[2, 0], [2, 4], [2, 5], [4, 0], [4, 2], [4, 3], [4, 4], [4, 5]]"
f_ae20e2ffe8c65e1a4e2b,"[[1, 0], [1, 1], [1, 2], [1, 3], [1, 4], [1, 5], [2, 0], [2, 1], [3, 0], [3, 1], [4, 0], [4, 1], [5, 0], [5, 1], [6, 0], [6, 1], [7, 0], [7, 1], [8, 0], [8, 1], [9, 0], [9, 1], [10, 0], [10, 1], [11, 0], [11, 1], [12, 0], [12, 1], [13, 0], [13, 1], [14, 0], [14, 1], [15, 0], [15, 1], [16, 0], [16, 1], [17, 0], [17, 1], [18, 0], [18, 1], [19, 0], [19, 1], [20, 0], [20, 1], [21, 0], [21, 1], [22, 0], [22, 1], [23, 0], [23, 1], [24, 0], [24, 1], [25, 0], [25, 1], [26, 0], [26, 1], [27, 2]]"
f_46a7865c784b00534f39,"[[21, 0], [21, 1], [23, 0], [23, 1]]"
f_d6fecc7a9de25d5b0b45,"[[1, 2], [2, 0]]"
f_66f112aef323df71a448,"[[2, 0], [2, 1], [2, 2], [2, 3], [2, 4], [3, 0], [3, 1], [3, 2], [3, 3], [3, 4], [4, 1], [4, 2]]"
f_ea8dd1b4e3ce7f658274,"[[1, 1], [1, 2], [2, 1], [2, 2], [2, 4]]"
f_a9ad6b00d15f7e5ad130,"[[1, 0], [1, 2], [2, 0], [2, 2], [3, 0], [3, 1], [3, 2], [4, 2]]"
f_c5fa2c2a530220c76988,"[[3, 1], [4, 1], [5, 1], [6, 1], [7, 1], [8, 1], [9, 1], [10, 1], [11, 1], [12, 2]]"
f_f3a6b87ca20910f164c5,"[[1, 4], [2, 0], [2, 4]]"
f_bd6a634f43ee144e5171,"[[13, 0], [14, 0], [14, 4], [14, 5]]"
f_acba240e50e9b6507b06,"[[1, 0], [2, 0], [3, 0], [4, 0], [5, 0], [6, 0], [8, 0], [9, 0], [10, 0], [11, 0], [12, 0], [13, 0]]"
f_ed5a558ec4de39972cf0,"[[11, 0], [11, 2], [12, 0], [12, 2], [13, 0], [13, 2], [14, 0], [14, 1], [14, 2], [15, 0], [15, 2], [16, 0], [16, 2], [17, 0], [17, 2], [18, 0], [18, 2], [19, 0], [19, 2], [20, 0]]"
f_261d5164670f01b8a14f,"[[3, 0], [3, 5], [3, 6], [4, 0], [4, 5], [4, 6], [5, 0], [5, 5], [5, 6]]"
f_d72290cdf998d093cabb,"[[4, 1], [4, 2]]"
f_f455a457dcfc97fec553,"[[9, 2], [9, 3], [9, 4], [9, 5], [10, 2], [10, 3], [10, 4]]"
f_a9a22b0d0d541e4257ea,"[[2, 0], [2, 1], [3, 0], [4, 0], [6, 1]]"
f_62f2a46dbdda0175a6c3,"[[1, 2], [1, 4], [2, 2], [2, 3]]"
f_a8bdd9e8e5f547042f16,"[[5, 0], [5, 1], [5, 2], [5, 3], [6, 0], [6, 1], [6, 2]]"
f_df0a921f10958d5a585b,"[[1, 1], [28, 1], [29, 1], [30, 3], [30, 4], [30, 5], [30, 6]]"
f_011ced4dae55b25e0a76,"[[1, 2], [1, 3], [2, 2], [2, 3]]"
f_69ab6c6a315640fd51ce,"[[1, 2], [2, 2], [4, 2]]"
f_82f9f9bc609f076256bd,"[[6, 0], [7, 0], [7, 1], [7, 2], [8, 0]]"
f_8c85666e9c8aa86d499f,"[[6, 0], [7, 0], [7, 1], [7, 2]]"
f_7ead3edab1f25ec5321a,"[[20, 0], [21, 0], [22, 0], [23, 0], [24, 0], [24, 1], [24, 2], [24, 4], [25, 0], [25, 1], [25, 2], [26, 0], [26, 1], [26, 2]]"
f_9e5c680cf9719ca79074,"[[1, 0], [1, 4], [1, 5], [2, 0], [2, 5]]"
f_124afb082efac21dc6e1,"[[7, 0], [7, 1], [7, 2]]"
f_ab765dfeb607ee839e90,"[[1, 0], [2, 0], [3, 0], [4, 0], [5, 0], [6, 0], [7, 0], [8, 0], [9, 0], [10, 0], [10, 1], [10, 2], [11, 0], [11, 1], [11, 2]]"
f_458c8674a70c6bbc1ff2,"[[1, 1], [1, 2], [2, 1], [2, 2], [6, 3]]"
f_0b3044e2e58c02b5165d,"[[1, 0], [1, 1], [2, 0], [2, 1], [3, 0], [3, 1]]"
f_d71b072fb77507838225,"[[2, 0], [2, 1], [2, 2], [2, 3], [10, 0], [10, 1], [10, 2], [10, 3]]"
f_9029eeb03aea93d1873a,"[[2, 0], [3, 0], [3, 1], [3, 2], [3, 5], [3, 7], [3, 11], [4, 0], [5, 0]]"
f_2c859279d6cf3a320fed,"[[1, 1], [1, 2], [1, 3], [2, 1], [2, 2], [2, 3]]"
f_30c96577e41bd48401f4,"[[24, 0], [25, 3], [25, 4], [25, 5], [25, 6]]"
f_48681d0a5dbd58efd2da,"[[3, 1], [3, 2], [3, 3], [3, 4], [4, 1], [4, 2], [4, 3], [4, 4]]"
f_c147ee048e9bbf65fca0,"[[0, 1], [1, 1], [2, 1]]"
f_3471343029526e906b57,"[[3, 1], [5, 1]]"
f_cfb281c98ee7db6c79e7,"[[12, 4], [12, 5], [12, 6]]"
f_004c58ba0f2ca0b91951,"[[5, 2], [6, 0], [6, 1], [6, 2], [7, 1]]"
f_a6a1cdebf075b40b6cf7,"[[5, 0], [5, 1], [6, 0], [6, 1], [7, 0], [7, 1], [7, 3], [7, 4], [8, 0], [9, 0]]"
f_bbc55567611c407da0c0,"[[5, 0], [5, 2], [5, 3], [5, 4], [6, 2], [6, 3], [6, 4]]"
f_6de829d7139c4ae6e054,"[[1, 3], [2, 0], [2, 1], [2, 2], [2, 3], [3, 3]]"
f_67e5abde84b397c0fc51,"[[8, 0], [8, 1], [8, 2], [9, 0], [9, 1], [9, 2], [10, 0]]"
f_259574433db63e5329ab,"[[22, 0], [23, 0], [23, 2]]"
f_bc7eb4bd77617d4d93ce,"[[3, 0], [3, 1], [4, 0], [4, 1], [5, 0], [5, 1], [6, 0], [7, 0], [8, 0], [9, 0], [9, 1], [10, 0], [10, 1], [10, 2], [10, 3], [11, 0]]"
f_fab1028a5803aaa9757b,"[[1, 0], [1, 1], [2, 0], [2, 1], [3, 0], [3, 1], [4, 0], [4, 1], [5, 0], [5, 1], [6, 0], [6, 1], [7, 0], [7, 1], [8, 0], [8, 1], [9, 0], [9, 1]]"
f_924b7e34d5e55d32893e,"[[1, 0], [2, 0]]"
f_e74d5581bcc8f544a484,"[[6, 0], [7, 0], [8, 0], [9, 0], [10, 0], [11, 0], [12, 0], [13, 0], [14, 0], [14, 11], [14, 12]]"
f_378865219fc49435bb8b,"[[1, 1], [1, 2], [1, 4], [2, 1], [2, 2]]"
f_5d6c35f0bbe5910ec626,"[[10, 0], [10, 1], [10, 2], [10, 3], [11, 0], [12, 0], [12, 1], [12, 2], [12, 3], [13, 0], [13, 1], [13, 2], [13, 3]]"
f_1c6279c28dc01509e96b,"[[1, 0], [2, 0], [2, 1], [2, 2]]"
f_8e6a6c098f2777cc82fe,"[[1, 0], [1, 2], [2, 2], [2, 5]]"
f_1d227131f8e83966fc5e,"[[9, 0], [9, 1], [9, 2], [9, 3], [10, 0], [10, 1], [10, 2], [10, 3], [11, 0], [11, 1], [11, 2], [11, 3]]"
f_ff2663aff686a80e15b4,"[[15, 0], [15, 1], [15, 2], [15, 3], [16, 0], [16, 1], [16, 2], [16, 3], [17, 0], [17, 1], [17, 2], [17, 3], [18, 0], [18, 1], [18, 2], [18, 3]]"
f_1b3d1ae24536d7f58573,"[[1, 0], [1, 3], [3, 3]]"
f_d9563f5e66e2c4053b10,"[[5, 1], [5, 2], [10, 1], [10, 2]]"
f_3019ec52b60b4fdd1372,"[[1, 0], [1, 1], [1, 3], [2, 0], [2, 1], [2, 3]]"
f_fa3f5f985c4f98da576b,"[[3, 1], [4, 0], [4, 1]]"
f_9a472f05ffd3e70c0f99,"[[5, 2], [5, 4], [6, 2], [6, 4]]"
f_3588925bc94d79b39ede,"[[1, 0], [1, 3], [5, 0], [5, 2], [5, 3], [6, 0], [6, 3], [7, 0], [7, 3]]"
f_c34741a718a39a124760,"[[11, 0], [11, 1], [11, 2], [14, 1], [15, 1]]"
f_1478ff4704f6da760bbd,"[[4, 0], [4, 1], [6, 0], [6, 1], [28, 0], [28, 1], [31, 0], [31, 1]]"
f_f8ba6c444b65fde615f3,"[[1, 0], [1, 1], [1, 2], [2, 0], [2, 1], [2, 2], [3, 0], [3, 1], [3, 2], [4, 0], [4, 1], [4, 2], [5, 0], [5, 1], [5, 2]]"
f_9445fcca598d3b7353e6,"[[1, 1], [3, 1], [7, 1], [10, 1]]"
f_97554ac000add5041510,"[[6, 1], [6, 2], [6, 3], [7, 1]]"
f_03798b6c1cd0ab8821e7,"[[13, 0], [13, 1], [13, 2], [19, 0], [19, 1], [19, 2]]"
f_baec77670e53550969e5,"[[4, 0], [4, 2], [4, 3]]"
f_adcada8e97afc518bee6,"[[17, 1], [17, 2], [17, 11], [17, 12], [18, 11], [18, 12]]"
f_0eb5ef1acddf23681a5c,"[[1, 0], [1, 1], [1, 3], [2, 0], [2, 1], [2, 3], [7, 0], [7, 1], [7, 3], [9, 0], [9, 1], [9, 3]]"
f_31aeabbfcdbab1baeb92,"[[10, 0], [10, 2], [10, 5], [11, 0], [11, 2], [11, 5]]"
f_a30884befe765502b314,"[[0, 2], [1, 2]]"
f_e4e39ff8ef7da144b545,"[[7, 0], [7, 1], [8, 0], [8, 1], [9, 0], [9, 1], [10, 0], [10, 1], [11, 0], [11, 1], [12, 0], [12, 1], [13, 0], [13, 1], [14, 0], [14, 1], [15, 0], [15, 1], [16, 0], [16, 3], [16, 4], [17, 0]]"
f_02c670f8b5fdc03b1f22,"[[12, 0], [12, 1], [12, 2], [12, 3], [13, 0], [13, 1], [13, 2], [13, 3]]"
f_a821b7fe33d80280ebe7,"[[20, 1], [20, 2], [21, 1], [21, 2], [21, 3]]"
f_e815329fab291ba626b6,"[[5, 1], [5, 2]]"
f_86f9236b4a25d5f49540,"[[2, 5], [3, 5], [4, 5], [5, 5], [6, 5], [7, 5], [8, 0], [8, 1], [8, 5], [9, 0], [9, 1], [9, 2], [9, 5]]"
f_5e779feed1382bcbd9d9,"[[2, 2], [3, 0], [3, 1], [3, 2], [4, 0], [4, 1], [4, 2]]"
f_b1e62ef95095f77e9146,"[[1, 0], [2, 0], [3, 0], [4, 0], [5, 0], [6, 0], [7, 0]]"
f_57dfaed3e50f03c4019b,"[[4, 0], [5, 0], [5, 1], [5, 2], [5, 4], [6, 0]]"
f_9a95ea53d8a6ef1c19cb,"[[8, 1], [8, 2], [9, 1], [9, 2], [10, 1], [10, 2], [11, 1], [11, 2], [12, 1], [12, 2], [13, 1], [13, 2], [14, 1], [14, 2], [15, 1], [15, 2], [16, 1], [16, 2], [19, 1], [19, 2], [20, 1], [20, 2], [22, 1], [22, 2], [23, 1], [23, 2], [30, 4]]"
f_0cd2e54b2041726a543b,"[[1, 0], [1, 2]]"
f_178c3ef63fa7a5bb04c9,"[[3, 0], [3, 1], [3, 2]]"
f_1cfbeb90d1413454a8b5,"[[11, 0], [11, 1], [11, 2], [11, 3]]"
f_86a81366b7373c450138,"[[1, 0], [1, 1], [2, 0], [2, 1], [3, 0], [3, 1], [3, 2], [3, 3], [3, 4], [4, 0], [4, 1], [5, 0], [5, 1], [6, 0], [6, 1], [7, 0], [7, 1], [8, 0], [8, 1], [9, 0], [9, 1], [10, 0], [10, 1], [11, 0], [11, 1], [12, 0], [12, 1]]"
f_9e99992c8c8f3a87ca35,"[[18, 1], [19, 1], [19, 13], [20, 0], [20, 1], [20, 13], [21, 0], [21, 1], [21, 13], [22, 1], [23, 1], [24, 1]]"
f_1a7a93f5c74a408dfc97,"[[2, 0], [2, 1], [2, 3], [2, 4], [3, 0], [3, 1], [3, 4]]"
f_ebd58e8c3acff6ce5d69,"[[1, 0], [1, 1], [1, 2], [2, 0], [2, 1], [2, 2]]"
f_441bb1331d730af1e4a4,"[[1, 2], [1, 3], [2, 1], [2, 2], [2, 3], [2, 4], [3, 2], [3, 3], [4, 2], [4, 3]]"
f_d06450c6692f34869836,"[[1, 0], [1, 1], [4, 0], [4, 1]]"
f_0a954b3639ae6aede986,"[[6, 2], [7, 2], [8, 2], [9, 2], [10, 2], [11, 0], [11, 1], [11, 2], [11, 3], [12, 0], [12, 1], [12, 2], [12, 3]]"
f_37a64c341330b88ef7b6,"[[9, 0], [9, 1], [9, 2], [9, 4], [10, 0], [10, 1], [10, 2], [10, 4]]"
f_a7e02cfcacc957a57249,"[[1, 0], [1, 1], [1, 2], [6, 0], [6, 1], [6, 2]]"
f_05e0def0a3b95492387f,"[[2, 0], [2, 1], [2, 2], [13, 0], [13, 1], [13, 2], [14, 1], [14, 2], [15, 1], [16, 1]]"
f_15d869f40441e007cc9c,"[[2, 2], [2, 5], [3, 2], [3, 5]]"
f_79d5a7e52230889d09ba,"[[8, 3], [8, 4], [8, 5], [8, 6], [8, 7], [8, 8], [8, 9], [8, 10], [8, 11], [8, 12], [10, 11], [10, 12]]"
f_3b460aa616523c31be6c,"[[6, 0], [6, 1], [6, 2], [13, 0], [13, 1], [13, 2]]"
f_e79de336d44aca7c9910,"[[6, 0], [6, 1], [6, 2], [6, 4], [7, 0], [7, 1], [7, 2]]"
f_6b4a907d4f849649e1b7,"[[2, 4], [3, 4], [3, 5], [4, 4]]"
f_a91a44079c8b59d331cc,"[[8, 1], [8, 2], [9, 4]]"
f_d720ccc38d3dc64de53e,"[[6, 0], [7, 0], [8, 0], [9, 0], [9, 1], [9, 2]]"
f_052c60cad6308108b5b8,"[[10, 0], [11, 0], [11, 1], [11, 2]]"
f_b97ef8229ef8ca8cbc91,"[[6, 0], [7, 0], [7, 1], [7, 2], [7, 3]]"
f_58d9fa2fdd5d29eefb66,"[[4, 0], [5, 0], [5, 1], [5, 2], [5, 3], [6, 0]]"
f_72eb03ced858a84acc5c,"[[4, 1], [4, 2], [4, 3], [4, 4], [9, 1], [9, 2], [9, 3], [9, 4]]"
f_73a7fb3ab7a9cb339fcb,"[[5, 0], [6, 0], [6, 1], [6, 2], [6, 3], [6, 4]]"
f_1a3b4a6860c018f0bcfa,"[[5, 2], [6, 2], [7, 2], [8, 2], [9, 2], [10, 0], [10, 1], [10, 2]]"
f_7702a75f628095e5b953,"[[4, 0], [4, 2], [4, 3], [4, 4], [5, 2], [5, 3], [5, 4]]"
f_e7acb8db8afe90286d13,"[[1, 1], [1, 3], [1, 4], [2, 1], [3, 1]]"
f_87d3ad8ff3e7142b7709,"[[1, 0], [1, 1], [1, 3], [1, 5], [1, 6], [2, 0], [2, 1], [2, 3], [2, 5], [2, 6]]"
f_6df886d24ed4e164d7fa,"[[5, 0], [5, 1], [5, 2], [5, 3], [6, 0], [6, 1], [6, 2], [6, 3]]"
f_c56b100018035cb8c521,"[[2, 0], [3, 0], [3, 1], [3, 3], [3, 5]]"
f_7e270e200c1954b159b0,"[[4, 1], [4, 2], [6, 0], [6, 1], [6, 2], [6, 3], [10, 1], [10, 2], [12, 0], [12, 1], [12, 2], [12, 3]]"
f_b4b021852e21e7b4a1de,"[[2, 2], [4, 2]]"
f_284f194145b41746d288,"[[10, 0], [11, 0], [11, 1], [11, 2]]"
f_2c6efed2df56a9f469c3,"[[1, 2], [1, 4], [2, 2], [2, 4]]"
f_689f0176ec8b67b5e36a,"[[1, 0], [1, 3], [7, 3]]"
f_112d359a9917fff15408,"[[1, 0], [1, 1], [2, 0], [2, 1]]"
f_750e77c86791dc5d1087,"[[1, 0], [2, 0], [4, 0], [4, 1], [4, 2], [6, 0], [7, 0], [8, 0], [9, 0]]"
f_20ee2482c1da75df1d27,"[[4, 0], [4, 1], [4, 2], [5, 0], [5, 1], [5, 2]]"
f_3c0a81b915621a53036b,"[[2, 0], [2, 9], [3, 0], [3, 9], [4, 0], [4, 1], [4, 9], [5, 1], [5, 9], [6, 1], [6, 9], [7, 1], [7, 9]]"
f_39ae170b5308b56a6a27,"[[1, 0], [1, 2], [1, 3], [1, 4], [2, 0], [2, 2], [2, 3], [2, 4], [3, 0]]"
f_83b92e8aff70634e662f,"[[2, 0], [3, 0], [4, 0], [5, 0], [5, 1], [5, 2], [6, 0], [7, 0], [8, 0], [9, 0], [10, 0], [11, 0], [12, 0], [13, 0], [14, 0], [15, 0]]"
f_194721da12094e984502,"[[7, 1], [7, 2], [8, 1], [8, 2], [12, 1], [12, 2], [15, 1], [15, 2], [16, 1], [16, 2], [23, 4]]"
f_954be80533c409a35177,"[[5, 0], [5, 1], [5, 3], [7, 0], [7, 1], [7, 3], [32, 0], [32, 1], [32, 3]]"
f_eb3348cc9190f2f65216,"[[17, 1], [17, 7], [18, 0], [18, 1], [18, 7], [19, 0], [19, 1], [19, 7], [20, 1], [20, 7]]"
f_791ff77c11be513c39b4,"[[2, 0], [3, 0], [4, 0], [5, 0], [6, 0], [7, 0], [7, 1], [7, 2], [8, 0], [9, 0], [10, 0], [11, 0], [11, 11], [11, 12]]"
f_ea8769f5202957dc2ffe,"[[3, 7], [4, 0], [4, 1], [4, 2], [4, 7], [5, 0], [5, 7], [6, 0], [6, 7], [7, 0], [7, 7]]"
f_b129d13f6ae0ff1683a6,"[[6, 0], [6, 1], [6, 2], [7, 0], [7, 1], [7, 2]]"
f_4c8e92e2c2c794536c4d,"[[2, 1], [11, 1]]"
f_282dfb3ce837639cf8de,"[[14, 0], [14, 1], [14, 4], [15, 1], [15, 4]]"
f_2d39ee2c78d949ae3ace,"[[11, 0], [11, 1], [12, 0], [12, 1], [13, 1], [13, 2], [14, 2]]"
f_94c4d6c75d8d54c8443a,"[[29, 0], [29, 1], [29, 2]]"
f_0980f94db7ed76a2fdff,"[[8, 2], [8, 3], [8, 4], [9, 2], [9, 3], [9, 4]]"
f_0de239ee7980789b0114,"[[1, 5], [2, 5]]"
f_c3a72db9b0d6bb6c23d3,"[[20, 1], [20, 2], [20, 3], [20, 4], [21, 1], [21, 2], [21, 3], [21, 4], [22, 1], [22, 2], [22, 3], [22, 4], [23, 2], [23, 3], [23, 4], [24, 1], [24, 2], [24, 3], [24, 4], [25, 1], [25, 2], [25, 3], [25, 4], [26, 1], [26, 2], [26, 3], [26, 4], [27, 1], [27, 2], [27, 3], [27, 4], [28, 1], [28, 2], [28, 3], [28, 4]]"
f_20664d19eec59fb440f3,"[[1, 2], [1, 4], [2, 1], [2, 2]]"
f_08bcd442c74ec34a46d3,"[[1, 0], [1, 1]]"
f_a3c7c50bfa0cd4a2a3be,"[[3, 0], [4, 0], [4, 1], [4, 2]]"
f_f0e89cb6efe5256c2a70,"[[4, 0], [4, 1], [4, 2], [4, 3], [8, 0], [8, 1], [8, 2], [8, 3]]"
f_cbe8a2fa4a6d34e03ba9,"[[3, 2], [4, 0], [4, 1], [4, 2], [13, 1], [13, 2]]"
f_cf1b7fd1274130bf5fd7,"[[1, 1], [1, 2], [1, 3], [2, 1], [2, 3], [3, 1], [3, 3]]"
f_09ccea97e226461b9829,"[[1, 1], [1, 2], [1, 3], [1, 4], [2, 1], [2, 2], [2, 3], [2, 4]]"
f_2192263e712bafe66f6d,"[[5, 0], [5, 1], [5, 2], [5, 3], [5, 4], [8, 0], [8, 1], [8, 2], [8, 3], [8, 4]]"
f_fa95b3a2ea3c6b9d2a14,"[[1, 0], [1, 1], [1, 2], [1, 5], [2, 0], [2, 1], [2, 2], [2, 5], [3, 1], [3, 2], [3, 5], [4, 1], [4, 2], [5, 1]]"
f_2273c463cc0af9250f1b,"[[2, 1], [2, 10], [3, 0], [3, 1], [3, 10], [4, 1], [4, 10]]"
f_eedff7a39b48ca59e7eb,"[[0, 6], [12, 2], [12, 6]]"
f_93ee4456298b0d55d45c,"[[8, 4], [9, 4], [10, 4], [11, 4], [12, 0], [12, 1], [12, 4], [13, 0], [13, 1], [13, 4]]"
f_61468b86861bbc1de6e4,"[[23, 1], [23, 2], [24, 4]]"
f_f82b6e67ffbeac057539,"[[1, 3], [2, 0], [2, 3], [3, 0], [3, 3], [4, 0], [4, 3], [5, 0], [5, 1], [5, 2], [5, 3], [5, 4], [6, 0], [6, 3], [7, 0], [7, 1], [7, 2], [7, 3], [7, 4]]"
f_ea0bd9eefb51a80403fb,"[[2, 0], [2, 1], [2, 5], [3, 0], [3, 1], [3, 5]]"
f_7e52aa09ed9fb3768467,"[[1, 1], [1, 2], [2, 1], [4, 3]]"
f_ce56ede29d13feeb8e35,"[[3, 2], [4, 1], [4, 2], [5, 1], [5, 2], [6, 1], [6, 2], [7, 1], [7, 2], [8, 1], [8, 2], [9, 2], [10, 2], [11, 0], [11, 1], [11, 2], [12, 1], [12, 2], [13, 1], [13, 2], [14, 1], [14, 2]]"
f_080b2859101283fa51e9,"[[1, 6], [2, 6], [3, 6], [4, 6], [5, 6], [6, 6], [7, 6], [8, 3], [8, 6], [9, 1], [9, 3], [9, 6], [10, 1], [10, 3], [10, 6]]"
f_6f77d84838678f4ef2e3,"[[1, 3], [2, 0], [2, 3], [3, 0], [3, 1], [3, 2], [3, 3], [4, 0], [4, 1], [4, 2], [4, 3], [5, 0], [5, 3], [6, 0], [6, 3], [7, 0], [7, 3], [8, 3], [9, 3], [10, 3], [11, 3], [12, 3], [13, 3], [14, 3], [15, 3], [16, 3], [17, 3], [18, 3], [19, 3], [20, 3], [21, 3], [22, 3]]"
f_034139d20dc9e677c0b0,"[[3, 0], [3, 4], [3, 5], [3, 6], [3, 7], [3, 10]]"
f_38ff1e0de2f01c59edd7,"[[10, 0], [10, 1], [10, 2], [11, 0], [11, 1], [11, 2]]"
f_ccd2ed92b774f517e81e,"[[2, 0], [2, 1], [2, 2], [2, 4], [4, 0], [4, 1], [4, 2], [4, 4]]"
f_464f11ebec3c8d50d29e,"[[2, 0], [2, 4], [3, 0], [3, 4], [4, 0], [4, 4]]"
f_960796c2027e5f531b93,"[[2, 1], [2, 6], [3, 1], [3, 2], [3, 6], [4, 2]]"
f_8963102d0f87259dd8fb,"[[14, 0], [15, 0], [15, 1], [15, 2]]"
f_fe13ce877a30bcbd24a8,"[[2, 0], [2, 1], [2, 2], [3, 0], [3, 1], [3, 2]]"
f_bfd10c828c71693ecf01,"[[1, 0], [1, 3], [8, 3]]"
f_72445a15defde497347c,"[[3, 0], [3, 1], [4, 0], [4, 1], [5, 0], [5, 1], [5, 2], [5, 3]]"
f_7b5fb17b44228919dde3,"[[1, 0], [1, 1], [1, 2], [1, 4], [2, 0], [2, 1], [2, 2], [2, 4], [3, 0]]"
f_27652c0b67247a8abd35,"[[6, 1], [6, 2], [6, 3], [7, 1], [7, 2], [7, 3]]"
f_71e0a847113f36a27c8a,"[[2, 2], [3, 2], [4, 0], [4, 1], [4, 2]]"
f_fcf246f4584ffab63d24,"[[1, 1], [25, 0], [25, 1], [26, 3], [26, 4], [26, 5], [26, 6]]"
f_f9b94da21f42cc4ffe6d,"[[1, 1], [1, 2], [1, 3], [2, 0], [2, 1], [2, 2], [2, 3]]"
f_d02436942df148baedae,"[[3, 0], [3, 1], [3, 2], [4, 0], [4, 1], [4, 2], [6, 0], [6, 1], [6, 2], [7, 0], [8, 0]]"
f_46d2071720197fee5714,"[[4, 0], [5, 0], [5, 1], [5, 2]]"
f_1edc6512e7e64666b846,"[[2, 0], [3, 0], [4, 0], [5, 0], [6, 0], [7, 0], [8, 0], [9, 0], [9, 3], [9, 9], [9, 10]]"
f_bda228ac97977ed31dd7,"[[17, 1], [17, 2], [20, 1], [20, 2]]"
f_8b97585cad8e75e2cff8,"[[19, 0], [19, 3], [19, 6], [20, 0], [20, 3], [20, 6], [21, 0], [21, 3], [21, 6], [22, 0], [22, 3], [22, 6]]"
f_5766a33236adae9e99c4,"[[3, 2], [3, 3], [3, 4], [4, 2], [4, 3], [4, 4]]"
f_2be8c2e0963b34d4ed7d,"[[9, 0], [10, 0], [11, 0], [11, 1], [11, 3], [11, 4], [12, 0], [12, 1]]"
f_c9aafb47af3aa55cff3c,"[[5, 1], [5, 2], [5, 4], [5, 5], [6, 1], [6, 2], [6, 3], [6, 4], [6, 5]]"
f_b94be6c52a200bae5b9d,"[[1, 0], [1, 1], [1, 3], [2, 0], [2, 1], [2, 3], [3, 0], [3, 1], [3, 3], [4, 0], [4, 1], [4, 3]]"
f_e65c3789fb0026e19656,"[[1, 2], [1, 4], [2, 2], [2, 4], [3, 2], [3, 4], [4, 2], [4, 4]]"
f_bd91a7cc80f592ff5a4f,"[[10, 0], [11, 0], [11, 1], [11, 2], [12, 0], [13, 0]]"
f_04d5537354d63c123bfd,"[[4, 0], [5, 0]]"
f_35909ee70562ade71b36,"[[0, 5], [0, 6], [0, 7], [0, 8], [2, 0], [3, 0], [4, 0], [5, 0], [6, 0], [6, 1], [7, 0], [8, 0], [9, 0], [10, 0], [11, 0], [12, 0], [13, 0], [14, 0]]"
f_45bd7698c05f877f2dac,"[[9, 3], [10, 0], [10, 1], [10, 3]]"
f_855d62520aac6a9a293c,"[[1, 2], [1, 4], [2, 2], [2, 4]]"
f_48586fba474f27265a50,"[[2, 0], [3, 0], [3, 7]]"
f_00b1481ecae8e48154f6,"[[4, 0], [4, 1], [4, 5]]"
f_57e75681d3a89c3620e5,"[[5, 0], [6, 0], [6, 1], [6, 3], [6, 5]]"
f_840da58b1b0a3372dc33,"[[17, 0], [17, 1], [17, 2], [18, 0], [19, 0], [20, 0], [20, 1], [20, 2]]"
f_c753ecf3f8cb1e0b795e,"[[4, 0], [4, 1], [5, 0], [5, 1]]"
f_04ec67143b1c9f9b42a7,"[[6, 4], [7, 4], [8, 4], [9, 4], [10, 4]]"
f_8809aabd2b31bbd715f9,"[[3, 0], [3, 1], [3, 3], [4, 0], [4, 1], [4, 3], [5, 0], [5, 1], [5, 3]]"
f_1f97cc91bb9e57787ac1,"[[10, 1], [10, 4], [11, 1], [11, 3], [11, 4]]"
f_00b351f29c97abaeb25d,"[[3, 0], [3, 1], [3, 2], [3, 3], [4, 0], [4, 1], [4, 2], [4, 3]]"
f_0093fe8856378abada0a,"[[1, 2], [1, 4], [2, 2], [2, 4]]"
f_199b7bb14ea108f09f43,"[[2, 0], [3, 0], [4, 0], [5, 4], [6, 0], [7, 2], [8, 0]]"
f_75b868fbc50dedcf1041,"[[7, 0], [7, 2], [8, 0], [8, 1], [8, 2], [8, 4], [9, 0], [9, 2], [10, 0], [10, 2], [11, 0]]"
f_05ff90d227150caeb55d,"[[2, 0], [3, 0], [3, 1], [3, 2], [3, 3]]"
f_9d694dab132892e56268,"[[3, 0], [3, 1], [3, 4], [4, 0], [4, 1], [4, 3], [4, 4], [5, 0], [5, 1], [5, 4], [6, 0], [6, 1], [6, 4], [7, 0], [7, 1], [7, 4]]"
f_76adb4fca35158594e65,"[[3, 1], [3, 2], [4, 1], [4, 2], [5, 1], [5, 2], [6, 1], [6, 2], [7, 1], [7, 2], [8, 1], [8, 2], [9, 1], [9, 2], [10, 1], [10, 2], [11, 1], [11, 2], [12, 0], [12, 1], [12, 2], [12, 11], [13, 0], [13, 1], [13, 2], [13, 11], [14, 1], [14, 2]]"
f_7a0d8774834a7e6fb4d7,"[[7, 0], [8, 0], [9, 0], [9, 1], [9, 3], [9, 5]]"
f_0d38247492f7c9a6473d,"[[2, 2], [4, 2], [5, 2], [6, 2], [7, 2], [8, 2], [9, 2], [10, 2], [11, 2], [12, 2], [13, 2], [14, 2], [16, 2], [18, 2], [19, 2], [22, 2], [24, 2], [25, 2], [26, 2], [27, 2], [28, 2]]"
f_ef3eb18cd01dc310a0a0,"[[1, 0], [2, 0], [3, 0], [3, 2], [3, 3], [4, 0], [4, 2], [4, 3], [5, 0], [6, 0], [7, 0]]"
f_f59e2501c93ab48b3c55,"[[1, 1], [1, 2], [2, 1], [2, 2], [5, 3]]"
f_def5d6a6df35c9b6faed,"[[5, 0], [6, 0], [6, 1], [6, 2], [6, 4]]"
f_b9fa40484a4d06b7314a,"[[4, 0], [4, 3], [5, 0]]"
f_210aebf33161d34a2bce,"[[0, 0], [0, 1], [0, 2], [3, 1]]"
f_c32e0712f0e1c16aa408,"[[2, 0], [2, 2], [3, 0], [3, 1], [3, 2], [4, 0], [4, 2]]"
f_d491f6d711697f9ee384,"[[8, 5], [9, 1], [9, 5], [10, 5], [11, 5]]"
f_6e68e20c9e936d525e12,"[[3, 0], [4, 0], [4, 1], [4, 2]]"
f_ee2b29250b0811a4f202,"[[1, 0], [1, 1], [1, 3], [2, 0], [2, 1], [2, 3], [3, 0], [3, 1], [3, 2], [3, 3], [4, 0], [4, 1], [4, 3], [5, 0], [5, 1], [5, 3], [6, 0], [6, 1], [6, 3]]"
f_83b074e40c565a67dd19,"[[1, 0], [1, 3], [20, 3]]"
f_14bfc0b387e588bf7953,"[[7, 0], [7, 3], [9, 0], [9, 3]]"
f_a1aca65e2a5f9798104a,"[[1, 1], [1, 2], [2, 1], [4, 3]]"
f_ffd30ba408e8a89df022,"[[6, 0], [6, 1], [6, 2], [6, 4], [7, 0], [7, 1], [7, 2], [7, 4], [8, 0], [8, 1], [8, 2], [8, 4], [9, 0], [9, 1], [9, 2], [9, 4], [10, 0], [10, 1], [10, 2], [10, 4], [11, 0], [11, 1], [11, 2], [11, 4], [12, 0], [12, 1], [12, 2], [12, 4], [13, 0], [13, 1], [13, 2], [13, 4], [14, 0], [14, 1], [14, 2], [14, 4], [18, 0], [18, 1], [18, 2], [18, 4], [19, 0], [19, 1], [19, 2], [19, 4], [24, 0], [24, 1], [24, 2], [24, 4]]"
f_0f975f4cbbf462e07d33,"[[1, 2], [1, 3], [1, 4], [2, 0], [2, 1], [2, 2], [2, 3], [3, 3]]"
f_d9f78d31f43d01d4d01b,"[[6, 0], [6, 1], [6, 3], [8, 0], [8, 1], [8, 3]]"
f_26d53eb40002f6217833,"[[2, 0], [2, 7], [3, 0], [3, 1], [3, 7], [4, 1], [4, 7], [5, 0], [5, 1], [5, 7], [6, 1], [6, 7]]"
f_327516eec6bb8e839a66,"[[5, 1], [5, 2], [6, 1], [6, 2], [7, 1], [7, 2], [7, 4]]"
f_0c8c2c433ac88ababf7d,"[[1, 4], [1, 5], [2, 4], [2, 5], [3, 4], [3, 5], [4, 4], [4, 5], [5, 4], [5, 5], [6, 3], [6, 4], [6, 5], [8, 3]]"
f_aa3eecd98a31c779fc15,"[[0, 1], [0, 2], [0, 3], [2, 0]]"
f_f7810c4da43b4fbbe5c8,"[[1, 0], [1, 1], [1, 2], [2, 0], [2, 1], [2, 2], [3, 0], [3, 1], [3, 2], [4, 0], [4, 1], [4, 2]]"
f_fd21c928c6abda50f927,"[[10, 2], [23, 1], [23, 2], [23, 3]]"
f_1a6eaa599b33cdd97fb2,"[[6, 0], [7, 0], [7, 1], [7, 3]]"
f_5b8eee78144d8454a6a3,"[[3, 0], [3, 2], [3, 3]]"
f_ea09b83b5f51cf340766,"[[1, 1], [1, 2], [1, 3], [2, 3]]"
f_1396a1bd15fa0379bdd7,"[[20, 0], [21, 0], [21, 1], [22, 0], [25, 0], [25, 1], [25, 2]]"
f_1df64d23424b6c45a4a9,"[[14, 0], [15, 0], [15, 1], [15, 2], [15, 4], [15, 5]]"
f_e9c4052f653a90e502e2,"[[2, 1], [3, 1], [4, 1], [5, 1], [6, 1], [7, 1], [8, 1], [9, 1], [11, 1], [12, 1], [13, 1], [14, 1]]"
f_0ed94ff3f40ebfcf661d,"[[1, 0], [1, 3], [2, 0], [2, 3], [3, 0], [3, 3], [4, 0], [4, 3], [5, 0], [5, 3], [6, 0], [6, 3], [7, 0], [7, 3], [8, 0], [8, 3], [9, 0], [9, 3], [10, 0], [10, 3], [11, 0], [11, 3], [12, 0], [12, 3], [13, 0], [13, 3], [14, 0], [14, 3], [15, 0], [15, 3], [16, 0], [16, 3], [17, 0], [17, 3], [18, 0], [18, 3], [19, 0], [19, 3], [20, 0], [20, 3], [21, 0], [21, 3], [22, 0], [22, 3], [23, 0], [23, 3], [23, 4], [23, 5], [23, 6], [23, 7]]"
f_de5d0a7c0767361f935d,"[[1, 1], [1, 2], [1, 3], [2, 1], [2, 2], [2, 3]]"
f_c54cd3bc7a149d5cae6a,"[[9, 0], [9, 3], [9, 4], [9, 5], [13, 0], [13, 3], [13, 5]]"
f_f4d193d88b6afa7e9a63,"[[7, 0], [7, 1], [7, 3], [8, 0], [8, 1], [8, 2], [8, 3]]"
f_92853a15d06b5a153810,"[[9, 0], [10, 0], [10, 1], [10, 2], [10, 3], [10, 4], [11, 0]]"
f_cc38653f84230a568578,"[[5, 0], [5, 1], [5, 2], [6, 0], [7, 0], [11, 0], [12, 0], [13, 0], [13, 1], [13, 2]]"
f_a1c3ce91375dc4341375,"[[4, 0], [4, 1], [4, 2], [4, 3], [7, 0], [7, 1], [7, 2], [7, 3]]"
f_0803eab7c048fab70463,"[[10, 7], [12, 7], [13, 7]]"
f_a955dea85d6fb77b7e0f,"[[1, 0], [1, 1], [1, 2], [2, 0], [2, 1], [2, 2]]"
f_61c1065f2931267ff4c7,"[[1, 0], [1, 1], [1, 2], [1, 3], [1, 4], [22, 1], [22, 4]]"
f_4160cbec370ec04fbf2b,"[[1, 0], [1, 2], [1, 4], [1, 5], [2, 0], [2, 2], [2, 4], [2, 5], [3, 0], [3, 2], [3, 4], [3, 5]]"
f_566975ef4b92854d2e13,"[[31, 0], [32, 0], [32, 1], [32, 2]]"
f_095868e0b2bc2532767d,"[[7, 0], [8, 0], [8, 1], [8, 2], [8, 4]]"
f_d5f8c28a658dce8df719,"[[1, 0], [1, 2], [2, 0], [2, 2], [3, 0], [3, 2]]"
f_02f65edd634c6c0d5801,"[[17, 2], [18, 2], [19, 0], [19, 1], [19, 2], [20, 0], [20, 2], [21, 0]]"
f_3d79ed91984dd048a942,"[[1, 0], [1, 3], [2, 0], [3, 0]]"
f_c9f24aa02b799d0c9073,"[[5, 1], [5, 10], [6, 0], [6, 1], [6, 10], [7, 1], [7, 10], [8, 1]]"
f_9433bff08bba2a5a6e88,"[[1, 2], [1, 4], [2, 2], [2, 4]]"
f_9107c518da8900bb8942,"[[1, 0], [2, 0], [3, 0], [4, 0], [5, 0], [6, 0], [6, 1], [6, 2], [6, 3], [7, 0], [8, 0], [9, 0], [10, 0], [11, 0], [11, 1], [11, 2], [11, 3], [12, 0], [12, 1], [12, 2], [12, 3]]"
f_79e493eb4b2802729902,"[[13, 1], [13, 2], [13, 3], [14, 1], [14, 2], [14, 3]]"
f_5fa90f422f8156da73b8,"[[1, 0], [1, 3], [14, 3]]"
f_a57fb2dfe7069d34c010,"[[5, 0], [5, 1], [5, 2]]"
f_35cb9864c073f57a122c,"[[1, 0], [1, 1], [1, 2]]"
f_75064e6384d6e9136429,"[[1, 1], [1, 2], [2, 0], [2, 1], [2, 2]]"
f_3d697a2eea8f55171106,"[[1, 1], [2, 1], [3, 0], [3, 1], [3, 3], [3, 4]]"
f_7560b8a2650817f5559f,"[[3, 3], [4, 4], [4, 5]]"
f_bf1129b103498cc98c25,"[[11, 0], [11, 4], [11, 6]]"
f_15a1f596c19d43d78950,"[[8, 0], [8, 1], [9, 0], [9, 1]]"
f_0e7855870d09116b7b02,"[[4, 0], [4, 1], [4, 2]]"
f_539397e0abbbac222044,"[[9, 0], [9, 2], [10, 0], [10, 2]]"
f_ec2822be0a5d8e941dcb,"[[9, 0], [9, 3]]"
f_eee44b7989a6cfc862c6,"[[1, 1], [1, 2], [2, 1], [2, 2], [10, 3]]"
f_2845f6be910415726350,"[[1, 2], [1, 3], [1, 4], [2, 2], [2, 3], [2, 4]]"
f_879e0c72880075917a31,"[[2, 1], [2, 3], [3, 1], [3, 3], [4, 1], [4, 3], [5, 0], [5, 1], [5, 2]]"
f_482b461993b04f0f02f8,"[[11, 0], [11, 1], [11, 3], [11, 4], [12, 0], [17, 0], [17, 1], [17, 3], [17, 4], [18, 0], [18, 1], [19, 0]]"
f_eecf952b6e530a15010f,"[[5, 3], [6, 3], [7, 3], [8, 3], [9, 3], [10, 3], [11, 3], [12, 3], [13, 3], [14, 3], [15, 0], [15, 1], [15, 2], [15, 3], [15, 4], [16, 0], [16, 3], [17, 0], [17, 3], [18, 0], [18, 3], [19, 0], [19, 3], [20, 0], [20, 3], [21, 0], [21, 3], [22, 0], [22, 3]]"
f_b6a6b91f00733725a4a1,"[[5, 1], [5, 2], [6, 0], [6, 1], [6, 2], [6, 3], [6, 4], [7, 1], [7, 2], [8, 1], [8, 2], [9, 1], [9, 2], [9, 3], [9, 4]]"
f_d0bf4f2f1fdd89e39774,"[[18, 0], [19, 0], [20, 0], [20, 1], [20, 2], [21, 0]]"
f_fe31ef81919bae4f4a08,"[[7, 0], [7, 2], [10, 0]]"
f_6ad980f8a5bcbf65d015,"[[1, 0], [1, 1], [1, 2], [1, 3], [1, 4], [1, 5], [11, 0], [11, 1], [11, 2], [11, 3], [11, 4], [11, 5], [17, 0], [17, 1], [17, 2], [17, 3], [17, 4], [17, 5], [29, 2]]"
f_b0ead6fe8bf89f3867cd,"[[6, 0], [6, 1], [6, 2]]"
f_089d8044b496da35bc9f,"[[3, 0], [4, 0], [4, 1], [4, 2]]"
f_1a4c4e59c9bf8e29daac,"[[2, 0], [3, 0], [3, 1], [3, 2]]"
f_343108637c369c18d1f8,"[[20, 0], [20, 2], [21, 0], [21, 2], [28, 0], [28, 2]]"
f_637cd3ac8fd642dbc577,"[[2, 1], [2, 3], [3, 1], [3, 3]]"
f_74f35d85d8fc1ac2080d,"[[1, 0], [1, 1], [2, 0], [2, 1], [3, 0], [3, 1], [4, 0], [4, 1]]"
f_3eefbf4120eb2e35f043,"[[4, 1], [6, 0], [6, 1], [6, 2]]"
f_9a27021616544066c101,"[[1, 0], [1, 1], [1, 2], [1, 3]]"
f_cba9ec45afd75b8d1e59,"[[14, 0], [14, 1], [14, 2], [14, 3], [14, 4], [14, 5], [15, 0], [15, 1], [15, 2]]"
f_4fb6ea873006d26326a6,"[[2, 0], [2, 1], [2, 2], [3, 0], [3, 1], [3, 2], [4, 1], [5, 1], [6, 1]]"
f_9334e2b79a388e03e4aa,"[[1, 1], [1, 2], [2, 1], [2, 2], [7, 3]]"
f_a7a91d665b5424888a6f,"[[23, 0], [24, 1], [24, 2], [24, 3], [24, 4], [24, 5], [24, 6]]"
f_ce744c2c9670a492e719,"[[0, 2], [0, 3], [0, 4], [0, 5], [0, 6], [2, 0], [2, 3], [2, 6]]"
f_9f551710fd55bc1edef4,"[[1, 1], [1, 2], [1, 3], [1, 4], [7, 1], [7, 2], [7, 3], [7, 4]]"
f_ee0142f914f5df37e5ee,"[[5, 0], [6, 0], [10, 0], [10, 3], [11, 0], [11, 3], [15, 0], [15, 2], [16, 0], [16, 2]]"
f_99097beb887b1f8823c1,"[[2, 0], [2, 1], [2, 2], [2, 3], [3, 0], [3, 1]]"
f_27f26004a9063a33c496,"[[1, 1], [1, 3], [1, 4], [1, 5], [2, 1], [2, 3], [2, 4], [2, 5], [3, 1], [3, 3], [3, 4], [3, 5]]"
f_3902e2f683e65ae7f02e,"[[9, 0], [9, 1], [9, 2], [10, 0], [10, 1]]"
f_7c647e5e06bbda05e96c,"[[2, 0], [2, 1], [2, 2], [3, 0], [3, 1], [3, 2], [3, 3], [5, 0], [5, 1]]"
f_ec6ac878b2ba7d509244,"[[11, 0], [12, 0], [13, 0], [13, 1], [13, 3], [13, 4], [14, 0], [14, 1], [14, 3], [14, 4]]"
f_8f1c610e201ef09643e8,"[[1, 1], [12, 4]]"
f_814ad939eae1b1a0f1c0,"[[2, 3], [2, 4], [3, 3], [3, 4]]"
f_b29b85df5aefd2651141,"[[17, 0], [17, 1], [17, 3], [17, 5], [19, 0], [19, 1], [19, 2], [19, 3], [19, 5]]"
f_2f661096d40190088473,"[[1, 0], [1, 1], [1, 2], [2, 0], [2, 1], [2, 2], [3, 0], [3, 1], [3, 2], [4, 0], [4, 1], [4, 2], [5, 0], [5, 1], [5, 2], [6, 0], [6, 1], [6, 2], [7, 0], [7, 1], [8, 0], [8, 1], [9, 0], [9, 1], [10, 0], [10, 1], [11, 0], [11, 1], [12, 0], [12, 1], [13, 0], [13, 1], [14, 0], [14, 1], [15, 0], [15, 1]]"
f_8fadd26c9b8c3e0c8e17,"[[11, 1], [11, 2], [23, 1], [23, 2]]"
f_7183795e5653db351486,"[[8, 0], [8, 1], [8, 2]]"
f_268d01eaca53b43fecc8,"[[2, 1], [2, 2], [5, 1], [5, 2]]"
f_9b826ca1410a1747f6b8,"[[1, 0], [1, 1], [1, 2], [1, 3], [1, 4], [1, 5], [23, 2]]"
f_bb1b5e91b28858697ac3,"[[14, 0], [14, 1], [14, 2], [18, 0], [19, 0], [19, 1], [19, 2], [20, 0], [21, 0]]"
f_78fb73e9958064e2a409,"[[1, 0], [1, 1], [1, 2], [1, 4], [3, 3], [3, 5], [4, 3], [4, 5], [5, 3], [5, 5]]"
f_79510d4a38e65e22c5f5,"[[1, 1], [3, 3]]"
f_6b3c380edcf553130aa1,"[[1, 1], [1, 3], [1, 4], [2, 1], [2, 3]]"
f_c264431dfdaafadff447,"[[4, 0], [5, 0], [5, 1], [5, 5]]"
f_69e834ff9d69113858d3,"[[1, 1], [2, 1], [3, 1], [4, 0], [4, 1], [4, 2]]"
f_719d5576d9c299232ace,"[[1, 1], [1, 4], [2, 1], [2, 4], [3, 1], [3, 4], [4, 1], [4, 4], [5, 1], [5, 4], [6, 1], [6, 4], [7, 1], [7, 4], [8, 1], [8, 4], [9, 1], [9, 4], [10, 1], [10, 4], [11, 1], [11, 4], [12, 1], [12, 4], [13, 1], [13, 4], [14, 1], [14, 4], [15, 1], [15, 4], [16, 1], [16, 4], [17, 1], [17, 4], [18, 1], [18, 4], [19, 1], [19, 4], [20, 1], [20, 4], [21, 1], [21, 4], [22, 1], [22, 4], [23, 1], [23, 3], [23, 4], [24, 3]]"
f_bafd9548b1627f2ee810,"[[8, 1], [8, 13], [9, 1], [9, 13], [10, 1], [10, 13], [11, 0], [11, 1], [11, 13], [12, 13]]"
f_021c094f90e924a09cd2,"[[3, 0], [3, 1], [3, 3], [3, 4], [4, 0], [5, 0], [5, 1], [5, 3], [5, 4]]"
f_24fe00940a02f7974c63,"[[1, 0], [1, 1], [1, 2], [1, 3], [1, 4], [1, 5], [4, 0], [4, 1], [4, 2], [4, 4]]"
f_22d6ad724aab3746793c,"[[2, 0], [3, 0], [3, 1], [3, 3], [3, 4], [4, 0], [5, 0], [5, 1], [5, 3], [5, 4]]"
f_c62cf74295f3742f8838,"[[3, 2], [3, 6], [4, 2], [4, 4], [5, 2], [5, 4], [6, 2], [6, 4], [6, 6], [7, 2], [7, 4], [7, 6], [8, 2], [8, 4]]"
f_30adef3adb2ac6e42549,"[[1, 0], [1, 1], [1, 2], [2, 0], [2, 1], [2, 2], [3, 0], [3, 1], [3, 2]]"
f_bb6d5578d17e7ae4df32,"[[2, 1], [3, 1], [4, 1], [5, 2], [5, 3]]"
f_d76036fee291cbd773b6,"[[2, 0], [2, 1], [2, 4], [3, 0], [3, 1], [3, 4], [4, 0], [4, 1], [4, 2], [4, 4], [5, 0], [5, 1], [5, 2], [5, 4]]"
f_7aae17f3da37b398c3b5,"[[1, 0], [1, 3], [2, 0], [2, 3]]"
f_c38653898eca50530f6f,"[[5, 0], [6, 0], [7, 0], [8, 0], [8, 1], [8, 2], [8, 5]]"
f_9d909c21e83d399132cf,"[[2, 2], [2, 4], [4, 2], [4, 3]]"
f_2a3c1a87f7964447f06b,"[[1, 1], [1, 2], [1, 3], [2, 2], [2, 3], [3, 3]]"
f_982f407009367b589e36,"[[1, 0], [2, 0], [2, 1], [2, 2]]"
f_6210541770d8af72b589,"[[17, 7], [18, 0], [18, 1], [19, 0], [20, 0]]"
f_1810b8f1f3bec3fbd375,"[[1, 0], [1, 1], [1, 2], [1, 3], [2, 0], [3, 0], [4, 0], [5, 0], [6, 0], [7, 0], [8, 0], [9, 0], [10, 0], [11, 0], [12, 0], [13, 0], [16, 2], [17, 0], [17, 1], [17, 2], [17, 3], [18, 0], [19, 0], [20, 0], [21, 0]]"
f_e91b81aeae0882a6bfdd,"[[16, 0], [17, 0], [18, 0], [18, 1], [18, 3], [18, 4], [19, 0]]"
f_d8febaab519774bc6ee9,"[[3, 0], [4, 0], [4, 1], [9, 0], [10, 0], [11, 0], [11, 1], [11, 3], [11, 4], [12, 0]]"
f_bafc432cdec9bd7ae611,"[[2, 0], [2, 5], [6, 0], [6, 5], [8, 0], [8, 5], [12, 0], [12, 3], [12, 4], [12, 5]]"
f_a0e03cfcece935094d40,"[[1, 0], [1, 1], [1, 2], [1, 3], [2, 0], [2, 1], [2, 2], [2, 3], [3, 0]]"
f_7135eaa08dc2de7cd7c8,"[[8, 0], [8, 1], [8, 2], [9, 0], [9, 1], [9, 2], [10, 0], [10, 1], [10, 2], [10, 3]]"
f_7706613790b66485e603,"[[3, 5], [4, 1], [4, 3], [5, 2]]"
f_e85cd637f85b4a929846,"[[16, 0], [16, 1], [20, 0], [20, 1], [26, 0], [26, 1]]"
f_c4a6c33ad3b8a3b3818a,"[[15, 0], [15, 3], [17, 0], [17, 3], [29, 0], [29, 3]]"
f_d08d7c6dd6d6ec729771,"[[0, 1], [2, 1]]"
f_a3741b63ca1be7d13fb6,"[[6, 1]]"
f_2d1894e59253f8f24ce9,"[[3, 1], [4, 1], [5, 1], [6, 0], [6, 1], [6, 3]]"
f_269cd4dbb29f9ca85b43,"[[6, 0], [7, 0], [8, 0], [8, 1]]"
f_c4c682da4b96be705e75,"[[1, 1], [1, 2], [1, 3], [1, 4], [2, 1], [2, 3], [2, 4]]"
f_ba510091613d1e748990,"[[2, 0], [3, 0], [4, 0], [4, 1], [4, 3]]"
f_d7439dcc0788c5adb37b,"[[1, 0], [2, 0], [3, 0], [5, 0], [6, 0], [7, 0], [8, 0]]"
f_d3d82d28cdbdab817160,"[[10, 0], [10, 1], [10, 2]]"
f_48b2f56c84689f0de2f6,"[[1, 1], [2, 1], [3, 1], [4, 1], [5, 1], [6, 1], [7, 1], [8, 1], [9, 1], [10, 1], [11, 1], [12, 1]]"
f_75e907c4dee6a20e14e4,"[[1, 0], [1, 1], [1, 2], [2, 0], [2, 1], [2, 2]]"
f_f836e008483550986c9c,"[[8, 0], [8, 1], [8, 3], [8, 4], [9, 0], [9, 1], [9, 3]]"
f_439925216c4bf2270076,"[[1, 0], [1, 2], [19, 0], [19, 2]]"
f_0b801f8447fc6a7a12ce,"[[3, 0], [3, 1], [3, 2], [3, 3], [4, 0], [4, 1], [4, 2], [4, 3]]"
f_bf6209fd684b4457fd90,"[[1, 2], [1, 3], [2, 0], [2, 1], [2, 2], [2, 3], [2, 4], [3, 1], [3, 2], [3, 4], [4, 1], [4, 2], [4, 4]]"
f_e0ea046890824567c902,"[[10, 2], [11, 2], [12, 2], [13, 1], [13, 2], [13, 3]]"
f_de1bd61669b4b6fa8f28,"[[2, 3], [3, 4], [4, 3]]"
f_1b84885c8b1c68ba5b22,"[[2, 3], [3, 3], [4, 1], [4, 3], [5, 0], [5, 1], [5, 3], [6, 1], [6, 3], [7, 1], [7, 3]]"
f_459b2094ecf8312847f3,"[[1, 1], [1, 2], [2, 0], [2, 1], [2, 2], [3, 1], [4, 1], [5, 1]]"
f_924b61afb765406d894f,"[[5, 0], [5, 1], [6, 0], [6, 1]]"
f_8951a2be3876c06f42c3,"[[1, 1], [1, 2], [1, 3], [2, 1], [2, 2], [2, 3]]"
f_9b6c2a2bfdff22ed8ede,"[[2, 1], [2, 2], [2, 3], [5, 0], [5, 1], [5, 2], [5, 3]]"
f_0120b069737dd9d51183,"[[2, 0], [2, 1], [2, 2], [2, 12], [3, 0], [3, 2], [3, 12], [4, 0], [4, 2], [4, 12]]"
f_38cbd8c2ba072e0c1fd5,"[[3, 0], [3, 1], [3, 6], [6, 0], [6, 1], [6, 6], [7, 0], [7, 1], [7, 6]]"
f_318c0abf7bc0ddaad3c8,"[[2, 0], [2, 4], [3, 0], [3, 5], [4, 0], [4, 5]]"
f_5c922c4419eceab6abb0,"[[9, 1], [9, 2], [9, 3], [9, 4], [29, 1], [29, 2], [30, 1], [30, 2]]"
f_5c8201b78c1c9b359e28,"[[12, 0], [12, 1], [12, 2], [13, 0], [13, 1], [13, 2], [14, 0], [14, 1]]"
f_1525e1202ed9b9ca85ef,"[[11, 0], [11, 1], [11, 2], [12, 0], [12, 1], [12, 2], [13, 0], [13, 1], [13, 2], [14, 0], [14, 1], [14, 2]]"
f_340f05373ce95ed7c514,"[[4, 1], [4, 2], [4, 3], [5, 3], [6, 3], [7, 0], [7, 1], [7, 2], [7, 3], [9, 0], [9, 1], [9, 2], [9, 3]]"
f_86cb0f36e0ebdfb66501,"[[7, 0], [7, 1], [8, 0], [8, 1], [8, 3], [8, 4], [9, 0], [9, 1], [9, 3], [9, 4], [10, 0], [10, 1], [10, 3], [10, 4]]"
f_f766bcdd037eb57fb3e7,"[[10, 0], [10, 1], [10, 2], [10, 3], [11, 0], [19, 0], [20, 0], [20, 1], [20, 2], [20, 3]]"
f_ecccd92074b39d99834f,"[[2, 0], [2, 4], [3, 0], [3, 4]]"
f_adbc1cfb63a9c01c3f84,"[[12, 4], [13, 0], [13, 1], [13, 4], [14, 0]]"
f_7ec116d7f7fcd884de18,"[[5, 0], [5, 1], [5, 3], [5, 4], [5, 5], [6, 0], [6, 1], [6, 3], [6, 4], [6, 5], [7, 0], [8, 0]]"
f_bcab1b2b17f6c997ea7f,"[[1, 1], [1, 2], [2, 1], [3, 1], [4, 1]]"
f_4aec55f62bea4cd09f19,"[[6, 0], [7, 0], [8, 0], [9, 0], [10, 0], [11, 0], [12, 0], [13, 0], [14, 0], [15, 0], [16, 0], [17, 0], [17, 3], [17, 4]]"
f_d2ea4eed0b4aa4238adc,"[[2, 0], [3, 0], [3, 1], [3, 2]]"
f_72d32931406bf6956159,"[[3, 0], [4, 0], [4, 4]]"
f_f5594cc066769226e1b1,"[[2, 0], [2, 1], [2, 2], [3, 2], [4, 2], [5, 2], [6, 2], [7, 2], [8, 2], [9, 2], [10, 2], [11, 2], [12, 2], [26, 0], [26, 1], [26, 2]]"
f_b8b0d72441a3ecd47ae6,"[[2, 0], [3, 0], [3, 2], [3, 3]]"
f_a46f5498f3b2bb0d7f4c,"[[1, 1], [1, 2], [1, 3], [2, 1], [2, 3], [3, 1], [3, 3], [4, 1], [4, 3]]"
f_35a0e78a643b36dea852,"[[1, 0], [1, 2], [2, 0], [2, 2], [3, 0], [3, 1], [3, 2], [3, 3], [3, 4], [4, 0], [4, 2], [5, 2], [6, 2]]"
f_120e6a0024158cef4629,"[[1, 0], [1, 1], [1, 2], [1, 3], [2, 0], [2, 1], [2, 2], [2, 3], [3, 0], [3, 1], [3, 2], [3, 3]]"
f_ab6f507d675b01f288ea,"[[2, 0], [2, 1], [2, 2]]"
f_44f37e60777416669d00,"[[2, 0], [3, 0], [3, 1], [3, 3], [4, 3]]"
f_f5a335319a92322a9da7,"[[10, 0], [10, 8], [12, 0], [12, 8]]"
f_87e7b66640ab6300356f,"[[9, 0], [9, 3], [9, 4], [10, 0], [10, 3], [10, 4], [13, 0], [13, 3], [13, 4], [14, 0], [14, 3], [14, 4]]"
f_ea1c3c2726b868d46ab9,"[[6, 1], [6, 2], [7, 1], [7, 2], [8, 1], [8, 2], [9, 1], [9, 2], [10, 1], [10, 2], [11, 1], [11, 2], [12, 1], [12, 2], [13, 1], [13, 2], [14, 1], [14, 2], [15, 1], [15, 2], [16, 1], [16, 2], [17, 1], [17, 2], [18, 1], [18, 2], [19, 1], [19, 2], [21, 4]]"
f_b37e342d3d1fc823556e,"[[2, 1], [2, 8], [2, 9], [3, 8], [3, 9], [4, 8], [4, 9], [5, 8], [5, 9], [6, 8], [6, 9], [7, 8], [7, 9], [8, 9], [9, 9], [10, 9], [11, 9], [12, 9], [13, 9], [14, 9], [15, 9], [16, 9], [17, 8], [17, 9], [18, 8], [18, 9], [19, 1], [19, 8], [19, 9]]"
f_76bbb92e26a91ee8fd29,"[[11, 0], [11, 1], [12, 0], [12, 1], [12, 2], [13, 0], [13, 1], [14, 0], [14, 1], [15, 0], [15, 1], [16, 0], [16, 11]]"
f_302311a01e84a18220be,"[[8, 3], [8, 4], [9, 3], [9, 4]]"
f_9054ae84b670276cc43f,"[[2, 0], [3, 0], [4, 0], [5, 0], [6, 0], [6, 1], [6, 2], [7, 0], [8, 0], [9, 0]]"
f_115756ecb44bb9c74cc1,"[[13, 1], [13, 2], [14, 0], [14, 1], [14, 2]]"
f_3e71068b5aea61c44768,"[[1, 1], [1, 3], [2, 1], [2, 3], [3, 1], [3, 3], [4, 1], [4, 3]]"
f_d75ab3f58dc43e1f7e7c,"[[1, 1], [1, 2], [1, 3], [1, 4], [3, 2], [3, 4], [5, 2], [5, 4]]"
f_8c4b3a04602e550370d2,"[[4, 0], [4, 2], [4, 3], [5, 0], [5, 2], [5, 3]]"
f_47870aaa16d1c24be47b,"[[2, 1], [2, 3], [3, 1], [3, 3]]"
f_8bc55f7f894c2f0e0009,"[[1, 1], [1, 4], [6, 0], [6, 1], [6, 3], [6, 4], [6, 5], [6, 6]]"
f_73d66a727bc99e4ac975,"[[16, 0], [16, 3], [17, 0], [17, 3], [20, 0], [20, 3], [21, 0], [21, 3], [22, 0], [22, 3], [23, 0], [23, 3], [24, 0], [24, 3], [26, 0], [26, 3], [27, 0], [27, 3], [28, 0], [28, 3], [29, 0], [29, 2], [29, 3]]"
f_7bbca25a735033e77d31,"[[2, 0], [4, 0], [4, 1], [4, 2], [5, 0], [5, 1], [5, 2], [6, 0], [6, 1], [6, 2]]"
f_bc94c7d69d99cc876a7f,"[[1, 1], [1, 2], [2, 1], [2, 2], [13, 3]]"
f_4ce34b9e410555472a54,"[[7, 3], [8, 0], [8, 1], [8, 3], [9, 3]]"
f_f058ef954ec33045939a,"[[11, 0], [11, 1], [11, 2]]"
f_57c070968e98024284fd,"[[5, 0], [6, 0], [6, 1], [6, 2], [6, 3]]"
f_a5129bde71e2446fe411,"[[1, 0], [1, 1], [1, 2], [1, 3], [2, 0], [2, 1], [2, 2], [2, 3], [3, 0], [3, 1], [3, 2], [3, 3], [4, 0], [4, 1], [4, 2], [4, 3]]"
f_c83a23fbfb90f726973a,"[[4, 0], [4, 1], [4, 2], [5, 0], [5, 1], [5, 2]]"
f_9c45bcd2591cd893823a,"[[1, 2], [1, 4], [2, 1], [2, 2]]"
f_5aa4e7318bf22b1c5acc,"[[4, 0], [4, 1], [4, 3], [4, 4], [8, 0], [8, 1], [8, 3], [8, 4]]"
f_62a73d1213d2df401f96,"[[3, 0], [3, 1], [3, 2], [4, 0], [4, 1], [4, 2]]"
f_cc1bcef2d1748d8e7257,"[[18, 0], [18, 1], [19, 0], [19, 1], [20, 0], [20, 1], [21, 0], [21, 1]]"
f_bbeae34bed755852076d,"[[5, 3], [5, 5], [5, 6], [6, 3], [6, 5], [6, 6], [7, 3], [7, 5], [7, 6]]"
f_9076fd24abfd9acdb434,"[[9, 0], [9, 1], [16, 0], [16, 1]]"
f_29cfd2b650b30af4e32e,"[[4, 0], [4, 2], [5, 0], [5, 2], [10, 0], [10, 4]]"
f_6fbd9443bee47284374f,"[[0, 0], [0, 1], [0, 2]]"
f_6dbb72e44a913efaf389,"[[1, 0], [1, 3], [12, 3]]"
f_8b35b8c81adc13bc5952,"[[1, 1], [1, 3], [2, 1], [2, 3], [3, 1], [3, 3]]"
f_b34e73cdc3ab4adfeb60,"[[1, 0], [1, 1], [1, 3], [1, 4], [2, 0], [2, 1], [2, 3], [2, 4], [3, 0]]"
f_a6d235fd6675a28aafba,"[[1, 0], [2, 0], [3, 0], [4, 0], [4, 3], [5, 0], [5, 1], [5, 2], [5, 3], [5, 4], [6, 0], [6, 3], [7, 0], [8, 0]]"
f_f9e275902c784df9714a,"[[2, 0], [3, 0], [4, 0], [5, 0], [6, 0], [7, 0], [8, 0], [8, 1], [8, 2], [8, 3], [9, 0], [10, 0], [11, 0]]"
f_b339d47eef39b0b9fc86,"[[15, 0], [16, 0], [16, 1], [16, 2]]"
f_40878812fc57e029d8d2,"[[1, 0], [1, 1], [1, 3], [1, 4], [2, 0], [2, 1], [2, 3], [2, 4]]"
f_214438d643f9b7863a5c,"[[2, 0], [4, 0], [4, 1], [5, 0], [5, 1], [5, 2], [6, 0], [6, 1], [6, 2]]"
f_ebe355842965113494cd,"[[6, 1], [6, 3]]"
f_fcdf7bbaae8c8df97f8e,"[[1, 0], [1, 1], [2, 0], [2, 1], [3, 0], [3, 1], [3, 2], [3, 3], [3, 4], [4, 0], [4, 1], [5, 0], [5, 1], [6, 0], [6, 1], [6, 2], [6, 3], [6, 4], [7, 0], [7, 1], [8, 0], [8, 1], [8, 2], [8, 3], [8, 4], [9, 0], [10, 0], [11, 0]]"
f_8122c73076849aa08df7,"[[4, 0], [4, 2], [4, 3], [4, 4], [5, 0], [5, 2], [5, 3], [5, 4]]"
f_edb3a0af6f0d52622470,"[[3, 1], [3, 2], [3, 3], [17, 0], [17, 1], [17, 3]]"
f_854b66a7da41f9d63b0e,"[[1, 2], [1, 4], [4, 4]]"
f_c62e5b50ee309a17dadb,"[[17, 0], [17, 3], [17, 4], [17, 5], [27, 0], [27, 3], [27, 4], [27, 5]]"
f_0f76edd215a1aaf47218,"[[3, 6], [5, 6]]"
f_e68e16417156eca71f78,"[[10, 1], [10, 2]]"
f_c086883b5ae10f003ddc,"[[5, 0], [6, 0], [6, 1], [6, 2]]"
f_a48f99198e953a65852f,"[[17, 0], [17, 1], [17, 2], [17, 3], [17, 5], [18, 0], [18, 1], [18, 2], [18, 3], [18, 5]]"
f_3cf0bf1ac2ed494fb15a,"[[13, 0], [13, 1], [13, 3], [13, 4], [14, 0], [15, 0], [15, 1], [15, 3], [15, 4]]"
f_7f8d41bb002efb6f1915,"[[3, 0], [3, 1], [3, 3], [4, 0], [4, 1], [4, 2], [5, 0], [5, 1], [5, 2]]"
f_06f3a4a89e07e36ec393,"[[7, 0], [7, 1], [8, 0], [8, 1]]"
f_0eeacfa0d218aec0ba31,"[[1, 0], [1, 1], [2, 0], [2, 1], [3, 0], [3, 1], [4, 0], [4, 1]]"
f_3fa6115c54e3b9c5686e,"[[1, 1], [1, 2], [1, 4], [1, 5], [2, 1], [2, 2], [2, 4], [2, 5]]"
f_c7125e178922c86ff034,"[[3, 0], [3, 1], [3, 2], [4, 0], [4, 1], [4, 2]]"
f_2fc02ea5c3438a800ec5,"[[10, 0], [11, 0], [12, 0], [13, 0]]"
f_0c5dc82e7cb9cc69b614,"[[1, 1], [1, 2], [1, 3], [2, 4]]"
f_d30423cc047d79ec34e0,"[[1, 2], [2, 2], [3, 0], [3, 2], [4, 0], [4, 1], [4, 2], [4, 3], [4, 4], [5, 0], [5, 2], [6, 2], [7, 2]]"
f_e8674a6b5a9e500e6dde,"[[4, 0], [4, 2], [4, 3], [4, 4], [4, 6]]"
f_4d376dadb8a4b0335025,"[[2, 0], [3, 0], [4, 0], [5, 0], [6, 0], [7, 0], [7, 1], [7, 2], [7, 3], [8, 0], [9, 0], [10, 0], [11, 0], [12, 0], [13, 0], [14, 0], [15, 0], [16, 0], [17, 0], [18, 0], [19, 0], [20, 0], [21, 0], [22, 0]]"
f_d924bf1ee3b1ac482e0c,"[[1, 0], [1, 1], [2, 0], [2, 1], [3, 0], [3, 1], [3, 2], [3, 3], [4, 0], [4, 1], [5, 0], [5, 1], [6, 0], [6, 1], [7, 0], [8, 0], [9, 0]]"
f_2a3a13797706f35c5e40,"[[19, 0], [20, 0], [21, 0], [22, 0], [22, 1]]"
f_d14f5c89e26a7128c47b,"[[1, 2], [1, 3], [2, 2], [2, 3], [9, 3]]"
f_5214d374c546bc91f86c,"[[2, 0], [2, 1], [2, 4], [3, 0], [3, 1], [3, 4], [4, 4], [5, 1], [5, 4]]"
f_3724c5703ca35fbd96fe,"[[2, 0], [3, 0], [3, 1], [3, 2]]"
f_05c2f43125244ebd9b56,"[[1, 0], [1, 5], [1, 6], [2, 0], [3, 0], [3, 4], [3, 5], [4, 0]]"
f_c2dfc9f7e6e2e29609a4,"[[4, 0], [4, 1], [4, 2], [8, 0], [8, 1], [8, 2], [16, 0], [16, 1], [16, 2]]"
f_1892ae9615269d26721f,"[[3, 0], [3, 1], [3, 2], [3, 3], [3, 4], [3, 5], [3, 6], [3, 7], [3, 8], [3, 9], [12, 9], [13, 1], [13, 9], [14, 1], [14, 9], [15, 9], [16, 9], [17, 0], [17, 1]]"
f_82e36e557f7311655f31,"[[1, 1], [1, 2]]"
f_a0c9d12b2a3287e48e2a,"[[2, 0], [3, 0], [3, 1], [3, 2], [3, 4]]"
f_120f3ef317aa97b15f15,"[[3, 0], [3, 1], [3, 4], [4, 0], [4, 1], [4, 4], [5, 1], [5, 4]]"
f_8ea108075ce588f0557b,"[[3, 0], [3, 2], [4, 0], [4, 2]]"
f_4fd901b2ee224c270e87,"[[1, 0], [1, 1], [1, 2], [1, 3], [3, 0], [3, 1], [3, 2], [5, 0], [5, 1], [5, 2], [6, 0], [6, 1], [6, 2], [8, 0], [8, 1], [8, 2], [11, 0], [11, 1], [11, 2], [12, 0], [12, 1], [12, 2]]"
f_40a3bddff8fa4b707498,"[[12, 0], [13, 0], [14, 0], [15, 0], [16, 0], [17, 0], [18, 0], [19, 0], [20, 0], [21, 0], [22, 0], [22, 11], [23, 0], [23, 1], [24, 0], [25, 0]]"
f_86e065543c04d54ecb9d,"[[7, 0], [7, 1], [7, 2], [8, 0], [8, 1], [8, 2], [9, 0], [9, 1], [9, 2]]"
f_9ea99471126bd91730c7,"[[1, 3], [2, 4], [3, 3]]"
f_377552ee8f8aa1706feb,"[[1, 3], [2, 3], [3, 0], [3, 3], [4, 0], [4, 1], [4, 2], [4, 3], [5, 0], [5, 1], [5, 2], [5, 3], [6, 3], [7, 3], [8, 3]]"
f_1ac4846a0f8f6f038815,"[[1, 0], [1, 1], [1, 2], [2, 0], [2, 1], [2, 2], [3, 0], [3, 1], [3, 2], [4, 0], [4, 2], [5, 0], [5, 2]]"
f_affc84ff994456dbe21f,"[[1, 0], [2, 0], [3, 0], [4, 0], [5, 0], [5, 1], [5, 2], [5, 3], [6, 0], [6, 1], [6, 2], [6, 3], [7, 0], [7, 1], [7, 2], [7, 3], [8, 0], [8, 1], [8, 2], [8, 3], [9, 0], [9, 1], [9, 2], [9, 3], [10, 0], [10, 1], [10, 2], [10, 3], [11, 0], [11, 1], [11, 2], [11, 3], [12, 0], [12, 1], [12, 2], [12, 3], [13, 0], [13, 1], [13, 2], [13, 3], [14, 0], [15, 0], [16, 0], [17, 0], [18, 0]]"
f_af5e10328834527b06ec,"[[9, 0], [9, 1], [9, 2], [9, 3], [19, 0], [19, 1], [19, 2], [21, 0], [21, 1], [21, 2], [21, 3]]"
f_ca38618291093de939ea,"[[1, 2], [1, 4], [2, 1], [2, 2]]"
f_7e88ced9c63bc08af658,"[[2, 0], [2, 1], [2, 5], [3, 0], [3, 1], [3, 5], [4, 0], [4, 1], [4, 5], [5, 0], [5, 1], [5, 5], [6, 0], [6, 1], [6, 5]]"
f_44fa8310c6d478c0cf7c,"[[1, 0], [1, 3], [1, 4], [2, 4], [15, 3]]"
f_7dab00ca14b317a53aef,"[[1, 0], [1, 1], [1, 3], [5, 0], [5, 1], [6, 0], [6, 1], [7, 0], [7, 1], [7, 3], [8, 0], [8, 1], [8, 3]]"
f_5093e79fccff11d977d2,"[[1, 1], [1, 2]]"
f_a312af428db07043ce2c,"[[0, 1], [0, 2], [0, 3], [3, 0], [4, 0], [6, 0]]"
f_5d73a33c951108918ade,"[[4, 0], [4, 1], [4, 3], [5, 0], [5, 1], [5, 2], [5, 3], [5, 4], [6, 1], [6, 4], [14, 0], [14, 1], [14, 2], [14, 3], [14, 4], [16, 0], [16, 1], [16, 3]]"
f_216e607729b97946211a,"[[3, 0], [3, 1], [3, 2]]"
f_80192ceb95be2a5a8cbf,"[[4, 0], [4, 1], [4, 2], [4, 4], [5, 0], [5, 1], [5, 2]]"
f_9f4954169c8d37226623,"[[1, 0], [1, 1], [1, 2], [1, 3], [2, 0], [2, 1], [2, 2], [2, 3], [3, 0], [4, 0], [5, 0]]"
f_b94c4c8a04e30364a8dc,"[[1, 0], [1, 1], [1, 3], [2, 0], [2, 1], [2, 3]]"
f_137a925c61403011fb44,"[[2, 0], [3, 0], [4, 0], [4, 1], [4, 3], [4, 4], [5, 0], [5, 1], [6, 0], [7, 0], [7, 1], [7, 3], [7, 4], [8, 0], [8, 1], [9, 0]]"
f_a53901bf3711041807d6,"[[1, 2], [6, 3], [6, 4]]"
f_9925407cbde17206150e,"[[1, 3], [2, 1], [2, 3], [3, 1], [3, 3], [3, 4]]"
f_1d02aae97fc17365c15d,"[[1, 0], [1, 1], [1, 2], [2, 0], [2, 1], [2, 2], [3, 0], [3, 1], [3, 2], [4, 0], [4, 1], [4, 2]]"
f_1f6d00f28f6aef16b98d,"[[2, 0], [2, 3], [2, 4]]"
f_f58b014e337769a7a388,"[[6, 0], [6, 1], [6, 3], [7, 0], [7, 1], [7, 3]]"
f_0de6d4e2756c53516e9b,"[[1, 0], [1, 1], [1, 2], [14, 0], [14, 1], [14, 2]]"
f_02312865f144e19167a3,"[[14, 0], [15, 0], [16, 0], [17, 0], [18, 0], [18, 1], [18, 2], [19, 0]]"
f_0e8022aee9d90a130191,"[[1, 2], [2, 2], [2, 5]]"
f_7e1fe115a2e35f4e5282,"[[1, 0], [1, 1], [1, 2], [2, 0], [2, 1], [2, 2]]"
f_12493513545c32dbd48a,"[[1, 0], [3, 0], [4, 0], [5, 0]]"
f_3fe35355618646215e10,"[[7, 1], [8, 1], [9, 1]]"
f_b99c3cbd5a9c60359d8c,"[[4, 0], [4, 1], [6, 0], [6, 1], [7, 1]]"
f_d1ed1a7045a4842b21a6,"[[15, 0], [15, 1], [15, 4], [16, 0], [16, 1], [16, 4], [17, 0], [17, 1], [17, 4], [18, 0], [18, 1], [18, 4]]"
f_90ea00449b1c2480e8ad,"[[12, 0], [12, 1], [12, 2], [12, 4], [13, 0], [13, 1], [13, 2], [13, 4]]"
f_da18fe44b9b8fe8e8569,"[[3, 0], [3, 1], [3, 2], [3, 3], [4, 0], [4, 1], [4, 2], [4, 3], [5, 0], [5, 1], [5, 2], [5, 3]]"
f_1502477192fbb4facda6,"[[3, 1], [3, 2], [4, 1], [4, 2], [5, 1], [5, 2], [6, 1], [6, 2], [7, 1], [7, 2], [8, 0], [8, 1], [8, 2]]"
f_bdfb950c54027a5a4d55,"[[1, 0], [1, 1], [1, 3], [2, 0], [2, 3], [2, 4], [6, 1], [8, 1]]"
f_8f57105ca292091f9983,"[[0, 4], [0, 5], [0, 6], [2, 0], [2, 4], [2, 5], [2, 6]]"
f_e49972c62e197c750d6c,"[[5, 1], [7, 0], [7, 1], [7, 2], [8, 0]]"
f_0280e0f79d919ef6a087,"[[1, 2], [1, 4], [2, 2], [2, 4]]"
f_37ec4f95695c5bb9e856,"[[7, 0], [7, 1], [7, 2], [7, 4], [8, 0], [8, 1], [8, 2], [8, 4], [10, 0], [10, 1], [10, 2], [10, 4], [12, 0], [12, 1], [12, 2], [12, 4], [14, 0], [14, 1], [14, 2], [14, 4], [16, 4]]"
f_28e6cee661d0517377a0,"[[0, 1], [1, 1], [2, 1]]"
f_035c04bf0eb526d42380,"[[1, 1], [1, 2], [1, 3], [1, 4], [2, 1], [2, 2]]"
f_dea8a9b40438d6fecdb4,"[[1, 1], [1, 2], [1, 4], [2, 1], [2, 2], [2, 4]]"
f_c9dd0f823cd7c6f29012,"[[4, 0], [4, 7], [6, 0], [6, 7]]"
f_95180777d7c425b70c00,"[[2, 1], [2, 3], [2, 4], [3, 1], [3, 4], [4, 1], [4, 3], [4, 4]]"
f_d655abd9a2583416555a,"[[8, 0], [9, 0], [10, 0], [11, 0], [12, 0], [13, 0], [14, 0], [15, 0], [16, 0], [16, 3]]"
f_dfed1bcdd1a12afdef46,"[[2, 0], [2, 1], [4, 0], [4, 1]]"
f_e302c5c050f9f8ec80c4,"[[11, 0], [11, 2], [11, 3], [12, 0], [12, 2], [12, 3], [14, 0], [14, 2], [14, 3], [15, 0], [15, 2], [15, 6]]"
f_29a9e1f30e6c901ad912,"[[13, 0], [13, 1], [13, 2], [13, 3], [13, 4], [14, 0], [14, 1], [14, 2], [14, 3], [14, 4], [15, 0], [15, 1], [15, 2]]"
f_1014088598b99305d7a7,"[[0, 0], [0, 1], [1, 2]]"
f_4e562966fc910b2a9c53,"[[1, 2], [1, 3], [1, 4], [2, 2], [2, 3]]"
f_8e5b13514f0509f77318,"[[10, 0], [11, 0], [11, 1]]"
f_21195a9f2ead40b8a203,"[[4, 1], [4, 2], [4, 3], [4, 4], [10, 1], [10, 2], [10, 3], [10, 4]]"
f_ab2658471d59bb234682,"[[9, 0], [10, 0], [10, 1], [10, 2], [10, 3], [10, 4]]"
f_f5c0704660f9a62c45e6,"[[7, 0], [7, 2], [8, 0], [8, 1], [8, 2], [8, 3], [8, 4], [9, 0], [9, 2], [10, 0]]"
f_ff7c171f02f1b9ed8268,"[[13, 0], [14, 0], [14, 1], [14, 3], [14, 4], [14, 5], [15, 0]]"
f_6aaeae49c6e2367948be,"[[1, 0], [1, 1], [1, 2], [2, 0], [2, 1], [2, 2], [3, 0], [3, 1], [3, 2], [4, 0], [4, 1], [4, 2], [5, 0], [5, 1], [5, 2]]"
f_52f955f35e9e0faa4b65,"[[1, 0], [2, 0], [2, 2], [2, 4]]"
f_051d37524560d3a23e37,"[[1, 1], [1, 2], [1, 3], [2, 1], [2, 2], [2, 3], [9, 3]]"
f_1528ff00db5d01448cbe,"[[14, 0], [14, 1], [14, 2]]"
f_fde271e127db42b9d8e1,"[[1, 0], [1, 1], [1, 2], [1, 3], [2, 0], [2, 1], [2, 2], [2, 3], [3, 0]]"
f_9afa2ecf0c597c63afea,"[[3, 0], [3, 1], [3, 3], [4, 0], [4, 1], [4, 2], [4, 3], [5, 0], [5, 1], [5, 3], [6, 0], [6, 1], [6, 3]]"
f_693e5c3b03aaff010334,"[[1, 2], [5, 2]]"
f_2e93a35dae919daf400f,"[[2, 0], [3, 0], [3, 1], [3, 2], [3, 3]]"
f_35bdd6f1219b210f256f,"[[3, 1], [3, 2], [3, 3], [4, 1], [4, 2], [4, 3]]"
f_8731cc97f81d2b1a3420,"[[5, 0], [6, 0], [6, 1], [6, 3], [7, 0]]"
f_7da280684f7f455fa632,"[[8, 0], [8, 1], [8, 2], [8, 3], [9, 0], [9, 1], [9, 2], [10, 0], [10, 1], [10, 2]]"
f_d486d90adac5b26c2572,"[[2, 0], [2, 1], [2, 2], [2, 4], [2, 5], [3, 0], [3, 1], [3, 4], [4, 0], [4, 1], [4, 2], [4, 4], [4, 5]]"
f_d74fef7c76490a479734,"[[1, 1], [1, 2], [2, 1], [2, 2], [3, 1], [3, 2], [4, 1], [4, 2], [5, 1], [5, 2], [6, 1], [6, 2], [7, 1], [7, 2]]"
f_49d933cb0d6d31a1f53b,"[[3, 0], [3, 1], [3, 3], [4, 0], [5, 0], [6, 0], [6, 1], [6, 3], [7, 0], [8, 0], [8, 1], [8, 3]]"
f_a9d3f9f21b1449adb98c,"[[9, 1], [9, 2], [11, 0], [11, 1], [11, 2]]"
f_bb3981d62779019867c9,"[[1, 0], [1, 1], [1, 2], [1, 3], [1, 4], [1, 5], [4, 0], [4, 1], [4, 3], [4, 4], [5, 0], [5, 1], [5, 3], [5, 4], [6, 0], [7, 0]]"
f_15a13edec9d3aaa8cabe,"[[11, 0], [12, 0], [12, 2]]"
f_ee06c849f25cfd0e0e56,"[[1, 0], [1, 3], [2, 3], [3, 3], [4, 3]]"
f_a50206fb695ae938c597,"[[6, 0], [6, 1], [6, 2], [6, 3], [10, 0], [10, 1], [10, 2], [10, 3]]"
f_b8efa9863eadd0cd426b,"[[7, 0], [7, 3], [8, 0], [8, 3], [9, 0], [9, 1], [9, 2], [9, 3], [9, 4], [10, 0], [10, 3]]"
f_cbdced175b4e45e96a5c,"[[3, 0], [3, 1], [3, 2], [3, 5]]"
f_921887bf37bbba90ddc1,"[[2, 0], [3, 0], [3, 1], [3, 3], [3, 4], [4, 0]]"
f_c4164d446418b190626c,"[[2, 0], [2, 1], [2, 2], [2, 4]]"
f_3427ab7ef364385473bc,"[[3, 0], [3, 1], [3, 5], [4, 0], [4, 5], [5, 0], [5, 5]]"
f_7359cbfc7c531814ddf1,"[[3, 0], [4, 0], [5, 0], [5, 1], [5, 2], [5, 3], [5, 4]]"
f_f0d05fbaf3a2a33441f7,"[[6, 0], [6, 1], [7, 0], [7, 1], [8, 0], [8, 1], [9, 0], [9, 1], [10, 0], [10, 1], [10, 2]]"
f_f2cecd221303e5b259a6,"[[1, 1], [1, 2], [1, 3], [1, 5], [2, 1], [2, 2], [2, 3], [2, 5]]"
f_4cc6665c25816890eae5,"[[6, 3], [6, 4], [6, 5], [7, 3], [7, 4], [7, 5], [8, 3], [8, 4], [8, 5], [9, 3], [9, 4], [9, 5], [12, 3], [12, 4], [12, 5]]"
f_7f8802f9329a7818e4f5,"[[2, 1], [2, 2], [3, 1], [3, 2]]"
f_04b81723a70cbd031b34,"[[3, 0], [3, 1], [4, 0], [4, 1], [5, 0], [5, 1], [6, 0], [7, 0]]"
f_647fd7dfb38f1f8f7200,"[[1, 2], [5, 2]]"
f_d88de60dac26d4b24368,"[[5, 0], [5, 1], [5, 2], [5, 4], [6, 0], [7, 0], [7, 1], [7, 2], [7, 4], [8, 0], [8, 1], [8, 2], [8, 4]]"
f_b0c3d54d4452b52f4c19,"[[12, 0], [13, 0], [14, 0], [15, 0], [16, 0], [17, 0], [18, 0], [19, 0], [20, 0], [21, 0], [21, 11], [21, 12]]"
f_dc2a4309aa5d882a2629,"[[2, 0], [2, 1], [2, 2], [2, 3], [2, 4], [3, 0], [3, 1], [3, 2], [3, 3], [3, 4], [4, 0], [4, 1], [4, 2], [4, 3], [4, 4]]"
f_fbfbe1f704300795b7b5,"[[10, 3], [10, 4]]"
f_48cda6dcde81e622cc0d,"[[9, 1], [9, 2], [18, 0], [18, 1], [18, 2]]"
f_16c32822ffb712ca2eb1,"[[11, 9], [11, 10], [11, 11], [12, 10]]"
f_41626b702a55a6eee293,"[[24, 0], [24, 1], [24, 2], [25, 0], [26, 0], [26, 1], [26, 2]]"
f_ca21859aad1274f7d935,"[[14, 0], [14, 1], [14, 4], [31, 0], [31, 1], [31, 2], [31, 3], [31, 4], [31, 5]]"
f_77d646805a6505d46227,"[[3, 1], [3, 2], [3, 3], [7, 1], [7, 2], [7, 3], [13, 0], [13, 1], [13, 2], [13, 3], [13, 4]]"
f_54a8a524405a4b5d0320,"[[3, 0], [3, 1], [3, 2], [3, 3], [3, 4], [4, 0], [4, 1], [4, 2], [4, 3], [4, 4]]"
f_4bd83ef258521e47c2df,"[[1, 0], [1, 1], [1, 2], [1, 3], [2, 3], [4, 0], [4, 1], [4, 3], [5, 0], [5, 1]]"
f_85157bb31fbbc752c2fa,"[[1, 0], [1, 1], [1, 2], [1, 3], [1, 4], [2, 2], [2, 4], [3, 0], [3, 1], [3, 2], [3, 3], [3, 4], [3, 5]]"
f_8103b098772f97ec97f1,"[[1, 0], [1, 1], [1, 3], [1, 4], [2, 0], [2, 1], [2, 3], [2, 4], [3, 0], [3, 1], [3, 3], [3, 4], [4, 0], [4, 1], [4, 3], [4, 4], [5, 0], [5, 1], [5, 3], [5, 4], [6, 0], [6, 1], [6, 3], [6, 4], [7, 0], [7, 1], [7, 3], [7, 4]]"
f_b9d03b3a79a1199796a3,"[[17, 0], [17, 1], [17, 2], [20, 1]]"
f_f9c76c8ebd05caac4a86,"[[7, 0], [7, 1], [7, 2], [7, 3], [8, 0], [8, 1], [8, 2], [8, 3], [9, 0], [9, 1], [9, 2], [9, 3]]"
f_c5e7123708086a115856,"[[2, 1], [8, 1], [8, 2], [8, 3], [8, 4], [9, 1]]"
f_019f51d1943134ca4720,"[[6, 0], [6, 1], [6, 2], [7, 0], [7, 1], [7, 2], [8, 0], [8, 1], [9, 0], [9, 1], [10, 0], [10, 1], [11, 0], [11, 1]]"
f_4f1b59ce0a93323c5c29,"[[3, 0], [3, 1], [3, 2], [3, 3], [4, 0], [4, 1], [4, 2], [4, 3], [5, 0], [5, 1]]"
f_d59677e07f000e9c822a,"[[8, 0], [8, 3], [15, 0], [15, 3]]"
f_0121a4cb8ceab8837379,"[[1, 0], [1, 1], [1, 2], [2, 0], [2, 1], [2, 2], [6, 0], [6, 1], [6, 2], [16, 0], [16, 1], [16, 2]]"
f_8b6d4e756a6d45d952a8,"[[8, 1], [8, 2], [8, 3], [9, 1], [9, 2], [9, 3]]"
f_9e4672505655fd93babc,"[[1, 0], [1, 1], [1, 2], [1, 4], [2, 0], [2, 4]]"
f_cbe45787b5988125ca42,"[[1, 0], [1, 1], [1, 2], [1, 3], [1, 4], [1, 5], [15, 2], [15, 3]]"
f_583278b59f6643e0b809,"[[8, 0], [15, 0], [16, 0]]"
f_a74d9fe3c7b4d22b40aa,"[[2, 1], [2, 3], [3, 1], [3, 3]]"
f_c70d95f142c9c3eab44d,"[[3, 0], [3, 1], [3, 2], [6, 0], [6, 1], [6, 2], [10, 0], [10, 1], [10, 2]]"
f_41c81e30ffbcceed585e,"[[4, 2], [5, 2], [6, 2], [7, 2], [8, 0], [8, 2], [8, 3], [9, 2], [10, 2], [11, 2], [12, 2], [13, 2], [14, 2], [15, 2], [16, 2], [17, 2], [18, 2]]"
f_78aebede2b4b78757be6,"[[2, 4], [3, 0], [3, 1], [3, 2], [3, 3], [3, 4], [3, 5], [3, 6]]"
f_0033fdfea71b2f104383,"[[2, 1], [2, 2], [2, 3], [3, 1], [3, 3]]"
f_bd1f92cc82f04b961678,"[[1, 0], [2, 0], [2, 2], [2, 3], [2, 4]]"
f_5be99d0443f3bb13fb87,"[[2, 0], [2, 1], [2, 2], [3, 0], [3, 1], [3, 2], [4, 0], [5, 0], [5, 1], [6, 0], [7, 0]]"
f_94e7696c014a00eaf0a2,"[[4, 6], [25, 0], [25, 6]]"
f_0391f5df63e31bad37a2,"[[2, 0], [2, 1], [2, 2], [3, 0], [3, 1]]"
f_26c018e14d127e731966,"[[1, 0], [1, 2]]"
f_1ef503bc843bd2bb7a12,"[[1, 3], [2, 2], [2, 3], [3, 2], [3, 3], [4, 2], [4, 3], [5, 2], [5, 3], [6, 2], [6, 3], [7, 0], [7, 1], [7, 2], [7, 3], [7, 4], [8, 2], [8, 3], [9, 3], [10, 3], [11, 3]]"
f_84798d2462f9f7957288,"[[5, 0], [5, 1], [22, 0], [22, 1]]"
f_c6950f621e70c2ac3717,"[[0, 0], [0, 1], [0, 2], [0, 3], [1, 1], [1, 4]]"
f_495b9436d5814db6ee9d,"[[5, 1], [5, 2], [6, 0], [6, 1], [6, 2]]"
f_3463124c6032362c580a,"[[3, 3], [4, 3], [5, 0], [5, 1], [5, 2], [5, 3], [7, 0], [7, 1], [7, 2], [7, 3]]"
f_2206a3f45e050c2919fb,"[[4, 0], [4, 1], [4, 2], [5, 0], [5, 1], [5, 2], [6, 0], [6, 1], [6, 2]]"
f_ff5cf6eb3786db9f3959,"[[8, 0], [8, 1], [8, 2], [8, 3], [9, 0], [9, 1], [9, 2], [9, 3]]"
f_5a4f5dbdc63577c27e6a,"[[2, 2], [3, 0], [3, 1], [3, 2], [3, 3], [4, 0], [4, 1], [4, 2], [4, 3]]"
f_40bf5809961738ab43c7,"[[1, 2], [1, 4], [1, 6], [2, 1], [2, 2], [2, 4]]"
f_826289d4a571b9e65434,"[[4, 0], [5, 0], [5, 1], [5, 3], [5, 4], [5, 5], [6, 0], [6, 1], [7, 0]]"
f_eaad53444d35e709337f,"[[7, 0], [8, 0], [9, 0], [9, 3]]"
f_9816e3ed2cb8e5c77342,"[[2, 0], [2, 1], [4, 2]]"
f_862a810edf3efe32873f,"[[2, 1], [3, 1], [4, 1], [5, 1], [6, 1], [7, 1], [8, 1], [9, 1], [10, 1], [11, 1], [12, 1], [14, 1], [15, 1], [16, 1], [18, 2], [18, 3], [18, 7], [18, 8]]"
f_21534f06187526c0cbe2,"[[8, 0], [8, 2], [9, 0], [9, 1], [9, 2], [10, 0], [10, 1], [10, 2]]"
f_fcc0c5f1d750bb9a225c,"[[13, 0], [13, 1], [13, 2], [13, 3]]"
f_9f6b7e36d8db52a2e0c0,"[[1, 0], [1, 2], [1, 3], [2, 0], [2, 3], [3, 0], [3, 3], [4, 0], [4, 3], [5, 0], [5, 3], [6, 0], [6, 3], [7, 0], [7, 3], [8, 0], [8, 3], [9, 0], [9, 3], [10, 0], [10, 3], [11, 0], [11, 3]]"
f_d52386c501f3b1bcb542,"[[6, 0], [7, 0], [7, 1], [7, 2], [7, 3]]"
f_4ffdf3946c8d92e54a18,"[[1, 3], [4, 3]]"
f_07117426676112028e4c,"[[1, 0], [2, 0], [2, 1], [2, 4], [3, 0], [4, 0], [5, 0], [6, 0]]"
f_1073f22c5315051bd157,"[[11, 0], [11, 1], [11, 2], [12, 0], [12, 1], [12, 2], [13, 0]]"
f_f7aa1803a5edcfe41f14,"[[4, 0], [5, 0], [6, 0], [7, 0], [7, 1], [7, 3], [7, 4]]"
f_dc6fc577ebaa45d08aa0,"[[1, 1], [1, 2], [4, 0], [4, 1], [4, 2], [7, 1], [7, 3], [11, 1], [11, 3], [15, 1], [15, 3]]"
f_831bddaf82bb14225dc5,"[[1, 0], [1, 1], [1, 2], [5, 0], [5, 2], [8, 0], [8, 1], [8, 2], [10, 0], [10, 1], [10, 2], [11, 0], [11, 1], [11, 2], [15, 0], [15, 1], [15, 2]]"
f_2f08851ca69ff3967f32,"[[1, 0], [1, 1], [1, 2], [3, 0], [3, 1], [3, 2]]"
f_180205e08554976aee4e,"[[3, 0], [3, 1]]"
f_5b49ab4535659869de0b,"[[20, 0], [21, 0], [21, 1], [21, 2], [22, 0]]"
f_194e70e3c46de08dc565,"[[1, 2], [1, 3], [2, 1], [2, 2], [2, 3]]"
f_3c8a0530dfc09135e275,"[[9, 0], [9, 1], [9, 2], [9, 3]]"
f_1413c4e5bc11234d5139,"[[1, 0], [1, 1], [4, 0], [4, 1]]"
f_a21dd325cbc7ddffd0fd,"[[1, 0], [1, 1], [1, 2], [2, 0], [3, 0], [10, 0], [10, 1], [10, 2]]"
f_321131e163ed64d052a4,"[[25, 1], [25, 2], [25, 3]]"
f_43f24c7242d641127a9b,"[[29, 2], [30, 0], [30, 2], [30, 3], [31, 0], [31, 3], [31, 4]]"
f_36d3350108aad60deb77,"[[1, 2], [3, 3]]"
f_efca6328b99e110408e2,"[[1, 1], [1, 2], [4, 4]]"
f_20273a0603d667ba3c5f,"[[21, 1], [21, 2], [21, 3], [23, 1], [23, 2], [23, 3]]"
f_25ad42395a7f6213ab7e,"[[1, 0], [1, 1], [1, 2], [4, 0], [4, 1], [4, 2], [7, 0], [7, 1], [7, 2]]"
f_a8c6de54a4cd4c450c0e,"[[1, 1], [1, 2], [1, 3], [2, 1], [2, 2], [2, 3], [13, 3]]"
f_f9959902c17479986546,"[[3, 0], [3, 6], [3, 7], [4, 0], [4, 6], [4, 7]]"
f_d9ee898389133593d7b8,"[[2, 1], [2, 3], [2, 4], [2, 5], [4, 1], [4, 2], [4, 4], [4, 5]]"
f_5b4786c4b1df0110a7ee,"[[3, 1], [3, 2]]"
f_2ecc4f519d1b89258941,"[[9, 0], [9, 1], [9, 2], [9, 3]]"
f_bb75724817d59f0fd97c,"[[1, 0], [2, 0], [3, 0], [4, 0], [5, 0], [6, 0], [7, 0], [8, 0], [9, 0], [10, 0], [11, 0], [12, 0], [13, 0], [14, 0], [15, 0], [16, 0], [17, 0], [18, 0], [19, 0], [20, 0], [21, 0], [22, 3], [22, 4], [22, 5], [22, 6]]"
f_d369c238d6d74da084b7,"[[2, 0], [2, 1], [2, 2], [15, 0], [15, 1], [15, 2], [16, 1]]"
f_149de163b046209aeef5,"[[3, 0], [3, 1], [3, 2], [4, 0], [4, 1], [4, 2], [5, 0], [5, 1], [5, 2], [6, 0], [6, 1], [6, 2], [7, 0], [7, 1], [7, 2]]"
f_32f30d1250db4828f19e,"[[4, 0], [4, 1], [5, 0], [5, 1]]"
f_e7287374af7f86dcdea6,"[[1, 0], [1, 2], [1, 4], [2, 4], [3, 4], [4, 4], [6, 0], [6, 4]]"
f_ae76731739a248e76983,"[[9, 0], [10, 0]]"
f_e189d191cddada056077,"[[3, 0], [3, 1], [5, 0], [5, 1]]"
f_197e80ff0e6dfb3de767,"[[1, 1], [1, 2], [2, 1], [2, 2], [7, 3]]"
f_2e0e756db59e333efee2,"[[2, 2], [2, 3], [2, 4], [2, 5], [3, 3], [3, 4], [4, 3], [4, 4]]"
f_43c57f9a5732b39c9107,"[[1, 3], [1, 5], [2, 1], [2, 3]]"
f_0a2d26852edfa8114c63,"[[1, 0], [1, 1], [1, 2], [1, 3], [2, 0], [2, 1], [2, 2], [2, 3], [3, 0], [3, 1]]"
f_f5cec9f18bde15e766ea,"[[2, 0], [2, 1], [2, 2], [3, 0], [3, 1], [3, 2], [4, 0]]"
f_c8f867e918c95455d052,"[[15, 0], [15, 1], [15, 2], [15, 4]]"
f_3af2805108f080287add,"[[2, 0], [2, 1], [2, 3], [6, 0], [6, 1], [6, 3], [7, 0], [7, 1], [7, 3], [8, 0], [12, 0], [12, 1], [12, 3]]"
f_26f815c178f916765feb,"[[27, 0], [27, 1], [27, 7], [28, 0], [28, 1], [28, 7], [29, 0], [29, 1], [29, 7]]"
f_25d5c16390aa3ebc3584,"[[2, 0], [2, 2], [3, 0], [3, 1], [3, 2], [4, 0], [4, 1], [4, 2], [5, 0], [5, 2], [6, 0], [6, 1], [6, 2]]"
f_22bdcdad932aebf33405,"[[4, 16], [5, 14], [5, 15]]"
f_939ac3a0ac842a44209f,"[[1, 0], [1, 1], [1, 4], [8, 0], [8, 1], [8, 4]]"
f_6793972ce255098dcb2a,"[[8, 0], [8, 1], [9, 0], [9, 1], [10, 0], [10, 1], [11, 0], [11, 1], [12, 0], [12, 1], [13, 0], [13, 1], [14, 0], [14, 1], [15, 0], [15, 1], [16, 0], [16, 1], [17, 0], [17, 1], [18, 0], [18, 1], [19, 0], [19, 1], [20, 0], [20, 1], [21, 0], [21, 1], [22, 0], [22, 1], [23, 0], [23, 3]]"
f_7261e7e89e2b1888f819,"[[1, 0], [1, 1], [1, 2], [2, 0], [2, 1], [2, 2]]"
f_8249f52b71a87bac90bc,"[[2, 3], [3, 3]]"
f_369e0d65e1444df65d7b,"[[18, 0], [19, 0], [20, 0], [20, 1], [20, 2], [20, 4]]"
f_efd4e26858050e45fa33,"[[8, 0], [8, 1], [8, 3], [8, 4], [9, 0], [10, 0], [10, 1], [11, 0], [11, 1], [11, 3], [11, 4], [16, 0], [16, 1], [17, 0], [17, 1]]"
f_d2cde767c1836773f873,"[[6, 0], [6, 1], [23, 0], [23, 1]]"
f_5fa3226d216430ff22f7,"[[19, 0], [20, 0], [21, 0], [21, 1]]"
f_0c937620177a9c674b33,"[[1, 0], [1, 1], [1, 2], [1, 3], [1, 4], [9, 0], [9, 1], [9, 3], [9, 4]]"
f_b1a45a6cd6ab33a3d776,"[[2, 1], [4, 1], [8, 1]]"
f_20f4a42c875573d29b4e,"[[1, 2], [1, 3], [1, 4]]"
f_eb8e8e1946266bff1564,"[[2, 0], [3, 0], [3, 1], [3, 2], [3, 3]]"
f_87cb3fc57f8570739821,"[[0, 2], [2, 0], [2, 1], [3, 0]]"
f_60c7e73571140dae71d8,"[[4, 1], [4, 3], [4, 4], [4, 6]]"
f_8e58ac29a02afea05395,"[[11, 0], [11, 1], [11, 2], [19, 0], [19, 1], [19, 2]]"
f_42bdfae3a5474e16632c,"[[1, 0], [1, 1], [1, 2], [1, 3], [2, 0], [2, 1], [2, 2], [2, 3]]"
f_b5e9b718f17e9af3d77f,"[[15, 0], [16, 0], [16, 1]]"
f_93a3697a3081531f8662,"[[1, 1], [1, 3], [1, 4], [2, 1], [2, 3], [2, 4], [3, 3], [3, 4]]"
f_1da1c10b235d3ac35dfd,"[[0, 0], [0, 1], [0, 2], [2, 0], [2, 1], [2, 2], [3, 1]]"
f_57e077ca378389a390a2,"[[5, 3], [10, 0], [10, 1], [10, 2], [10, 3], [12, 3]]"
f_153051dc14e59ed5303a,"[[1, 1], [2, 0], [2, 1], [2, 2], [2, 3], [3, 0], [3, 1], [3, 2], [3, 3]]"
f_f90f3ebc9b84489f13cc,"[[2, 0], [2, 4], [2, 5], [2, 6], [2, 8], [3, 0], [3, 4], [3, 6], [3, 8]]"
f_3d35aeff5f99e5ba93e3,"[[1, 0], [1, 1], [1, 2], [1, 3], [1, 5], [1, 6], [2, 0], [2, 1], [2, 2], [2, 3], [2, 5], [2, 6]]"
f_9873166ea6ad76878574,"[[6, 0], [6, 2], [7, 0], [7, 2], [8, 0], [8, 2], [9, 0], [10, 0], [10, 1], [10, 2]]"
f_7775b47b8405395f9500,"[[1, 0], [1, 3], [1, 4]]"
f_06a1145001240d62f27f,"[[1, 0], [1, 1], [1, 2], [1, 4], [9, 0], [9, 1], [9, 2], [9, 4]]"
f_3444e381d8fa30afb416,"[[6, 0], [6, 1], [6, 2], [7, 0], [10, 0], [11, 0], [11, 1], [11, 2], [15, 0], [15, 1], [15, 2]]"
f_6a21c2f1048fa30f064e,"[[1, 0], [1, 1], [1, 2], [1, 3], [2, 0], [2, 1], [2, 3]]"
f_429a4e3e72dad5bab8d7,"[[21, 0], [21, 1], [22, 0], [22, 1], [22, 2], [22, 3]]"
f_3cefbbb205ddbb351fa9,"[[1, 1], [1, 2], [1, 3], [2, 1], [2, 2], [2, 3]]"
f_4216a1464c47a6ae9d87,"[[2, 2], [2, 3], [2, 4], [3, 2], [3, 3], [3, 4]]"
f_768e97a5aba0a8e8d73d,"[[3, 0], [3, 1], [3, 2], [3, 3], [4, 2], [4, 3]]"
f_ae2eda73289098c92c30,"[[1, 0], [1, 5], [2, 2], [2, 3], [2, 5]]"
f_3df9a9683f6fec86ddc1,"[[1, 0], [1, 3], [2, 0], [2, 1], [2, 2], [2, 3], [3, 0], [3, 3], [4, 0], [4, 3], [5, 0], [5, 3], [6, 0], [6, 3], [7, 0], [7, 3], [8, 3]]"
f_1265e103ccd570fd9811,"[[3, 0], [3, 1], [3, 2], [4, 0], [4, 1], [4, 2]]"
f_098b432611f9e4097c36,"[[3, 0], [3, 1], [3, 2], [3, 3]]"
f_0f44d5ece483f394b1ec,"[[1, 0], [1, 1], [1, 2], [1, 3], [2, 0], [2, 1], [2, 2], [2, 3], [3, 0]]"
f_27aea37587bd5b5d5dfe,"[[1, 0], [1, 3], [6, 3]]"
f_5a06ccb82f3e2aef48ae,"[[5, 0], [5, 1], [11, 0], [11, 1], [15, 0], [15, 1]]"
f_a1cb80e5c3d3ecd9190a,"[[1, 1], [1, 2], [1, 3], [2, 1], [2, 2], [2, 3]]"
f_b834d070c1bc9cba7f2e,"[[2, 1], [3, 0], [3, 1], [3, 2], [3, 3], [3, 4]]"
f_7a068c01f1072b8ba32b,"[[7, 0], [7, 1], [7, 2], [8, 0], [8, 1], [8, 2]]"
f_9a6de4904077606e8b13,"[[1, 0], [1, 1], [1, 3], [8, 0], [8, 1], [8, 3]]"
f_deae663ffd2f4d413ed3,"[[2, 0], [2, 1], [2, 2], [3, 0], [3, 1], [3, 2], [4, 0], [4, 1], [4, 2], [5, 2], [6, 2], [7, 2]]"
f_ac5b0a9ee8930653c9ae,"[[5, 0], [5, 1], [6, 0], [6, 1], [6, 4]]"
f_2cb0674e39f763416995,"[[13, 0], [14, 0], [15, 0], [15, 1], [15, 2], [15, 3], [15, 4]]"
f_33195bbd45e52c04632f,"[[12, 1], [12, 2], [12, 3], [12, 5], [12, 6], [15, 1], [15, 2], [15, 5], [15, 6]]"
f_13cf19cb0153949f11dc,"[[5, 0], [5, 1], [5, 2], [6, 0], [6, 1], [6, 2], [6, 3], [7, 0], [7, 1], [7, 2], [7, 3]]"
f_c9563108e6df31ce5b45,"[[1, 2], [1, 4], [2, 2], [2, 4]]"
f_c431aeff4cd8c56d0f00,"[[1, 0], [1, 1], [1, 2], [1, 3], [2, 0], [2, 1], [2, 2], [2, 3]]"
f_ac25165a3b85968cc90b,"[[0, 0], [1, 0]]"
f_304277f6ef396d657127,"[[1, 1], [1, 5]]"
f_d022590f07a4af96cb46,"[[4, 0], [4, 1], [4, 2]]"
f_5389bdacd7e204c5b8ff,"[[1, 1], [2, 1]]"
f_efcc2ad6891d2010c6e1,"[[1, 0], [1, 2], [3, 0], [3, 2], [5, 0], [5, 2], [7, 0], [7, 2], [9, 0], [9, 2], [11, 0], [11, 2], [13, 0], [13, 2], [15, 0], [15, 2], [17, 0], [17, 2], [19, 0], [19, 2], [21, 0], [21, 2], [23, 0], [23, 2], [25, 0], [25, 2]]"
f_c3973a72d748d6821d40,"[[2, 2], [2, 3], [2, 4]]"
f_fb7314b85d460b2b15fc,"[[1, 1], [1, 2], [5, 3]]"
f_009b0e3311a7c6570b8f,"[[12, 1], [12, 3], [12, 4]]"
f_87d0cde59e038215551b,"[[1, 0], [7, 0], [7, 1], [7, 2], [13, 0], [13, 1], [13, 2], [21, 0]]"
f_336683b86472881c1854,"[[7, 0], [7, 3], [7, 4], [8, 0], [8, 3], [8, 4]]"
f_a62c3595128f2f14ca30,"[[1, 0], [1, 1], [1, 2], [1, 3], [1, 4], [2, 0], [2, 1], [2, 2], [2, 3], [2, 4], [3, 0], [3, 1], [3, 2], [3, 3], [3, 4], [4, 0], [4, 1], [4, 2], [4, 3], [5, 0], [5, 1], [5, 2], [5, 3], [6, 0], [6, 1], [6, 2], [6, 3], [7, 0], [8, 0], [9, 0]]"
f_387b75236ce595cbc55b,"[[15, 1], [16, 1], [17, 1], [18, 1], [19, 1], [20, 0], [20, 1], [20, 13], [21, 0], [21, 1], [21, 13], [22, 1], [23, 1], [24, 1]]"
f_61229e42e28c5e049d46,"[[3, 0], [4, 0], [4, 1], [4, 2], [5, 1], [5, 2], [6, 1], [6, 2], [9, 0], [10, 0], [10, 1], [10, 2], [11, 0], [11, 1], [11, 2], [15, 0], [15, 1], [15, 2], [16, 0]]"
f_296ac9f3774904b44bf1,"[[6, 0], [7, 0], [8, 0], [9, 0], [10, 0], [10, 1], [10, 2], [10, 3], [11, 0], [11, 2], [12, 0], [13, 0], [14, 0], [15, 0], [16, 0], [17, 0], [18, 0], [19, 0], [20, 0]]"
f_2ccdcb65a58367615437,"[[2, 0], [2, 1], [4, 0], [4, 1]]"
f_47cebf0ded5bd5b2483f,"[[13, 0], [13, 1], [13, 2], [14, 0], [14, 1], [14, 2]]"
f_cc238448735a310065ec,"[[1, 2], [1, 4], [2, 2], [2, 4]]"
f_bed211dbdce6031b7f02,"[[17, 0], [17, 1], [17, 2], [18, 0], [18, 1], [18, 2]]"
f_3a68ae05befe415ccfd0,"[[5, 0], [5, 1], [5, 2], [5, 3], [5, 4]]"
f_a41769278929970e79df,"[[10, 0], [10, 4], [10, 5], [11, 0], [11, 4], [11, 5], [12, 0]]"
f_aa6220ba91228f0ac58e,"[[1, 0], [1, 1], [2, 0], [2, 1]]"
f_836685ace6793bb4866a,"[[1, 0], [1, 2], [2, 0], [2, 2]]"
f_2549e96ba0ec3a9d77c6,"[[2, 1], [2, 14], [3, 1], [3, 14], [4, 1], [4, 12]]"
f_002d37a75ee957e86cbf,"[[2, 0], [2, 1], [2, 2], [8, 0], [8, 1], [8, 2], [11, 0], [11, 1], [11, 2]]"
f_bc513904b8320cec9a5b,"[[3, 0], [3, 1], [3, 2], [3, 3], [4, 0], [5, 0], [6, 0], [6, 1], [6, 3], [7, 0], [7, 1], [7, 2], [7, 3], [8, 0], [8, 1], [8, 2], [8, 3], [8, 4], [9, 1], [9, 3]]"
f_de80b6fc6cdcb868853b,"[[2, 0], [2, 1], [2, 2], [2, 3], [3, 0], [3, 1], [3, 2], [4, 0], [5, 0], [5, 1], [5, 2], [5, 3]]"
f_b1fda473ddc62f32c87c,"[[13, 1], [14, 1], [15, 1], [16, 0], [16, 1], [17, 0], [17, 1], [17, 2]]"
f_5a1ebcae6ccba949ba83,"[[1, 0], [1, 2], [2, 0], [2, 2]]"
f_50703d348865e516b201,"[[1, 1], [1, 2], [1, 3], [2, 1], [2, 2], [2, 3], [3, 3], [4, 3]]"
f_5d4c689e00d16442dcef,"[[1, 1], [1, 3], [1, 4], [2, 1], [2, 4]]"
f_beded3992b4831e79568,"[[8, 0], [8, 1], [9, 0], [9, 1], [10, 0], [10, 1]]"
f_dc48a5bef31f2780c599,"[[0, 0], [0, 1], [0, 2], [0, 3], [0, 4], [0, 5], [0, 6], [0, 7], [0, 8], [0, 9], [0, 10], [0, 11], [0, 12], [2, 1], [17, 1]]"
f_8e34f7dbd89f6ba16a77,"[[2, 0], [3, 0], [3, 1], [3, 3], [4, 0], [4, 1], [4, 3], [5, 0], [6, 0], [6, 1], [6, 3], [7, 0], [7, 1], [7, 3], [8, 0], [9, 0], [10, 0]]"
f_3ad8c735b89ed93a2cef,"[[5, 0], [5, 2], [6, 0], [6, 2]]"
f_2ad2d7c48c63e92c7966,"[[2, 0], [2, 1], [2, 2], [3, 0], [3, 1], [3, 2], [4, 0], [4, 1], [4, 2], [5, 0], [5, 1], [5, 2], [6, 0], [7, 1], [7, 2], [9, 1], [9, 2], [10, 1], [10, 2], [11, 1], [11, 2], [13, 1], [13, 2]]"
f_342dc120a965c4beaf78,"[[1, 1], [1, 2], [1, 4], [3, 1], [3, 2], [3, 4], [4, 1], [4, 2], [4, 4], [6, 1], [6, 2], [6, 4]]"
f_e839d20d07b7afaabf43,"[[1, 0], [1, 1], [2, 0], [2, 1], [3, 0], [3, 1], [4, 0], [4, 1], [5, 0], [5, 1], [6, 0], [6, 1], [7, 0], [7, 1], [8, 0], [8, 1], [9, 0], [9, 1], [10, 0], [10, 1], [11, 0], [11, 1], [12, 0], [12, 1], [13, 0], [13, 1], [14, 1], [14, 2], [14, 3], [14, 4], [14, 5], [14, 6], [14, 7]]"
f_6db817a1f34b8141b258,"[[5, 0], [5, 2], [5, 3], [5, 4], [6, 0], [6, 2], [6, 3], [6, 4], [7, 0], [7, 2], [7, 3], [7, 4]]"
f_4b836acce4cdc1b074f8,"[[1, 0], [1, 1], [1, 2], [1, 3], [2, 0], [2, 1], [2, 2], [2, 3], [3, 0]]"
f_233db7849843cd85b124,"[[3, 3], [4, 3], [5, 0], [5, 3], [6, 0], [6, 3], [7, 0], [7, 3], [8, 0], [8, 1], [8, 2], [8, 3], [8, 4]]"
f_8745e548b44cdd274e87,"[[1, 1], [1, 3], [2, 0], [2, 1], [2, 3]]"
f_68cfa5bffcb5224faa27,"[[2, 0], [2, 1], [2, 2], [3, 0], [3, 1], [3, 2]]"
f_d9536714ea27b9b8cd7f,"[[7, 0], [7, 3], [8, 1], [9, 1], [10, 1], [11, 1]]"
f_54dc27b938f2a0360045,"[[1, 0], [2, 0], [3, 0], [4, 0], [4, 3], [4, 4], [5, 0], [6, 0], [7, 0], [8, 0]]"
f_6b77a043ed45ccdcb694,"[[4, 0], [4, 1], [4, 3], [5, 0], [5, 1], [5, 3]]"
f_4f6024ebee94c381afef,"[[1, 0], [1, 1], [1, 2], [1, 3], [2, 1], [2, 2], [3, 1], [3, 2]]"
f_3dc291693a4a406462a6,"[[5, 0], [5, 1], [5, 2]]"
f_e3b1edbbd51b8a8e311f,"[[8, 4], [9, 0], [9, 3], [9, 4]]"
f_37a7efd87934ea8fde79,"[[10, 0], [11, 0], [11, 1], [11, 2], [11, 3], [11, 4], [12, 0]]"
f_adc1d82a518b23acdce7,"[[5, 0], [5, 2], [5, 3], [5, 4], [6, 0], [6, 2], [6, 3], [6, 4], [7, 0], [7, 2], [7, 3], [7, 4]]"
f_0928b9f8bb241aa5496e,"[[1, 0], [1, 1], [1, 3], [2, 3], [3, 3], [4, 3], [5, 0], [5, 1], [5, 3]]"
f_bb4f59787f34f90c3427,"[[3, 0], [4, 0], [4, 1], [4, 2], [5, 0]]"
f_dd9abc6f8572f2b69bab,"[[11, 0], [11, 1], [12, 0], [12, 1], [13, 0], [13, 1], [14, 0], [14, 1], [15, 0], [15, 11]]"
f_3982cbdfcba7cb3c9883,"[[2, 1], [2, 2], [2, 4]]"
f_7a2cfa20858044d2ff57,"[[1, 2], [2, 1], [2, 2], [2, 3]]"
f_5be0b78e2b931e020877,"[[1, 2]]"
