id,match_probability_00,match_probability_01,match_probability_02,match_probability_03,match_probability_04,match_probability_05,match_probability_06,match_probability_07,match_probability_08,match_probability_09,match_probability_10,match_probability_11,match_probability_12,match_probability_13,match_probability_14,match_probability_15
0008637376694d36789536f2,1,0,0,0,0,1,0,0,0,0,0,1,0,0,1,0
00107fe9f29362314f18688a,0,1,0,0,0,0,1,0,0,0,0,1,1,0,0,0
0010a9e0f8e5ec4a1aa88efa,1,0,0,0,0,1,0,0,0,0,1,0,0,0,0,1
001799d8f370cc072f357b6e,0,0,0,1,0,0,1,0,1,0,0,0,0,1,0,0
0018239ffadcf4a0d55b9d39,0,0,0,1,0,0,1,0,1,0,0,0,0,1,0,0
001d7c64901e4acbe91e46d5,0,0,0,1,1,0,0,0,0,0,1,0,0,1,0,0
0023d3ed501ffee7b679f75b,0,1,0,0,0,0,0,1,0,0,1,0,1,0,0,0
00287ce24633110cadda2f13,1,0,0,0,0,1,0,0,0,0,0,1,0,0,1,0
002a822ce5b348ff3418d6f9,1,0,0,0,0,0,0,1,0,0,1,0,0,1,0,0
003aa77612bd3d6452cea523,0,0,1,0,1,0,0,0,0,0,0,1,0,1,0,0
004168f7e0d3d1c5ffe6064d,1,0,0,0,0,0,0,1,0,0,1,0,0,1,0,0
0054aca6f7559e550e514fc4,0,0,0,1,0,0,1,0,0,1,0,0,1,0,0,0
0055ad945e74d59c0e9853a4,0,1,0,0,1,0,0,0,0,0,1,0,0,0,0,1
005756eb581640a0e5bdaa87,0,0,1,0,0,1,0,0,0,0,0,1,1,0,0,0
005fe8d89d8c3df12268838c,0,1,0,0,0,0,1,0,0,0,0,1,1,0,0,0
006201a0154710f6189578e4,0,1,0,0,0,0,0,1,0,0,1,0,1,0,0,0
00627a79c6c8e78b8e4c625b,0,0,0,1,1,0,0,0,0,1,0,0,0,0,1,0
00785d9d82bffa9be02ecda8,0,0,0,1,0,1,0,0,0,0,1,0,1,0,0,0
008082d8339dc469a29ec316,1,0,0,0,0,0,0,1,0,1,0,0,0,0,1,0
008315906cadc9148c23a886,1,0,0,0,0,0,1,0,0,0,0,1,0,1,0,0
0087a550f44fe701b6bd261f,0,0,1,0,1,0,0,0,0,0,0,1,0,1,0,0
0088e340f72a73c816ea6de4,0,1,0,0,1,0,0,0,0,0,0,1,0,0,1,0
0092f6338a996148b560d120,0,0,0,1,1,0,0,0,0,1,0,0,0,0,1,0
00956f7991cded0d13c4e038,0,0,1,0,0,0,0,1,0,1,0,0,1,0,0,0
009b7451e42d65af7ed94a99,0,0,0,1,0,1,0,0,1,0,0,0,0,0,1,0
009bc0f10085c791ddb4979f,0,0,0,1,1,0,0,0,0,0,1,0,0,1,0,0
00a535b2c9efae44add87430,0,0,0,1,1,0,0,0,0,0,1,0,0,1,0,0
00a5cda3f16dc61db641ff98,0,0,0,1,0,0,1,0,0,1,0,0,1,0,0,0
00aacbe1f8a1ac435eb82e74,0,0,1,0,0,0,0,1,0,1,0,0,1,0,0,0
00b148ce2522407c02704ebd,1,0,0,0,0,0,1,0,0,1,0,0,0,0,0,1
00b712c5509ed6e285283610,0,0,1,0,1,0,0,0,0,0,0,1,0,1,0,0
00bbdac7eca66195f9fc4299,0,1,0,0,1,0,0,0,0,0,0,1,0,0,1,0
00d33b4cf96b2ef6562988e4,0,1,0,0,0,0,0,1,1,0,0,0,0,0,1,0
00d3669987aafb6e64d385cd,0,0,0,1,1,0,0,0,0,0,1,0,0,1,0,0
00d7a227e553b7d50c589d6f,0,0,1,0,1,0,0,0,0,0,0,1,0,1,0,0
00db191e02f73134ce5a66aa,1,0,0,0,0,0,0,1,0,0,1,0,0,1,0,0
00e59b038290bb9be09d4a4c,0,1,0,0,0,0,1,0,0,0,0,1,1,0,0,0
00f4838a8cc03bdfd4a4a9b2,0,0,0,1,1,0,0,0,0,0,1,0,0,1,0,0
00f491aef44f4dfc0c0da3d0,0,1,0,0,0,0,1,0,1,0,0,0,0,0,0,1
00fb7e76e464525481774d77,0,0,0,1,0,0,1,0,1,0,0,0,0,1,0,0
01117151ccef057c29d7667e,1,0,0,0,0,0,1,0,0,0,0,1,0,1,0,0
011864d652d27fc2ae113747,0,0,1,0,1,0,0,0,0,1,0,0,0,0,0,1
012109fc49be986d666f253a,0,0,1,0,0,1,0,0,0,0,0,1,1,0,0,0
01214073656836a5c3b6cc24,0,1,0,0,1,0,0,0,0,0,0,1,0,0,1,0
0128642d07f6a85730078125,0,0,1,0,0,0,0,1,0,1,0,0,1,0,0,0
012b2f58777175e09d36393d,0,1,0,0,1,0,0,0,0,0,0,1,0,0,1,0
0130fae02276734eb3b02605,0,0,1,0,0,1,0,0,1,0,0,0,0,0,0,1
0130fb2ecc85b59f89bc489c,1,0,0,0,0,0,1,0,0,1,0,0,0,0,0,1
013cf64d3932c5f852da4122,1,0,0,0,0,0,0,1,0,1,0,0,0,0,1,0
01410dc8ac3f1c696a0de78d,0,0,0,1,0,1,0,0,0,0,1,0,1,0,0,0
0142821b94b62746d53cab2e,0,1,0,0,1,0,0,0,0,0,1,0,0,0,0,1
014d3e10eb9e89ec9fda8e08,1,0,0,0,0,0,0,1,0,1,0,0,0,0,1,0
014fc04e5d89dbe752fe6f50,0,0,0,1,0,1,0,0,0,0,1,0,1,0,0,0
0159b985c7592353cc2e0bcb,0,0,1,0,0,0,0,1,0,1,0,0,1,0,0,0
0159ed5dc111ca4718a9894f,1,0,0,0,0,0,1,0,0,0,0,1,0,1,0,0
0163b46c0d6b7a027f0439a0,0,1,0,0,0,0,1,0,0,0,0,1,1,0,0,0
01698198d6b45cc683acbe1c,1,0,0,0,0,0,0,1,0,1,0,0,0,0,1,0
016cd0fe864dbf49ae8ec62f,0,0,1,0,0,1,0,0,0,0,0,1,1,0,0,0
016ec492cf633e1ff8936b62,0,0,1,0,1,0,0,0,0,0,0,1,0,1,0,0
017bf6783157a3b2ceb706ab,1,0,0,0,0,0,1,0,0,1,0,0,0,0,0,1
0181b304e9555967c5ded9c1,1,0,0,0,0,1,0,0,0,0,0,1,0,0,1,0
0184320809763c72f58b1c7f,1,0,0,0,0,0,1,0,0,1,0,0,0,0,0,1
018753a2b3e9fd846fdb8e90,0,0,0,1,0,1,0,0,1,0,0,0,0,0,1,0
018c02265956b1b22bc4c0cc,0,0,1,0,1,0,0,0,0,0,0,1,0,1,0,0
019013242a0a46da3a30f241,0,0,1,0,0,1,0,0,1,0,0,0,0,0,0,1
019cbd9e27717b048ee1596a,0,0,0,1,1,0,0,0,0,0,1,0,0,1,0,0
019f4ef1168524b1ed9b671f,0,0,1,0,1,0,0,0,0,0,0,1,0,1,0,0
01a0fb358b78280aece626a2,0,0,0,1,0,1,0,0,1,0,0,0,0,0,1,0
01a15e6f3d38bed46f392009,1,0,0,0,0,0,1,0,0,1,0,0,0,0,0,1
01ae65a60e3b6a891e0180c0,0,0,1,0,1,0,0,0,0,0,0,1,0,1,0,0
01af83a8857e2d1f0907894e,0,1,0,0,0,0,0,1,1,0,0,0,0,0,1,0
01b2bedcbb660a021fb25e01,0,0,0,1,0,0,1,0,0,1,0,0,1,0,0,0
01b7eb59fbd76263e505eec7,0,1,0,0,0,0,0,1,1,0,0,0,0,0,1,0
01bb35674594c7e9ff5a99f0,0,0,1,0,0,1,0,0,0,0,0,1,1,0,0,0
01be1a93171ea091683add2b,0,0,1,0,1,0,0,0,0,0,0,1,0,1,0,0
01c0c01d543b0e9ffd36aef4,0,0,1,0,0,1,0,0,1,0,0,0,0,0,0,1
01c2cb0ac2930dc0a3799dda,0,0,0,1,0,0,1,0,0,1,0,0,1,0,0,0
01c405739b5cc44496644dd7,1,0,0,0,0,0,1,0,0,0,0,1,0,1,0,0
01ce23360755c5ff84992a1b,0,0,1,0,0,1,0,0,0,0,0,1,1,0,0,0
01e2dea2c267ea11444e8455,0,0,1,0,0,0,0,1,0,1,0,0,1,0,0,0
01e8bb18c68d714758cad620,0,0,0,1,1,0,0,0,0,1,0,0,0,0,1,0
01ea2506daf37ddc65903fc2,0,1,0,0,0,0,0,1,1,0,0,0,0,0,1,0
01f07932f35fc7b14589ed3d,0,1,0,0,0,0,1,0,1,0,0,0,0,0,0,1
01f3eb13461822a70bdb847c,0,0,0,1,0,1,0,0,1,0,0,0,0,0,1,0
01fe3d62f4426b67dc3f0d58,0,0,1,0,1,0,0,0,0,1,0,0,0,0,0,1
020dae1fb20ac4b91fae5cfc,0,0,0,1,1,0,0,0,0,0,1,0,0,1,0,0
020de4b09f8464a85e15c336,1,0,0,0,0,0,1,0,0,1,0,0,0,0,0,1
020ffca0d99d1f3514524bbb,1,0,0,0,0,0,0,1,0,1,0,0,0,0,1,0
021015596e8af4afd97e7e11,0,0,0,1,1,0,0,0,0,0,1,0,0,1,0,0
021e8c726aaf2d79b499869c,0,0,0,1,0,1,0,0,0,0,1,0,1,0,0,0
021e930f6d066342f37701d2,0,0,0,1,0,0,1,0,0,1,0,0,1,0,0,0
02314f77be42605600bbfee2,0,1,0,0,0,0,1,0,0,0,0,1,1,0,0,0
0237e62e38370d42866ff8b6,0,0,1,0,0,1,0,0,1,0,0,0,0,0,0,1
0238707576ac995c5774848c,0,0,0,1,1,0,0,0,0,1,0,0,0,0,1,0
0239bfb632d7e0748ded528f,1,0,0,0,0,1,0,0,0,0,0,1,0,0,1,0
023cb6220a7191a77870802f,0,1,0,0,1,0,0,0,0,0,0,1,0,0,1,0
023d47c31b20c1be7ded8ebb,0,0,0,1,0,1,0,0,1,0,0,0,0,0,1,0
024336a3147883d7b665290c,0,1,0,0,0,0,0,1,0,0,1,0,1,0,0,0
024cad68bb2a114fb82f1b33,0,0,1,0,0,1,0,0,0,0,0,1,1,0,0,0
024e1980bee78495261453cc,1,0,0,0,0,1,0,0,0,0,1,0,0,0,0,1
025f90b867fca8e2c661e877,1,0,0,0,0,0,0,1,0,0,1,0,0,1,0,0
02658e3210e133f98a69e80c,1,0,0,0,0,0,1,0,0,1,0,0,0,0,0,1
026b75c205344cf1949d1659,0,0,0,1,0,1,0,0,1,0,0,0,0,0,1,0
026f32942386168f53cf6536,1,0,0,0,0,1,0,0,0,0,1,0,0,0,0,1
027fc145cebe20d2006fa29f,0,1,0,0,0,0,0,1,0,0,1,0,1,0,0,0
0280876a058ff67dac348d5c,0,1,0,0,0,0,0,1,1,0,0,0,0,0,1,0
028365afbe4d06941679b691,0,0,0,1,1,0,0,0,0,1,0,0,0,0,1,0
02839d4b66955f40cff54f5e,0,0,1,0,1,0,0,0,0,1,0,0,0,0,0,1
02865f9b5b48241aa55f4721,0,0,1,0,1,0,0,0,0,1,0,0,0,0,0,1
02874fd3b92c9310a52351dd,0,0,1,0,1,0,0,0,0,1,0,0,0,0,0,1
028dc247fb772dc8833916aa,0,0,1,0,1,0,0,0,0,0,0,1,0,1,0,0
0299d70517622da3f5061360,1,0,0,0,0,0,1,0,0,1,0,0,0,0,0,1
0299ed3825ee25b9e15ed897,0,1,0,0,1,0,0,0,0,0,0,1,0,0,1,0
02aa6ab309fa8557652e298d,1,0,0,0,0,1,0,0,0,0,0,1,0,0,1,0
02ad608db472017f48c97f18,1,0,0,0,0,1,0,0,0,0,1,0,0,0,0,1
02b35163cdd20081a5117480,1,0,0,0,0,0,0,1,0,0,1,0,0,1,0,0
02b3d78e7737e3614aa76490,0,0,1,0,1,0,0,0,0,1,0,0,0,0,0,1
02b761b9e7638beb7280d459,0,0,1,0,0,1,0,0,0,0,0,1,1,0,0,0
02c4ed5bff7093e6d29f5b75,0,1,0,0,0,0,0,1,1,0,0,0,0,0,1,0
02d2192014a889264ffccacf,0,0,0,1,0,0,1,0,0,1,0,0,1,0,0,0
02dd4028e552aeae86bde544,1,0,0,0,0,0,1,0,0,0,0,1,0,1,0,0
02dea514729a8850d0e96f08,1,0,0,0,0,1,0,0,0,0,1,0,0,0,0,1
02e09001763725d3d2eabb6d,0,0,0,1,0,1,0,0,0,0,1,0,1,0,0,0
02f6396e3a27352255c676d2,1,0,0,0,0,0,1,0,0,1,0,0,0,0,0,1
02f71bea92362601ea55952c,0,1,0,0,1,0,0,0,0,0,0,1,0,0,1,0
02f793e65939b879209a3e6c,0,0,0,1,0,0,1,0,0,1,0,0,1,0,0,0
02f9ee622c45768c28b2589a,0,1,0,0,0,0,0,1,1,0,0,0,0,0,1,0
02faba8a65baf1f48dc5bbb3,1,0,0,0,0,0,1,0,0,0,0,1,0,1,0,0
0311d2433219a4ab9168efb0,0,1,0,0,0,0,1,0,0,0,0,1,1,0,0,0
03156b347468d2ff06d136f9,1,0,0,0,0,1,0,0,0,0,0,1,0,0,1,0
0328c8c4790cd51602c958d2,1,0,0,0,0,1,0,0,0,0,1,0,0,0,0,1
0328ecb504b230ccaa38e522,0,1,0,0,0,0,1,0,1,0,0,0,0,0,0,1
0345bf4aaa27452cfc51f5fc,0,0,1,0,1,0,0,0,0,1,0,0,0,0,0,1
0348324d6f0db9b8482b1444,0,1,0,0,1,0,0,0,0,0,1,0,0,0,0,1
03505cdb12df59dc92ea8de1,1,0,0,0,0,1,0,0,0,0,1,0,0,0,0,1
035069c873100cfbceb9504e,1,0,0,0,0,0,0,1,0,1,0,0,0,0,1,0
0351e1b8763cfd5eac9956d0,0,0,0,1,0,0,1,0,0,1,0,0,1,0,0,0
0353b7271a5c5eb99af4865c,0,0,1,0,1,0,0,0,0,0,0,1,0,1,0,0
03573dea5b22e1039753124a,0,1,0,0,0,0,0,1,1,0,0,0,0,0,1,0
03574a496fc0ffdf6381a6e4,1,0,0,0,0,1,0,0,0,0,0,1,0,0,1,0
0357eb4f13031b2fa2189d1e,0,0,0,1,0,1,0,0,1,0,0,0,0,0,1,0
035a3a9b2385784c19c02896,1,0,0,0,0,0,1,0,0,1,0,0,0,0,0,1
035dfa4a9a529c7901123271,0,0,0,1,0,1,0,0,1,0,0,0,0,0,1,0
0360c152602dd4f5dfdc4aec,1,0,0,0,0,0,0,1,0,1,0,0,0,0,1,0
0363fb8797a60252025898f5,0,1,0,0,1,0,0,0,0,0,0,1,0,0,1,0
03657a4a05781a0e8df854e0,1,0,0,0,0,1,0,0,0,0,1,0,0,0,0,1
0373ffa3894180abea040d14,1,0,0,0,0,0,1,0,0,1,0,0,0,0,0,1
037432b29b6744546b9c1a33,0,1,0,0,1,0,0,0,0,0,0,1,0,0,1,0
03764fc4bea5ffc04d2983d4,0,0,0,1,0,0,1,0,0,1,0,0,1,0,0,0
0378291051b10fb4fcbacc67,0,0,0,1,0,0,1,0,0,1,0,0,1,0,0,0
037aef39bc3f13e98d7b1cdc,0,0,0,1,0,1,0,0,0,0,1,0,1,0,0,0
0385c6c1c4f5dca709c4394b,1,0,0,0,0,0,0,1,0,0,1,0,0,1,0,0
0386d925401b5ddd59fd3701,0,0,0,1,0,1,0,0,1,0,0,0,0,0,1,0
038d6223e967f1d9cd5a1f19,0,1,0,0,1,0,0,0,0,0,1,0,0,0,0,1
038e274d537169b1ddd29d6a,0,0,0,1,0,1,0,0,1,0,0,0,0,0,1,0
038f74f01609a6736272ab61,0,1,0,0,0,0,0,1,0,0,1,0,1,0,0,0
03958ff3ae2016cefe22bff8,1,0,0,0,0,0,0,1,0,0,1,0,0,1,0,0
03b14651009c9a64f548c182,0,0,1,0,1,0,0,0,0,1,0,0,0,0,0,1
03b2c789ca3deb2b448ce1f3,1,0,0,0,0,0,0,1,0,1,0,0,0,0,1,0
03b7cde848a324d888b88d5a,0,1,0,0,0,0,1,0,1,0,0,0,0,0,0,1
03cbccba1b4d77abb7520adc,1,0,0,0,0,0,0,1,0,0,1,0,0,1,0,0
03d02718d52cfde918b2875c,1,0,0,0,0,1,0,0,0,0,0,1,0,0,1,0
03e2242be0ea3122b648f39f,0,0,0,1,0,0,1,0,1,0,0,0,0,1,0,0
03eab724859f34688be019db,0,0,1,0,0,0,0,1,0,1,0,0,1,0,0,0
03ff61f308e38740d98c46fd,0,0,1,0,0,1,0,0,0,0,0,1,1,0,0,0
04057b9ade0490aa975cf647,0,0,1,0,0,1,0,0,0,0,0,1,1,0,0,0
0409a84285860644c2a5ff84,0,0,1,0,0,0,0,1,0,1,0,0,1,0,0,0
040d437541c71b46fcd36543,0,1,0,0,0,0,1,0,0,0,0,1,1,0,0,0
040dc4c414dec49a217c5a9a,0,0,1,0,1,0,0,0,0,1,0,0,0,0,0,1
04122be6a94551901f9a40f0,1,0,0,0,0,0,0,1,0,0,1,0,0,1,0,0
041370962746540cfad092bc,1,0,0,0,0,0,1,0,0,0,0,1,0,1,0,0
041692cd0babb17a355e653e,0,0,1,0,0,0,0,1,1,0,0,0,0,1,0,0
0429ef2c068d0a2f93235f53,0,0,1,0,0,0,0,1,0,1,0,0,1,0,0,0
042c626d89ae35e91402b46f,0,0,1,0,1,0,0,0,0,0,0,1,0,1,0,0
0435fef5cae72c461a9795db,0,0,1,0,0,0,0,1,1,0,0,0,0,1,0,0
043c5274cc8bfe6ab28586cb,1,0,0,0,0,0,0,1,0,1,0,0,0,0,1,0
044c29738908068684a14c3a,0,1,0,0,1,0,0,0,0,0,0,1,0,0,1,0
0458db919626390fdf429550,0,0,0,1,0,0,1,0,0,1,0,0,1,0,0,0
0459d8bd0ecdade1693f1542,0,0,1,0,0,1,0,0,1,0,0,0,0,0,0,1
045a04895ddc5dfd7a84d706,0,0,1,0,0,0,0,1,1,0,0,0,0,1,0,0
0464e81c6e2c34db6937562c,0,0,0,1,0,1,0,0,1,0,0,0,0,0,1,0
0467887346ad6ebb56c20ba4,0,0,0,1,0,1,0,0,1,0,0,0,0,0,1,0
046d1fc0a45531fa8704a39e,1,0,0,0,0,1,0,0,0,0,0,1,0,0,1,0
04738f7018e43d0d70db0746,0,0,1,0,0,0,0,1,0,1,0,0,1,0,0,0
0474f7d5eb5841a7a055b9ec,0,1,0,0,1,0,0,0,0,0,0,1,0,0,1,0
047f179ae01ccb54c859cb6b,1,0,0,0,0,1,0,0,0,0,1,0,0,0,0,1
047ff58ddaf08a8cd9ddc28f,0,1,0,0,0,0,1,0,1,0,0,0,0,0,0,1
04825b058ee7dd96f5d6e591,0,0,1,0,0,0,0,1,0,1,0,0,1,0,0,0
0488d3f296a10e268244cc0f,0,1,0,0,0,0,1,0,0,0,0,1,1,0,0,0
048a19e7c31079bd73d41703,0,0,0,1,1,0,0,0,0,1,0,0,0,0,1,0
048eea536ff4c6fd2bd2c6c6,0,0,0,1,0,1,0,0,1,0,0,0,0,0,1,0
049cadf364e4f2796f1653ad,0,1,0,0,1,0,0,0,0,0,1,0,0,0,0,1
04a162cd6b370b421fd04339,1,0,0,0,0,1,0,0,0,0,1,0,0,0,0,1
04a21d0b002ed885eb7c33ff,0,0,0,1,0,1,0,0,0,0,1,0,1,0,0,0
04a3236f833c424a4df16b45,0,0,1,0,0,1,0,0,1,0,0,0,0,0,0,1
04aa06244aa3e7506163145f,0,1,0,0,0,0,0,1,1,0,0,0,0,0,1,0
04aa893eda462f423ac2205b,0,0,1,0,1,0,0,0,0,0,0,1,0,1,0,0
04aac3ccdddc81503f4eca65,1,0,0,0,0,0,0,1,0,0,1,0,0,1,0,0
04ab8281bd19a907c7515edb,0,0,1,0,0,0,0,1,0,1,0,0,1,0,0,0
04adc93dcdc77b16511984a1,0,0,1,0,0,1,0,0,1,0,0,0,0,0,0,1
04b75b3c1aa0e8bcd52f2905,0,0,0,1,0,0,1,0,1,0,0,0,0,1,0,0
04b7f09ec210dd1c56f09b38,1,0,0,0,0,0,0,1,0,0,1,0,0,1,0,0
04b8075531aa673e2d6b99b0,0,1,0,0,0,0,0,1,0,0,1,0,1,0,0,0
04c04e57aed00cd8499e1aeb,1,0,0,0,0,0,1,0,0,1,0,0,0,0,0,1
04c1ab2cca3a609ba92d789d,1,0,0,0,0,0,1,0,0,0,0,1,0,1,0,0
04c25c6cb4faed9a7a62cb5f,0,0,1,0,0,1,0,0,1,0,0,0,0,0,0,1
04c3415647715f41001c573c,1,0,0,0,0,1,0,0,0,0,0,1,0,0,1,0
04c5fdc6e9f96cd14e314d0e,0,0,1,0,0,0,0,1,0,1,0,0,1,0,0,0
04cacdd9858232633579b721,0,1,0,0,0,0,1,0,1,0,0,0,0,0,0,1
04d45a60ee352bc997a739c6,0,1,0,0,1,0,0,0,0,0,1,0,0,0,0,1
04d708b3e85c14f43c6e1527,0,0,0,1,1,0,0,0,0,1,0,0,0,0,1,0
04dd547be98c8332b3061513,1,0,0,0,0,0,1,0,0,1,0,0,0,0,0,1
04e4cd8f08477700303ce90c,0,0,1,0,0,1,0,0,1,0,0,0,0,0,0,1
04ed4ea1877432d394d1a721,0,1,0,0,0,0,0,1,0,0,1,0,1,0,0,0
04f19658c32cf496457e873c,0,0,0,1,0,0,1,0,0,1,0,0,1,0,0,0
04f4f9404c414af7d5b4e428,0,0,0,1,1,0,0,0,0,1,0,0,0,0,1,0
050c5cb1e23d114570640376,0,1,0,0,0,0,0,1,1,0,0,0,0,0,1,0
05113979247a27419ac94535,0,0,1,0,0,0,0,1,0,1,0,0,1,0,0,0
051bad0c61272f6d5638c85a,1,0,0,0,0,0,0,1,0,0,1,0,0,1,0,0
052af47f6dd022e1b9612bbd,0,1,0,0,1,0,0,0,0,0,0,1,0,0,1,0
052b8944cd117f66c611db00,0,0,0,1,0,0,1,0,1,0,0,0,0,1,0,0
05353273e4e0050440c6b0f4,0,0,0,1,0,0,1,0,1,0,0,0,0,1,0,0
05396287294a3833e0f8c2ae,0,0,0,1,0,0,1,0,1,0,0,0,0,1,0,0
054d5c3f97de08d285ac4579,0,1,0,0,0,0,1,0,0,0,0,1,1,0,0,0
05560c0dcd7a9a3513ff5a92,0,0,1,0,0,0,0,1,0,1,0,0,1,0,0,0
05725f16e98ee8f2f6960c83,0,0,0,1,0,0,1,0,1,0,0,0,0,1,0,0
0576aa907ceb3a0068a1fe85,0,0,1,0,1,0,0,0,0,1,0,0,0,0,0,1
057ea481001174222a727acc,1,0,0,0,0,0,1,0,0,0,0,1,0,1,0,0
0582f4181b55f358f10d9513,0,0,1,0,0,1,0,0,1,0,0,0,0,0,0,1
058874de337de249f83acd60,1,0,0,0,0,1,0,0,0,0,1,0,0,0,0,1
058fa972360b8c93a7b44622,0,1,0,0,0,0,1,0,1,0,0,0,0,0,0,1
05946a60dd7d21a7e839bf01,0,0,0,1,1,0,0,0,0,0,1,0,0,1,0,0
0598e35a2de7f7ea2a0c9b78,0,1,0,0,0,0,0,1,1,0,0,0,0,0,1,0
059fbabbf80da271b6bb80bf,0,0,1,0,0,1,0,0,1,0,0,0,0,0,0,1
05b1191c7c7d82cf341fcb45,0,0,1,0,1,0,0,0,0,1,0,0,0,0,0,1
05b4f25b6e7ffe25e80ed46e,0,1,0,0,0,0,1,0,0,0,0,1,1,0,0,0
05b78d65e7d8845d5fe30adc,0,0,1,0,1,0,0,0,0,1,0,0,0,0,0,1
05c95bb52f6e06c8d65759a5,0,1,0,0,1,0,0,0,0,0,1,0,0,0,0,1
05d6a28204212a7544bbcb4f,0,0,1,0,1,0,0,0,0,0,0,1,0,1,0,0
05d9f25458f453de08d46e06,0,0,0,1,0,1,0,0,0,0,1,0,1,0,0,0
05da3a541cb812383ae4b7db,0,1,0,0,0,0,1,0,0,0,0,1,1,0,0,0
05dac6476deb80aed88c8ff9,0,0,1,0,0,1,0,0,0,0,0,1,1,0,0,0
05dd053e2c94b3dacc28d754,1,0,0,0,0,0,0,1,0,1,0,0,0,0,1,0
05e396c0940bcc3909932225,0,0,0,1,1,0,0,0,0,0,1,0,0,1,0,0
05e5eae3da9e8b950c528820,0,0,1,0,1,0,0,0,0,1,0,0,0,0,0,1
05e9037679b40d54b3cf3e0e,0,0,0,1,1,0,0,0,0,1,0,0,0,0,1,0
05f7e86239a896b145458ef6,0,1,0,0,1,0,0,0,0,0,1,0,0,0,0,1
05f97e9b8bc62ac7d24cb5fb,1,0,0,0,0,1,0,0,0,0,0,1,0,0,1,0
060fa05ba8b7bc8600aa0bf8,0,0,0,1,0,1,0,0,1,0,0,0,0,0,1,0
06174170b337846265b69d64,0,1,0,0,0,0,0,1,0,0,1,0,1,0,0,0
061f1909655c3c115c45b266,0,0,0,1,1,0,0,0,0,1,0,0,0,0,1,0
062352bfea73d098c4193807,0,0,0,1,0,1,0,0,1,0,0,0,0,0,1,0
0637bc8912203d2d4812e9af,0,1,0,0,1,0,0,0,0,0,1,0,0,0,0,1
0638c721c9613a7e169cac72,0,1,0,0,1,0,0,0,0,0,0,1,0,0,1,0
06481f0c15341c3da389525c,1,0,0,0,0,0,1,0,0,0,0,1,0,1,0,0
064a61a8062c37c23fc05402,1,0,0,0,0,0,1,0,0,0,0,1,0,1,0,0
06595f43bf9c4ff3e5928202,0,0,0,1,0,0,1,0,0,1,0,0,1,0,0,0
067128b6215d8e34cb85a0d2,0,0,0,1,0,1,0,0,0,0,1,0,1,0,0,0
0679c23759dd7db4541a544e,1,0,0,0,0,0,1,0,0,1,0,0,0,0,0,1
067ac1b62fb9bcdf688623c1,0,1,0,0,1,0,0,0,0,0,1,0,0,0,0,1
067ce2b88129b85a22d65f15,1,0,0,0,0,1,0,0,0,0,0,1,0,0,1,0
067d4610b83ccf6427a3b07c,0,1,0,0,0,0,0,1,1,0,0,0,0,0,1,0
06856d5e2146ab256f30cd39,0,0,0,1,1,0,0,0,0,1,0,0,0,0,1,0
0687f02f8b7a67f3fc3614f9,0,1,0,0,0,0,0,1,1,0,0,0,0,0,1,0
069171e2121af597aacef685,0,0,0,1,0,1,0,0,1,0,0,0,0,0,1,0
06a00b5c72f6cebcaceb0192,0,0,0,1,0,1,0,0,0,0,1,0,1,0,0,0
06a8d0b96abdde6911266488,0,0,0,1,1,0,0,0,0,0,1,0,0,1,0,0
06b8a876b7f1b28350ba51dd,1,0,0,0,0,0,0,1,0,1,0,0,0,0,1,0
06d36edd0dd2201633ccc79b,0,0,1,0,0,0,0,1,1,0,0,0,0,1,0,0
06dccaa27c806012c3ce54a0,0,1,0,0,0,0,1,0,1,0,0,0,0,0,0,1
06dd351d8f09e85f5220d179,0,0,0,1,0,1,0,0,1,0,0,0,0,0,1,0
06df180429bb35b63a355413,0,0,1,0,1,0,0,0,0,1,0,0,0,0,0,1
06ebaa9759fe29032eae12b9,1,0,0,0,0,0,1,0,0,1,0,0,0,0,0,1
06ec41efbfbf3d664e29fb0f,0,1,0,0,0,0,1,0,0,0,0,1,1,0,0,0
06edfbe71ff5d490e324de4d,0,1,0,0,1,0,0,0,0,0,1,0,0,0,0,1
06eec8da4489cfea18475da1,0,0,1,0,0,1,0,0,0,0,0,1,1,0,0,0
06f36d6248a699e5356b4e90,0,0,1,0,0,0,0,1,0,1,0,0,1,0,0,0
06fd41ccd5228c60e1ebe154,1,0,0,0,0,1,0,0,0,0,1,0,0,0,0,1
070b136d64f37400a4e76215,1,0,0,0,0,0,0,1,0,1,0,0,0,0,1,0
070f9a96675374e54783f523,1,0,0,0,0,1,0,0,0,0,0,1,0,0,1,0
0727cdef0bfe46d82b5f66d4,0,1,0,0,0,0,0,1,0,0,1,0,1,0,0,0
0729e1c8db316bc43fbca85c,0,0,0,1,0,0,1,0,0,1,0,0,1,0,0,0
07312747f902f3de473acc26,0,1,0,0,1,0,0,0,0,0,1,0,0,0,0,1
0735c66fa781dcb22dada30c,0,0,1,0,0,0,0,1,0,1,0,0,1,0,0,0
07379222906fea00137343ad,0,0,1,0,0,1,0,0,0,0,0,1,1,0,0,0
074308abda265e2ef7e724dd,0,1,0,0,1,0,0,0,0,0,0,1,0,0,1,0
07433ea81e933a4a4432373e,0,1,0,0,1,0,0,0,0,0,1,0,0,0,0,1
074e421eda62e74503e492a9,0,0,1,0,0,0,0,1,0,1,0,0,1,0,0,0
0754f35f928fd8c8d20e4ae6,0,0,1,0,0,1,0,0,0,0,0,1,1,0,0,0
0762e76bcf3d34965d645520,0,0,1,0,1,0,0,0,0,1,0,0,0,0,0,1
0774a1ca781e3261fb20d04c,1,0,0,0,0,0,0,1,0,0,1,0,0,1,0,0
07798a29fa6d4f517ea51d26,1,0,0,0,0,0,1,0,0,1,0,0,0,0,0,1
078c9b60e2a6b54c62f4a99d,0,0,0,1,0,0,1,0,1,0,0,0,0,1,0,0
078de887f4e35cf24bf0c4a3,0,1,0,0,1,0,0,0,0,0,1,0,0,0,0,1
07940d2446efed7c04705a5f,1,0,0,0,0,1,0,0,0,0,1,0,0,0,0,1
07a12fa10d8231f00aa746d8,0,0,1,0,0,1,0,0,1,0,0,0,0,0,0,1
07a785a6e7425f8c1c00d56a,1,0,0,0,0,0,1,0,0,1,0,0,0,0,0,1
07ae65b3e5d7663a3c2b14e6,0,0,0,1,0,0,1,0,1,0,0,0,0,1,0,0
07af7d186697d116cae0719f,0,0,1,0,0,1,0,0,0,0,0,1,1,0,0,0
07b0b16db4f68d9971733297,0,0,1,0,0,0,0,1,0,1,0,0,1,0,0,0
07b2c4bd5819355536b178d4,0,0,0,1,0,1,0,0,1,0,0,0,0,0,1,0
07b4b71a0f665904a3873ba5,0,1,0,0,1,0,0,0,0,0,0,1,0,0,1,0
07b76d3838555140f75f194b,0,0,0,1,0,0,1,0,0,1,0,0,1,0,0,0
07c4f908380e8e5388568da7,0,0,1,0,0,0,0,1,1,0,0,0,0,1,0,0
07cacd32de7218239bfe36ab,0,1,0,0,0,0,1,0,1,0,0,0,0,0,0,1
07cbe804dc4eb92a732ae4cb,0,0,1,0,0,1,0,0,1,0,0,0,0,0,0,1
07d9b171e0e950041910b0a6,1,0,0,0,0,0,1,0,0,1,0,0,0,0,0,1
07dcf267010cc969ca312da4,1,0,0,0,0,1,0,0,0,0,0,1,0,0,1,0
07e38c2dec42f6df03a1be67,1,0,0,0,0,0,0,1,0,1,0,0,0,0,1,0
07e57d43b2532c5d20b40b9e,0,0,0,1,0,1,0,0,1,0,0,0,0,0,1,0
07ef26467f41f2e8ec722c1d,0,1,0,0,0,0,1,0,1,0,0,0,0,0,0,1
07fa7a7cff23296e1174adb3,0,0,1,0,1,0,0,0,0,1,0,0,0,0,0,1
07fb0859fbe796c6ecf9acc4,0,0,0,1,0,0,1,0,1,0,0,0,0,1,0,0
07fb24038a169ed7092c4502,0,0,1,0,0,0,0,1,1,0,0,0,0,1,0,0
07ff22ead4e33b47cd82f6e4,0,0,1,0,0,1,0,0,1,0,0,0,0,0,0,1
08057f0c87477d3d730b4bd5,0,0,0,1,1,0,0,0,0,0,1,0,0,1,0,0
0806370126753d754059b1cf,1,0,0,0,0,1,0,0,0,0,0,1,0,0,1,0
081b7fb82ebee210108bc7e6,1,0,0,0,0,0,0,1,0,0,1,0,0,1,0,0
081fd9000a16744fe6b0db43,0,0,1,0,0,1,0,0,0,0,0,1,1,0,0,0
082fdc220438ba018422fdc6,1,0,0,0,0,1,0,0,0,0,0,1,0,0,1,0
0832500bb88c24621a183063,1,0,0,0,0,1,0,0,0,0,0,1,0,0,1,0
08397245a8275ccfb6ab9d37,0,0,0,1,1,0,0,0,0,1,0,0,0,0,1,0
0841904f117a57a8b0fabf12,1,0,0,0,0,0,0,1,0,0,1,0,0,1,0,0
08516247ba3695667bd46e9e,1,0,0,0,0,0,0,1,0,1,0,0,0,0,1,0
0852eea1142d94f0d696c32a,0,0,1,0,0,1,0,0,1,0,0,0,0,0,0,1
0856f8a0f265c04b27536eca,0,0,0,1,0,0,1,0,1,0,0,0,0,1,0,0
085c3957f60d92999c96e736,0,1,0,0,0,0,0,1,0,0,1,0,1,0,0,0
085fa96fc6fa74fdbbfdbc95,0,0,1,0,1,0,0,0,0,1,0,0,0,0,0,1
08687d544f42d15a984486c8,1,0,0,0,0,0,0,1,0,1,0,0,0,0,1,0
08720e8c9217f2f283db6125,0,0,1,0,0,1,0,0,0,0,0,1,1,0,0,0
087d5f100fb28587cf617f4a,0,0,0,1,0,0,1,0,1,0,0,0,0,1,0,0
088dd65e87042130323bd08a,0,1,0,0,1,0,0,0,0,0,1,0,0,0,0,1
088fd70a9427ed036ffc6fd4,0,0,1,0,0,0,0,1,0,1,0,0,1,0,0,0
08974183894fab31ac254ebb,1,0,0,0,0,1,0,0,0,0,1,0,0,0,0,1
089c303b4076473484f6a46e,1,0,0,0,0,0,1,0,0,0,0,1,0,1,0,0
089ddd7eaed7b0ffbcbda1f3,0,0,1,0,0,1,0,0,0,0,0,1,1,0,0,0
089ffb72eda0d0d8e5e8d728,0,0,1,0,0,1,0,0,1,0,0,0,0,0,0,1
08a032f3c2ed9b430484e705,0,1,0,0,0,0,0,1,1,0,0,0,0,0,1,0
08aa53c9e557b56b32f3e068,0,0,0,1,1,0,0,0,0,1,0,0,0,0,1,0
08c162be151e47f385fece02,0,0,1,0,1,0,0,0,0,1,0,0,0,0,0,1
08c5880a8239ff72c240036c,0,0,1,0,0,0,0,1,0,1,0,0,1,0,0,0
08c6756e5950ce377fa0cc67,0,0,0,1,1,0,0,0,0,1,0,0,0,0,1,0
08c89544c54313a27d7237eb,1,0,0,0,0,1,0,0,0,0,1,0,0,0,0,1
08cb33f675541cc166f6cf2f,1,0,0,0,0,1,0,0,0,0,0,1,0,0,1,0
08cfa60a2b680f355c4c3022,1,0,0,0,0,1,0,0,0,0,0,1,0,0,1,0
08d3634306b18c77419e538f,0,1,0,0,0,0,1,0,0,0,0,1,1,0,0,0
08d67d51c71e2b6da8ef248c,1,0,0,0,0,1,0,0,0,0,1,0,0,0,0,1
08de408218b533c00ff6f949,0,0,1,0,1,0,0,0,0,0,0,1,0,1,0,0
08e6853278522c341bc3b5ef,0,1,0,0,1,0,0,0,0,0,0,1,0,0,1,0
08f5619e0b3c223454775a55,0,0,0,1,0,1,0,0,0,0,1,0,1,0,0,0
08fdce0fe77c90ba8b0272f4,0,0,1,0,0,0,0,1,0,1,0,0,1,0,0,0
090611c6f2df41e1f015b837,1,0,0,0,0,1,0,0,0,0,1,0,0,0,0,1
0906b8967b0719e7d95649db,0,0,0,1,1,0,0,0,0,1,0,0,0,0,1,0
090a526bfbe8ffc421fb3479,0,1,0,0,0,0,1,0,0,0,0,1,1,0,0,0
090ae7b02353d5a0780b86b6,0,0,1,0,0,1,0,0,1,0,0,0,0,0,0,1
091ee7917f177d2b98b4e53b,0,0,1,0,1,0,0,0,0,1,0,0,0,0,0,1
091fe990b79a420d54271019,0,0,0,1,0,0,1,0,0,1,0,0,1,0,0,0
092845cef267d2b84820bbba,0,0,0,1,1,0,0,0,0,0,1,0,0,1,0,0
092edababbe6a9b8db7f2ba8,0,0,1,0,0,0,0,1,0,1,0,0,1,0,0,0
0930f783418982beecf2e1fb,0,0,1,0,0,0,0,1,0,1,0,0,1,0,0,0
093a85796d138f93fd0cd7d0,0,0,0,1,1,0,0,0,0,0,1,0,0,1,0,0
093e0591dd3abd2e0d0573d9,0,0,0,1,0,1,0,0,0,0,1,0,1,0,0,0
093fc4c5f17eb8ba8606310a,0,0,1,0,0,0,0,1,1,0,0,0,0,1,0,0
094299d3d2bfa8422be8524e,0,0,1,0,0,0,0,1,1,0,0,0,0,1,0,0
0942a614634d880cb6828824,1,0,0,0,0,0,0,1,0,1,0,0,0,0,1,0
0946ed98a898467484f54d10,0,0,0,1,0,0,1,0,1,0,0,0,0,1,0,0
0949340f915f81620f1e0a76,0,0,0,1,0,0,1,0,1,0,0,0,0,1,0,0
094befa46de17ab9291028d2,0,1,0,0,0,0,1,0,0,0,0,1,1,0,0,0
094da7371e180c7d3cd9b7f0,0,0,1,0,1,0,0,0,0,1,0,0,0,0,0,1
094f677155751b18c651322d,0,1,0,0,0,0,0,1,0,0,1,0,1,0,0,0
09517a79af1f6794a7cb0897,0,0,0,1,0,0,1,0,0,1,0,0,1,0,0,0
09540b6bc9f2017ac23ce46d,0,0,0,1,0,1,0,0,1,0,0,0,0,0,1,0
0954de4d3914d601686b496c,0,1,0,0,0,0,1,0,1,0,0,0,0,0,0,1
09595ecb698b0ac160df5307,0,1,0,0,0,0,0,1,0,0,1,0,1,0,0,0
095babc9ee6a02ad817daedf,0,1,0,0,0,0,1,0,0,0,0,1,1,0,0,0
095f27dfe1ba828cf899e827,0,0,1,0,1,0,0,0,0,1,0,0,0,0,0,1
095fffdbfc8b37e1c3ea3cc6,1,0,0,0,0,1,0,0,0,0,1,0,0,0,0,1
096430c24f1064c22889c0be,0,0,0,1,0,0,1,0,0,1,0,0,1,0,0,0
096d68f363bf1472a41e3143,0,0,0,1,1,0,0,0,0,1,0,0,0,0,1,0
096f3f555fc93254edcf2bc1,0,0,1,0,1,0,0,0,0,0,0,1,0,1,0,0
096f45c0df50218a342cff53,0,0,1,0,0,1,0,0,0,0,0,1,1,0,0,0
097080fa244d93b4eae9b2e9,0,0,0,1,0,1,0,0,0,0,1,0,1,0,0,0
09713c88ac364a3fce3663dc,0,0,1,0,0,0,0,1,1,0,0,0,0,1,0,0
0972ef2aaffd304a9d947742,0,0,1,0,0,0,0,1,1,0,0,0,0,1,0,0
097df6ff7b5dde6262e43d75,1,0,0,0,0,0,0,1,0,0,1,0,0,1,0,0
098ee207937e358b481636f6,0,0,1,0,1,0,0,0,0,0,0,1,0,1,0,0
099688058e28dc86001b17fd,0,0,1,0,0,1,0,0,1,0,0,0,0,0,0,1
099a7ce02c29681b28969c65,0,0,1,0,1,0,0,0,0,0,0,1,0,1,0,0
09a9fb70eaa422bf79056c25,1,0,0,0,0,0,1,0,0,0,0,1,0,1,0,0
09be37cafb52572c23b6b6f1,0,1,0,0,0,0,1,0,0,0,0,1,1,0,0,0
09d88e0b8e32a4cee42b6ffd,0,0,0,1,0,1,0,0,0,0,1,0,1,0,0,0
09d8ad41573ff6ec563bbf3f,0,0,0,1,0,1,0,0,0,0,1,0,1,0,0,0
09e96f122eba9648d6d9948e,1,0,0,0,0,1,0,0,0,0,0,1,0,0,1,0
09f43528f9e629d39c551c3d,1,0,0,0,0,0,0,1,0,0,1,0,0,1,0,0
09f588c6d717b536eabb5bcc,0,1,0,0,1,0,0,0,0,0,0,1,0,0,1,0
0a0357c8fc9d2de46bb7ffd9,0,1,0,0,1,0,0,0,0,0,1,0,0,0,0,1
0a0952712d5ebfc91457187f,0,0,0,1,0,0,1,0,1,0,0,0,0,1,0,0
0a1ac5d8852b114ca924bb00,0,1,0,0,1,0,0,0,0,0,1,0,0,0,0,1
0a1f5b70471c100f68a1365d,0,1,0,0,0,0,0,1,0,0,1,0,1,0,0,0
0a273a778df202e87f879d28,0,0,1,0,1,0,0,0,0,0,0,1,0,1,0,0
0a2ea7ac837d16829283bfa3,0,0,1,0,0,1,0,0,0,0,0,1,1,0,0,0
0a37d574ea16c51c3f1d7e26,0,0,1,0,0,0,0,1,1,0,0,0,0,1,0,0
0a4a76276f9303e0338a8cb3,0,0,1,0,0,1,0,0,1,0,0,0,0,0,0,1
0a52ae8fc5c58cdabcc75d2f,0,0,1,0,0,1,0,0,1,0,0,0,0,0,0,1
0a5bada7640eefbd47bd1754,0,1,0,0,0,0,1,0,1,0,0,0,0,0,0,1
0a5ef16e0430776e2c16157a,0,0,0,1,0,0,1,0,1,0,0,0,0,1,0,0
0a655db2b278b7d2df002d42,1,0,0,0,0,0,0,1,0,1,0,0,0,0,1,0
0a6ad0de546e1418a1ee3688,0,0,0,1,0,1,0,0,0,0,1,0,1,0,0,0
0a6d830e9b6f175fc152d43f,0,1,0,0,0,0,1,0,1,0,0,0,0,0,0,1
0a74a38e54a1e1a4b3730608,1,0,0,0,0,1,0,0,0,0,0,1,0,0,1,0
0a7566004fd2eec2df594756,0,0,1,0,0,0,0,1,0,1,0,0,1,0,0,0
0a7bedde798ffd843198b6fa,0,1,0,0,0,0,0,1,1,0,0,0,0,0,1,0
0a7e9ee4a387b157d064ace3,0,0,1,0,0,0,0,1,0,1,0,0,1,0,0,0
0a85c7f8b25ed0cd6b6df5c1,0,0,1,0,1,0,0,0,0,1,0,0,0,0,0,1
0a92174e727fa85f3638b880,1,0,0,0,0,0,1,0,0,0,0,1,0,1,0,0
0a957edee75d906674ca9dee,1,0,0,0,0,0,1,0,0,0,0,1,0,1,0,0
0a99e49892308017afe8cdaf,0,0,1,0,0,1,0,0,1,0,0,0,0,0,0,1
0a9cf7223d406e0525500db4,0,1,0,0,0,0,0,1,1,0,0,0,0,0,1,0
0a9de125f662bb3113247c86,0,1,0,0,1,0,0,0,0,0,0,1,0,0,1,0
0aafbe48adcf06aafe552995,0,1,0,0,1,0,0,0,0,0,1,0,0,0,0,1
0ab05406eed9b41a08de757a,1,0,0,0,0,1,0,0,0,0,1,0,0,0,0,1
0ab57adc3a316c1774212c85,0,0,1,0,0,0,0,1,0,1,0,0,1,0,0,0
0ab5da4e09df163619f4b0e3,0,1,0,0,0,0,0,1,1,0,0,0,0,0,1,0
0ac39ad9f9cd80f502e4e7e4,0,0,0,1,0,1,0,0,0,0,1,0,1,0,0,0
0ac411051d98cfe25a1402cc,0,0,1,0,0,0,0,1,0,1,0,0,1,0,0,0
0ad6cd2f138bbf0bf3ecba05,0,0,1,0,0,0,0,1,0,1,0,0,1,0,0,0
0ae183004fc7a0869ce0a00b,0,0,0,1,0,0,1,0,0,1,0,0,1,0,0,0
0ae42132103204dc38ae6fb1,0,0,1,0,0,0,0,1,0,1,0,0,1,0,0,0
0aec1851d26f912b1bf56c93,0,1,0,0,0,0,0,1,1,0,0,0,0,0,1,0
0af137e84ae07bb92274041e,0,0,0,1,0,0,1,0,1,0,0,0,0,1,0,0
0af469885d89c4552d9dde21,1,0,0,0,0,0,0,1,0,0,1,0,0,1,0,0
0af7dc77d132ad3bc8e5ca06,0,1,0,0,1,0,0,0,0,0,1,0,0,0,0,1
0b04dd5d8638bb2b14e948e7,0,0,0,1,0,0,1,0,0,1,0,0,1,0,0,0
0b1a78e9cadafbb3897c193b,0,0,0,1,0,0,1,0,1,0,0,0,0,1,0,0
0b2902646c88e31f35a16ccd,1,0,0,0,0,0,1,0,0,1,0,0,0,0,0,1
0b31a8a9581ee437ce7ec3fc,1,0,0,0,0,0,0,1,0,0,1,0,0,1,0,0
0b48b30527562c2516530a27,0,0,0,1,0,0,1,0,1,0,0,0,0,1,0,0
0b6523ba74377cdaa7b98d63,0,0,0,1,0,1,0,0,1,0,0,0,0,0,1,0
0b70dd580deee011b9601f87,1,0,0,0,0,0,1,0,0,1,0,0,0,0,0,1
0b74fc3f6e5101c8a96b3c4a,0,1,0,0,1,0,0,0,0,0,0,1,0,0,1,0
0b76c39046ea87e8a29d9680,0,0,0,1,0,0,1,0,0,1,0,0,1,0,0,0
0b7a66c11dc92f2c18894a21,0,0,0,1,0,1,0,0,0,0,1,0,1,0,0,0
0b85ea0258eb3986c9bc0c9a,0,1,0,0,0,0,1,0,0,0,0,1,1,0,0,0
0b899406119f72ab6e01e79e,0,0,0,1,1,0,0,0,0,0,1,0,0,1,0,0
0b974be6f998b9ae6e90c86f,0,0,0,1,1,0,0,0,0,1,0,0,0,0,1,0
0b97b8afab2ef0c495ea2444,0,1,0,0,0,0,0,1,1,0,0,0,0,0,1,0
0b9852a0bfa8700cbe718ac6,0,0,0,1,0,0,1,0,1,0,0,0,0,1,0,0
0ba77b92760aa560acef1384,1,0,0,0,0,0,0,1,0,0,1,0,0,1,0,0
0ba8e7a81f772d377d3f6e3e,0,1,0,0,0,0,0,1,0,0,1,0,1,0,0,0
0bab1947b9eb07fb86d9646b,0,0,1,0,0,0,0,1,1,0,0,0,0,1,0,0
0bacb4708ee8faee29444b83,0,0,0,1,0,0,1,0,1,0,0,0,0,1,0,0
0badf034cf9addf7f26e4eef,1,0,0,0,0,1,0,0,0,0,0,1,0,0,1,0
0bb81751db92bc29f152e489,0,0,1,0,0,1,0,0,1,0,0,0,0,0,0,1
0bc2ecb20eb350657943c8a2,0,0,1,0,0,0,0,1,1,0,0,0,0,1,0,0
0bd0de176e26d511cfa6c676,0,0,0,1,0,1,0,0,1,0,0,0,0,0,1,0
0bdca237d1e403d92731d2c7,0,0,1,0,0,0,0,1,0,1,0,0,1,0,0,0
0bdda41c3caf116206c34292,0,1,0,0,1,0,0,0,0,0,1,0,0,0,0,1
0be11e8bdfa4fbba673fbd44,0,0,1,0,1,0,0,0,0,1,0,0,0,0,0,1
0be50547e6822ac0333095d9,0,0,0,1,0,1,0,0,1,0,0,0,0,0,1,0
0be84fc6b48ba64bd105d57b,0,1,0,0,0,0,0,1,1,0,0,0,0,0,1,0
0bee9fa66ab236e1a4cca588,0,1,0,0,1,0,0,0,0,0,0,1,0,0,1,0
0bf3e31f0440e9521d73a68c,1,0,0,0,0,0,0,1,0,1,0,0,0,0,1,0
0bfbfa363c7d0fe13ad0b88e,0,1,0,0,1,0,0,0,0,0,0,1,0,0,1,0
0c04bbc0772f6dbbbce9ffdd,1,0,0,0,0,1,0,0,0,0,1,0,0,0,0,1
0c063c3386f637138d7bf829,1,0,0,0,0,0,0,1,0,0,1,0,0,1,0,0
0c0aed0319b2d4cdebfafd34,1,0,0,0,0,0,1,0,0,0,0,1,0,1,0,0
0c0afe49deb6956f9befdc1d,0,0,0,1,1,0,0,0,0,1,0,0,0,0,1,0
0c10c90b0f4b1b885ab27de2,0,0,0,1,0,1,0,0,0,0,1,0,1,0,0,0
0c1e14e04220a54be4a6b575,1,0,0,0,0,0,1,0,0,0,0,1,0,1,0,0
0c2557619250d1e3700d0d9d,1,0,0,0,0,0,0,1,0,1,0,0,0,0,1,0
0c2b894b8d31073cf98b4405,1,0,0,0,0,1,0,0,0,0,0,1,0,0,1,0
0c393a34d27ce5a2a0b2d6c5,0,0,1,0,1,0,0,0,0,1,0,0,0,0,0,1
0c4fef3b62043e40d4bad54a,0,0,0,1,1,0,0,0,0,1,0,0,0,0,1,0
0c51f932c7b7a6b5c18c9031,0,0,1,0,0,0,0,1,1,0,0,0,0,1,0,0
0c53cfa1808c3415756428e6,1,0,0,0,0,0,0,1,0,1,0,0,0,0,1,0
0c596bb7f748c21605ade249,0,1,0,0,1,0,0,0,0,0,1,0,0,0,0,1
0c654fd50e865e611d5263b1,0,0,1,0,0,1,0,0,0,0,0,1,1,0,0,0
0c77f269e94b87bf2a31e64a,0,1,0,0,0,0,0,1,1,0,0,0,0,0,1,0
0c7d06cc2a305b0ec746f015,1,0,0,0,0,1,0,0,0,0,1,0,0,0,0,1
0c7ffd68c9f19f4257d357b7,1,0,0,0,0,0,0,1,0,1,0,0,0,0,1,0
0c8a2ba52e6ce9a76165fb37,0,1,0,0,1,0,0,0,0,0,0,1,0,0,1,0
0c9c80ba8e23c9ea59693b7b,0,1,0,0,0,0,0,1,1,0,0,0,0,0,1,0
0ca0c8c71212757c0b85694c,0,0,0,1,1,0,0,0,0,0,1,0,0,1,0,0
0ca369a8ff0a186d8a351285,1,0,0,0,0,1,0,0,0,0,1,0,0,0,0,1
0ca437bec7dba6abffc7b87c,0,0,1,0,0,1,0,0,1,0,0,0,0,0,0,1
0ca5f17b102f2845292169c9,0,1,0,0,0,0,1,0,1,0,0,0,0,0,0,1
0cb210dbc44377f97fa11f26,0,0,1,0,0,1,0,0,0,0,0,1,1,0,0,0
0cb481d57bc02a0a14c96140,1,0,0,0,0,0,1,0,0,1,0,0,0,0,0,1
0cbaad403fc76905da71bddd,0,0,0,1,1,0,0,0,0,1,0,0,0,0,1,0
0cbf4f7f46a929303d9e7b24,0,0,1,0,1,0,0,0,0,0,0,1,0,1,0,0
0cc3c45bb8b2c721a251a828,1,0,0,0,0,1,0,0,0,0,0,1,0,0,1,0
0cc8b8b8e1f402d7b574f23c,1,0,0,0,0,1,0,0,0,0,1,0,0,0,0,1
0cc926f5f974a74cc4a38d7d,0,0,0,1,0,0,1,0,1,0,0,0,0,1,0,0
0cd13d9c9e19b8a2be8b0195,0,0,1,0,1,0,0,0,0,0,0,1,0,1,0,0
0ce68692cce19934c75c0192,0,0,0,1,1,0,0,0,0,1,0,0,0,0,1,0
0cefeae5c3a5798a1b36ea71,0,0,1,0,1,0,0,0,0,1,0,0,0,0,0,1
0cfbb3c6dd13ad46718ce8fc,0,1,0,0,1,0,0,0,0,0,0,1,0,0,1,0
0d00d24bf19dcecf06d11774,0,1,0,0,0,0,1,0,1,0,0,0,0,0,0,1
0d0df39fc3eac78aaee59ccd,0,1,0,0,0,0,0,1,1,0,0,0,0,0,1,0
0d1a088aa479f0c960f142b9,0,0,1,0,1,0,0,0,0,1,0,0,0,0,0,1
0d1b69f697166b450839179c,1,0,0,0,0,1,0,0,0,0,0,1,0,0,1,0
0d2073f4629f9510859c0d00,0,1,0,0,0,0,1,0,1,0,0,0,0,0,0,1
0d20f9542c4bd89391cc2145,0,0,1,0,0,1,0,0,1,0,0,0,0,0,0,1
0d21ee7d729689ccc3e2106a,0,1,0,0,0,0,1,0,0,0,0,1,1,0,0,0
0d2739c191dc42df9968efdd,0,0,1,0,0,1,0,0,0,0,0,1,1,0,0,0
0d2ae7bcdcb1c4f40b35cb25,0,1,0,0,0,0,0,1,0,0,1,0,1,0,0,0
0d3183c8446c7d98d7deccb5,1,0,0,0,0,1,0,0,0,0,1,0,0,0,0,1
0d391670f37653e968e1a5cd,0,0,1,0,0,0,0,1,0,1,0,0,1,0,0,0
0d3d5c16a76b686c4e0afd6b,0,1,0,0,0,0,0,1,1,0,0,0,0,0,1,0
0d3e906e7ac8d7779b1a85a8,1,0,0,0,0,1,0,0,0,0,0,1,0,0,1,0
0d542402db0f0db4ad571d1c,0,0,1,0,1,0,0,0,0,1,0,0,0,0,0,1
0d69c7161399e0dbef633629,0,1,0,0,0,0,1,0,1,0,0,0,0,0,0,1
0d721616db8d4c4239480074,0,0,1,0,1,0,0,0,0,1,0,0,0,0,0,1
0d75f49c35987c0606aca77e,1,0,0,0,0,1,0,0,0,0,0,1,0,0,1,0
0d7c83d737bdac6326d1306a,0,0,0,1,1,0,0,0,0,0,1,0,0,1,0,0
0d809ffd1c2248c47436efc8,0,0,1,0,0,0,0,1,1,0,0,0,0,1,0,0
0d8190977f3ab87ce3bf4bf7,0,0,0,1,0,1,0,0,0,0,1,0,1,0,0,0
0d91907a8e193082f8c612f3,0,0,1,0,1,0,0,0,0,0,0,1,0,1,0,0
0da390ffbb2c1f1146a8e9e4,0,0,1,0,1,0,0,0,0,0,0,1,0,1,0,0
0da3fd0a065c7b5697601d1a,0,1,0,0,0,0,0,1,0,0,1,0,1,0,0,0
0dab435062ab8268bbd89187,0,0,1,0,1,0,0,0,0,0,0,1,0,1,0,0
0dab7017f3572f8308e0c222,1,0,0,0,0,1,0,0,0,0,0,1,0,0,1,0
0dad0c69da7659ad28b7eeef,0,1,0,0,0,0,1,0,0,0,0,1,1,0,0,0
0db26714af62ca356ec4c897,1,0,0,0,0,0,1,0,0,0,0,1,0,1,0,0
0db6a03392dbcf0ec8eef2f9,0,0,0,1,0,1,0,0,0,0,1,0,1,0,0,0
0dbb5e7eff9d9211fa95f1af,0,1,0,0,0,0,1,0,1,0,0,0,0,0,0,1
0dc55e74cc5c774c7644acae,1,0,0,0,0,0,1,0,0,1,0,0,0,0,0,1
0dc69ceea88757cd07196862,0,0,1,0,0,1,0,0,1,0,0,0,0,0,0,1
0dccb7305e17be303beb50ad,0,0,0,1,0,1,0,0,0,0,1,0,1,0,0,0
0dd80a1e4680475e49dddce6,1,0,0,0,0,0,1,0,0,1,0,0,0,0,0,1
0ddd99dc8325d0d5ba9dbe15,0,0,1,0,0,0,0,1,1,0,0,0,0,1,0,0
0de10f486ba1ae5e93d3c55c,0,0,0,1,1,0,0,0,0,0,1,0,0,1,0,0
0de1bf28034d25ea4d71c09f,0,1,0,0,1,0,0,0,0,0,0,1,0,0,1,0
0deef9aba90f4b5e541f28d2,0,0,0,1,1,0,0,0,0,1,0,0,0,0,1,0
0df4392b268ac12c243bbe76,0,1,0,0,1,0,0,0,0,0,0,1,0,0,1,0
0e001c29a1fcdaf88a9ba113,0,1,0,0,1,0,0,0,0,0,0,1,0,0,1,0
0e048d2464ee71161a1f908d,1,0,0,0,0,0,1,0,0,0,0,1,0,1,0,0
0e061c5e21a3c977c634791f,0,0,1,0,0,1,0,0,0,0,0,1,1,0,0,0
0e1ae1287949e707349e2d0c,1,0,0,0,0,1,0,0,0,0,0,1,0,0,1,0
0e236f16b0bf401b707b11d2,0,1,0,0,0,0,1,0,0,0,0,1,1,0,0,0
0e2bad50ba1cc4cea5144a66,0,1,0,0,0,0,1,0,1,0,0,0,0,0,0,1
0e3b7b5d33678eb2ed4ce684,1,0,0,0,0,0,1,0,0,0,0,1,0,1,0,0
0e3de66ab6a49601704de229,0,0,0,1,1,0,0,0,0,0,1,0,0,1,0,0
0e425eda2f4973e7013b4f42,0,1,0,0,0,0,1,0,1,0,0,0,0,0,0,1
0e4db3755432f37d27b02cda,0,1,0,0,1,0,0,0,0,0,0,1,0,0,1,0
0e50bade350ba0218f062ed4,0,0,1,0,0,1,0,0,1,0,0,0,0,0,0,1
0e5488cc843e87ba0aaaab3f,0,0,0,1,1,0,0,0,0,1,0,0,0,0,1,0
0e653b22f685440da649d446,0,1,0,0,0,0,1,0,0,0,0,1,1,0,0,0
0e7119156df21182e7059cbb,1,0,0,0,0,1,0,0,0,0,1,0,0,0,0,1
0e74827b82b98349608310b2,0,0,0,1,0,0,1,0,0,1,0,0,1,0,0,0
0e753a523564f3517a514afc,0,1,0,0,0,0,0,1,0,0,1,0,1,0,0,0
0e80d7d331cc15094245b7fa,0,1,0,0,1,0,0,0,0,0,0,1,0,0,1,0
0e835d7626107aa52c087ca3,0,1,0,0,1,0,0,0,0,0,1,0,0,0,0,1
0e88dbb1791deac0b05c9b1f,0,1,0,0,0,0,1,0,1,0,0,0,0,0,0,1
0e955cb4fd81cfe54722f79d,1,0,0,0,0,1,0,0,0,0,1,0,0,0,0,1
0e9bca8023d31c693e03b1a9,0,0,1,0,0,0,0,1,1,0,0,0,0,1,0,0
0ea18fd8ce4706f0fd193fad,1,0,0,0,0,0,1,0,0,1,0,0,0,0,0,1
0ea385616a47a5d3fd7b5667,1,0,0,0,0,1,0,0,0,0,1,0,0,0,0,1
0ea531641bd45d0d4f2b8bcd,0,1,0,0,0,0,1,0,0,0,0,1,1,0,0,0
0eb0b52228184975d9b9a978,0,1,0,0,0,0,1,0,0,0,0,1,1,0,0,0
0eb8d99b6facd599f013fe4d,1,0,0,0,0,0,1,0,0,1,0,0,0,0,0,1
0ebeba35f969e9693c809f21,1,0,0,0,0,0,1,0,0,1,0,0,0,0,0,1
0ec744f25cacdb5bdc076376,1,0,0,0,0,1,0,0,0,0,1,0,0,0,0,1
0edb4e59fc32ce28769edf7c,1,0,0,0,0,0,1,0,0,0,0,1,0,1,0,0
0edc4ccdd391b6fcad2d070a,1,0,0,0,0,0,1,0,0,1,0,0,0,0,0,1
0ee37da06d4409a7d75a9f45,0,0,0,1,0,0,1,0,1,0,0,0,0,1,0,0
0ee39864fadd1b68f553ab18,0,0,0,1,1,0,0,0,0,1,0,0,0,0,1,0
0ee75a21fe3a7e4395d088b1,1,0,0,0,0,0,0,1,0,0,1,0,0,1,0,0
0ef3e5a11f51910b4a34dafc,1,0,0,0,0,1,0,0,0,0,1,0,0,0,0,1
0efa243a4c0019493c4ffd98,0,0,1,0,1,0,0,0,0,1,0,0,0,0,0,1
0f0e84b05e60449d7b34f9ba,0,0,0,1,0,0,1,0,1,0,0,0,0,1,0,0
0f10738d01d93469b4d12f56,0,1,0,0,0,0,0,1,0,0,1,0,1,0,0,0
0f20322944c2706e30ac9ffb,0,0,1,0,0,1,0,0,1,0,0,0,0,0,0,1
0f27b49ae4279aa9eea98026,0,1,0,0,0,0,0,1,1,0,0,0,0,0,1,0
0f2a3e3032329410c7a5c14f,0,0,0,1,1,0,0,0,0,1,0,0,0,0,1,0
0f2f4056aa3b333762ffed90,0,1,0,0,0,0,1,0,1,0,0,0,0,0,0,1
0f3f9de2c712312138e69eae,0,1,0,0,0,0,0,1,0,0,1,0,1,0,0,0
0f3fb64b4d304a4e27bbab72,0,1,0,0,0,0,1,0,0,0,0,1,1,0,0,0
0f4f631fb2429cc4266f41dd,0,0,1,0,1,0,0,0,0,0,0,1,0,1,0,0
0f6c5025a400ecbe20511188,0,1,0,0,1,0,0,0,0,0,1,0,0,0,0,1
0f77337b36f0847372e9e91f,0,1,0,0,0,0,0,1,1,0,0,0,0,0,1,0
0f78a3b7100be6bebd210457,1,0,0,0,0,1,0,0,0,0,0,1,0,0,1,0
0f79728d02b889fd32ddd3be,0,0,0,1,0,1,0,0,0,0,1,0,1,0,0,0
0f79bcb4be7cb0373f5e7d25,0,0,1,0,0,1,0,0,1,0,0,0,0,0,0,1
0f7ac8b85f1c51a2c3f89d5f,0,0,1,0,1,0,0,0,0,1,0,0,0,0,0,1
0f87cb9fd3daba328a4b7db3,0,1,0,0,0,0,1,0,1,0,0,0,0,0,0,1
0f892d6a6bbe4bff0bf649cd,0,1,0,0,0,0,1,0,0,0,0,1,1,0,0,0
0f9e0b43bae76a68c0a1a107,0,0,1,0,0,1,0,0,1,0,0,0,0,0,0,1
0fa44168e0c61c845111ad18,0,0,1,0,0,1,0,0,0,0,0,1,1,0,0,0
0fa8b220415b0aa3d446016b,0,1,0,0,1,0,0,0,0,0,0,1,0,0,1,0
0fabdf38cbcd8c965bb78afd,0,0,0,1,0,1,0,0,1,0,0,0,0,0,1,0
0fb20c42fb352214c761340b,0,0,1,0,1,0,0,0,0,0,0,1,0,1,0,0
0fb31234dfa352f8c8bb06a1,1,0,0,0,0,1,0,0,0,0,0,1,0,0,1,0
0fb64ab86c37a338acb634f6,1,0,0,0,0,0,1,0,0,0,0,1,0,1,0,0
0fb99d62134542cd55fa1374,1,0,0,0,0,0,0,1,0,1,0,0,0,0,1,0
0fcfee91b9aca900cb5f709b,0,0,1,0,0,1,0,0,1,0,0,0,0,0,0,1
0fd2241decf8dd36e4a3477a,1,0,0,0,0,0,1,0,0,0,0,1,0,1,0,0
0fd282aa3266bbdf5e3986e2,0,1,0,0,0,0,0,1,0,0,1,0,1,0,0,0
0fdb0e9130a6682713708f24,0,1,0,0,1,0,0,0,0,0,1,0,0,0,0,1
0fdb6406fff9d42bd9e29425,0,0,0,1,0,1,0,0,0,0,1,0,1,0,0,0
0fe86d6a5a5ac7b9fded19d7,0,0,0,1,1,0,0,0,0,1,0,0,0,0,1,0
0fece1cd1fba3479e7635721,0,1,0,0,1,0,0,0,0,0,1,0,0,0,0,1
0ff31a62ebabcb6f7f0e8b51,0,1,0,0,0,0,1,0,0,0,0,1,1,0,0,0
0ff4b94d65b536a3ecd9ea4f,0,0,1,0,1,0,0,0,0,1,0,0,0,0,0,1
0ffe91439cf21b8551b037dd,1,0,0,0,0,0,0,1,0,1,0,0,0,0,1,0
1000561b93181247e324a9f9,0,0,1,0,0,0,0,1,1,0,0,0,0,1,0,0
100266651a495707e3bfa648,0,0,1,0,1,0,0,0,0,1,0,0,0,0,0,1
1006229fbbad373dee5b5313,1,0,0,0,0,0,0,1,0,1,0,0,0,0,1,0
100c1c5e50c5785cde2c3441,0,1,0,0,1,0,0,0,0,0,0,1,0,0,1,0
101661e3b1ab6e2cf7220f8c,1,0,0,0,0,0,1,0,0,0,0,1,0,1,0,0
101cced9126d03e3bb1a6f44,0,0,1,0,0,1,0,0,1,0,0,0,0,0,0,1
10278ee27c73054cb4fa4b56,1,0,0,0,0,0,0,1,0,1,0,0,0,0,1,0
102e5e6981c3a52d74ebdc30,0,0,1,0,0,1,0,0,1,0,0,0,0,0,0,1
10303acb80ab53f46e36034b,1,0,0,0,0,0,1,0,0,0,0,1,0,1,0,0
103637d52bb4bdcacfa8ac74,0,0,1,0,1,0,0,0,0,0,0,1,0,1,0,0
1036db980b69c90bab123492,1,0,0,0,0,0,1,0,0,0,0,1,0,1,0,0
103e59f6a7be228d2afa8a39,1,0,0,0,0,0,0,1,0,0,1,0,0,1,0,0
1041de973d726b67e6cfed7f,1,0,0,0,0,1,0,0,0,0,1,0,0,0,0,1
104c1f817d922843fecac4be,0,1,0,0,0,0,0,1,0,0,1,0,1,0,0,0
1055934d31a667f9d85658ed,0,0,1,0,0,1,0,0,1,0,0,0,0,0,0,1
105ff401e6b792eb08a3d775,0,1,0,0,1,0,0,0,0,0,0,1,0,0,1,0
1061d3cd4b92b320a7e454ed,0,0,1,0,1,0,0,0,0,0,0,1,0,1,0,0
1062c38fc4827be02997eb60,1,0,0,0,0,0,1,0,0,1,0,0,0,0,0,1
10678eb79f6fa2f05a12d0a0,0,1,0,0,0,0,1,0,1,0,0,0,0,0,0,1
1068783bf4e14e1b5146d63b,0,0,1,0,0,1,0,0,0,0,0,1,1,0,0,0
1071b537dd4b5d686e60e8ff,0,0,1,0,0,1,0,0,0,0,0,1,1,0,0,0
107ba5686aed3b0ea44e2e9a,0,1,0,0,1,0,0,0,0,0,1,0,0,0,0,1
107ea741dea642734e19d41f,0,1,0,0,0,0,1,0,1,0,0,0,0,0,0,1
1082dece4bc0440a97bbedb2,1,0,0,0,0,0,1,0,0,1,0,0,0,0,0,1
109051c087ddb1470f1bbc33,0,1,0,0,1,0,0,0,0,0,0,1,0,0,1,0
1093051a91a14c6c28cd8f7b,0,0,1,0,1,0,0,0,0,1,0,0,0,0,0,1
109b2de249a052dbbaffea2e,0,0,0,1,1,0,0,0,0,0,1,0,0,1,0,0
10a0c3ececd3fc768d69f79c,0,0,1,0,0,0,0,1,1,0,0,0,0,1,0,0
10a6d0009c550045db7f2ccd,0,1,0,0,0,0,1,0,1,0,0,0,0,0,0,1
10ae437f9836974b764567ab,1,0,0,0,0,1,0,0,0,0,1,0,0,0,0,1
10b15c0eee843ab4b5f8e773,0,0,1,0,0,0,0,1,0,1,0,0,1,0,0,0
10bcd20839a22a773ea95e30,1,0,0,0,0,1,0,0,0,0,1,0,0,0,0,1
10c29be96302db12182a655a,0,0,1,0,0,1,0,0,1,0,0,0,0,0,0,1
10c370f34dbd28e0259008b4,1,0,0,0,0,0,1,0,0,0,0,1,0,1,0,0
10d029195ea7523ed3d11441,1,0,0,0,0,0,0,1,0,1,0,0,0,0,1,0
10d54026f5015b1bbd9a54ef,1,0,0,0,0,0,0,1,0,1,0,0,0,0,1,0
10fc9beef369dba7e170b905,0,0,0,1,1,0,0,0,0,1,0,0,0,0,1,0
10ffafa1fe6d6a953dee094b,0,0,0,1,0,0,1,0,1,0,0,0,0,1,0,0
1108aa0089132825747cddf4,1,0,0,0,0,0,1,0,0,0,0,1,0,1,0,0
110db3049b74351224ada7ec,0,0,0,1,0,1,0,0,0,0,1,0,1,0,0,0
110ea3230fb4b79383203299,0,1,0,0,0,0,1,0,1,0,0,0,0,0,0,1
11109e03eece430f11ced0db,0,1,0,0,0,0,1,0,0,0,0,1,1,0,0,0
1110f42f53049f6e3790c317,0,0,1,0,1,0,0,0,0,0,0,1,0,1,0,0
1113ec0add012522dea0d18b,1,0,0,0,0,0,0,1,0,1,0,0,0,0,1,0
111997b3aab32f387f89e0eb,0,0,1,0,0,0,0,1,1,0,0,0,0,1,0,0
111d205f66edc13d64c9cf89,0,0,0,1,0,0,1,0,0,1,0,0,1,0,0,0
111eb9f975f4e5e141921f2c,0,0,0,1,0,0,1,0,1,0,0,0,0,1,0,0
1123fde26b5415ce3fdb3114,0,0,0,1,0,0,1,0,1,0,0,0,0,1,0,0
112d6155c6aea38b24671b58,0,0,0,1,0,1,0,0,0,0,1,0,1,0,0,0
113470572b051d60b20c54a5,1,0,0,0,0,1,0,0,0,0,1,0,0,0,0,1
113578585fb6de20a8653a0b,0,1,0,0,0,0,0,1,1,0,0,0,0,0,1,0
114093e0d163a1403b9a840b,0,1,0,0,1,0,0,0,0,0,1,0,0,0,0,1
114fe284b8848a45a1251925,0,1,0,0,0,0,0,1,0,0,1,0,1,0,0,0
11546dc761a9fd3acd004dbc,1,0,0,0,0,0,1,0,0,1,0,0,0,0,0,1
1155ae8998a85bccf786fc6e,0,0,1,0,0,0,0,1,0,1,0,0,1,0,0,0
1156d8e03387555d799855b4,0,0,0,1,0,1,0,0,1,0,0,0,0,0,1,0
115a5b996af188647d60251a,1,0,0,0,0,0,0,1,0,1,0,0,0,0,1,0
115c1fc98a8d3b8a27e99e9b,1,0,0,0,0,1,0,0,0,0,0,1,0,0,1,0
115e7cca2579b4533c9f9893,1,0,0,0,0,0,0,1,0,1,0,0,0,0,1,0
1168747b640d1711c6acbace,1,0,0,0,0,0,1,0,0,0,0,1,0,1,0,0
116afddf94a73ddec78819c9,0,0,0,1,1,0,0,0,0,0,1,0,0,1,0,0
116bdb1b04d9b902bfddefe3,0,0,1,0,0,0,0,1,0,1,0,0,1,0,0,0
1182eb96d1d3923ab5bd94a6,0,0,0,1,0,1,0,0,1,0,0,0,0,0,1,0
1189d5fb730f06e58593ea27,0,1,0,0,0,0,0,1,0,0,1,0,1,0,0,0
118ec52289f5447495ff0f91,0,0,1,0,0,1,0,0,0,0,0,1,1,0,0,0
118fe59d247dc90517953ea7,1,0,0,0,0,0,1,0,0,1,0,0,0,0,0,1
11953e74cabe41d4900138b9,1,0,0,0,0,0,1,0,0,0,0,1,0,1,0,0
119cdc2ac67d2939f1de1ed0,0,0,1,0,0,0,0,1,1,0,0,0,0,1,0,0
119fe8b825bc54cef030b3aa,1,0,0,0,0,0,1,0,0,1,0,0,0,0,0,1
11a1039ef0ac401ef5f99109,0,0,1,0,0,0,0,1,0,1,0,0,1,0,0,0
11a845ea120440a76923b586,0,0,1,0,1,0,0,0,0,1,0,0,0,0,0,1
11bf68a7a0981b5780b1192c,0,0,1,0,1,0,0,0,0,0,0,1,0,1,0,0
11bf700f9319b2c672b5a6d0,0,1,0,0,0,0,1,0,1,0,0,0,0,0,0,1
11c0e975c26375d696fb4ee1,0,0,0,1,0,1,0,0,1,0,0,0,0,0,1,0
11c5740010dc683ed6a48a8f,1,0,0,0,0,1,0,0,0,0,0,1,0,0,1,0
11cef0621a3e59c7560ae02d,0,1,0,0,1,0,0,0,0,0,1,0,0,0,0,1
11cf53c953c59350fea18b21,0,0,1,0,1,0,0,0,0,1,0,0,0,0,0,1
11d8497c7c3af175ec85bfdb,0,0,1,0,0,1,0,0,0,0,0,1,1,0,0,0
11dcd6adce135036b4fcfb11,0,0,0,1,1,0,0,0,0,0,1,0,0,1,0,0
11dce9af8f40597f4db62f63,0,0,1,0,0,0,0,1,0,1,0,0,1,0,0,0
11df8692a9b36f69fed92f4b,0,0,1,0,0,0,0,1,0,1,0,0,1,0,0,0
11e592925d31c8bb813a2e0d,0,1,0,0,0,0,0,1,1,0,0,0,0,0,1,0
11e64b56e92155bcd8cc4fa3,0,0,0,1,1,0,0,0,0,0,1,0,0,1,0,0
11e6f6c71a64372ee29c61c1,0,0,1,0,0,0,0,1,0,1,0,0,1,0,0,0
11fcb9e607307976d35a0f3a,0,0,1,0,0,0,0,1,0,1,0,0,1,0,0,0
11ff795f369f6053aa10b1fb,1,0,0,0,0,0,0,1,0,1,0,0,0,0,1,0
1203a62b5fe216db097ec4b7,0,0,0,1,0,1,0,0,1,0,0,0,0,0,1,0
12048f4c0a50a44e80fbf0d7,0,0,1,0,0,0,0,1,1,0,0,0,0,1,0,0
1207e10554f663d02c9b606c,0,1,0,0,1,0,0,0,0,0,1,0,0,0,0,1
120c068f57b28e93ad73ff1c,0,1,0,0,0,0,0,1,1,0,0,0,0,0,1,0
120c218af1d76def97bd69b8,0,0,0,1,0,1,0,0,1,0,0,0,0,0,1,0
1222930e8c0a2d230d62173d,0,0,1,0,0,1,0,0,1,0,0,0,0,0,0,1
12325f29a9fea0f4f35fe65e,0,0,0,1,0,1,0,0,0,0,1,0,1,0,0,0
123886c3c3ddf16ada387428,0,0,0,1,0,1,0,0,0,0,1,0,1,0,0,0
124590104d23d45ff5194ec4,0,1,0,0,1,0,0,0,0,0,1,0,0,0,0,1
124804d65a4e58e12631a214,0,0,1,0,1,0,0,0,0,1,0,0,0,0,0,1
124b95f8d450ea60bbab894d,1,0,0,0,0,1,0,0,0,0,1,0,0,0,0,1
1267177395fb7aaadccd5978,0,0,1,0,0,0,0,1,0,1,0,0,1,0,0,0
1275d3a6abf77c18c1cd79b8,0,0,0,1,1,0,0,0,0,1,0,0,0,0,1,0
127a5404a5c957e5c3abc68c,0,0,0,1,1,0,0,0,0,1,0,0,0,0,1,0
127a6c1788609d5694af288a,0,0,1,0,0,0,0,1,1,0,0,0,0,1,0,0
127d946fc3dceb9e8b944b91,0,1,0,0,0,0,0,1,0,0,1,0,1,0,0,0
129682d6d0545fb903e18cf7,0,0,0,1,0,0,1,0,0,1,0,0,1,0,0,0
12a348d70c0832d4f1e80b05,0,0,0,1,0,1,0,0,0,0,1,0,1,0,0,0
12b16ba6bbbfe9a7e1fcc6eb,0,0,0,1,0,0,1,0,0,1,0,0,1,0,0,0
12b7e833cd2cacee4bb0db5d,0,0,0,1,0,1,0,0,0,0,1,0,1,0,0,0
12bb6fd98e57c701f4cb07a6,0,0,0,1,0,0,1,0,0,1,0,0,1,0,0,0
12bd6d7d7d947f4898bf3052,0,1,0,0,0,0,0,1,1,0,0,0,0,0,1,0
12c16309b4d6b036fa9d0c21,1,0,0,0,0,0,1,0,0,1,0,0,0,0,0,1
12cb39e9a9201b869b6c3672,1,0,0,0,0,0,1,0,0,0,0,1,0,1,0,0
12cf1b68954aacb9fa844895,0,1,0,0,1,0,0,0,0,0,0,1,0,0,1,0
12d466ddfd79223f12411b26,0,0,0,1,0,1,0,0,1,0,0,0,0,0,1,0
12d549c7756f4ff030bea0d8,1,0,0,0,0,0,0,1,0,1,0,0,0,0,1,0
12dd41d5247325c081ee05a7,1,0,0,0,0,0,0,1,0,0,1,0,0,1,0,0
12f8942ce1dde705f811f159,0,1,0,0,1,0,0,0,0,0,1,0,0,0,0,1
12ffdf347adc996e0063cdfa,1,0,0,0,0,0,1,0,0,0,0,1,0,1,0,0
1301566df5f4c496e03f417d,1,0,0,0,0,0,0,1,0,0,1,0,0,1,0,0
13069168eb7a20af5ece493b,0,0,1,0,0,0,0,1,0,1,0,0,1,0,0,0
1309aa0587e9737663f1a655,0,0,1,0,0,0,0,1,1,0,0,0,0,1,0,0
130dbfb59f5d749c673d2ecf,1,0,0,0,0,0,0,1,0,1,0,0,0,0,1,0
130e3774e08a0eec44d8f3ae,0,0,0,1,0,0,1,0,1,0,0,0,0,1,0,0
130fc0a994c97da711271e67,0,0,0,1,1,0,0,0,0,0,1,0,0,1,0,0
131034cc1871b1e35c4ffceb,0,0,0,1,0,0,1,0,1,0,0,0,0,1,0,0
131243e9eaf8abafd935b6ae,0,0,1,0,1,0,0,0,0,1,0,0,0,0,0,1
131471016f7b1a62179650d2,1,0,0,0,0,0,1,0,0,0,0,1,0,1,0,0
131786d3f92d50061ef58aba,1,0,0,0,0,0,0,1,0,0,1,0,0,1,0,0
131797aa4bfa7f8b2bb224f1,0,0,0,1,0,0,1,0,1,0,0,0,0,1,0,0
1327b84e3023611e04c817ef,0,1,0,0,0,0,1,0,0,0,0,1,1,0,0,0
1328eea799c27f2efead13dd,0,0,0,1,0,1,0,0,0,0,1,0,1,0,0,0
132c8420d0f51666de2921a5,1,0,0,0,0,1,0,0,0,0,1,0,0,0,0,1
133a219b547591f7cc45180b,0,0,0,1,0,0,1,0,1,0,0,0,0,1,0,0
133ea2ab26cfdd3d5085a16b,0,0,0,1,1,0,0,0,0,1,0,0,0,0,1,0
1341a81d56da6cd0f80941f4,0,1,0,0,1,0,0,0,0,0,1,0,0,0,0,1
135a89469196b1cde9eb7090,0,1,0,0,0,0,1,0,1,0,0,0,0,0,0,1
136667a882320f7d47deed77,1,0,0,0,0,1,0,0,0,0,1,0,0,0,0,1
1367810786f4c4f7a43f506c,0,1,0,0,0,0,1,0,1,0,0,0,0,0,0,1
137203539497f723f3ea1600,1,0,0,0,0,0,0,1,0,1,0,0,0,0,1,0
1377b4160200ba87cfbde791,0,0,1,0,0,0,0,1,0,1,0,0,1,0,0,0
137e843b9804ffc8d7a10929,0,0,0,1,1,0,0,0,0,0,1,0,0,1,0,0
1383ec496ef39e88d7415622,1,0,0,0,0,1,0,0,0,0,1,0,0,0,0,1
13867fa25136be5f05733fa7,0,0,1,0,0,0,0,1,1,0,0,0,0,1,0,0
138838c17e6fd1170b859e33,0,0,1,0,0,0,0,1,0,1,0,0,1,0,0,0
138839f22234d416d2ce42a4,0,0,0,1,1,0,0,0,0,0,1,0,0,1,0,0
1389f40a77b7b83a330f2629,0,0,0,1,0,1,0,0,0,0,1,0,1,0,0,0
138c9daf761279be976854db,0,0,0,1,1,0,0,0,0,1,0,0,0,0,1,0
139517baf78e41d22ec3ae03,0,1,0,0,0,0,1,0,0,0,0,1,1,0,0,0
13973fbaec490d91fe4bc49a,1,0,0,0,0,1,0,0,0,0,1,0,0,0,0,1
139aff8b5bed2baaf1edd0e3,0,1,0,0,0,0,0,1,1,0,0,0,0,0,1,0
139f3d73f1d6546d0236076c,0,0,0,1,0,0,1,0,0,1,0,0,1,0,0,0
13a0bcf96ef1c4b054399e89,0,0,0,1,1,0,0,0,0,0,1,0,0,1,0,0
13a432de3ce0b179a41902ef,1,0,0,0,0,0,0,1,0,0,1,0,0,1,0,0
13b841b35b64ffd95af31ab4,0,1,0,0,1,0,0,0,0,0,0,1,0,0,1,0
13bdf250e0962fe18acbaa81,1,0,0,0,0,1,0,0,0,0,0,1,0,0,1,0
13cb5f8be711cb42f6887b2f,0,0,0,1,0,0,1,0,0,1,0,0,1,0,0,0
13cc171fd991bf3385c0ce2e,1,0,0,0,0,1,0,0,0,0,0,1,0,0,1,0
13ce5cab831f841f9aba56a5,0,0,1,0,0,1,0,0,0,0,0,1,1,0,0,0
13d2518b918ca8ad5f488502,0,0,1,0,1,0,0,0,0,1,0,0,0,0,0,1
13d82baebdda41ed4f3deefa,0,0,0,1,0,1,0,0,0,0,1,0,1,0,0,0
13d919a76500784d3dc3f998,1,0,0,0,0,0,0,1,0,0,1,0,0,1,0,0
13f014ee03e17283f249d178,1,0,0,0,0,1,0,0,0,0,0,1,0,0,1,0
13f63c8ebcb4f386dbabbded,0,1,0,0,1,0,0,0,0,0,0,1,0,0,1,0
13f6dafabc841b996096e70e,1,0,0,0,0,0,1,0,0,1,0,0,0,0,0,1
13f75d2b6c975d3492d3b0ee,1,0,0,0,0,0,1,0,0,0,0,1,0,1,0,0
13fc579d696c5ec78c475200,0,0,0,1,0,0,1,0,1,0,0,0,0,1,0,0
1416976e4356b33a597aba07,0,0,1,0,0,0,0,1,0,1,0,0,1,0,0,0
141a131a5274fbbd3ef29ef5,0,0,1,0,0,0,0,1,1,0,0,0,0,1,0,0
1422bfec097bc509ed5a518d,0,0,0,1,1,0,0,0,0,0,1,0,0,1,0,0
1423c732daef0e2e10f92ce2,0,0,1,0,0,1,0,0,1,0,0,0,0,0,0,1
142e38b012466b628d7d7b9a,0,0,1,0,0,0,0,1,0,1,0,0,1,0,0,0
142f9b598f80b6f3233cd11f,0,1,0,0,1,0,0,0,0,0,1,0,0,0,0,1
1431843c1a5fee2012f84033,0,0,1,0,0,1,0,0,0,0,0,1,1,0,0,0
14370aa9d634814581783c5e,0,0,1,0,1,0,0,0,0,0,0,1,0,1,0,0
14390ea737af2bfe1a7a00a6,0,0,0,1,0,1,0,0,1,0,0,0,0,0,1,0
14391629235adab3288fe9e0,0,1,0,0,1,0,0,0,0,0,0,1,0,0,1,0
14396e9c340c6a57dacf908a,0,0,0,1,0,1,0,0,1,0,0,0,0,0,1,0
143b23b84e36a9b26c581e66,0,0,0,1,1,0,0,0,0,1,0,0,0,0,1,0
143c5985c4193c9caed9a77b,0,0,0,1,0,1,0,0,1,0,0,0,0,0,1,0
144350ce2f44588b7d8b8ec7,0,1,0,0,0,0,0,1,0,0,1,0,1,0,0,0
144e96a701bb89e9986a8629,0,0,1,0,0,1,0,0,1,0,0,0,0,0,0,1
145659f3c51a5635ec496257,0,0,1,0,1,0,0,0,0,0,0,1,0,1,0,0
145b1ab353769fc6a59e7346,0,0,0,1,0,0,1,0,0,1,0,0,1,0,0,0
145b72595bf890ea389f1ebf,0,0,1,0,0,0,0,1,1,0,0,0,0,1,0,0
14600f766bea9dc2a14d643c,0,1,0,0,0,0,0,1,1,0,0,0,0,0,1,0
1463adf2cdd58aa25334febb,0,1,0,0,1,0,0,0,0,0,0,1,0,0,1,0
1463c04156fcfa281917bd16,0,0,0,1,1,0,0,0,0,1,0,0,0,0,1,0
146588c18dfc54200fa125c7,0,1,0,0,1,0,0,0,0,0,0,1,0,0,1,0
146b25714c1977546efd6814,1,0,0,0,0,0,0,1,0,0,1,0,0,1,0,0
146fb4b8ca1d87cd02bad531,0,0,1,0,0,1,0,0,0,0,0,1,1,0,0,0
14789319811b50fc23b2b316,0,0,1,0,1,0,0,0,0,0,0,1,0,1,0,0
147bb6f7c3090d4bede3cd01,0,0,0,1,0,0,1,0,0,1,0,0,1,0,0,0
147f935500f96473e9c3c283,0,0,1,0,0,1,0,0,0,0,0,1,1,0,0,0
149383af8f74f403d4a5ecca,0,1,0,0,0,0,1,0,0,0,0,1,1,0,0,0
14a02bb5aa5d2b35b299a569,0,0,1,0,0,0,0,1,1,0,0,0,0,1,0,0
14a687b28b1d10800f5da5e5,0,1,0,0,1,0,0,0,0,0,0,1,0,0,1,0
14ac6b249a54cef483e2beba,0,0,0,1,0,1,0,0,0,0,1,0,1,0,0,0
14ad0bc2e021201857614c96,0,0,0,1,0,0,1,0,1,0,0,0,0,1,0,0
14af03e580876de6467eeb57,0,0,0,1,0,0,1,0,1,0,0,0,0,1,0,0
14b529fc9665f02683ee7f93,0,0,0,1,0,1,0,0,1,0,0,0,0,0,1,0
14b63c9a1a76208baeb89c8a,0,0,1,0,1,0,0,0,0,0,0,1,0,1,0,0
14b82bb4059642d7d74d5872,1,0,0,0,0,1,0,0,0,0,0,1,0,0,1,0
14be93be61b7838008c089e3,0,0,1,0,0,0,0,1,1,0,0,0,0,1,0,0
14c0b78423a9f39fa6002164,1,0,0,0,0,0,1,0,0,0,0,1,0,1,0,0
14c11d01c7acc5341617d7b4,0,0,0,1,0,1,0,0,1,0,0,0,0,0,1,0
14c1b718005d75f9490b1bb9,0,0,1,0,0,1,0,0,1,0,0,0,0,0,0,1
14c3ae7c99a5b9350ac1f3dc,0,0,0,1,0,0,1,0,0,1,0,0,1,0,0,0
14cb2da26536bb4e883b29da,0,1,0,0,0,0,1,0,0,0,0,1,1,0,0,0
14cb4b1edb1e89d28a3c6611,0,0,0,1,0,1,0,0,1,0,0,0,0,0,1,0
14cb903a4244407b762ef08a,0,0,0,1,0,1,0,0,1,0,0,0,0,0,1,0
14ce2d9bfd2579b963b9fd5e,1,0,0,0,0,1,0,0,0,0,0,1,0,0,1,0
14e9025d4ff61a58b0195330,0,1,0,0,0,0,0,1,0,0,1,0,1,0,0,0
14eca2017f2b73da347f41a1,0,0,0,1,0,1,0,0,0,0,1,0,1,0,0,0
14f7ac0d22d72967fff72a51,0,0,0,1,0,0,1,0,1,0,0,0,0,1,0,0
14f95e0f4aa22752ddefac34,0,1,0,0,1,0,0,0,0,0,0,1,0,0,1,0
1501611263fd4b67836df9f7,0,0,0,1,1,0,0,0,0,1,0,0,0,0,1,0
151427ba9701aaaab0af8f40,1,0,0,0,0,1,0,0,0,0,0,1,0,0,1,0
1515641597cc21c406768a6e,1,0,0,0,0,1,0,0,0,0,1,0,0,0,0,1
1522ee3b8fc1853dfa618b54,0,0,0,1,1,0,0,0,0,1,0,0,0,0,1,0
15270861cda3782cc67ece7f,1,0,0,0,0,0,1,0,0,0,0,1,0,1,0,0
15287159ed71eab4ef577e7c,0,0,0,1,1,0,0,0,0,1,0,0,0,0,1,0
152a0c6a1e84b084327c6b6b,1,0,0,0,0,0,0,1,0,0,1,0,0,1,0,0
153cfa13e20328782eb58c7a,0,0,1,0,1,0,0,0,0,1,0,0,0,0,0,1
1542003967750f1cbb35bdd4,0,0,1,0,0,1,0,0,0,0,0,1,1,0,0,0
1544d9a56efd306fb5b2d98e,1,0,0,0,0,1,0,0,0,0,0,1,0,0,1,0
154b7a3e04103db08cd491f3,0,0,0,1,0,0,1,0,0,1,0,0,1,0,0,0
155fb71aa57beb46b3f58d78,0,0,1,0,0,1,0,0,1,0,0,0,0,0,0,1
1565f0261fe9b579b35e75f5,0,1,0,0,0,0,0,1,1,0,0,0,0,0,1,0
157602825808895502cf7be8,0,0,0,1,0,1,0,0,1,0,0,0,0,0,1,0
157c0e018d5b055efd7ea205,0,1,0,0,1,0,0,0,0,0,0,1,0,0,1,0
1583e2a4713de52cb2bcf232,0,0,1,0,1,0,0,0,0,1,0,0,0,0,0,1
15909c79dedf9fe4af3d7518,1,0,0,0,0,0,0,1,0,0,1,0,0,1,0,0
1591c9431d6033857485196f,0,0,1,0,0,1,0,0,0,0,0,1,1,0,0,0
15929b1a37955af76df8acf5,0,0,0,1,0,1,0,0,1,0,0,0,0,0,1,0
1592def87d809ad23e2fee49,1,0,0,0,0,0,1,0,0,0,0,1,0,1,0,0
159837d0169d36f4a96fb333,0,0,0,1,0,0,1,0,0,1,0,0,1,0,0,0
15bc5db5c176bb7bfeee94e1,0,0,1,0,1,0,0,0,0,1,0,0,0,0,0,1
15c43065a56e575525f83115,0,0,1,0,0,1,0,0,0,0,0,1,1,0,0,0
15c50160ba19ecb6f1cdfc7b,0,1,0,0,0,0,1,0,1,0,0,0,0,0,0,1
15cfd7e088aa142b8d473d25,0,0,0,1,0,1,0,0,0,0,1,0,1,0,0,0
15cffc76189bdf996b31eb14,0,0,1,0,1,0,0,0,0,0,0,1,0,1,0,0
15d210300503281be2aeed5b,1,0,0,0,0,0,0,1,0,1,0,0,0,0,1,0
15db54af01b00e010672095e,0,0,1,0,0,0,0,1,0,1,0,0,1,0,0,0
15e9a631d33926e3aa0773d8,0,1,0,0,1,0,0,0,0,0,0,1,0,0,1,0
15ee22a52ffc53217a2e75b2,0,0,0,1,0,0,1,0,0,1,0,0,1,0,0,0
15f0dd0f354f0b34766dcfa9,1,0,0,0,0,1,0,0,0,0,0,1,0,0,1,0
15fa39e89d673f0a4bf8f506,0,0,1,0,1,0,0,0,0,0,0,1,0,1,0,0
15fa9bf777a59dc230c9b1a2,0,0,0,1,0,1,0,0,1,0,0,0,0,0,1,0
15fadcd1d9b5fd80ace972a1,0,1,0,0,1,0,0,0,0,0,0,1,0,0,1,0
15ff8c7a80ce611e932b2238,0,1,0,0,0,0,0,1,1,0,0,0,0,0,1,0
160c4b90c16b5c40b387b816,0,0,1,0,1,0,0,0,0,0,0,1,0,1,0,0
160f55ad3ddc399d86b521b9,1,0,0,0,0,0,0,1,0,1,0,0,0,0,1,0
16179b93719d4739552579d3,0,0,1,0,0,0,0,1,1,0,0,0,0,1,0,0
162258c569cb9f21f3890d7e,0,0,1,0,0,0,0,1,0,1,0,0,1,0,0,0
162cbe949c3b6233c9649140,0,0,0,1,0,1,0,0,1,0,0,0,0,0,1,0
1633d58116c3dff8a1d6283a,0,1,0,0,1,0,0,0,0,0,0,1,0,0,1,0
163c097bfcaba1f9c27e4559,0,1,0,0,1,0,0,0,0,0,1,0,0,0,0,1
16431080b1326e4233e543df,0,0,1,0,0,1,0,0,1,0,0,0,0,0,0,1
1651c438db0bc399ad613324,0,0,1,0,0,0,0,1,1,0,0,0,0,1,0,0
1658b675cdad86fffe135b27,0,0,1,0,0,1,0,0,1,0,0,0,0,0,0,1
1661bd01f4da037e522e27c1,0,0,1,0,0,1,0,0,1,0,0,0,0,0,0,1
166ef59702b778cdb4fd78c1,0,0,0,1,0,0,1,0,1,0,0,0,0,1,0,0
1670350591c8a8eb096062b6,0,1,0,0,1,0,0,0,0,0,0,1,0,0,1,0
16755532a39fa8fc532b18fc,0,0,1,0,0,0,0,1,0,1,0,0,1,0,0,0
167876e494a69cb7ab2ced51,0,0,1,0,0,1,0,0,1,0,0,0,0,0,0,1
16796050889f8ace85016345,0,0,1,0,0,0,0,1,0,1,0,0,1,0,0,0
167d74e3e18fd2f8a858d299,0,0,0,1,0,1,0,0,1,0,0,0,0,0,1,0
1683669bb5ef2b04b9c334e5,0,0,0,1,0,0,1,0,1,0,0,0,0,1,0,0
169105cc952eb68a2eeba0d8,0,0,0,1,0,1,0,0,1,0,0,0,0,0,1,0
16940cbd8b8517a33d2e4635,0,0,1,0,1,0,0,0,0,0,0,1,0,1,0,0
1697483806930df6316dbaf0,1,0,0,0,0,1,0,0,0,0,0,1,0,0,1,0
16992ef132a51f85bb9baed4,0,1,0,0,1,0,0,0,0,0,1,0,0,0,0,1
169f65211e71cdeae86a4ac9,1,0,0,0,0,0,0,1,0,0,1,0,0,1,0,0
16a7dc7fb09f08bf343a26f2,0,0,1,0,1,0,0,0,0,0,0,1,0,1,0,0
16ac32c7a2078d33b5ccb90f,0,1,0,0,0,0,1,0,1,0,0,0,0,0,0,1
16b060f99beb991d4ad503ae,1,0,0,0,0,0,1,0,0,0,0,1,0,1,0,0
16b0f222119be8c14ffca233,0,1,0,0,1,0,0,0,0,0,1,0,0,0,0,1
16b40b119c333fdc5950837c,0,1,0,0,0,0,1,0,0,0,0,1,1,0,0,0
16be29506d89f0426b1ab486,0,0,0,1,0,0,1,0,0,1,0,0,1,0,0,0
16c23f92a0a857ee4a0f7455,0,1,0,0,0,0,0,1,0,0,1,0,1,0,0,0
16c3e37c2a3a45a3b90e6c07,0,0,1,0,0,1,0,0,1,0,0,0,0,0,0,1
16d0edceb97de6350e734de9,1,0,0,0,0,1,0,0,0,0,0,1,0,0,1,0
16d5eda3373ce9b28c6919ca,0,1,0,0,0,0,0,1,0,0,1,0,1,0,0,0
16d906371cce2e8f663cbe2b,1,0,0,0,0,0,1,0,0,0,0,1,0,1,0,0
16dab434689335b687ac67ce,0,1,0,0,0,0,0,1,0,0,1,0,1,0,0,0
16e27acc3ec42dbc62d7b7d3,0,1,0,0,1,0,0,0,0,0,0,1,0,0,1,0
16e5d99a63ca196cd8ab9c73,0,0,0,1,1,0,0,0,0,1,0,0,0,0,1,0
16e64fddb8492997d6ca0633,0,0,1,0,1,0,0,0,0,1,0,0,0,0,0,1
16f7edacb15537c8aa375f75,0,0,1,0,1,0,0,0,0,1,0,0,0,0,0,1
1704f3fd73b4184c83f80664,0,0,1,0,1,0,0,0,0,0,0,1,0,1,0,0
1705e1b4d14b2e328de41a71,0,1,0,0,0,0,0,1,0,0,1,0,1,0,0,0
1714d042a8ed7bd5148c2263,0,0,1,0,0,1,0,0,0,0,0,1,1,0,0,0
17181138f6274e0835f049c8,0,0,1,0,0,0,0,1,0,1,0,0,1,0,0,0
17279107df7b6ea3bc6b8af9,0,1,0,0,0,0,1,0,1,0,0,0,0,0,0,1
1728fec3ce741cd6d9acdd99,1,0,0,0,0,0,1,0,0,0,0,1,0,1,0,0
172cf1529af9b18aa5e978e8,0,0,0,1,0,0,1,0,1,0,0,0,0,1,0,0
1738039b61ecada68d582907,0,0,1,0,1,0,0,0,0,1,0,0,0,0,0,1
1742881dbf0997c467d3a267,0,0,1,0,0,0,0,1,1,0,0,0,0,1,0,0
174353d267b03448cf0be3ca,0,0,1,0,0,0,0,1,0,1,0,0,1,0,0,0
17440510b84505d29309aff5,0,1,0,0,0,0,0,1,0,0,1,0,1,0,0,0
17450e4e1ecf0502e18070e2,0,0,0,1,0,0,1,0,1,0,0,0,0,1,0,0
1752a6bb343687a66d8cfb6b,0,1,0,0,1,0,0,0,0,0,0,1,0,0,1,0
175f0a98f9eb1299f53baf32,0,1,0,0,1,0,0,0,0,0,0,1,0,0,1,0
1760952685333746ba94be74,0,0,1,0,0,0,0,1,0,1,0,0,1,0,0,0
176a7b9f79d934e65f7e766c,1,0,0,0,0,1,0,0,0,0,0,1,0,0,1,0
176d5f6eb679e663d56ef7a0,1,0,0,0,0,0,1,0,0,1,0,0,0,0,0,1
177ac583061dafcf929f6e4f,0,0,1,0,0,1,0,0,0,0,0,1,1,0,0,0
177b83387dc09f2e9e968b29,0,1,0,0,0,0,0,1,1,0,0,0,0,0,1,0
177bd464d53824b7b53f7a47,1,0,0,0,0,0,0,1,0,1,0,0,0,0,1,0
1780f34ed30b2caacef85ccc,0,0,0,1,0,0,1,0,1,0,0,0,0,1,0,0
1783d426c389e69c2c82e352,0,0,0,1,0,0,1,0,1,0,0,0,0,1,0,0
1786717fa98c86a19ae615f8,0,0,1,0,1,0,0,0,0,1,0,0,0,0,0,1
178d23826ebc84d9e653cef9,0,1,0,0,1,0,0,0,0,0,0,1,0,0,1,0
1795c0bb02e5a1555b898989,1,0,0,0,0,0,1,0,0,1,0,0,0,0,0,1
179c77c7b89f5d3b3ddc686c,0,1,0,0,0,0,0,1,1,0,0,0,0,0,1,0
17a3b304690f5d3b18494098,0,0,0,1,0,0,1,0,0,1,0,0,1,0,0,0
17a64e308fb1f5af5000bf2f,0,0,1,0,0,1,0,0,0,0,0,1,1,0,0,0
17a997529157861972dc65dc,0,1,0,0,0,0,0,1,0,0,1,0,1,0,0,0
17ae1ffc79e88789ac6644dc,1,0,0,0,0,0,0,1,0,1,0,0,0,0,1,0
17af0821a9bcd91bec32a140,1,0,0,0,0,0,1,0,0,1,0,0,0,0,0,1
17b05fd13b036d1ab3cc2143,0,1,0,0,0,0,0,1,0,0,1,0,1,0,0,0
17b47dbee4fcbd324b6f5c4d,1,0,0,0,0,0,1,0,0,0,0,1,0,1,0,0
17b566d6e493e67e370fb082,0,1,0,0,1,0,0,0,0,0,0,1,0,0,1,0
17bafaa44877b017cc6fc9fd,1,0,0,0,0,0,1,0,0,0,0,1,0,1,0,0
17bf9aa8e3e71e475d96b16d,1,0,0,0,0,1,0,0,0,0,1,0,0,0,0,1
17c9f79eea95b57e53771d2a,0,0,0,1,0,0,1,0,0,1,0,0,1,0,0,0
17ce79b8d7f56215e2490a49,0,0,0,1,0,0,1,0,1,0,0,0,0,1,0,0
17cf089ec72047687e8fbad4,0,0,0,1,0,1,0,0,0,0,1,0,1,0,0,0
17d25dbfed5cd32c40c96d8a,0,1,0,0,0,0,0,1,0,0,1,0,1,0,0,0
17d65361b1fc134d82533270,0,1,0,0,0,0,0,1,1,0,0,0,0,0,1,0
17e855928d61072b7256509b,0,0,0,1,0,0,1,0,1,0,0,0,0,1,0,0
17ec8cfa878e8c3946e88b19,0,1,0,0,0,0,1,0,1,0,0,0,0,0,0,1
17efa858774fb8add49f68b3,0,1,0,0,0,0,0,1,1,0,0,0,0,0,1,0
17fbb130206777f204f1c6e1,1,0,0,0,0,1,0,0,0,0,1,0,0,0,0,1
17fcc6c1f054b12bc05448cd,0,0,0,1,0,0,1,0,0,1,0,0,1,0,0,0
1811fd5fbe448fc188a672d0,0,1,0,0,1,0,0,0,0,0,1,0,0,0,0,1
18144aed4b9dec952cae6cd5,0,1,0,0,0,0,1,0,0,0,0,1,1,0,0,0
181aef6d29d6520046ff4cee,0,1,0,0,0,0,0,1,0,0,1,0,1,0,0,0
1822502b9805846a06ddb67f,0,0,0,1,0,0,1,0,1,0,0,0,0,1,0,0
1822cfe706ede7ae4e8bbe30,0,1,0,0,0,0,0,1,0,0,1,0,1,0,0,0
182b4f1e3b5269f854ec0a6a,0,0,1,0,0,0,0,1,1,0,0,0,0,1,0,0
18382db05547953bf34703c1,1,0,0,0,0,0,1,0,0,0,0,1,0,1,0,0
1842075cfced64f407497aeb,1,0,0,0,0,1,0,0,0,0,1,0,0,0,0,1
1843f7aae13d060874619b76,0,0,1,0,0,1,0,0,1,0,0,0,0,0,0,1
1846385a3227e2ad7382bc2a,1,0,0,0,0,1,0,0,0,0,0,1,0,0,1,0
18481ef049d5a3268edf73b5,0,0,0,1,0,0,1,0,1,0,0,0,0,1,0,0
184cc577b75b8c511d4f251e,0,0,1,0,0,0,0,1,1,0,0,0,0,1,0,0
1850b42818acac49a91b88cd,0,1,0,0,0,0,1,0,0,0,0,1,1,0,0,0
18532681f573f029a89a60bd,1,0,0,0,0,0,1,0,0,0,0,1,0,1,0,0
1856468b0e901ccd073a7bae,0,1,0,0,1,0,0,0,0,0,1,0,0,0,0,1
1865815de85393b787fcb200,1,0,0,0,0,0,0,1,0,1,0,0,0,0,1,0
1867b306eb5263124a5087dd,0,0,1,0,1,0,0,0,0,0,0,1,0,1,0,0
186dab0213129ba39f83299e,0,1,0,0,1,0,0,0,0,0,0,1,0,0,1,0
187434b4512d9a299fd15f6b,1,0,0,0,0,0,0,1,0,1,0,0,0,0,1,0
187acb5528a0398e45cf5d8d,0,1,0,0,0,0,0,1,0,0,1,0,1,0,0,0
187de5d110f2cc60738cf2d1,0,0,0,1,1,0,0,0,0,0,1,0,0,1,0,0
18883e6b106528807e8c8a9a,0,0,1,0,0,1,0,0,0,0,0,1,1,0,0,0
1890bbf33206fa326d34534d,0,1,0,0,1,0,0,0,0,0,0,1,0,0,1,0
18a3cb9b232f7f6bd4355856,0,1,0,0,0,0,0,1,1,0,0,0,0,0,1,0
18a963d33df330a70849a472,0,0,1,0,0,1,0,0,0,0,0,1,1,0,0,0
18abcb4392a801e6a6a1f426,0,1,0,0,1,0,0,0,0,0,1,0,0,0,0,1
18bc59066d0b136db54415a4,0,1,0,0,0,0,0,1,0,0,1,0,1,0,0,0
18cb70ee600092c7b86e2286,0,0,0,1,0,1,0,0,1,0,0,0,0,0,1,0
18dcdfb65ff76d03046e5ec3,0,0,1,0,0,1,0,0,0,0,0,1,1,0,0,0
18e8561648d4f30d3fc5319f,0,0,1,0,0,1,0,0,0,0,0,1,1,0,0,0
18ed3950bad6f0e91190d1d1,1,0,0,0,0,0,1,0,0,0,0,1,0,1,0,0
18edcc809d5cf0734e3e33eb,0,0,1,0,0,1,0,0,1,0,0,0,0,0,0,1
18fa336688e7dd0112570629,0,0,1,0,0,1,0,0,1,0,0,0,0,0,0,1
18fabfcc09ce64f0f5621216,0,1,0,0,0,0,1,0,0,0,0,1,1,0,0,0
18fb4ea12bbe9ce385ca37b7,1,0,0,0,0,1,0,0,0,0,0,1,0,0,1,0
18ff42528ee68240137e2b1d,1,0,0,0,0,0,0,1,0,1,0,0,0,0,1,0
1904266b8845ec1acf5beba0,1,0,0,0,0,0,0,1,0,0,1,0,0,1,0,0
19083470dac07ce8485815af,0,1,0,0,0,0,0,1,0,0,1,0,1,0,0,0
1908abe781271674443cd713,0,0,0,1,0,1,0,0,1,0,0,0,0,0,1,0
19097bfede6265cb6a7f9ad5,1,0,0,0,0,0,1,0,0,0,0,1,0,1,0,0
190db0e85d8b76ac07facd90,0,0,0,1,0,1,0,0,1,0,0,0,0,0,1,0
190fafcafffc762fa4be8f20,1,0,0,0,0,0,1,0,0,0,0,1,0,1,0,0
1911673e69ad2d3bdf33c25c,0,0,1,0,1,0,0,0,0,0,0,1,0,1,0,0
191a52dcf57c98ae16e567d8,0,0,0,1,0,0,1,0,0,1,0,0,1,0,0,0
19231dc8cb50a3e33e05b682,0,0,0,1,1,0,0,0,0,1,0,0,0,0,1,0
1924866d9b45e1c2bb6e0dab,0,0,1,0,1,0,0,0,0,1,0,0,0,0,0,1
1926ceb154aa728261469053,0,0,1,0,1,0,0,0,0,0,0,1,0,1,0,0
194acc699bb702ea9cbe5234,1,0,0,0,0,0,1,0,0,1,0,0,0,0,0,1
194b6ad515f44ecc1a01ce5d,1,0,0,0,0,0,0,1,0,0,1,0,0,1,0,0
194c20b22a94ba46a8c11ffa,1,0,0,0,0,0,1,0,0,1,0,0,0,0,0,1
1950754fc3c4b67eb868fc9d,0,1,0,0,0,0,1,0,0,0,0,1,1,0,0,0
1953e5a442e0760652ce8e76,0,0,1,0,1,0,0,0,0,0,0,1,0,1,0,0
1955da39d20a979b8de2cc2d,0,1,0,0,0,0,0,1,0,0,1,0,1,0,0,0
195ea99217708315a86bd0e9,0,1,0,0,1,0,0,0,0,0,0,1,0,0,1,0
197b91956564d133ad763f07,0,0,1,0,1,0,0,0,0,0,0,1,0,1,0,0
198545809509bd3d42310f05,0,0,0,1,1,0,0,0,0,1,0,0,0,0,1,0
198d394f979d20eb8a676a4e,0,1,0,0,0,0,0,1,1,0,0,0,0,0,1,0
198dcdcb48ee4450bd64ff16,0,1,0,0,0,0,0,1,1,0,0,0,0,0,1,0
1994ba2c968dec5d47f5b0ff,0,1,0,0,0,0,0,1,1,0,0,0,0,0,1,0
199b54fcea6f7bda303f49eb,1,0,0,0,0,0,1,0,0,0,0,1,0,1,0,0
19a6734b6bb5696c2a888727,0,0,0,1,1,0,0,0,0,0,1,0,0,1,0,0
19a9cdda515fa51f0fbb9e8f,0,0,1,0,1,0,0,0,0,0,0,1,0,1,0,0
19ad471abdbfe9fb7dda5eee,0,0,1,0,1,0,0,0,0,1,0,0,0,0,0,1
19aeaba56b88beb3984a7e37,0,0,1,0,0,1,0,0,0,0,0,1,1,0,0,0
19afcea3de430b92fadb1b86,0,1,0,0,0,0,1,0,0,0,0,1,1,0,0,0
19b8e107b00dfd14ed18b6d0,0,0,0,1,0,1,0,0,1,0,0,0,0,0,1,0
19cce0187fb52effa70ffd31,0,0,0,1,1,0,0,0,0,1,0,0,0,0,1,0
19cd3d1ce74efd7df2c3eeeb,0,0,0,1,0,0,1,0,0,1,0,0,1,0,0,0
19cec20b5b450ab10b4fa017,1,0,0,0,0,1,0,0,0,0,0,1,0,0,1,0
19de75b80573d24dc6c1efbb,0,0,1,0,1,0,0,0,0,0,0,1,0,1,0,0
19f49c76bdffdcb7055d82b3,0,0,1,0,0,0,0,1,0,1,0,0,1,0,0,0
19f687ffbaf93181370d8932,0,0,0,1,1,0,0,0,0,1,0,0,0,0,1,0
19fefe98b9fec143af3e012d,1,0,0,0,0,1,0,0,0,0,1,0,0,0,0,1
1a01cdec54de1165d2bcc941,0,0,0,1,1,0,0,0,0,0,1,0,0,1,0,0
1a06c93964992c807f21945a,0,0,1,0,0,1,0,0,0,0,0,1,1,0,0,0
1a0e80760f77c006e3fe3e80,0,0,1,0,0,1,0,0,1,0,0,0,0,0,0,1
1a0e9d8b683e7a3ed11bb21c,0,0,1,0,1,0,0,0,0,0,0,1,0,1,0,0
1a22e9321157d8557bc78cf0,1,0,0,0,0,0,0,1,0,0,1,0,0,1,0,0
1a2a45dc08a9582c59506423,0,0,1,0,0,1,0,0,1,0,0,0,0,0,0,1
1a33eece71838dbbdafd09ef,0,0,1,0,0,1,0,0,1,0,0,0,0,0,0,1
1a4a69c971665402c1732a1f,0,0,1,0,0,1,0,0,0,0,0,1,1,0,0,0
1a59c4eb3f02c9cded7d4848,0,0,0,1,0,0,1,0,0,1,0,0,1,0,0,0
1a5dd097f3092b21fb785d3e,0,0,1,0,0,1,0,0,1,0,0,0,0,0,0,1
1a5e1633fba70cfd690a1da1,0,0,1,0,1,0,0,0,0,0,0,1,0,1,0,0
1a5eaf7f37685acedc033a6b,0,0,1,0,0,0,0,1,0,1,0,0,1,0,0,0
1a5f5c871b631e88c6d078c2,0,0,0,1,0,0,1,0,0,1,0,0,1,0,0,0
1a6c59b3b2f9f46f134ee6b9,0,0,1,0,0,1,0,0,1,0,0,0,0,0,0,1
1a6eb7680e670f37409f485a,0,0,0,1,1,0,0,0,0,1,0,0,0,0,1,0
1a6f5a6580eb9f48ddff0a66,0,0,1,0,0,0,0,1,1,0,0,0,0,1,0,0
1a7421e543715d324fe917b0,0,0,0,1,0,0,1,0,0,1,0,0,1,0,0,0
1a785c02e95c0c8ffbdad059,0,0,1,0,0,1,0,0,1,0,0,0,0,0,0,1
1a7b23f04a298c697734b3dd,0,0,1,0,0,1,0,0,1,0,0,0,0,0,0,1
1a8394fb43ae5c89f9f2bf05,0,1,0,0,0,0,0,1,1,0,0,0,0,0,1,0
1a86faa6274fcb25f3550c94,0,0,1,0,0,1,0,0,1,0,0,0,0,0,0,1
1a8e3a8e21fcc9d5bad9f878,0,0,1,0,1,0,0,0,0,0,0,1,0,1,0,0
1a9744d9d8476c3b277f4ef2,1,0,0,0,0,1,0,0,0,0,1,0,0,0,0,1
1a9b811e4e4f2e2eb1f74e15,0,1,0,0,1,0,0,0,0,0,0,1,0,0,1,0
1aaf33df7c7a182a7c37c313,0,0,1,0,0,0,0,1,0,1,0,0,1,0,0,0
1ab11953467d4a7a3e776494,0,0,0,1,0,1,0,0,1,0,0,0,0,0,1,0
1ab4ebe7075fc2f1584e4ae0,1,0,0,0,0,0,1,0,0,0,0,1,0,1,0,0
1ab7c064db05c3875c8cf192,0,0,0,1,0,0,1,0,0,1,0,0,1,0,0,0
1ac29f8b201447fd1bb96a2c,0,1,0,0,0,0,0,1,0,0,1,0,1,0,0,0
1ac6b23fa5fd3589778fa868,0,1,0,0,1,0,0,0,0,0,1,0,0,0,0,1
1acbb643a60c82d99b54c984,0,1,0,0,1,0,0,0,0,0,0,1,0,0,1,0
1acc3f31c7ff815ec886f2a0,0,0,1,0,0,0,0,1,0,1,0,0,1,0,0,0
1ae77c91962fc68152af3c49,1,0,0,0,0,0,0,1,0,0,1,0,0,1,0,0
1af2702de5ae5499b0f9b88c,0,0,1,0,0,1,0,0,1,0,0,0,0,0,0,1
1af84bc05d675bbbfffa4355,0,0,1,0,0,1,0,0,0,0,0,1,1,0,0,0
1afe04debe7a5960436f803b,0,0,1,0,0,0,0,1,0,1,0,0,1,0,0,0
1b0219a5f142804e55817bed,0,0,1,0,0,1,0,0,1,0,0,0,0,0,0,1
1b05cac0e328a6ba056c7005,0,1,0,0,0,0,0,1,0,0,1,0,1,0,0,0
1b0821d02a6f467aca4a577e,0,0,0,1,1,0,0,0,0,0,1,0,0,1,0,0
1b10e8768c83bf886b4e2d5b,1,0,0,0,0,0,0,1,0,1,0,0,0,0,1,0
1b18bd437f0c235c7c9de29f,0,1,0,0,0,0,1,0,1,0,0,0,0,0,0,1
1b1a1c7fdd07d273c044c439,1,0,0,0,0,0,1,0,0,1,0,0,0,0,0,1
1b1f353e6f24177368cf8960,0,0,0,1,0,0,1,0,0,1,0,0,1,0,0,0
1b29716a26b027b376390551,0,0,1,0,1,0,0,0,0,0,0,1,0,1,0,0
1b2ceb179b32788f69fe9873,0,0,1,0,0,1,0,0,0,0,0,1,1,0,0,0
1b328a4971a7d8e757a2e00c,0,0,1,0,0,0,0,1,0,1,0,0,1,0,0,0
1b3685ca462f9af80f6fd826,0,0,1,0,0,0,0,1,0,1,0,0,1,0,0,0
1b3cdf3879ba0f1ec2ff5697,0,0,0,1,1,0,0,0,0,1,0,0,0,0,1,0
1b403526d402aa25017a4eac,0,0,0,1,0,0,1,0,1,0,0,0,0,1,0,0
1b46f4797bbaf63771f1cc98,1,0,0,0,0,0,1,0,0,0,0,1,0,1,0,0
1b50b6ace8e5d4f6d0c89bfe,0,0,1,0,0,1,0,0,1,0,0,0,0,0,0,1
1b5a5bbfe515c86abce26ef3,0,0,0,1,0,1,0,0,1,0,0,0,0,0,1,0
1b5e19103fe485804eef869b,0,1,0,0,0,0,0,1,0,0,1,0,1,0,0,0
1b672156621a86a19dbd0d03,1,0,0,0,0,0,0,1,0,1,0,0,0,0,1,0
1b6c4742068192a95df1154b,0,0,1,0,0,0,0,1,1,0,0,0,0,1,0,0
1b720e16c9eeb93c7661fc08,0,0,1,0,0,0,0,1,1,0,0,0,0,1,0,0
1b76d258a899cc0eb54e85e6,0,0,0,1,0,1,0,0,1,0,0,0,0,0,1,0
1b7c581467855b4c445a1ac6,0,0,1,0,1,0,0,0,0,1,0,0,0,0,0,1
1b8073d8ee8a556781790a8a,1,0,0,0,0,1,0,0,0,0,0,1,0,0,1,0
1b8af559c89563aafac07a3f,0,0,0,1,1,0,0,0,0,1,0,0,0,0,1,0
1b92df5da9428fd3714e1d7b,0,0,1,0,0,1,0,0,0,0,0,1,1,0,0,0
1b9f804c97e1caef6acbfe72,0,0,1,0,0,0,0,1,1,0,0,0,0,1,0,0
1ba641d07ef5645f315c12ab,1,0,0,0,0,0,0,1,0,0,1,0,0,1,0,0
1ba887b61be644d692cbfe0e,0,0,1,0,0,0,0,1,1,0,0,0,0,1,0,0
1bab5a6ef4729b809ebc0760,0,1,0,0,0,0,1,0,1,0,0,0,0,0,0,1
1bc17f9af4f8f521763d2573,0,0,1,0,0,1,0,0,1,0,0,0,0,0,0,1
1bc1ba5bfb93b96abf3ef870,0,0,0,1,0,1,0,0,1,0,0,0,0,0,1,0
1bce51cbb1c37b2991f16864,1,0,0,0,0,0,1,0,0,1,0,0,0,0,0,1
1bd38ba5284fad00a641dd6c,1,0,0,0,0,1,0,0,0,0,0,1,0,0,1,0
1bd68b253d78754175135de8,0,0,0,1,0,1,0,0,1,0,0,0,0,0,1,0
1bd8cc0a8090ed5ef7fd9c5f,1,0,0,0,0,0,1,0,0,1,0,0,0,0,0,1
1bd9675abff407b478200ba8,1,0,0,0,0,1,0,0,0,0,0,1,0,0,1,0
1beef23594b610e6eac5e398,1,0,0,0,0,0,0,1,0,0,1,0,0,1,0,0
1bf50731020e81841735d058,1,0,0,0,0,1,0,0,0,0,0,1,0,0,1,0
1c0c3e40bd3d08b0d1b0f1b2,0,1,0,0,0,0,1,0,0,0,0,1,1,0,0,0
1c10205b04ae7652ad10a83f,0,0,1,0,0,1,0,0,0,0,0,1,1,0,0,0
1c1082005a47b173e8581aae,0,1,0,0,0,0,0,1,0,0,1,0,1,0,0,0
1c15afe8d77426bfd99f67eb,0,0,1,0,1,0,0,0,0,1,0,0,0,0,0,1
1c1a84539053ef0aa66855e2,1,0,0,0,0,0,0,1,0,1,0,0,0,0,1,0
1c2085b84d8ed1e1c34d0962,0,0,0,1,1,0,0,0,0,1,0,0,0,0,1,0
1c225d3137987a8251884572,1,0,0,0,0,1,0,0,0,0,0,1,0,0,1,0
1c26a4144b5fbfddae26e8b5,1,0,0,0,0,1,0,0,0,0,0,1,0,0,1,0
1c3d5329d3580ed927130921,0,0,0,1,0,0,1,0,0,1,0,0,1,0,0,0
1c44f3e921027f50305a9f68,0,1,0,0,0,0,0,1,0,0,1,0,1,0,0,0
1c479147106518028b1b1eff,0,0,1,0,0,0,0,1,0,1,0,0,1,0,0,0
1c48c2ae7016fcdba0daa310,0,1,0,0,0,0,0,1,0,0,1,0,1,0,0,0
1c4c0d407b554ef4865187f1,1,0,0,0,0,1,0,0,0,0,1,0,0,0,0,1
1c4c13375d5c62e2dd195f5d,0,0,1,0,0,0,0,1,1,0,0,0,0,1,0,0
1c4e007d97c9cd0455c0e514,0,0,0,1,0,0,1,0,0,1,0,0,1,0,0,0
1c5952163f6e3e033031d065,0,0,0,1,0,0,1,0,0,1,0,0,1,0,0,0
1c5eafa2a10d1e74c893103c,0,1,0,0,0,0,1,0,0,0,0,1,1,0,0,0
1c602353f7581d86f87c2096,0,0,1,0,0,1,0,0,1,0,0,0,0,0,0,1
1c676a936aec2a2b239da754,0,0,1,0,1,0,0,0,0,0,0,1,0,1,0,0
1c6b28a41525f886919db7ac,0,0,0,1,1,0,0,0,0,0,1,0,0,1,0,0
1c7756470afe608d889647b0,0,0,1,0,0,0,0,1,1,0,0,0,0,1,0,0
1c869f71c8d6ca228b1863f8,0,0,1,0,1,0,0,0,0,1,0,0,0,0,0,1
1c876439bf57246582600e20,0,0,1,0,0,1,0,0,1,0,0,0,0,0,0,1
1c8c573562754aaf8776153b,0,0,1,0,0,0,0,1,1,0,0,0,0,1,0,0
1c8eeb0fa2b3e5eeb52e2acc,0,1,0,0,0,0,1,0,1,0,0,0,0,0,0,1
1ca428abea29afd7c26b7c4a,0,1,0,0,1,0,0,0,0,0,1,0,0,0,0,1
1ca8ad63b33541a08c04a11a,0,0,1,0,0,0,0,1,0,1,0,0,1,0,0,0
1cc608c70f0c6dfdedcd9dd9,0,0,0,1,1,0,0,0,0,0,1,0,0,1,0,0
1cc6b2e74685c8f4f11937f3,0,0,1,0,0,0,0,1,1,0,0,0,0,1,0,0
1ccc2613c428dfbecb2077bd,0,0,0,1,0,1,0,0,1,0,0,0,0,0,1,0
1ccf6d37ee175f4512437758,0,0,1,0,1,0,0,0,0,0,0,1,0,1,0,0
1cd65974d5d172ce03e6524f,0,1,0,0,0,0,1,0,0,0,0,1,1,0,0,0
1cd7b10426ef09917b4981c8,0,1,0,0,0,0,1,0,0,0,0,1,1,0,0,0
1cde4433cb1158976f678e72,0,0,0,1,1,0,0,0,0,0,1,0,0,1,0,0
1ce0a2483960109fe2249e03,0,1,0,0,0,0,1,0,0,0,0,1,1,0,0,0
1ce0b63642a555f22caf927c,1,0,0,0,0,0,0,1,0,1,0,0,0,0,1,0
1ce2caf77b29f0b7a234c2d5,1,0,0,0,0,0,1,0,0,0,0,1,0,1,0,0
1ce6baa13afce4ed7b177289,0,0,0,1,0,1,0,0,0,0,1,0,1,0,0,0
1ce8e97bf5af1c96e7cf3cf3,0,0,1,0,1,0,0,0,0,1,0,0,0,0,0,1
1cecacd398b37e9ab02fbdae,1,0,0,0,0,0,0,1,0,0,1,0,0,1,0,0
1cf8593afb401ec60283cd61,0,0,0,1,0,1,0,0,0,0,1,0,1,0,0,0
1cff901fba655cfbce7abdf0,0,0,1,0,0,1,0,0,1,0,0,0,0,0,0,1
1d06b85f17ad78ff4bf567b3,0,1,0,0,0,0,0,1,1,0,0,0,0,0,1,0
1d0b0cfaa4247f992eab552b,0,0,1,0,0,0,0,1,1,0,0,0,0,1,0,0
1d0cf631659105e91d34dd2d,1,0,0,0,0,0,0,1,0,0,1,0,0,1,0,0
1d12c9750c2bde423ae47f89,1,0,0,0,0,1,0,0,0,0,0,1,0,0,1,0
1d1d09a4c66501f9bf81ccce,0,1,0,0,1,0,0,0,0,0,1,0,0,0,0,1
1d208699365beda91e618bf6,1,0,0,0,0,0,1,0,0,1,0,0,0,0,0,1
1d21dfb8de5482ce2b939fc0,0,1,0,0,0,0,1,0,1,0,0,0,0,0,0,1
1d2b9793343813c4f319500d,0,0,0,1,0,0,1,0,1,0,0,0,0,1,0,0
1d3904fbf4957faed5b3aa74,1,0,0,0,0,0,0,1,0,1,0,0,0,0,1,0
1d3fdd3a094ea009c70d9f61,0,0,0,1,0,1,0,0,1,0,0,0,0,0,1,0
1d447c62879653748a559b83,0,1,0,0,0,0,1,0,0,0,0,1,1,0,0,0
1d4cb8e6f73840d308d0e7dc,1,0,0,0,0,0,0,1,0,0,1,0,0,1,0,0
1d4cd1f38a7840afe204d87c,0,0,0,1,0,1,0,0,1,0,0,0,0,0,1,0
1d4e2ba71a453cd266da5c6b,0,1,0,0,0,0,0,1,0,0,1,0,1,0,0,0
1d52a609afba4663f8c9b292,0,0,0,1,1,0,0,0,0,0,1,0,0,1,0,0
1d60cad723a66d4544cee844,0,0,1,0,1,0,0,0,0,1,0,0,0,0,0,1
1d6389a7fc0359398b09026d,0,0,1,0,0,0,0,1,0,1,0,0,1,0,0,0
1d6ace6f9e5dbe16e26200f3,0,1,0,0,0,0,0,1,0,0,1,0,1,0,0,0
1d7a1097a4e72329ec99daa8,0,0,0,1,1,0,0,0,0,0,1,0,0,1,0,0
1d7bdab2b1c0b51b0cb8af21,0,1,0,0,0,0,0,1,1,0,0,0,0,0,1,0
1d7c1d408384759f4075f448,0,0,1,0,1,0,0,0,0,0,0,1,0,1,0,0
1d7da3caba5219af3afd1584,0,0,1,0,1,0,0,0,0,1,0,0,0,0,0,1
1d9ca7f4eeea60bbbc0638e0,0,1,0,0,0,0,0,1,1,0,0,0,0,0,1,0
1d9e0153f0e7b25eae37671c,0,1,0,0,0,0,0,1,1,0,0,0,0,0,1,0
1da2db1563a4bdd74b35f32d,1,0,0,0,0,1,0,0,0,0,0,1,0,0,1,0
1da942074b9c1fff11a6d8fd,0,0,1,0,0,0,0,1,1,0,0,0,0,1,0,0
1daeb490c968a35154dfb071,0,0,1,0,1,0,0,0,0,1,0,0,0,0,0,1
1db352c82331a1068e73bc81,1,0,0,0,0,0,1,0,0,0,0,1,0,1,0,0
1db6dcac5e5ce186fe48ebc9,0,0,0,1,0,1,0,0,1,0,0,0,0,0,1,0
1dc0c8abad68ad902ed0521a,0,1,0,0,1,0,0,0,0,0,1,0,0,0,0,1
1dd0783a95626ea6b429cdea,0,1,0,0,0,0,0,1,0,0,1,0,1,0,0,0
1ddb398e1bd9c682a8aefb82,0,1,0,0,0,0,1,0,0,0,0,1,1,0,0,0
1ddb52c7053c26fde95d05dc,0,1,0,0,1,0,0,0,0,0,1,0,0,0,0,1
1ddc2b3db6bf1f01d8790998,0,0,1,0,0,0,0,1,1,0,0,0,0,1,0,0
1dfdd5984e2b29ab8acfa943,1,0,0,0,0,0,0,1,0,0,1,0,0,1,0,0
1e073e0e148d2e4de1fe74b1,0,1,0,0,0,0,0,1,1,0,0,0,0,0,1,0
1e09a3842781a93f9de9111f,0,0,0,1,0,1,0,0,1,0,0,0,0,0,1,0
1e0d7b823fc20387b1c123da,0,0,1,0,0,0,0,1,0,1,0,0,1,0,0,0
1e2401c2fb8ab88f6d2063ad,0,1,0,0,0,0,1,0,1,0,0,0,0,0,0,1
1e2d37e8820b934ade3ca9d1,1,0,0,0,0,0,0,1,0,0,1,0,0,1,0,0
1e30597b6995df5f5a3efb26,0,0,1,0,0,1,0,0,0,0,0,1,1,0,0,0
1e412c4a9ebba07ea6e5b259,0,1,0,0,0,0,0,1,1,0,0,0,0,0,1,0
1e42b61cbd2ec0c4cad61e68,0,0,0,1,1,0,0,0,0,1,0,0,0,0,1,0
1e4791d56771177228dc079f,0,1,0,0,1,0,0,0,0,0,0,1,0,0,1,0
1e49d0978e6257c07f734a4b,0,0,1,0,0,1,0,0,0,0,0,1,1,0,0,0
1e559aea796f74dc3c7c5036,0,0,1,0,1,0,0,0,0,0,0,1,0,1,0,0
1e571768f40f5891b2687d65,0,0,1,0,1,0,0,0,0,1,0,0,0,0,0,1
1e5d8c4b2bd9fdc0e96089f5,1,0,0,0,0,1,0,0,0,0,1,0,0,0,0,1
1e6253f05404bc8c07914a7c,0,0,0,1,0,0,1,0,1,0,0,0,0,1,0,0
1e646ae5caa0f5989437ea32,0,1,0,0,0,0,1,0,0,0,0,1,1,0,0,0
1e64e698d612976dcbaf23f0,0,1,0,0,0,0,1,0,1,0,0,0,0,0,0,1
1e689100a045e0f3e798686d,0,0,1,0,1,0,0,0,0,0,0,1,0,1,0,0
1e7c85e9aa3539199d6b29ce,0,0,1,0,0,0,0,1,0,1,0,0,1,0,0,0
1e82b501ad8b05ee77028cd1,0,0,1,0,1,0,0,0,0,0,0,1,0,1,0,0
1e82b5648664fe73a32eebfc,0,1,0,0,1,0,0,0,0,0,1,0,0,0,0,1
1e8948425206d9bcbb9fb7e5,0,0,0,1,1,0,0,0,0,0,1,0,0,1,0,0
1e8db6a313597693ac53c3c8,1,0,0,0,0,1,0,0,0,0,0,1,0,0,1,0
1e9d2597a61ce79d9287c797,0,1,0,0,1,0,0,0,0,0,0,1,0,0,1,0
1eb7f6041ea1a15261490685,0,0,0,1,1,0,0,0,0,1,0,0,0,0,1,0
1ebb339da5004ad974467b29,0,0,0,1,0,1,0,0,1,0,0,0,0,0,1,0
1ebba5fbda7fe9fef3483924,0,0,1,0,0,1,0,0,1,0,0,0,0,0,0,1
1ecb9a6969fc2036f0f37ee1,0,1,0,0,0,0,1,0,1,0,0,0,0,0,0,1
1ed1e4085b042f87d53dd973,0,0,1,0,0,1,0,0,0,0,0,1,1,0,0,0
1ed66f8b9f2743b6b6154cd6,1,0,0,0,0,0,1,0,0,0,0,1,0,1,0,0
1ed7cee177136d402e37dba6,0,0,0,1,0,1,0,0,1,0,0,0,0,0,1,0
1eddedf92f6a207bf703aa6f,1,0,0,0,0,0,0,1,0,0,1,0,0,1,0,0
1ee147e733acefcf25d014a8,0,0,0,1,0,1,0,0,0,0,1,0,1,0,0,0
1ee69924c73e987786173b00,0,0,1,0,0,0,0,1,1,0,0,0,0,1,0,0
1ef41466fb49e17b27d4d27f,0,0,1,0,1,0,0,0,0,0,0,1,0,1,0,0
1ef4608b045b3c014e875721,1,0,0,0,0,0,0,1,0,0,1,0,0,1,0,0
1ef4dbd3d437f7894a3f1774,0,1,0,0,0,0,1,0,0,0,0,1,1,0,0,0
1ef6886dd9c3d5273469c889,0,0,0,1,0,0,1,0,0,1,0,0,1,0,0,0
1ef8aa170dbbb0f27ccc4304,0,0,1,0,0,1,0,0,0,0,0,1,1,0,0,0
1ef8ba883e91b546337cee83,0,0,1,0,1,0,0,0,0,0,0,1,0,1,0,0
1f0678ca3230ecc21dc1b396,1,0,0,0,0,0,1,0,0,0,0,1,0,1,0,0
1f0b0acdbfe0504082e6f193,0,1,0,0,0,0,0,1,1,0,0,0,0,0,1,0
1f0e0a9f14a6ad69dcfb6bbb,0,0,0,1,1,0,0,0,0,0,1,0,0,1,0,0
1f140432aea627fe31523a7c,1,0,0,0,0,0,0,1,0,1,0,0,0,0,1,0
1f2fd5de158f0500be25cb4b,0,0,0,1,0,1,0,0,1,0,0,0,0,0,1,0
1f306371675f6eb699f28f76,1,0,0,0,0,1,0,0,0,0,0,1,0,0,1,0
1f3d1a71f7de01adb30333da,1,0,0,0,0,0,0,1,0,0,1,0,0,1,0,0
1f3ff6cfae66c210f72ec308,0,1,0,0,0,0,0,1,0,0,1,0,1,0,0,0
1f40623de60f645a4ee726de,1,0,0,0,0,1,0,0,0,0,1,0,0,0,0,1
1f41d511cceb36934deb9e4e,1,0,0,0,0,1,0,0,0,0,1,0,0,0,0,1
1f590d9392991c90652ee0ab,0,0,0,1,0,1,0,0,1,0,0,0,0,0,1,0
1f65fc7956a9f52f7ee07ba7,0,0,1,0,0,0,0,1,0,1,0,0,1,0,0,0
1f67bbc7d17e9cc2053b6f04,0,0,0,1,1,0,0,0,0,1,0,0,0,0,1,0
1f6c29907a4aeb26ec7cbf38,0,1,0,0,1,0,0,0,0,0,1,0,0,0,0,1
1f6ce5d392bedabea7485764,0,0,1,0,0,0,0,1,0,1,0,0,1,0,0,0
1f7113efd894ddc80789caa4,0,0,1,0,1,0,0,0,0,1,0,0,0,0,0,1
1f8570e55cbe9b80fe1949a8,0,0,1,0,0,0,0,1,1,0,0,0,0,1,0,0
1f86896092cdb9cd9d631f8e,0,0,0,1,1,0,0,0,0,1,0,0,0,0,1,0
1f88b06ffe2f9e3b07c1cb7c,1,0,0,0,0,1,0,0,0,0,0,1,0,0,1,0
1f8b6edcbaa29edec28a46aa,0,0,0,1,0,1,0,0,0,0,1,0,1,0,0,0
1f8fd48dc0a46c35e9666d8f,0,0,1,0,0,0,0,1,0,1,0,0,1,0,0,0
1f906fd7f2b5c79fbf773ed9,0,0,0,1,0,1,0,0,0,0,1,0,1,0,0,0
1f9e266ffa84034296e7fca5,0,0,1,0,1,0,0,0,0,0,0,1,0,1,0,0
1f9ef90d035772309d833169,0,0,1,0,0,1,0,0,1,0,0,0,0,0,0,1
1fae061b72fc208dadd736e3,1,0,0,0,0,1,0,0,0,0,1,0,0,0,0,1
1fb00ec32e66a1ad4b0b0e02,0,0,1,0,0,0,0,1,0,1,0,0,1,0,0,0
1fc0bd663bf8bbeed1eb027c,0,0,1,0,0,1,0,0,0,0,0,1,1,0,0,0
1fc306374c6712ca48516108,0,1,0,0,0,0,0,1,1,0,0,0,0,0,1,0
1fc610b564e7cad56ad870cb,0,0,1,0,0,1,0,0,0,0,0,1,1,0,0,0
1fc6fcf87891ce0df4a8a729,0,1,0,0,0,0,1,0,0,0,0,1,1,0,0,0
1fd52973055b6848775ced84,0,0,1,0,0,0,0,1,1,0,0,0,0,1,0,0
1fd88cbe7e0e8a6174f50be2,0,0,1,0,1,0,0,0,0,1,0,0,0,0,0,1
1fdd41e7c63f7a3baa7ff6f5,0,1,0,0,0,0,0,1,0,0,1,0,1,0,0,0
1fdf16f9959046e108827557,0,0,0,1,1,0,0,0,0,1,0,0,0,0,1,0
1fea9d7a5cda022932e3a72f,0,1,0,0,0,0,0,1,0,0,1,0,1,0,0,0
1fecdcda1cfcded9ba4ae845,0,0,0,1,0,1,0,0,1,0,0,0,0,0,1,0
1feeb27c2c6cf113748a3636,0,0,1,0,1,0,0,0,0,1,0,0,0,0,0,1
1ff78ca6b6f3fb4f9b305a3a,1,0,0,0,0,1,0,0,0,0,0,1,0,0,1,0
1ffa03e98e528ba79bba1d8c,0,1,0,0,0,0,1,0,1,0,0,0,0,0,0,1
1ffd78d4f0ca8d8855e38f76,0,1,0,0,0,0,1,0,0,0,0,1,1,0,0,0
200d2caff968fb49ee05d488,0,0,1,0,1,0,0,0,0,0,0,1,0,1,0,0
200dec64d0050990eb74bf40,0,0,0,1,1,0,0,0,0,1,0,0,0,0,1,0
201132d2919f70d0c9b118eb,1,0,0,0,0,0,1,0,0,1,0,0,0,0,0,1
2011c5c1adb82c6eb322c600,0,0,0,1,1,0,0,0,0,1,0,0,0,0,1,0
2015b30eb3ec35da527f946f,0,0,1,0,1,0,0,0,0,0,0,1,0,1,0,0
201722359137c518874756ad,0,0,1,0,1,0,0,0,0,0,0,1,0,1,0,0
201f0787b91ea412a2186813,1,0,0,0,0,0,0,1,0,1,0,0,0,0,1,0
202bf3d09877478e046cc84f,1,0,0,0,0,1,0,0,0,0,1,0,0,0,0,1
2035c421ee22fc744a057b14,0,0,0,1,0,0,1,0,0,1,0,0,1,0,0,0
203615fa8232379cb6578c2f,0,0,1,0,1,0,0,0,0,1,0,0,0,0,0,1
203969163957fdc5b27c9fad,1,0,0,0,0,1,0,0,0,0,0,1,0,0,1,0
2042775d935d6f4b7bdb2619,0,1,0,0,1,0,0,0,0,0,1,0,0,0,0,1
20436c8461929e4211134aae,0,1,0,0,0,0,1,0,1,0,0,0,0,0,0,1
204761d3572d1614fef01158,0,0,1,0,1,0,0,0,0,0,0,1,0,1,0,0
204bf52f8180206add7e0584,1,0,0,0,0,1,0,0,0,0,1,0,0,0,0,1
20507ca9cae8316982047374,0,0,1,0,1,0,0,0,0,1,0,0,0,0,0,1
2051c9ed89d3bbdd25cb0f1c,0,1,0,0,0,0,1,0,0,0,0,1,1,0,0,0
2064c90fcf2b422a2d2ec289,0,0,0,1,1,0,0,0,0,1,0,0,0,0,1,0
2071b996e2472685bc54faa2,0,0,0,1,1,0,0,0,0,1,0,0,0,0,1,0
2072138c0d424da576375754,0,0,0,1,0,1,0,0,0,0,1,0,1,0,0,0
20730d79763d730c1a8a75e3,1,0,0,0,0,0,1,0,0,1,0,0,0,0,0,1
207f00395c380d66c452d798,0,0,1,0,0,1,0,0,1,0,0,0,0,0,0,1
2085ae213fce01ab30be6685,0,0,0,1,0,0,1,0,0,1,0,0,1,0,0,0
2085e126fc9c361408c3cf05,1,0,0,0,0,1,0,0,0,0,1,0,0,0,0,1
20974bc1dcb08b3bb0b30ce5,1,0,0,0,0,0,1,0,0,1,0,0,0,0,0,1
209cc44583cec4916f09b8a0,1,0,0,0,0,0,0,1,0,1,0,0,0,0,1,0
209db0b21e539dcaf92d8001,1,0,0,0,0,0,1,0,0,1,0,0,0,0,0,1
20a03999c192febc31d1f9f7,0,0,0,1,0,1,0,0,0,0,1,0,1,0,0,0
20a2ab32ea32f9d39c7f250d,1,0,0,0,0,0,1,0,0,1,0,0,0,0,0,1
20b329c43557e106faf6cf2f,0,1,0,0,0,0,0,1,0,0,1,0,1,0,0,0
20d1eed39ebae36c6c82a119,1,0,0,0,0,1,0,0,0,0,1,0,0,0,0,1
20e03a196464ac21ca286573,0,0,1,0,0,1,0,0,1,0,0,0,0,0,0,1
20ea29e9224122fd9c2fa1c9,1,0,0,0,0,1,0,0,0,0,1,0,0,0,0,1
20f19172eae6e1363b681d41,1,0,0,0,0,1,0,0,0,0,0,1,0,0,1,0
20f329adc623d05e7528f91b,0,0,0,1,0,0,1,0,1,0,0,0,0,1,0,0
20f44643af7b2d649a0e9ea7,1,0,0,0,0,0,0,1,0,0,1,0,0,1,0,0
20f676cd291de50c379ab553,0,0,1,0,1,0,0,0,0,0,0,1,0,1,0,0
20f7bd2301ffbf44cc2245f1,0,1,0,0,0,0,0,1,0,0,1,0,1,0,0,0
20fdc8c11ca3ade92028d556,1,0,0,0,0,1,0,0,0,0,1,0,0,0,0,1
20ffe57268bcfe99fe099c95,1,0,0,0,0,1,0,0,0,0,1,0,0,0,0,1
2100616646f510eafad8a367,0,0,1,0,0,1,0,0,0,0,0,1,1,0,0,0
2107062ea4bb9d9db6eafc3d,0,0,1,0,1,0,0,0,0,1,0,0,0,0,0,1
211061065a1e8a1e4d12cfe1,1,0,0,0,0,1,0,0,0,0,0,1,0,0,1,0
21115f5c2fa785f9aba95aa5,0,0,1,0,0,1,0,0,1,0,0,0,0,0,0,1
2112d3a85e7e10aeedb2cdf4,1,0,0,0,0,1,0,0,0,0,1,0,0,0,0,1
21164658e3733c518e17f341,1,0,0,0,0,0,0,1,0,0,1,0,0,1,0,0
2119a51666e2c04c5e73d6a2,0,0,0,1,0,1,0,0,1,0,0,0,0,0,1,0
212d3d8a3c351320b948ee7d,0,0,1,0,0,0,0,1,0,1,0,0,1,0,0,0
2133409583ef68fcc93fd087,0,0,1,0,0,0,0,1,1,0,0,0,0,1,0,0
2135b982d08fd6b458f88ed2,0,0,0,1,1,0,0,0,0,0,1,0,0,1,0,0
2136e8d95fde64542356144f,0,0,0,1,0,0,1,0,1,0,0,0,0,1,0,0
21377874105fa870333324d9,1,0,0,0,0,0,0,1,0,1,0,0,0,0,1,0
2139ee2d6e9afd980e6b39bc,0,0,1,0,0,1,0,0,0,0,0,1,1,0,0,0
213aff0dbd7c5601a53f86ca,0,0,0,1,1,0,0,0,0,1,0,0,0,0,1,0
213c7ed8e09d3f96e781636c,0,0,1,0,0,0,0,1,1,0,0,0,0,1,0,0
2146ade92cc5204a4c939628,0,0,0,1,0,1,0,0,1,0,0,0,0,0,1,0
214beb2c3e8162e778e4cf5d,1,0,0,0,0,0,0,1,0,0,1,0,0,1,0,0
21556f4cdcc5861a9f86a709,1,0,0,0,0,0,1,0,0,0,0,1,0,1,0,0
215bc22233bc1de07d507892,0,1,0,0,0,0,0,1,0,0,1,0,1,0,0,0
2160c239c7f4a7029620c7d4,0,0,0,1,0,0,1,0,0,1,0,0,1,0,0,0
2163f19fdc7e284574b22b83,1,0,0,0,0,0,0,1,0,1,0,0,0,0,1,0
2166312d00e30fa0b4e3fe7d,0,0,1,0,1,0,0,0,0,0,0,1,0,1,0,0
216e7e0666caf080c3425968,0,1,0,0,0,0,1,0,1,0,0,0,0,0,0,1
21701f9e761206cb12974230,0,1,0,0,0,0,0,1,0,0,1,0,1,0,0,0
217bef5cabf931493098ee57,0,1,0,0,1,0,0,0,0,0,1,0,0,0,0,1
217dd9b57a17ada42cbdbb0b,0,0,0,1,0,0,1,0,1,0,0,0,0,1,0,0
217f2f0777d7063a93eb3ff2,1,0,0,0,0,1,0,0,0,0,0,1,0,0,1,0
21815cd2fae412d6f73b754b,1,0,0,0,0,0,0,1,0,1,0,0,0,0,1,0
218c142764a2d184bcb97940,0,0,1,0,0,1,0,0,0,0,0,1,1,0,0,0
218d1f65891af36aa81e1d5f,0,1,0,0,0,0,1,0,0,0,0,1,1,0,0,0
2195644fcd674ab6b3630549,0,0,1,0,0,1,0,0,0,0,0,1,1,0,0,0
219d7ec93b3d51c97456bea1,0,0,1,0,0,1,0,0,0,0,0,1,1,0,0,0
21a17906e3120ed623cb3062,0,0,0,1,1,0,0,0,0,1,0,0,0,0,1,0
21a6d1a59f7546b9cad13cd1,0,1,0,0,0,0,1,0,1,0,0,0,0,0,0,1
21ac78641bf912761a5e561d,0,1,0,0,0,0,1,0,1,0,0,0,0,0,0,1
21acfc3b876845a6dad5ce08,1,0,0,0,0,0,1,0,0,1,0,0,0,0,0,1
21be86ec4b4a8f79bbbfc662,0,0,1,0,0,1,0,0,1,0,0,0,0,0,0,1
21bfbf8d6ccfd44f5c400a92,0,1,0,0,1,0,0,0,0,0,1,0,0,0,0,1
21ce9f84495e379d51733914,0,1,0,0,1,0,0,0,0,0,0,1,0,0,1,0
21d03754a0d32e4c7cb2a2f7,0,0,0,1,0,1,0,0,0,0,1,0,1,0,0,0
21d16a8bd9683bbc85e3db7b,0,1,0,0,0,0,0,1,1,0,0,0,0,0,1,0
21e4e8b1992b695834eeecad,0,1,0,0,1,0,0,0,0,0,0,1,0,0,1,0
21e5150cb559d947fef88b2c,0,0,1,0,0,1,0,0,1,0,0,0,0,0,0,1
21ee50ceea636de768fa42d4,0,0,0,1,0,1,0,0,0,0,1,0,1,0,0,0
21f0d901848bac54da677b18,1,0,0,0,0,0,1,0,0,0,0,1,0,1,0,0
21f81944ec44494a28f7726d,0,0,0,1,1,0,0,0,0,0,1,0,0,1,0,0
21f88970c665a1e4203a5ec7,0,0,1,0,0,1,0,0,1,0,0,0,0,0,0,1
21f8c7831217a453f1ce59dd,0,1,0,0,0,0,0,1,0,0,1,0,1,0,0,0
21fa03ee72d1789412b53255,0,0,0,1,1,0,0,0,0,0,1,0,0,1,0,0
21fe74d68ebdeeeb3973fa09,0,0,0,1,1,0,0,0,0,0,1,0,0,1,0,0
21ff5eaa2b85d9bd4e86f04c,0,0,1,0,0,1,0,0,1,0,0,0,0,0,0,1
21ffbfdc521335e2e5768bdc,0,0,0,1,0,0,1,0,0,1,0,0,1,0,0,0
220efb09f476bdd610868a20,0,0,0,1,0,0,1,0,0,1,0,0,1,0,0,0
220f032d302a164df824b4d9,0,1,0,0,1,0,0,0,0,0,0,1,0,0,1,0
22153372bcebd7b4815e3dcd,0,0,0,1,0,1,0,0,0,0,1,0,1,0,0,0
2222117ce288035c0aa23ce9,0,0,0,1,0,1,0,0,1,0,0,0,0,0,1,0
2224a179d98c176705d3745a,0,0,0,1,0,1,0,0,0,0,1,0,1,0,0,0
22274d18f0d8d71abc2de963,0,1,0,0,0,0,0,1,1,0,0,0,0,0,1,0
222954f8d9d83cfb36dfc718,0,1,0,0,0,0,0,1,0,0,1,0,1,0,0,0
22342fc88a13ae58ac0cd80a,0,0,1,0,0,1,0,0,1,0,0,0,0,0,0,1
2239c3f2fc8ee6d7fe15faa5,1,0,0,0,0,0,0,1,0,0,1,0,0,1,0,0
223b7d8dad7246fb9ee5bdf6,0,0,0,1,0,0,1,0,0,1,0,0,1,0,0,0
224d09b7ccea91c11196a111,0,0,0,1,0,1,0,0,1,0,0,0,0,0,1,0
22565980ea81a5cc129c3f89,1,0,0,0,0,0,0,1,0,0,1,0,0,1,0,0
225c6c6ad4896382e4ececa8,1,0,0,0,0,0,1,0,0,1,0,0,0,0,0,1
225ca5d92050f2bebd4cb1c6,1,0,0,0,0,0,0,1,0,0,1,0,0,1,0,0
22617bd47d80a96265d25fef,0,0,0,1,1,0,0,0,0,0,1,0,0,1,0,0
22635dc33fd38a3dc227fd0b,0,0,0,1,0,1,0,0,0,0,1,0,1,0,0,0
2266b7b630a0d4018535b3df,0,0,1,0,0,0,0,1,0,1,0,0,1,0,0,0
227022d7ca4ff72fafa3ff7a,1,0,0,0,0,0,0,1,0,1,0,0,0,0,1,0
2272061e8dbf7e9845221c4f,0,0,1,0,0,1,0,0,1,0,0,0,0,0,0,1
2274082547a5e229d5c43a68,0,0,0,1,0,1,0,0,0,0,1,0,1,0,0,0
2275ae5c54526d295fbc6622,0,1,0,0,1,0,0,0,0,0,0,1,0,0,1,0
2276ac97b5ac45bbe72619df,1,0,0,0,0,0,0,1,0,0,1,0,0,1,0,0
2277946c393cacf0b4207956,0,1,0,0,0,0,0,1,0,0,1,0,1,0,0,0
2278d51b416d3057781daa2c,0,0,0,1,0,1,0,0,1,0,0,0,0,0,1,0
2279bee3eb054b1f61b3ddda,0,0,0,1,0,0,1,0,1,0,0,0,0,1,0,0
2284b4247ff6c0308a228117,0,1,0,0,1,0,0,0,0,0,1,0,0,0,0,1
228868216d97e92f5bf48f9b,1,0,0,0,0,0,1,0,0,1,0,0,0,0,0,1
228f4e6b7c7606772787d32d,0,1,0,0,0,0,0,1,1,0,0,0,0,0,1,0
228f8300572b583b8c1e138b,1,0,0,0,0,0,0,1,0,0,1,0,0,1,0,0
2291f3d820e1765f0ca28ac9,0,1,0,0,0,0,0,1,0,0,1,0,1,0,0,0
229572c2c94d94ed06563319,1,0,0,0,0,0,1,0,0,0,0,1,0,1,0,0
229a6e62487f8f0027aa1694,0,1,0,0,0,0,0,1,0,0,1,0,1,0,0,0
22a2f8497aaf91d0847c4f3c,0,0,0,1,0,0,1,0,1,0,0,0,0,1,0,0
22adb6f0b197a0c91cb65f7d,0,0,1,0,0,1,0,0,1,0,0,0,0,0,0,1
22b7718bc66ec10c970c465a,0,0,0,1,0,1,0,0,1,0,0,0,0,0,1,0
22cac24a7412343c654144a1,0,0,0,1,0,0,1,0,0,1,0,0,1,0,0,0
22cc5274058706131a1cd200,0,1,0,0,0,0,0,1,0,0,1,0,1,0,0,0
22d2e08d3017a0b6f5f211b8,0,0,1,0,1,0,0,0,0,1,0,0,0,0,0,1
22d514ec78c9e6ec784f7855,1,0,0,0,0,1,0,0,0,0,1,0,0,0,0,1
22e0d04eddf0f805cf464322,0,0,0,1,1,0,0,0,0,1,0,0,0,0,1,0
22ea3707706e5fc7c0fafa4e,0,0,1,0,0,1,0,0,1,0,0,0,0,0,0,1
22fd1068eaf3ed9744db7e2f,0,0,1,0,0,0,0,1,1,0,0,0,0,1,0,0
2316fb10dcc3186386af6847,0,1,0,0,0,0,1,0,0,0,0,1,1,0,0,0
231d4e5a9e7dd0b3ce912873,0,0,0,1,1,0,0,0,0,0,1,0,0,1,0,0
2321ee0686a53898cf98ed2c,0,1,0,0,0,0,1,0,1,0,0,0,0,0,0,1
2322c08a377218fb0fc18a3c,1,0,0,0,0,0,1,0,0,1,0,0,0,0,0,1
2324c9eb2a2347bfbcd9c59b,0,1,0,0,0,0,0,1,1,0,0,0,0,0,1,0
2329bdf9b2d1c2e5c93cf60e,0,1,0,0,0,0,1,0,1,0,0,0,0,0,0,1
232ccbfe96b8d65d970ac0c9,1,0,0,0,0,0,0,1,0,1,0,0,0,0,1,0
232d7c4b8991196b87bfa4df,0,1,0,0,0,0,0,1,1,0,0,0,0,0,1,0
232eda65cd24ad0fa8bf8895,0,0,1,0,0,0,0,1,1,0,0,0,0,1,0,0
234391fe96e096836d8b038d,0,0,1,0,0,0,0,1,1,0,0,0,0,1,0,0
2344dbf14f32e1f1d6a9a9fa,0,0,1,0,0,1,0,0,1,0,0,0,0,0,0,1
2355b7e2c5e103cec9ad4468,1,0,0,0,0,1,0,0,0,0,0,1,0,0,1,0
235a80e14179064a641f04e0,0,1,0,0,1,0,0,0,0,0,1,0,0,0,0,1
235d2ebb1a5f01c9618d5b44,1,0,0,0,0,1,0,0,0,0,0,1,0,0,1,0
236c57d2e766c1e2e083b838,0,0,0,1,1,0,0,0,0,0,1,0,0,1,0,0
237c8c454a65bb8de26bf620,1,0,0,0,0,1,0,0,0,0,1,0,0,0,0,1
237da5116cad631ca084a47e,0,0,1,0,0,0,0,1,0,1,0,0,1,0,0,0
237e7687458733148f3ba2fe,0,0,0,1,1,0,0,0,0,1,0,0,0,0,1,0
2384ef24733727b3d4031d42,0,0,0,1,0,0,1,0,0,1,0,0,1,0,0,0
23855029afa87551dcc2dfe3,1,0,0,0,0,0,1,0,0,1,0,0,0,0,0,1
23a7538a9ee635f3c8cb744c,0,0,0,1,0,1,0,0,0,0,1,0,1,0,0,0
23ac19c6a6f457dd0902cb6f,0,0,1,0,0,0,0,1,0,1,0,0,1,0,0,0
23b28947ffe98c54cd7064bb,0,0,0,1,0,0,1,0,1,0,0,0,0,1,0,0
23b4adc769190538bbda5904,0,0,1,0,0,0,0,1,0,1,0,0,1,0,0,0
23c8a101f8f8f23cb52c5a41,0,1,0,0,1,0,0,0,0,0,1,0,0,0,0,1
23c9efbebd7878b540e55281,0,1,0,0,0,0,1,0,0,0,0,1,1,0,0,0
23d1da9ae63a7742794cdf66,0,0,1,0,0,0,0,1,0,1,0,0,1,0,0,0
23d3997fb73341e9b5c1144f,1,0,0,0,0,0,1,0,0,0,0,1,0,1,0,0
23e42b2a1cd72cb9e3dbb25d,0,0,1,0,0,0,0,1,1,0,0,0,0,1,0,0
23e9e464ae0163bb1471da1d,0,1,0,0,1,0,0,0,0,0,1,0,0,0,0,1
23ea9816e9ba87ada00cc077,0,0,1,0,1,0,0,0,0,1,0,0,0,0,0,1
23f3fb50f0073ec9b1430304,0,1,0,0,1,0,0,0,0,0,0,1,0,0,1,0
23f442e8031f64e489950ce7,1,0,0,0,0,0,1,0,0,1,0,0,0,0,0,1
2400ef80d8b94214c612016b,0,0,1,0,0,1,0,0,0,0,0,1,1,0,0,0
2409065628d1981b75ac731f,0,0,0,1,1,0,0,0,0,0,1,0,0,1,0,0
240b5a490412c4251a858041,0,0,0,1,1,0,0,0,0,1,0,0,0,0,1,0
240f62f83c1b43d9bf8d80bb,0,1,0,0,0,0,0,1,0,0,1,0,1,0,0,0
24193c389a7fbb0edff22b11,0,1,0,0,0,0,1,0,1,0,0,0,0,0,0,1
24264ea79a9572e1d7ecca4a,0,0,1,0,0,1,0,0,0,0,0,1,1,0,0,0
242bcf7cdfa0d6d488f59a16,0,0,1,0,0,1,0,0,1,0,0,0,0,0,0,1
2431e3ba2d1eb613bc5d6960,1,0,0,0,0,0,1,0,0,1,0,0,0,0,0,1
2436e1bd1d9eb9bf9d8ff92a,0,1,0,0,0,0,0,1,1,0,0,0,0,0,1,0
24402e61603c3de4aba8e09b,0,0,1,0,0,0,0,1,0,1,0,0,1,0,0,0
2443959abf4cd394e1359ebe,1,0,0,0,0,0,0,1,0,0,1,0,0,1,0,0
245c493110c3ac334ac08898,0,0,1,0,0,0,0,1,0,1,0,0,1,0,0,0
245c82bac7a97be72c38e52d,0,0,1,0,1,0,0,0,0,0,0,1,0,1,0,0
246013779f6109b5f58d39b7,0,1,0,0,0,0,0,1,0,0,1,0,1,0,0,0
246740ffdb9bcd0cc4ae4c41,0,1,0,0,0,0,0,1,0,0,1,0,1,0,0,0
24710db54d568f649a61dfdd,0,1,0,0,0,0,1,0,1,0,0,0,0,0,0,1
2473b7fa98c3044a8f765daa,0,0,1,0,1,0,0,0,0,0,0,1,0,1,0,0
2476dc182a0b341dcc25192e,0,0,0,1,0,1,0,0,0,0,1,0,1,0,0,0
24858062b84f245a4bc982cd,0,0,0,1,1,0,0,0,0,0,1,0,0,1,0,0
2485e2d1825676fba82ed91f,0,0,0,1,1,0,0,0,0,1,0,0,0,0,1,0
24a0ca508b93d102574e31ad,1,0,0,0,0,0,1,0,0,1,0,0,0,0,0,1
24a53044522ccfe0c13b2906,1,0,0,0,0,1,0,0,0,0,1,0,0,0,0,1
24a9e72867c1961570bc7101,1,0,0,0,0,1,0,0,0,0,1,0,0,0,0,1
24abc23c0960d43fed666f35,0,0,0,1,0,0,1,0,0,1,0,0,1,0,0,0
24ac2b513cfd59c9560fe41a,0,0,1,0,1,0,0,0,0,1,0,0,0,0,0,1
24ad37f02a8d441074a54531,0,0,0,1,1,0,0,0,0,0,1,0,0,1,0,0
24b15a07c2171363e2f6df16,0,0,0,1,0,1,0,0,1,0,0,0,0,0,1,0
24b1632bd38e82410693b7c1,0,1,0,0,1,0,0,0,0,0,1,0,0,0,0,1
24c5fe25942873e8ed22b358,0,1,0,0,0,0,1,0,0,0,0,1,1,0,0,0
24cd4a70a54106d5aabe103f,0,1,0,0,1,0,0,0,0,0,1,0,0,0,0,1
24d57ea745aaacec6b7f90ef,0,0,1,0,0,1,0,0,1,0,0,0,0,0,0,1
24e0067c1f8077d32dc21950,0,1,0,0,0,0,1,0,0,0,0,1,1,0,0,0
24f62dc5e822cd39814f5895,0,0,0,1,0,0,1,0,1,0,0,0,0,1,0,0
250c4ea8f1b8157f62afaa92,0,0,1,0,0,1,0,0,1,0,0,0,0,0,0,1
2520abbf5e1e26f2ef4d10b2,0,0,0,1,0,0,1,0,0,1,0,0,1,0,0,0
2523c9b110b71dc1949267fd,1,0,0,0,0,1,0,0,0,0,1,0,0,0,0,1
25296ffd976d7624ba075b54,0,0,1,0,0,0,0,1,1,0,0,0,0,1,0,0
252a980ab9de67509165f80c,1,0,0,0,0,0,1,0,0,1,0,0,0,0,0,1
252ad9f19c9e83c583f63b4c,0,0,0,1,0,1,0,0,1,0,0,0,0,0,1,0
252def718a68a3601595fccc,0,1,0,0,0,0,1,0,0,0,0,1,1,0,0,0
25373e8a40b3081a74665023,0,1,0,0,0,0,0,1,1,0,0,0,0,0,1,0
2540261021d77e7cc06f384c,0,1,0,0,0,0,0,1,1,0,0,0,0,0,1,0
25403336a060cb33cefffd02,0,0,1,0,0,1,0,0,0,0,0,1,1,0,0,0
254b60e66885b0f7f8c3bd38,1,0,0,0,0,0,1,0,0,0,0,1,0,1,0,0
254ec2634edac2c19b6af122,0,1,0,0,1,0,0,0,0,0,1,0,0,0,0,1
2559a10bd6788c31cd81f6c5,0,1,0,0,0,0,0,1,0,0,1,0,1,0,0,0
2566027103d7831c4f78ea35,1,0,0,0,0,0,0,1,0,1,0,0,0,0,1,0
256e9d332bd630b73626764b,1,0,0,0,0,0,0,1,0,0,1,0,0,1,0,0
25742e7c12470ea87e4fdd44,0,0,0,1,0,1,0,0,0,0,1,0,1,0,0,0
2579e34dd6bfcd51345eb60b,1,0,0,0,0,0,0,1,0,1,0,0,0,0,1,0
257ae7ddf292305b0837d3c1,0,1,0,0,1,0,0,0,0,0,1,0,0,0,0,1
258790fcb0055c71849e9aec,0,0,1,0,0,1,0,0,0,0,0,1,1,0,0,0
258de7e31cd75b64927e82f4,1,0,0,0,0,0,0,1,0,1,0,0,0,0,1,0
258e31709d278b038b675a5a,0,0,1,0,1,0,0,0,0,0,0,1,0,1,0,0
2593164cb7f126d5ef099d78,0,1,0,0,1,0,0,0,0,0,0,1,0,0,1,0
259f360d7a2d489fea3ad74f,0,0,0,1,1,0,0,0,0,1,0,0,0,0,1,0
25a7727f4786801339cbac2a,0,1,0,0,0,0,1,0,0,0,0,1,1,0,0,0
25a8aa006d58283ed1e4c0bb,0,0,1,0,1,0,0,0,0,1,0,0,0,0,0,1
25ae5eec5d08ce80ae9d18ca,1,0,0,0,0,1,0,0,0,0,1,0,0,0,0,1
25b2ca4020821ab41ce6881f,0,1,0,0,0,0,1,0,1,0,0,0,0,0,0,1
25b6f0470fc94b11bbaa868a,0,1,0,0,0,0,0,1,1,0,0,0,0,0,1,0
25b91797b9e7f40dc1f6a4d3,0,0,0,1,0,1,0,0,0,0,1,0,1,0,0,0
25bad44e1a9b4b9124794bfd,1,0,0,0,0,1,0,0,0,0,1,0,0,0,0,1
25bc5e9ec437599433c79183,0,0,1,0,0,1,0,0,0,0,0,1,1,0,0,0
25c1c865c7964ec108948917,0,1,0,0,1,0,0,0,0,0,0,1,0,0,1,0
25cbfa2767ca70bffdba8d7b,0,1,0,0,0,0,1,0,1,0,0,0,0,0,0,1
25cd939142ea1de2250c2c77,0,0,0,1,0,1,0,0,0,0,1,0,1,0,0,0
25d367fd049432cc1140c0b4,0,0,1,0,0,1,0,0,0,0,0,1,1,0,0,0
25d5bf6774493b89b084d229,0,0,1,0,1,0,0,0,0,0,0,1,0,1,0,0
25d675d5921381f1c471a68c,0,0,1,0,0,1,0,0,0,0,0,1,1,0,0,0
25d73127c27ded355e797ad6,0,1,0,0,1,0,0,0,0,0,1,0,0,0,0,1
25dae4cfc80bbfaca1e0489e,0,0,0,1,0,0,1,0,1,0,0,0,0,1,0,0
25e117f6f04c39b062b417db,0,0,1,0,0,0,0,1,1,0,0,0,0,1,0,0
25ee474a788fe42c85f2efde,0,0,0,1,0,0,1,0,0,1,0,0,1,0,0,0
25f0397e31140fd6ead31801,0,1,0,0,1,0,0,0,0,0,0,1,0,0,1,0
25f352fa8e845f144fd332ca,0,1,0,0,0,0,1,0,0,0,0,1,1,0,0,0
25f47468ee7858c4ee73d92b,1,0,0,0,0,0,0,1,0,0,1,0,0,1,0,0
25f5a8afdd9bb7a75b290733,0,0,0,1,1,0,0,0,0,0,1,0,0,1,0,0
25ff29eb35e11cbb6f35a759,1,0,0,0,0,1,0,0,0,0,0,1,0,0,1,0
2604e9dd66d9701ec1d93fe2,0,0,0,1,1,0,0,0,0,1,0,0,0,0,1,0
260e6a125ac8aa0206249c91,0,1,0,0,0,0,0,1,1,0,0,0,0,0,1,0
2619104f73a0357a9985e6c1,0,0,1,0,0,1,0,0,0,0,0,1,1,0,0,0
2619be3b41137a420cb675ca,0,0,1,0,0,1,0,0,1,0,0,0,0,0,0,1
2620a72cef0f8651be7cfb1e,1,0,0,0,0,0,1,0,0,0,0,1,0,1,0,0
262bf698861d0da77d2b0ff5,1,0,0,0,0,0,0,1,0,1,0,0,0,0,1,0
2654a433bbba0dcd972fecf1,0,0,1,0,0,1,0,0,0,0,0,1,1,0,0,0
26584ef5bb588b779c420cb9,0,0,0,1,1,0,0,0,0,0,1,0,0,1,0,0
265b0e5f74e0af53d549e9af,1,0,0,0,0,1,0,0,0,0,1,0,0,0,0,1
265db803988198eade31d300,1,0,0,0,0,0,0,1,0,0,1,0,0,1,0,0
2663e78e0ca9c5eaa717ae83,0,1,0,0,1,0,0,0,0,0,1,0,0,0,0,1
266dc5d7966b830a5143564c,0,1,0,0,0,0,0,1,0,0,1,0,1,0,0,0
267777b613234a6e148f31a8,1,0,0,0,0,1,0,0,0,0,0,1,0,0,1,0
26788209b9c17e516a22b7db,0,0,0,1,1,0,0,0,0,1,0,0,0,0,1,0
267df848139455910cf2f523,0,0,1,0,0,0,0,1,1,0,0,0,0,1,0,0
267df96a58032a51c4397825,0,1,0,0,0,0,0,1,0,0,1,0,1,0,0,0
26907d507a138097a0cfbd5a,0,0,0,1,0,0,1,0,0,1,0,0,1,0,0,0
2692ff817eb87669a653a2cf,0,0,0,1,1,0,0,0,0,0,1,0,0,1,0,0
2694797d4d8e1cd6a89b94b3,0,0,0,1,1,0,0,0,0,1,0,0,0,0,1,0
269c26264696ddecf9198478,0,0,1,0,0,0,0,1,1,0,0,0,0,1,0,0
269e2a0d2c70cb0a56d7e381,0,0,0,1,1,0,0,0,0,1,0,0,0,0,1,0
26a1db999b0d3723d9fff032,0,0,1,0,1,0,0,0,0,0,0,1,0,1,0,0
26a5372c8123592b7530f9bd,0,1,0,0,1,0,0,0,0,0,1,0,0,0,0,1
26a635b893cf013cf368063c,0,0,1,0,0,1,0,0,0,0,0,1,1,0,0,0
26aafbb2d8804850e38c48fe,0,0,0,1,0,1,0,0,0,0,1,0,1,0,0,0
26b794937e1a2a3e2154e838,0,0,1,0,0,0,0,1,1,0,0,0,0,1,0,0
26bcd6a20e489f5dbb1074c5,0,1,0,0,0,0,0,1,0,0,1,0,1,0,0,0
26c2d541fb7b662b3e19ca93,0,0,0,1,0,0,1,0,1,0,0,0,0,1,0,0
26de967af44f156830944ab5,0,1,0,0,0,0,1,0,1,0,0,0,0,0,0,1
26eb06f3109692a85d28455e,1,0,0,0,0,0,0,1,0,0,1,0,0,1,0,0
26f34773ece61b0858676ba3,0,0,0,1,0,1,0,0,0,0,1,0,1,0,0,0
26f85cdace97368116590a1d,0,1,0,0,0,0,1,0,1,0,0,0,0,0,0,1
26faac01d3e3aa88eb332008,1,0,0,0,0,0,1,0,0,1,0,0,0,0,0,1
26ffcf979b515e7059d2fdac,0,0,1,0,0,0,0,1,0,1,0,0,1,0,0,0
270278106a0b0503d101c6fa,0,1,0,0,0,0,1,0,0,0,0,1,1,0,0,0
27046ad25bc376860ffbb4e5,0,0,1,0,0,0,0,1,0,1,0,0,1,0,0,0
2706e260d371a60cb5f5d449,0,0,1,0,1,0,0,0,0,0,0,1,0,1,0,0
270823ae9d7dd97d84b156a0,0,1,0,0,0,0,0,1,1,0,0,0,0,0,1,0
2708617a5d5976cd1ff5b4d8,0,1,0,0,0,0,1,0,1,0,0,0,0,0,0,1
2712d297a1bf09dc32cd57a9,0,1,0,0,0,0,1,0,1,0,0,0,0,0,0,1
272623ddce2903c86e98c6eb,1,0,0,0,0,0,1,0,0,0,0,1,0,1,0,0
272eeda8fff544e3bdb70a8d,0,0,1,0,0,0,0,1,0,1,0,0,1,0,0,0
27311a1fabb15fdb5b677ad8,1,0,0,0,0,0,1,0,0,0,0,1,0,1,0,0
27346d87f8701e14a6cd2a8a,0,0,0,1,1,0,0,0,0,1,0,0,0,0,1,0
2736973cc85740684a082c45,1,0,0,0,0,0,1,0,0,1,0,0,0,0,0,1
2736ab67314858ab0fe9d65b,0,0,1,0,0,0,0,1,1,0,0,0,0,1,0,0
273ff4ecb51d10664602ce83,0,1,0,0,1,0,0,0,0,0,0,1,0,0,1,0
2745593efb4e6f54c7d6edea,0,1,0,0,0,0,1,0,1,0,0,0,0,0,0,1
275cb7843cad420c237cf2a7,0,0,0,1,0,1,0,0,1,0,0,0,0,0,1,0
2764094da43819363ac18a84,1,0,0,0,0,1,0,0,0,0,1,0,0,0,0,1
277e3ffaaaa3d93bc681a86f,0,1,0,0,0,0,0,1,1,0,0,0,0,0,1,0
27860e482dbba5a939d49688,0,1,0,0,0,0,0,1,0,0,1,0,1,0,0,0
27867d9f5dd3fcc9efbbf183,0,1,0,0,1,0,0,0,0,0,0,1,0,0,1,0
278bbc6a42a26fed07e604eb,1,0,0,0,0,1,0,0,0,0,1,0,0,0,0,1
2798525a5070247a5316f571,1,0,0,0,0,0,1,0,0,0,0,1,0,1,0,0
27ad5555b6d7eb86220d5517,0,1,0,0,0,0,1,0,0,0,0,1,1,0,0,0
27b0e604f3605f3c5af1e132,1,0,0,0,0,1,0,0,0,0,0,1,0,0,1,0
27b254f88485592155aed35c,0,1,0,0,0,0,1,0,0,0,0,1,1,0,0,0
27b709fd7b64bff05d5a089f,1,0,0,0,0,1,0,0,0,0,1,0,0,0,0,1
27bf949f57f6dce9f887d4b2,1,0,0,0,0,1,0,0,0,0,1,0,0,0,0,1
27c2c68f67d674836f87a17a,0,1,0,0,0,0,1,0,1,0,0,0,0,0,0,1
27ccd7ab7555c6676c93fe4c,1,0,0,0,0,0,1,0,0,0,0,1,0,1,0,0
27edef51c486487dbaa9c445,0,1,0,0,0,0,0,1,0,0,1,0,1,0,0,0
2800be37983d5b4d7d534868,1,0,0,0,0,0,0,1,0,0,1,0,0,1,0,0
280300747ecb70eaabef78b7,0,0,0,1,1,0,0,0,0,0,1,0,0,1,0,0
28080702c4874bb98037f34d,0,0,0,1,0,0,1,0,1,0,0,0,0,1,0,0
280a6f11443d1a6ca89e92c7,0,0,0,1,0,0,1,0,0,1,0,0,1,0,0,0
280d6e54aaa23070d8fbf8a8,1,0,0,0,0,0,1,0,0,0,0,1,0,1,0,0
280dc0bdf527eca612f9cc0f,0,1,0,0,0,0,0,1,1,0,0,0,0,0,1,0
28113d7cfc9107d2092ee304,0,1,0,0,0,0,0,1,1,0,0,0,0,0,1,0
2812eef84cb6f6a4399a2dc7,0,0,0,1,0,0,1,0,1,0,0,0,0,1,0,0
2817a150f1a67487685899ce,0,0,0,1,1,0,0,0,0,1,0,0,0,0,1,0
281a4b91c019a5876779d3c6,0,1,0,0,0,0,1,0,1,0,0,0,0,0,0,1
282dae10e9425edd1a9ab909,0,0,0,1,1,0,0,0,0,1,0,0,0,0,1,0
283455f21db2973899071144,0,1,0,0,0,0,0,1,1,0,0,0,0,0,1,0
284171e9989b2b53ab15cf1f,0,0,0,1,0,1,0,0,0,0,1,0,1,0,0,0
28486603c4614b24899692eb,0,1,0,0,0,0,1,0,0,0,0,1,1,0,0,0
284bb6a0777cf238622d5ceb,0,0,1,0,0,0,0,1,0,1,0,0,1,0,0,0
284ff95b812af14bd480aec9,0,0,1,0,0,0,0,1,0,1,0,0,1,0,0,0
28576868364043be6616f788,0,0,0,1,0,0,1,0,0,1,0,0,1,0,0,0
285e31c9163f207664b8ece5,0,1,0,0,0,0,1,0,1,0,0,0,0,0,0,1
286644084747c3bb268ac976,0,1,0,0,1,0,0,0,0,0,1,0,0,0,0,1
286ce20116244a2f4005ffb9,0,1,0,0,0,0,1,0,0,0,0,1,1,0,0,0
2871a08fd28327397ea0abb8,0,0,1,0,1,0,0,0,0,0,0,1,0,1,0,0
287275a2be68e67fa811c1ae,1,0,0,0,0,0,1,0,0,0,0,1,0,1,0,0
2883a5fa6e8062ade5ae2fd1,0,0,1,0,0,1,0,0,0,0,0,1,1,0,0,0
28858dfa7c71047a74f7119e,1,0,0,0,0,1,0,0,0,0,0,1,0,0,1,0
2885f71911a21e2f3ba459c6,0,0,0,1,1,0,0,0,0,1,0,0,0,0,1,0
28897b0b1afd43a719d11d4e,0,0,1,0,0,1,0,0,1,0,0,0,0,0,0,1
288dbece9f78d2deb769a6a6,0,0,0,1,1,0,0,0,0,1,0,0,0,0,1,0
2892bd14bd298b415eeb4473,0,1,0,0,1,0,0,0,0,0,1,0,0,0,0,1
289ad1ae69816e6a8dc24c8b,0,1,0,0,1,0,0,0,0,0,1,0,0,0,0,1
28a091c2d6b75c1760b1a6f0,0,1,0,0,0,0,1,0,1,0,0,0,0,0,0,1
28a5f17f1db746425d2fa231,1,0,0,0,0,1,0,0,0,0,1,0,0,0,0,1
28aec82cadb934c76c43fa00,1,0,0,0,0,0,1,0,0,0,0,1,0,1,0,0
28aff265cc1bad4003a3383b,0,0,0,1,0,0,1,0,0,1,0,0,1,0,0,0
28b2dd29dd7a1d6125c2a7e5,0,1,0,0,0,0,0,1,1,0,0,0,0,0,1,0
28b4f27fde388803fffcc969,0,0,0,1,0,0,1,0,0,1,0,0,1,0,0,0
28b63286626a77cc7c9b28d9,0,0,1,0,1,0,0,0,0,1,0,0,0,0,0,1
28b7e6b6d3df1062bc9a9f44,0,0,0,1,0,1,0,0,0,0,1,0,1,0,0,0
28bddd81f3c5923438dc2486,0,0,1,0,0,0,0,1,0,1,0,0,1,0,0,0
28c646b02e6ebad789e1f392,1,0,0,0,0,0,1,0,0,0,0,1,0,1,0,0
28cb62708495e351801a5e0c,0,0,0,1,1,0,0,0,0,0,1,0,0,1,0,0
28ce2cf18e75e0c71d4f17dd,0,1,0,0,0,0,1,0,1,0,0,0,0,0,0,1
28d177a48bfa1985fd44d3fc,0,0,0,1,0,1,0,0,0,0,1,0,1,0,0,0
28d3aad5be26ec80fbf4fb70,0,0,1,0,0,1,0,0,0,0,0,1,1,0,0,0
28d3d1cd664c46a6ca7bc7c7,1,0,0,0,0,0,1,0,0,1,0,0,0,0,0,1
28dd73d57cde7a5aa1b6637e,0,0,0,1,0,1,0,0,0,0,1,0,1,0,0,0
28e56efcfccb096a0015c82b,0,0,0,1,0,0,1,0,0,1,0,0,1,0,0,0
28e6184842299cd38c5c2f73,1,0,0,0,0,0,1,0,0,1,0,0,0,0,0,1
28e64b826237e7116b60e24c,0,1,0,0,0,0,0,1,1,0,0,0,0,0,1,0
28ea6b4190af84097317e289,0,1,0,0,0,0,0,1,1,0,0,0,0,0,1,0
28fb7647a85fad0a2b9bcf08,0,1,0,0,0,0,1,0,0,0,0,1,1,0,0,0
28febf09d956c4d9b518eb6d,0,0,1,0,1,0,0,0,0,1,0,0,0,0,0,1
29009f0def5369b434fef8f9,0,0,1,0,0,1,0,0,0,0,0,1,1,0,0,0
29029cf7b2b01d4d732aa987,0,0,0,1,0,0,1,0,1,0,0,0,0,1,0,0
2903778161ce1693e7947f91,0,1,0,0,1,0,0,0,0,0,1,0,0,0,0,1
29074f4d85035c90bc73b8ab,1,0,0,0,0,0,0,1,0,1,0,0,0,0,1,0
291082fba86bee690bb22cca,0,0,0,1,0,0,1,0,0,1,0,0,1,0,0,0
292fdc2558f5cfc76a3f7c62,0,0,0,1,0,0,1,0,0,1,0,0,1,0,0,0
2934bf83a71d56825c3d89ec,0,0,0,1,0,0,1,0,1,0,0,0,0,1,0,0
293569eb3ef3fe5400af0a7a,0,0,1,0,1,0,0,0,0,0,0,1,0,1,0,0
294d040785532a2e17208723,0,0,0,1,0,1,0,0,1,0,0,0,0,0,1,0
294f9325e705e9172e80e04a,0,0,0,1,0,0,1,0,1,0,0,0,0,1,0,0
294f9c9914331994163100b7,0,0,0,1,1,0,0,0,0,1,0,0,0,0,1,0
295010ed749359b0b150033d,0,1,0,0,1,0,0,0,0,0,0,1,0,0,1,0
2952b72f8f90a93ddfb04802,0,0,1,0,0,0,0,1,1,0,0,0,0,1,0,0
29585c2500003a4c4de428fd,1,0,0,0,0,0,1,0,0,0,0,1,0,1,0,0
2965cc6003bcf5c3d6046cc3,0,1,0,0,1,0,0,0,0,0,1,0,0,0,0,1
2975c0bf112b50ed70fadf1a,0,0,1,0,0,1,0,0,1,0,0,0,0,0,0,1
297f2fc84851bc6113d6fa54,1,0,0,0,0,0,1,0,0,0,0,1,0,1,0,0
2991dd4af72dc78c479d4e57,0,0,1,0,1,0,0,0,0,0,0,1,0,1,0,0
299591bc782c1e5b8a86c04a,1,0,0,0,0,0,1,0,0,0,0,1,0,1,0,0
2999f85ffceb0a2140c3f98a,1,0,0,0,0,1,0,0,0,0,1,0,0,0,0,1
299b1de5f5286a4ebb93f9df,0,0,0,1,0,0,1,0,1,0,0,0,0,1,0,0
299f15f977384a524b20b6e6,1,0,0,0,0,1,0,0,0,0,1,0,0,0,0,1
299f7aa9d28a42f2c3b17be9,0,0,1,0,0,0,0,1,0,1,0,0,1,0,0,0
299fa7f65daaba6fc6b8e086,0,0,0,1,1,0,0,0,0,0,1,0,0,1,0,0
29a891422227130cc56f82ab,0,1,0,0,0,0,1,0,1,0,0,0,0,0,0,1
29ac7b42eb35f1d90328218c,0,0,0,1,1,0,0,0,0,0,1,0,0,1,0,0
29b1ccdeadcb5bddb0f0b5c6,1,0,0,0,0,1,0,0,0,0,0,1,0,0,1,0
29b70b557858e2c6221dac29,0,1,0,0,0,0,0,1,1,0,0,0,0,0,1,0
29b9eb6870203774b677020a,0,1,0,0,0,0,1,0,1,0,0,0,0,0,0,1
29cbf750ece8215475d759b3,1,0,0,0,0,1,0,0,0,0,1,0,0,0,0,1
29ce2eca8702dea53f0a2e88,1,0,0,0,0,0,1,0,0,0,0,1,0,1,0,0
29e5042186d2c078da25c514,0,0,0,1,0,0,1,0,0,1,0,0,1,0,0,0
29ecd08eeb4cb4cf3eecdff7,1,0,0,0,0,1,0,0,0,0,1,0,0,0,0,1
29ed6cb56b4c2efe257b5f58,0,1,0,0,0,0,1,0,0,0,0,1,1,0,0,0
29f234464f1e53d6ed0744b8,0,0,1,0,0,0,0,1,1,0,0,0,0,1,0,0
29fb6a25b908762623fb1ba7,0,0,0,1,0,1,0,0,0,0,1,0,1,0,0,0
29fc0ddcd7bd1874e7b4e1e6,0,0,1,0,0,1,0,0,1,0,0,0,0,0,0,1
2a020824c90308c5ece37b57,0,0,1,0,1,0,0,0,0,0,0,1,0,1,0,0
2a09a132fe6755acead42db3,0,0,0,1,0,0,1,0,1,0,0,0,0,1,0,0
2a0d18a6a1232f9f59dd2ab8,0,0,1,0,1,0,0,0,0,1,0,0,0,0,0,1
2a1e8bda05ad776a033594e6,1,0,0,0,0,0,1,0,0,1,0,0,0,0,0,1
2a27b67bdfb40495d55063bd,0,1,0,0,0,0,1,0,1,0,0,0,0,0,0,1
2a2a9b81d5a06260109b3d86,0,0,1,0,0,0,0,1,1,0,0,0,0,1,0,0
2a2c9efbc072768eb90a2456,1,0,0,0,0,0,1,0,0,1,0,0,0,0,0,1
2a30d4c802ec2bdd2c44b250,0,1,0,0,0,0,1,0,1,0,0,0,0,0,0,1
2a3167563307839afb28e26a,0,0,1,0,0,1,0,0,1,0,0,0,0,0,0,1
2a3d4e66b7e3209c012a1c4e,0,1,0,0,0,0,0,1,1,0,0,0,0,0,1,0
2a43cfac7b9cbae21ff96104,0,0,1,0,0,1,0,0,1,0,0,0,0,0,0,1
2a48e29b0594bdc1d06dfd13,0,0,0,1,1,0,0,0,0,1,0,0,0,0,1,0
2a508f623638fd3ef4e6ac1c,0,0,0,1,0,1,0,0,0,0,1,0,1,0,0,0
2a51018a3fee421def4a1a74,0,1,0,0,1,0,0,0,0,0,0,1,0,0,1,0
2a6b09595d266484965934ad,0,0,1,0,1,0,0,0,0,1,0,0,0,0,0,1
2a6e4168a510807891a5e8a0,0,1,0,0,1,0,0,0,0,0,0,1,0,0,1,0
2a6e4e674925c7a6349056fc,0,1,0,0,0,0,1,0,1,0,0,0,0,0,0,1
2a701248cbbab1d28bd62060,1,0,0,0,0,0,1,0,0,0,0,1,0,1,0,0
2a76e6dd9cd4a5a5609bf039,0,1,0,0,0,0,1,0,0,0,0,1,1,0,0,0
2a869aac3a88d795b61586c3,0,1,0,0,0,0,1,0,0,0,0,1,1,0,0,0
2a88999539ba40f09a2c9d06,0,0,0,1,1,0,0,0,0,0,1,0,0,1,0,0
2a90fb5124c143589d944535,1,0,0,0,0,0,0,1,0,1,0,0,0,0,1,0
2a9a0a4e1f29b7f878cde72d,0,0,1,0,0,1,0,0,1,0,0,0,0,0,0,1
2a9da650b7037200230252b5,0,0,0,1,1,0,0,0,0,1,0,0,0,0,1,0
2aa76e15edcd1754d5fbe8f6,0,1,0,0,0,0,0,1,0,0,1,0,1,0,0,0
2aac29b26a37c47f2bbef368,0,1,0,0,0,0,0,1,1,0,0,0,0,0,1,0
2aaf30886a75757809172937,0,0,1,0,1,0,0,0,0,0,0,1,0,1,0,0
2ab975cb4f7e1d985d1875a0,0,1,0,0,1,0,0,0,0,0,1,0,0,0,0,1
2ac635a3f5f112dadc0e1785,0,1,0,0,0,0,0,1,1,0,0,0,0,0,1,0
2ac8344eba476fd468d992af,0,1,0,0,0,0,1,0,1,0,0,0,0,0,0,1
2acd94d2de8dd3e5c7e91ad6,0,1,0,0,0,0,1,0,1,0,0,0,0,0,0,1
2ace473a8f03365254ab7136,0,0,1,0,0,0,0,1,0,1,0,0,1,0,0,0
2ace8e588a17159a45f3b913,0,1,0,0,0,0,1,0,0,0,0,1,1,0,0,0
2acf0bf6cf6ab6a37a850388,0,1,0,0,0,0,0,1,0,0,1,0,1,0,0,0
2ad03ec745245315aaf0fea8,0,0,1,0,1,0,0,0,0,0,0,1,0,1,0,0
2ad2e28da9a20d8394b94522,0,0,1,0,0,1,0,0,1,0,0,0,0,0,0,1
2adbeb559fa5a24ac2772a1d,1,0,0,0,0,0,1,0,0,0,0,1,0,1,0,0
2ae453989e175b306a725d6d,1,0,0,0,0,1,0,0,0,0,0,1,0,0,1,0
2ae6e68a9b4d2a744f5c9519,0,0,0,1,0,1,0,0,1,0,0,0,0,0,1,0
2ae7f717a1c067dc14983200,0,1,0,0,1,0,0,0,0,0,0,1,0,0,1,0
2ae93cfe22fea80d10a5ce64,0,1,0,0,1,0,0,0,0,0,0,1,0,0,1,0
2afa35dff70c269fbf74bbb4,0,1,0,0,0,0,1,0,0,0,0,1,1,0,0,0
2afe23cbef15b130241bc482,0,0,0,1,0,1,0,0,0,0,1,0,1,0,0,0
2b03b5b416e5c2a6f680dc34,0,1,0,0,0,0,0,1,1,0,0,0,0,0,1,0
2b07cefab6c6a955992b003c,0,0,1,0,1,0,0,0,0,0,0,1,0,1,0,0
2b0bd2adc3f70c5a16791826,0,0,1,0,1,0,0,0,0,0,0,1,0,1,0,0
2b15d1278472f48f22038f3b,0,0,1,0,0,0,0,1,1,0,0,0,0,1,0,0
2b1834173302c3a4b76e68cf,1,0,0,0,0,1,0,0,0,0,0,1,0,0,1,0
2b1ef097885c10a9dda34dfb,0,1,0,0,0,0,0,1,0,0,1,0,1,0,0,0
2b26d6466749ec0bf56f1300,0,1,0,0,0,0,0,1,0,0,1,0,1,0,0,0
2b434d5f3babc47e4b876676,0,0,1,0,1,0,0,0,0,1,0,0,0,0,0,1
2b474d8f83ab356b1f769934,0,0,0,1,1,0,0,0,0,0,1,0,0,1,0,0
2b4bcefde441816747c63265,0,0,0,1,1,0,0,0,0,0,1,0,0,1,0,0
2b50ab7182691f47c7e25f18,0,0,1,0,1,0,0,0,0,1,0,0,0,0,0,1
2b529b94be7429a98de2c49b,1,0,0,0,0,0,1,0,0,1,0,0,0,0,0,1
2b5986d8494cc050c665662c,0,0,1,0,0,0,0,1,1,0,0,0,0,1,0,0
2b5a03aa7587fea78bb812ea,0,0,1,0,0,0,0,1,0,1,0,0,1,0,0,0
2b6024ee791b9a8d509019fa,0,0,0,1,0,0,1,0,0,1,0,0,1,0,0,0
2b65a63b99fb7d3af4fa776f,1,0,0,0,0,0,1,0,0,1,0,0,0,0,0,1
2b664f60c6dd69fe9f1cf51c,0,0,0,1,1,0,0,0,0,1,0,0,0,0,1,0
2b6687bb09de0a7133b77da1,0,0,0,1,0,1,0,0,1,0,0,0,0,0,1,0
2b6c40513313997d1003f426,1,0,0,0,0,0,1,0,0,1,0,0,0,0,0,1
2b6f0ce0220c5bb03a45b030,0,0,1,0,0,0,0,1,1,0,0,0,0,1,0,0
2b70522b9e0b096bf5a1cd7c,0,0,1,0,0,0,0,1,1,0,0,0,0,1,0,0
2b7876460317d3fef4fe20c3,0,0,0,1,1,0,0,0,0,1,0,0,0,0,1,0
2b78f9b508458293c7b236b7,0,0,1,0,1,0,0,0,0,1,0,0,0,0,0,1
2b80d4fffc7fc5ecef03edd6,0,0,0,1,0,0,1,0,0,1,0,0,1,0,0,0
2b829650be2c4ab9bb3ada64,0,0,0,1,0,1,0,0,1,0,0,0,0,0,1,0
2b9754bc5ddf3260af9266fe,0,1,0,0,0,0,1,0,1,0,0,0,0,0,0,1
2b99b003486e7b7ecff0ffa5,0,0,1,0,1,0,0,0,0,0,0,1,0,1,0,0
2b9d8d31883d1716c0d5b422,0,0,1,0,1,0,0,0,0,1,0,0,0,0,0,1
2ba6913d876244147d948d7f,0,1,0,0,1,0,0,0,0,0,0,1,0,0,1,0
2bafea3fc5ccb2e4ad7f149f,0,0,1,0,0,1,0,0,0,0,0,1,1,0,0,0
2bb4696edae8e81c0bc75157,0,1,0,0,0,0,1,0,1,0,0,0,0,0,0,1
2bbd6675546642ce8c50fa1f,1,0,0,0,0,0,1,0,0,0,0,1,0,1,0,0
2bbf7081bf6f58dfd03288bf,0,0,0,1,1,0,0,0,0,0,1,0,0,1,0,0
2bc1d2c95cea0c9f59444f28,0,0,1,0,0,1,0,0,1,0,0,0,0,0,0,1
2bc374e742d6f2ca093ee077,1,0,0,0,0,0,1,0,0,0,0,1,0,1,0,0
2bc3cf5bdde01ce5e1cb7972,0,0,0,1,1,0,0,0,0,0,1,0,0,1,0,0
2bc945a2245582a0aeb9b74b,0,0,0,1,0,0,1,0,0,1,0,0,1,0,0,0
2bdcfdf988ee20e795bf0c57,0,1,0,0,0,0,1,0,1,0,0,0,0,0,0,1
2be54810c20f2de96e40c14f,0,1,0,0,1,0,0,0,0,0,0,1,0,0,1,0
2bee03fbb84bb01300843ba3,0,0,0,1,1,0,0,0,0,1,0,0,0,0,1,0
2bf127158712ab391e728e01,0,1,0,0,0,0,1,0,0,0,0,1,1,0,0,0
2bfa2cf06ed0515c738a4ce9,1,0,0,0,0,0,1,0,0,0,0,1,0,1,0,0
2bfcbf4f6b5dd0a4a2b90c08,0,0,0,1,0,0,1,0,1,0,0,0,0,1,0,0
2c027cf73edf961c2b961c74,0,0,1,0,0,1,0,0,1,0,0,0,0,0,0,1
2c13c7350418999c60340474,0,0,0,1,1,0,0,0,0,1,0,0,0,0,1,0
2c1b8dcdfda1da850cf2f085,0,0,0,1,0,1,0,0,0,0,1,0,1,0,0,0
2c1d6132ceaed8b0366638a2,0,0,0,1,1,0,0,0,0,1,0,0,0,0,1,0
2c2408f871df1420589a5953,1,0,0,0,0,0,0,1,0,0,1,0,0,1,0,0
2c3897dc70667d10b20f3b8a,0,1,0,0,1,0,0,0,0,0,1,0,0,0,0,1
2c3b70a0f09ad1fc1152de2e,0,1,0,0,0,0,1,0,1,0,0,0,0,0,0,1
2c41d4012c4bd02c1aae97f5,0,1,0,0,1,0,0,0,0,0,0,1,0,0,1,0
2c41e4c4b7090880eb728354,0,1,0,0,0,0,0,1,1,0,0,0,0,0,1,0
2c49ca4160d096e0b8222ba9,0,1,0,0,1,0,0,0,0,0,1,0,0,0,0,1
2c5800a94ea37fb1de48a5e1,0,0,1,0,0,1,0,0,0,0,0,1,1,0,0,0
2c62acdacf11f17c646bceea,0,0,1,0,1,0,0,0,0,0,0,1,0,1,0,0
2c62ec1d45dfcef6c3b69e25,1,0,0,0,0,1,0,0,0,0,1,0,0,0,0,1
2c72276e79bc40af953cfffe,0,0,1,0,0,0,0,1,1,0,0,0,0,1,0,0
2c74c0fb582cace57d448e6c,0,0,0,1,0,1,0,0,1,0,0,0,0,0,1,0
2c7523c5f828096d1aab16c0,0,1,0,0,1,0,0,0,0,0,0,1,0,0,1,0
2c84da4ec31abf9959841d0c,0,0,0,1,0,1,0,0,0,0,1,0,1,0,0,0
2ca6bd0e41189452ecb09642,0,0,1,0,0,0,0,1,1,0,0,0,0,1,0,0
2cb207793bf66d0f24450f63,0,0,1,0,0,0,0,1,1,0,0,0,0,1,0,0
2cc8ad52b068fe05fb725b5b,1,0,0,0,0,0,0,1,0,0,1,0,0,1,0,0
2ccd476ca46d9317cab85019,1,0,0,0,0,0,0,1,0,1,0,0,0,0,1,0
2cddee824140281aff42eb07,0,0,0,1,0,0,1,0,1,0,0,0,0,1,0,0
2ce0a13e3a1168a03e001049,0,1,0,0,0,0,1,0,0,0,0,1,1,0,0,0
2ce7058812d42575889b3760,0,1,0,0,0,0,1,0,0,0,0,1,1,0,0,0
2cf2b40dfa35d0cde3b424ba,1,0,0,0,0,0,1,0,0,1,0,0,0,0,0,1
2cf92ca86c730a4981bad00c,0,0,1,0,0,1,0,0,0,0,0,1,1,0,0,0
2d032386d82a818b57322c05,0,1,0,0,0,0,1,0,0,0,0,1,1,0,0,0
2d165684dbb1495763fd4f7e,0,1,0,0,1,0,0,0,0,0,1,0,0,0,0,1
2d26fa09baec7e621044c145,0,1,0,0,0,0,1,0,0,0,0,1,1,0,0,0
2d2eb6c9ab97979582fda665,0,0,1,0,1,0,0,0,0,1,0,0,0,0,0,1
2d4f95aed81ab288cd8fb5d2,0,0,0,1,1,0,0,0,0,1,0,0,0,0,1,0
2d6392db6a664da77cdc7e7c,1,0,0,0,0,0,1,0,0,1,0,0,0,0,0,1
2d78353bf4a55381b524e731,0,0,0,1,0,0,1,0,1,0,0,0,0,1,0,0
2d7a9d2dfcdb1305ace9f198,0,0,0,1,1,0,0,0,0,1,0,0,0,0,1,0
2d8691ca037e46950b3eaf4a,1,0,0,0,0,1,0,0,0,0,0,1,0,0,1,0
2d8e2ebe9a9f1725c371bab6,0,0,1,0,0,0,0,1,1,0,0,0,0,1,0,0
2d9b069d754a46207614dcc6,1,0,0,0,0,1,0,0,0,0,0,1,0,0,1,0
2d9ba0a5600e4c6f1605adf6,0,1,0,0,0,0,0,1,1,0,0,0,0,0,1,0
2da0a1f6bc452a7c0cca2019,0,0,1,0,0,0,0,1,0,1,0,0,1,0,0,0
2da20e555498cf14ad7b9306,0,0,1,0,1,0,0,0,0,1,0,0,0,0,0,1
2da3accc39e1c53b8f92f870,1,0,0,0,0,0,0,1,0,1,0,0,0,0,1,0
2da5b19bec817b6109fcd91b,0,0,0,1,1,0,0,0,0,0,1,0,0,1,0,0
2daad542be4f0992976ad6aa,0,1,0,0,0,0,1,0,1,0,0,0,0,0,0,1
2dc312afa2efdd364ce01f70,0,1,0,0,0,0,1,0,1,0,0,0,0,0,0,1
2dc85617b4955b0994c11f00,1,0,0,0,0,0,0,1,0,0,1,0,0,1,0,0
2dcd36e7b99554617571a0cc,1,0,0,0,0,1,0,0,0,0,1,0,0,0,0,1
2dd953f79b3935673ce51e93,0,0,0,1,0,0,1,0,0,1,0,0,1,0,0,0
2dda83f30cabeba93a08dab0,0,0,1,0,1,0,0,0,0,0,0,1,0,1,0,0
2ddbf28b731acd0f8039550d,1,0,0,0,0,0,0,1,0,0,1,0,0,1,0,0
2de6c62052fb5f41218623a8,0,0,1,0,0,0,0,1,1,0,0,0,0,1,0,0
2df120b1bde8c5375e4e90ba,0,0,1,0,0,1,0,0,0,0,0,1,1,0,0,0
2df3188296ddd4dc76b23afa,0,0,0,1,0,1,0,0,1,0,0,0,0,0,1,0
2dfe593f3b52fa7c1e367730,0,0,1,0,0,1,0,0,0,0,0,1,1,0,0,0
2e037933bc000bd724b22908,1,0,0,0,0,0,0,1,0,0,1,0,0,1,0,0
2e069624ba33fc9dbf0d413d,0,0,1,0,0,0,0,1,1,0,0,0,0,1,0,0
2e0ab15f48d891e420b6f9d5,0,0,0,1,0,0,1,0,1,0,0,0,0,1,0,0
2e0ab298740e1f1f754fdd38,0,0,0,1,0,0,1,0,1,0,0,0,0,1,0,0
2e0b64834afb5a4cf4c5f487,0,1,0,0,1,0,0,0,0,0,1,0,0,0,0,1
2e0c0f795cc5079d8d0dd930,1,0,0,0,0,0,0,1,0,0,1,0,0,1,0,0
2e10be5aae85fbe5e5b9cded,0,0,1,0,0,0,0,1,0,1,0,0,1,0,0,0
2e125764909139cc732656ad,0,0,1,0,0,1,0,0,0,0,0,1,1,0,0,0
2e16d8852243ed5801c4e714,0,1,0,0,0,0,0,1,1,0,0,0,0,0,1,0
2e19ffcb3d121034d7a5b25c,0,0,0,1,0,1,0,0,1,0,0,0,0,0,1,0
2e22a279d7f6b4b8bc50cb47,0,0,0,1,1,0,0,0,0,1,0,0,0,0,1,0
2e2794340b8b7d9596ee6292,1,0,0,0,0,0,1,0,0,1,0,0,0,0,0,1
2e27dcde12211b5fb83ea40a,0,1,0,0,0,0,0,1,0,0,1,0,1,0,0,0
2e339ad0bb92cd2e032bfe82,0,1,0,0,0,0,1,0,1,0,0,0,0,0,0,1
2e3cbb844873f698c6d7a61b,0,0,0,1,1,0,0,0,0,1,0,0,0,0,1,0
2e43b8843a85721492adb84e,0,1,0,0,0,0,1,0,1,0,0,0,0,0,0,1
2e47e2c4b4b9e1aa02a444f2,0,0,1,0,0,1,0,0,1,0,0,0,0,0,0,1
2e4cf5d762114e1589d326ba,0,0,0,1,0,1,0,0,1,0,0,0,0,0,1,0
2e503f527a840dd7d3898fea,0,0,1,0,1,0,0,0,0,1,0,0,0,0,0,1
2e50871bf7fa9bb5aedd6fc6,1,0,0,0,0,1,0,0,0,0,0,1,0,0,1,0
2e63200c358da3af5e89919e,0,0,0,1,0,0,1,0,1,0,0,0,0,1,0,0
2e639223804f995055b93c70,1,0,0,0,0,0,0,1,0,0,1,0,0,1,0,0
2e67e6228e2b200bfb8924d3,0,0,0,1,0,0,1,0,1,0,0,0,0,1,0,0
2e70ecc4c220536b90f9a3a1,0,0,0,1,1,0,0,0,0,0,1,0,0,1,0,0
2e738928b30ca1a98725d79f,0,0,1,0,1,0,0,0,0,0,0,1,0,1,0,0
2e760301bd501c74a281667d,1,0,0,0,0,0,0,1,0,1,0,0,0,0,1,0
2e861799cd981701174c2944,0,1,0,0,0,0,1,0,0,0,0,1,1,0,0,0
2e880b96298392bce2e05110,1,0,0,0,0,1,0,0,0,0,0,1,0,0,1,0
2ea2ac82c01029c9ee397a0a,0,0,1,0,0,1,0,0,0,0,0,1,1,0,0,0
2ea5b77f030077b117cab48a,1,0,0,0,0,0,0,1,0,1,0,0,0,0,1,0
2eaabd6e09631c61bb29dece,0,1,0,0,0,0,0,1,1,0,0,0,0,0,1,0
2eac3a0355e27d7ad2b36fff,1,0,0,0,0,1,0,0,0,0,1,0,0,0,0,1
2eadb443d535f61ea2b256e2,0,0,1,0,0,0,0,1,0,1,0,0,1,0,0,0
2eb1ed670de628124f6d32b3,0,0,1,0,0,0,0,1,0,1,0,0,1,0,0,0
2eb41c2897b89558aff89caa,0,0,1,0,1,0,0,0,0,1,0,0,0,0,0,1
2eb60c8908778624df99db8a,0,1,0,0,0,0,1,0,0,0,0,1,1,0,0,0
2ebd3481fa0292244e290e32,0,0,0,1,0,0,1,0,1,0,0,0,0,1,0,0
2ebece779fa5f09bba760c14,1,0,0,0,0,0,0,1,0,0,1,0,0,1,0,0
2ec3a654fc04ff7b3aca45dc,0,0,0,1,0,0,1,0,1,0,0,0,0,1,0,0
2ed76f32beab0e555ae3aa44,0,1,0,0,0,0,0,1,1,0,0,0,0,0,1,0
2ee139e5a9797f7b777488e2,0,0,0,1,0,1,0,0,1,0,0,0,0,0,1,0
2ee8bdd7738b308d441c010a,1,0,0,0,0,0,1,0,0,0,0,1,0,1,0,0
2eebfc21e7c1cb9bc5b734af,0,0,1,0,0,1,0,0,0,0,0,1,1,0,0,0
2eeecf3e6506777c77642541,0,1,0,0,0,0,1,0,1,0,0,0,0,0,0,1
2ef0efb5210c780bf87244af,0,0,0,1,1,0,0,0,0,0,1,0,0,1,0,0
2efae91f2e5ff28afcf91f3c,1,0,0,0,0,0,0,1,0,1,0,0,0,0,1,0
2efef61361deb54c27c46e74,0,0,0,1,0,0,1,0,0,1,0,0,1,0,0,0
2f04fcf3751ca421534624d9,0,1,0,0,0,0,0,1,1,0,0,0,0,0,1,0
2f051a67f81df25bca22dbe0,0,1,0,0,1,0,0,0,0,0,0,1,0,0,1,0
2f081b752b0c9e9588e9a47b,0,0,0,1,1,0,0,0,0,0,1,0,0,1,0,0
2f0c8660c54d3f2326cd9aea,1,0,0,0,0,0,0,1,0,1,0,0,0,0,1,0
2f0d78153f7121e40afc39e9,0,0,1,0,1,0,0,0,0,1,0,0,0,0,0,1
2f10711dedce19cabed87074,0,1,0,0,0,0,0,1,0,0,1,0,1,0,0,0
2f1a4af79554d2b427dc0e2c,1,0,0,0,0,0,0,1,0,0,1,0,0,1,0,0
2f1fb77c06dee7368e7c1cf1,0,0,1,0,0,0,0,1,0,1,0,0,1,0,0,0
2f33f3c5573ac34fdab1fbc1,0,1,0,0,1,0,0,0,0,0,1,0,0,0,0,1
2f39a2d9a69394c295c1732c,0,1,0,0,0,0,1,0,1,0,0,0,0,0,0,1
2f3c645b13841cc6f56f74c5,0,0,0,1,0,1,0,0,1,0,0,0,0,0,1,0
2f40d8f6f9c77a697ec284c3,1,0,0,0,0,0,0,1,0,0,1,0,0,1,0,0
2f411149615bb781c0e55fe9,0,0,0,1,0,0,1,0,1,0,0,0,0,1,0,0
2f51429b7be93f7d4d86837b,0,1,0,0,0,0,1,0,0,0,0,1,1,0,0,0
2f6003a9dc9e49992912ce2b,1,0,0,0,0,0,0,1,0,0,1,0,0,1,0,0
2f6edd52d8f89aec9bef6e48,1,0,0,0,0,0,1,0,0,0,0,1,0,1,0,0
2f779149a429c259593cd84c,0,0,1,0,1,0,0,0,0,1,0,0,0,0,0,1
2f81a2e9f3ad0d60554ae8d7,0,0,1,0,0,1,0,0,1,0,0,0,0,0,0,1
2f854051152d2cb653b56304,1,0,0,0,0,0,1,0,0,1,0,0,0,0,0,1
2f8c068476ee062d8eaaf4ef,0,1,0,0,1,0,0,0,0,0,1,0,0,0,0,1
2f8cc6219b137d17737750ce,0,0,0,1,0,1,0,0,1,0,0,0,0,0,1,0
2f8dffe5e5b91901c3acef0e,0,0,0,1,0,1,0,0,1,0,0,0,0,0,1,0
2f90025a26b9f5dd13391b0f,1,0,0,0,0,0,1,0,0,0,0,1,0,1,0,0
2f90183957d98c1862db82cb,0,0,0,1,0,1,0,0,1,0,0,0,0,0,1,0
2f9372629c12d0068bd7a134,0,1,0,0,0,0,0,1,0,0,1,0,1,0,0,0
2f9b7c5b4141d3fb64d0b1db,1,0,0,0,0,1,0,0,0,0,0,1,0,0,1,0
2f9ebed7903af7a3f631bb4d,0,0,0,1,0,0,1,0,1,0,0,0,0,1,0,0
2fa05286a0466bff92334564,0,0,1,0,1,0,0,0,0,0,0,1,0,1,0,0
2fa07143e2bc282a4e5da6f2,0,1,0,0,0,0,0,1,0,0,1,0,1,0,0,0
2fa9584d05c2318edfe844e9,0,1,0,0,1,0,0,0,0,0,1,0,0,0,0,1
2fb1a9c40267850dbc90d12d,0,1,0,0,0,0,1,0,0,0,0,1,1,0,0,0
2fb4e55d6e2fcbe1436a417f,0,0,1,0,0,1,0,0,1,0,0,0,0,0,0,1
2fb7f93e13eb3aad3dbbed12,0,0,0,1,0,0,1,0,0,1,0,0,1,0,0,0
2fb95a1c172774737f50ea26,1,0,0,0,0,1,0,0,0,0,0,1,0,0,1,0
2fbf34ce0f39009c89c7e93f,1,0,0,0,0,0,1,0,0,0,0,1,0,1,0,0
2fc4d0defed34a83a39b06ca,0,1,0,0,1,0,0,0,0,0,0,1,0,0,1,0
2fc59bc8aecc3a0b44e8cf77,1,0,0,0,0,1,0,0,0,0,0,1,0,0,1,0
2fc723d35ea68ad6a0bce022,0,0,1,0,0,0,0,1,0,1,0,0,1,0,0,0
2fcf6014b824b12c7c1fb366,0,1,0,0,0,0,1,0,1,0,0,0,0,0,0,1
2fd14cf7e74b891fc6892a92,1,0,0,0,0,0,1,0,0,0,0,1,0,1,0,0
2fd91015904b3560488d754b,0,0,0,1,0,1,0,0,0,0,1,0,1,0,0,0
2fe4a3a9a103f30a52eeafec,0,0,1,0,0,0,0,1,1,0,0,0,0,1,0,0
2fe4a813edfa04e5815ea53b,0,1,0,0,0,0,0,1,0,0,1,0,1,0,0,0
30029bb46a8f7f1765386d63,0,1,0,0,1,0,0,0,0,0,1,0,0,0,0,1
300b139d900d9bc3c1863cd6,0,0,0,1,0,1,0,0,0,0,1,0,1,0,0,0
300b9e90394a3cfb33e963f6,0,0,0,1,0,0,1,0,0,1,0,0,1,0,0,0
301aef3528afafb0af5bf737,0,0,1,0,1,0,0,0,0,0,0,1,0,1,0,0
302106a7af2d7c176b5ac296,0,0,0,1,0,1,0,0,0,0,1,0,1,0,0,0
3022add2891452bfd75ed62d,1,0,0,0,0,0,1,0,0,0,0,1,0,1,0,0
302edb5864779ad1d3f1178d,1,0,0,0,0,0,0,1,0,0,1,0,0,1,0,0
304869c7520b71b1619d0ee2,1,0,0,0,0,0,1,0,0,0,0,1,0,1,0,0
304ab1f8dafd8d8b6480421c,1,0,0,0,0,0,1,0,0,1,0,0,0,0,0,1
304bc3dc0ee0080ebcb568db,0,1,0,0,0,0,0,1,1,0,0,0,0,0,1,0
304da9f164c262d814c14439,0,0,0,1,1,0,0,0,0,1,0,0,0,0,1,0
3058085ece710705b9589c4f,0,0,1,0,0,1,0,0,0,0,0,1,1,0,0,0
30639856aa082e7092151887,0,1,0,0,0,0,0,1,0,0,1,0,1,0,0,0
30641f5790306edb539e9662,0,0,1,0,0,1,0,0,0,0,0,1,1,0,0,0
3066f2783eac68ed85d2674a,0,1,0,0,1,0,0,0,0,0,1,0,0,0,0,1
306d96e88202d9f27c54640e,0,0,1,0,0,1,0,0,0,0,0,1,1,0,0,0
3076fe6e1a315bbcbf8c4b3d,0,1,0,0,0,0,1,0,1,0,0,0,0,0,0,1
307903c063a18c4786cc5d11,0,1,0,0,1,0,0,0,0,0,0,1,0,0,1,0
308764ba09dc45818e56bc49,0,0,1,0,1,0,0,0,0,1,0,0,0,0,0,1
3095a3f4d577bed4f1de1e0b,0,0,1,0,0,0,0,1,0,1,0,0,1,0,0,0
3098b7cc75c5e136552c8d14,0,0,1,0,0,1,0,0,1,0,0,0,0,0,0,1
3099579d51dfaa5ca572f308,0,1,0,0,0,0,1,0,0,0,0,1,1,0,0,0
309be0009b72b02337c5b631,0,0,0,1,0,0,1,0,0,1,0,0,1,0,0,0
309f14e024a778647144940b,0,0,1,0,0,1,0,0,0,0,0,1,1,0,0,0
30a1030b8dfc82dca5ddd7bc,1,0,0,0,0,0,1,0,0,0,0,1,0,1,0,0
30a15a905f87b9ee098c588b,0,1,0,0,0,0,0,1,0,0,1,0,1,0,0,0
30a379a259929f9d9af7c17c,0,0,0,1,1,0,0,0,0,1,0,0,0,0,1,0
30bfbc5154463a3c80c3c488,0,0,0,1,1,0,0,0,0,1,0,0,0,0,1,0
30c342ba0c0559dabe55498d,0,0,0,1,0,0,1,0,1,0,0,0,0,1,0,0
30c5d1f0efc4cbfb0025aa00,1,0,0,0,0,1,0,0,0,0,0,1,0,0,1,0
30c987cca0761d2e46cc937b,0,0,0,1,0,0,1,0,0,1,0,0,1,0,0,0
30ce3b2d2af06f8f54162a4b,0,0,0,1,0,1,0,0,1,0,0,0,0,0,1,0
30d073fff2d2158448432584,0,0,1,0,0,1,0,0,0,0,0,1,1,0,0,0
30d13c64332c70a3cbfa246d,0,0,1,0,1,0,0,0,0,1,0,0,0,0,0,1
30dd778b23e804f3d2a9187a,0,1,0,0,1,0,0,0,0,0,1,0,0,0,0,1
30e40be9f04ab2ec8db7e159,0,1,0,0,0,0,1,0,1,0,0,0,0,0,0,1
30e6a62e20217649692d7d56,1,0,0,0,0,0,1,0,0,1,0,0,0,0,0,1
30e94eb56486eed4d56bfa18,0,1,0,0,0,0,0,1,0,0,1,0,1,0,0,0
30f246168846e5ab14bb03bb,1,0,0,0,0,0,0,1,0,1,0,0,0,0,1,0
30f4c5c961b24f4eec85931d,1,0,0,0,0,0,1,0,0,0,0,1,0,1,0,0
30feee7317242f6e256c57f9,1,0,0,0,0,0,0,1,0,1,0,0,0,0,1,0
30ff5fe7df03986a65b02d08,0,1,0,0,0,0,1,0,0,0,0,1,1,0,0,0
31030b66065826b4f55a6b38,0,0,1,0,1,0,0,0,0,1,0,0,0,0,0,1
311983a5929c4a975be0c311,0,0,0,1,0,0,1,0,0,1,0,0,1,0,0,0
311adbd5d4c96734784b37c8,0,1,0,0,0,0,0,1,0,0,1,0,1,0,0,0
311b4650be3c3d0d5ef9fc9a,0,0,0,1,0,0,1,0,1,0,0,0,0,1,0,0
3128fae618a9f38f7ed0a815,0,0,0,1,0,0,1,0,1,0,0,0,0,1,0,0
31346bb9c58157cce5a8b669,0,0,0,1,0,1,0,0,1,0,0,0,0,0,1,0
31366c5bda3f3e1e5489805e,0,1,0,0,0,0,1,0,1,0,0,0,0,0,0,1
313ca3005533cef18bc5aa78,0,1,0,0,0,0,1,0,1,0,0,0,0,0,0,1
313efed78c08a02be6981368,0,1,0,0,1,0,0,0,0,0,1,0,0,0,0,1
313fe147f3f2785f999a74da,1,0,0,0,0,1,0,0,0,0,0,1,0,0,1,0
3140d1ab90c4b0d6b129133e,0,0,0,1,1,0,0,0,0,1,0,0,0,0,1,0
31445b892303bd265322ece9,0,1,0,0,1,0,0,0,0,0,1,0,0,0,0,1
3147cd671687f8346b58518c,0,1,0,0,0,0,1,0,0,0,0,1,1,0,0,0
314b01b96569e865783b12db,1,0,0,0,0,0,0,1,0,0,1,0,0,1,0,0
3150a0116ab5878760353eeb,1,0,0,0,0,0,0,1,0,0,1,0,0,1,0,0
3150ba8e8fab91e105b57e81,0,0,1,0,1,0,0,0,0,1,0,0,0,0,0,1
316634c685938e84fd40c710,0,0,0,1,1,0,0,0,0,0,1,0,0,1,0,0
3167ab0416315f46c82d6c54,0,0,0,1,0,0,1,0,0,1,0,0,1,0,0,0
3167c905df1f09cdfa4bdcc5,0,0,1,0,1,0,0,0,0,0,0,1,0,1,0,0
3175dae4655acbe50d2f3161,0,1,0,0,0,0,1,0,1,0,0,0,0,0,0,1
3179a3d9566bd4bc57fc45f9,1,0,0,0,0,0,1,0,0,1,0,0,0,0,0,1
3179f9471de6f0725d35e0dd,1,0,0,0,0,1,0,0,0,0,1,0,0,0,0,1
31811652836fea4420853f62,1,0,0,0,0,0,0,1,0,1,0,0,0,0,1,0
318acd8338d502328fe2d252,0,0,1,0,0,0,0,1,1,0,0,0,0,1,0,0
319146f79755440f023de08d,0,0,0,1,0,1,0,0,0,0,1,0,1,0,0,0
31b190b6bb2534c49b9cb08c,0,0,1,0,1,0,0,0,0,1,0,0,0,0,0,1
31bcd154b87c711b6ea9a691,1,0,0,0,0,1,0,0,0,0,1,0,0,0,0,1
31cfc09d2e7bb65c61e49764,0,1,0,0,0,0,0,1,0,0,1,0,1,0,0,0
31d4ffb4e4d3a44e26f7680c,1,0,0,0,0,0,0,1,0,1,0,0,0,0,1,0
31d5641922e69e6a6f25e205,0,0,0,1,0,0,1,0,0,1,0,0,1,0,0,0
31d597fb5a6aa19fe537c182,0,0,0,1,1,0,0,0,0,0,1,0,0,1,0,0
31d7f46d5bafafc08429a4bf,0,1,0,0,0,0,1,0,1,0,0,0,0,0,0,1
31db43f1f614a06129724449,0,1,0,0,0,0,1,0,1,0,0,0,0,0,0,1
31dcbb37541ea1523373c4c4,0,0,1,0,0,1,0,0,0,0,0,1,1,0,0,0
31dcc554e17fd2fb813e6f44,0,0,1,0,0,1,0,0,0,0,0,1,1,0,0,0
31dd49f7776c6a961282765f,0,0,0,1,0,1,0,0,1,0,0,0,0,0,1,0
31ddcf6e008a01a0028ec2b8,0,1,0,0,0,0,1,0,1,0,0,0,0,0,0,1
31de234c58debf5aa369a84a,0,0,0,1,1,0,0,0,0,1,0,0,0,0,1,0
31e292bdf1408b70fd12e249,0,0,0,1,1,0,0,0,0,1,0,0,0,0,1,0
31ecb29b3802c3b2c6e616d7,0,1,0,0,0,0,1,0,1,0,0,0,0,0,0,1
31f638ebe17dca7d08aa8995,1,0,0,0,0,0,1,0,0,1,0,0,0,0,0,1
31f73c6f5c4b244030cd5305,0,0,0,1,1,0,0,0,0,1,0,0,0,0,1,0
31f9069574dbec705d3cf220,0,0,0,1,1,0,0,0,0,1,0,0,0,0,1,0
32084731d888a89368e3c0d6,0,1,0,0,0,0,0,1,1,0,0,0,0,0,1,0
3208d14609cc0dc2ab506c65,0,0,1,0,0,0,0,1,0,1,0,0,1,0,0,0
3210d1616323c6389f779c8a,1,0,0,0,0,0,0,1,0,1,0,0,0,0,1,0
3218e0997aa8e84e38cb64b4,0,0,0,1,0,1,0,0,1,0,0,0,0,0,1,0
321b54449c7673bfb7e25302,1,0,0,0,0,0,1,0,0,0,0,1,0,1,0,0
321cad7b0547d2046397f29f,0,0,1,0,0,0,0,1,0,1,0,0,1,0,0,0
321e04e7cbdf9ac929ad7d72,0,1,0,0,0,0,0,1,0,0,1,0,1,0,0,0
322602abfb44be9ae5c64d9f,0,0,0,1,0,1,0,0,1,0,0,0,0,0,1,0
322cdbf149be931e727f2149,1,0,0,0,0,1,0,0,0,0,1,0,0,0,0,1
32305ded88bbba5c3f67810b,0,1,0,0,0,0,1,0,1,0,0,0,0,0,0,1
3233c930a2eab68facaa3465,0,1,0,0,0,0,1,0,0,0,0,1,1,0,0,0
32376c7e7c9523b4e99fde2a,1,0,0,0,0,0,0,1,0,0,1,0,0,1,0,0
323c459cb14e0bb0b32c86a0,0,0,0,1,0,0,1,0,1,0,0,0,0,1,0,0
323c4fd0bb0460a28dd4aedb,1,0,0,0,0,0,1,0,0,1,0,0,0,0,0,1
323ce3af7c5033dfeec00bcc,0,1,0,0,1,0,0,0,0,0,1,0,0,0,0,1
32405f41d3dac4168019ea30,0,0,1,0,1,0,0,0,0,1,0,0,0,0,0,1
324189b0cbad6c281d278086,0,0,0,1,1,0,0,0,0,0,1,0,0,1,0,0
324246c07482ebf695184108,1,0,0,0,0,0,0,1,0,0,1,0,0,1,0,0
3242e7c5d1455a671f689477,0,0,1,0,0,1,0,0,0,0,0,1,1,0,0,0
324660abfc83b886d54f165c,1,0,0,0,0,0,0,1,0,1,0,0,0,0,1,0
3247de5469b3712cbe3cfdef,1,0,0,0,0,0,0,1,0,1,0,0,0,0,1,0
3250b56da6710c15036d9158,1,0,0,0,0,1,0,0,0,0,1,0,0,0,0,1
3259075e1e693b86e79ef4e1,1,0,0,0,0,0,0,1,0,1,0,0,0,0,1,0
326192d7589aefbf4216f5c7,0,1,0,0,1,0,0,0,0,0,0,1,0,0,1,0
32686a724de521c658e25f40,0,1,0,0,0,0,0,1,0,0,1,0,1,0,0,0
326e1e78a34b98fd637adcdb,0,1,0,0,1,0,0,0,0,0,0,1,0,0,1,0
326eec14e2cbfdef17cb56fc,1,0,0,0,0,0,0,1,0,1,0,0,0,0,1,0
327a9ca2029cc04d09547d33,1,0,0,0,0,1,0,0,0,0,1,0,0,0,0,1
327fec3a59545ee642679ac5,0,0,0,1,0,0,1,0,1,0,0,0,0,1,0,0
3283fb170922496276425390,0,0,1,0,0,0,0,1,0,1,0,0,1,0,0,0
3298b8b0c2f4c9c0f8d0e8a0,0,1,0,0,0,0,0,1,0,0,1,0,1,0,0,0
329bebaef3091ebf79e6f878,1,0,0,0,0,0,0,1,0,0,1,0,0,1,0,0
32a1f45553945a773970dba3,0,0,0,1,1,0,0,0,0,0,1,0,0,1,0,0
32a622d0a1036fc7b682c5a7,1,0,0,0,0,0,0,1,0,0,1,0,0,1,0,0
32ac9db463e64f641b03cb52,0,1,0,0,0,0,1,0,1,0,0,0,0,0,0,1
32af344525960ccfb7402133,0,1,0,0,0,0,0,1,1,0,0,0,0,0,1,0
32bafa9d372170bc319daf5b,0,0,1,0,1,0,0,0,0,0,0,1,0,1,0,0
32bda3c5faeaed634a6e4f05,1,0,0,0,0,1,0,0,0,0,0,1,0,0,1,0
32c0d106460f2c1ba231221f,1,0,0,0,0,0,1,0,0,1,0,0,0,0,0,1
32c8097fa026534bfcea7af6,0,1,0,0,0,0,1,0,1,0,0,0,0,0,0,1
32c8b2f5261a44b66e2a82f5,1,0,0,0,0,1,0,0,0,0,1,0,0,0,0,1
32cbdeaebf864ad394ed0720,0,0,0,1,0,0,1,0,1,0,0,0,0,1,0,0
32d47d42a2d79cb408b8b0a4,0,0,0,1,1,0,0,0,0,0,1,0,0,1,0,0
32d8d20ce37fe1689a7df710,0,1,0,0,0,0,0,1,1,0,0,0,0,0,1,0
32e85251ed1e1990d7935ded,0,0,1,0,0,0,0,1,0,1,0,0,1,0,0,0
32eb0fdc4ed70d1752350964,0,0,0,1,0,1,0,0,0,0,1,0,1,0,0,0
32eb923f89e27b051174364b,1,0,0,0,0,0,1,0,0,0,0,1,0,1,0,0
32efd7cb460307630cd6e854,0,0,0,1,0,0,1,0,1,0,0,0,0,1,0,0
32efe50f340f9c9ffb90ddc1,1,0,0,0,0,0,1,0,0,0,0,1,0,1,0,0
32f8198afca2ba9cb051d57e,0,0,0,1,0,0,1,0,1,0,0,0,0,1,0,0
32fcecf0e94dfe837c7c676e,0,1,0,0,0,0,0,1,0,0,1,0,1,0,0,0
3302373d2d69be54c221f2da,0,1,0,0,1,0,0,0,0,0,1,0,0,0,0,1
331bd6fe80ee91e101988ef9,0,0,0,1,0,1,0,0,0,0,1,0,1,0,0,0
33365c6ff123e6eee3976eb3,0,0,0,1,0,0,1,0,1,0,0,0,0,1,0,0
33380d39a13fa86a0f025ae2,0,1,0,0,1,0,0,0,0,0,1,0,0,0,0,1
333f77688a918d7a358f7ced,0,1,0,0,0,0,0,1,0,0,1,0,1,0,0,0
3344cc444add156c1023823c,0,0,1,0,0,1,0,0,0,0,0,1,1,0,0,0
334ef59eb411b2146e534332,0,1,0,0,0,0,1,0,1,0,0,0,0,0,0,1
33514fbda0cb88b3445518b1,1,0,0,0,0,0,1,0,0,0,0,1,0,1,0,0
3362cddf2021b6ccbd7465d4,0,0,1,0,1,0,0,0,0,0,0,1,0,1,0,0
33654ff352ad798f62c9269d,1,0,0,0,0,0,0,1,0,1,0,0,0,0,1,0
3367caf60845a9f2a0a18977,0,1,0,0,0,0,1,0,1,0,0,0,0,0,0,1
336b50e35565f222a29c8640,1,0,0,0,0,1,0,0,0,0,1,0,0,0,0,1
336fcfd77d2e9ee4e1a6a3af,1,0,0,0,0,1,0,0,0,0,0,1,0,0,1,0
3371ba21aa55060300cb5b94,0,0,0,1,0,1,0,0,0,0,1,0,1,0,0,0
33763cae50fa56ba180dc559,0,0,1,0,0,0,0,1,1,0,0,0,0,1,0,0
3376db9a54d3af170676c28c,0,0,0,1,0,1,0,0,1,0,0,0,0,0,1,0
3378aa092dfde8b8a8a6a82c,0,0,0,1,0,1,0,0,0,0,1,0,1,0,0,0
3382fa67adfa69bec6310c17,0,0,1,0,0,0,0,1,1,0,0,0,0,1,0,0
33833649f8692759a96633dc,0,1,0,0,1,0,0,0,0,0,0,1,0,0,1,0
3383f2752b427e32e5944edc,0,1,0,0,0,0,0,1,1,0,0,0,0,0,1,0
3388c3219cc00e602289f561,0,1,0,0,0,0,1,0,1,0,0,0,0,0,0,1
338ad636e2d55528ea2f5302,0,1,0,0,1,0,0,0,0,0,0,1,0,0,1,0
338c9a996ae585f203756e4c,1,0,0,0,0,1,0,0,0,0,0,1,0,0,1,0
3397b6b28d466eb0fecf46c2,0,0,1,0,0,1,0,0,0,0,0,1,1,0,0,0
3399717d79ea4119929e0475,0,1,0,0,0,0,0,1,1,0,0,0,0,0,1,0
339bacf7551408059214dd7d,1,0,0,0,0,0,1,0,0,1,0,0,0,0,0,1
339f80462b95b108b26d668a,0,0,0,1,0,0,1,0,0,1,0,0,1,0,0,0
33aed2d061e5b7dfba7488a0,0,0,1,0,0,0,0,1,1,0,0,0,0,1,0,0
33b3af34722067b4f50ea510,1,0,0,0,0,1,0,0,0,0,1,0,0,0,0,1
33bbc77f6664bc7f8846ead3,0,1,0,0,0,0,1,0,1,0,0,0,0,0,0,1
33cd85524b5fad0d719b493f,1,0,0,0,0,0,1,0,0,1,0,0,0,0,0,1
33d36c8d582bcad95d9607ed,1,0,0,0,0,1,0,0,0,0,1,0,0,0,0,1
33d8a4dd0bc9f5527339575b,1,0,0,0,0,0,1,0,0,1,0,0,0,0,0,1
33de027e541f9a96fd1a8fff,0,0,0,1,0,1,0,0,1,0,0,0,0,0,1,0
33eebb2b660b48ee52996a75,0,0,0,1,0,1,0,0,1,0,0,0,0,0,1,0
33f104e22188c00da4b754dc,0,0,1,0,1,0,0,0,0,1,0,0,0,0,0,1
33f18346cf1035221ec841a9,0,1,0,0,0,0,0,1,0,0,1,0,1,0,0,0
3415258581578aed800b8220,0,1,0,0,0,0,1,0,0,0,0,1,1,0,0,0
341880e1a6153e22aba97386,0,1,0,0,0,0,0,1,1,0,0,0,0,0,1,0
34263446258cfc1ba1c93651,1,0,0,0,0,1,0,0,0,0,1,0,0,0,0,1
342d940ef750f0f82f8d528a,0,0,0,1,1,0,0,0,0,1,0,0,0,0,1,0
342ec73388524fc03e9fb13c,0,1,0,0,0,0,1,0,0,0,0,1,1,0,0,0
34374e0213a15cc842036bb5,0,0,0,1,0,0,1,0,0,1,0,0,1,0,0,0
343a68ebcf9357573773de99,0,0,1,0,1,0,0,0,0,1,0,0,0,0,0,1
34590251ff06df1256aae846,1,0,0,0,0,1,0,0,0,0,0,1,0,0,1,0
3461b44edde3ce249b14c6ed,1,0,0,0,0,1,0,0,0,0,0,1,0,0,1,0
346265ab744f7ae5fd1c7fc7,0,0,1,0,0,1,0,0,1,0,0,0,0,0,0,1
3486aa51e8064204a130cbf8,1,0,0,0,0,1,0,0,0,0,1,0,0,0,0,1
34895155ce3800198ff864bf,0,0,0,1,0,0,1,0,0,1,0,0,1,0,0,0
348aadab65f9170d2becd181,0,0,0,1,0,0,1,0,1,0,0,0,0,1,0,0
348b7a4c9b22d36655f055d5,0,0,1,0,1,0,0,0,0,0,0,1,0,1,0,0
348fde42ca87d5c4a73b77f2,0,0,1,0,0,0,0,1,1,0,0,0,0,1,0,0
3494a3c3ca0b94a2cf7d714d,0,1,0,0,1,0,0,0,0,0,0,1,0,0,1,0
3495e07bb4e49a1b3be262b9,0,0,1,0,0,0,0,1,0,1,0,0,1,0,0,0
34963daee060c34b47cbed5c,0,0,0,1,1,0,0,0,0,1,0,0,0,0,1,0
34971265c43bff6a33477b19,1,0,0,0,0,0,0,1,0,0,1,0,0,1,0,0
34985dbcf5ae846a1abb09a7,0,1,0,0,0,0,1,0,0,0,0,1,1,0,0,0
349b2a89a2e34f96f290791a,0,0,0,1,0,1,0,0,0,0,1,0,1,0,0,0
34afea0c1de0f2bda616188f,0,0,0,1,1,0,0,0,0,0,1,0,0,1,0,0
34b484b631c80192442b0bdc,0,0,0,1,0,0,1,0,1,0,0,0,0,1,0,0
34b7de67e9266ea2faf9334d,0,1,0,0,1,0,0,0,0,0,0,1,0,0,1,0
34c53ca94e495bd2c8f7e26f,1,0,0,0,0,0,0,1,0,1,0,0,0,0,1,0
34cde205dc877bd09d935778,0,0,0,1,0,1,0,0,0,0,1,0,1,0,0,0
34cefe4595b3d4e76f08b8e5,0,0,1,0,1,0,0,0,0,0,0,1,0,1,0,0
34de293853a0e321d2392996,0,0,0,1,0,1,0,0,0,0,1,0,1,0,0,0
34df1861160e89d6fc884ebc,0,1,0,0,1,0,0,0,0,0,1,0,0,0,0,1
34df8ad48b2a7aacfb1562b8,0,0,0,1,1,0,0,0,0,1,0,0,0,0,1,0
34e3d9d84ccea4837b8cd5e2,0,0,0,1,0,0,1,0,0,1,0,0,1,0,0,0
34e8c41b80f5e8430f79058e,0,0,0,1,1,0,0,0,0,0,1,0,0,1,0,0
34ea23436719bf29935efcc0,1,0,0,0,0,0,1,0,0,1,0,0,0,0,0,1
34ebfbf0cd79577bed49a452,0,1,0,0,0,0,1,0,0,0,0,1,1,0,0,0
34eea6b2b7d487fbcd29700e,0,1,0,0,0,0,0,1,0,0,1,0,1,0,0,0
3517b6bd92925b8487b40d7e,0,0,0,1,1,0,0,0,0,0,1,0,0,1,0,0
35216e6973157a86f3893cfe,0,1,0,0,0,0,1,0,1,0,0,0,0,0,0,1
3524bd53a6f6a648e665eec9,0,0,1,0,0,0,0,1,0,1,0,0,1,0,0,0
353c5600f951c7b2183f760c,0,1,0,0,1,0,0,0,0,0,0,1,0,0,1,0
353fb7a9b48a5c676d69560d,0,0,1,0,0,0,0,1,1,0,0,0,0,1,0,0
354115c91a5948953ea22412,0,0,1,0,0,0,0,1,0,1,0,0,1,0,0,0
35418c36390f861deb0badcc,0,0,1,0,0,0,0,1,0,1,0,0,1,0,0,0
3545543c6ba05b042664f72d,1,0,0,0,0,0,0,1,0,1,0,0,0,0,1,0
35480f432bdd6a12e7ef2118,1,0,0,0,0,1,0,0,0,0,1,0,0,0,0,1
3555a160116ff7026c92a041,0,1,0,0,1,0,0,0,0,0,1,0,0,0,0,1
35560c31ed06361e3e2b4b61,0,0,1,0,0,1,0,0,0,0,0,1,1,0,0,0
355a6c9ee2149d55c3deb615,0,0,0,1,0,1,0,0,1,0,0,0,0,0,1,0
355d361771aee317539aa605,0,0,1,0,0,0,0,1,1,0,0,0,0,1,0,0
35602c855548146adf096678,0,0,1,0,1,0,0,0,0,0,0,1,0,1,0,0
35624d7fd9eefb325a1fdba4,0,0,1,0,1,0,0,0,0,0,0,1,0,1,0,0
356306919490f00cfa00b982,0,0,1,0,1,0,0,0,0,0,0,1,0,1,0,0
356ac46a5a1ae78466da966c,0,0,1,0,1,0,0,0,0,1,0,0,0,0,0,1
356f95daa3ca3f070134e8cd,0,0,1,0,0,1,0,0,1,0,0,0,0,0,0,1
3571cd502225e6ec9c256d1e,1,0,0,0,0,1,0,0,0,0,1,0,0,0,0,1
35727e99c0a095a5ba23c958,0,1,0,0,1,0,0,0,0,0,1,0,0,0,0,1
357aa2817a703a8a72d6740a,0,1,0,0,0,0,0,1,0,0,1,0,1,0,0,0
358089098ffbdb0dbda4b05e,0,0,0,1,1,0,0,0,0,1,0,0,0,0,1,0
35848e4d7f4bc0e67a46d92b,0,0,1,0,1,0,0,0,0,0,0,1,0,1,0,0
35853dd26398622af22323a8,0,0,1,0,0,0,0,1,1,0,0,0,0,1,0,0
358a3fa29e1ce13344d6fbe8,0,0,0,1,1,0,0,0,0,0,1,0,0,1,0,0
3590eb3929f302557f9f36fe,0,0,1,0,0,1,0,0,1,0,0,0,0,0,0,1
359ec65cb83f301cad689636,0,1,0,0,0,0,1,0,0,0,0,1,1,0,0,0
35a36c512d5f1398d88a1239,0,1,0,0,1,0,0,0,0,0,0,1,0,0,1,0
35b2f17c540e78b2d32cecb2,1,0,0,0,0,1,0,0,0,0,1,0,0,0,0,1
35b9ac6693b91ab1b1466793,0,0,0,1,0,0,1,0,0,1,0,0,1,0,0,0
35bc53fd64675d4674a3c20a,0,0,1,0,0,0,0,1,1,0,0,0,0,1,0,0
35bfb956d3ea0dac25c484cf,1,0,0,0,0,0,1,0,0,1,0,0,0,0,0,1
35caa2094abf7c6de64acf05,0,1,0,0,1,0,0,0,0,0,1,0,0,0,0,1
35cd0edc0d1bc5ff0ad8192c,0,1,0,0,0,0,0,1,1,0,0,0,0,0,1,0
35d7361043565397e9677a17,1,0,0,0,0,0,1,0,0,0,0,1,0,1,0,0
35d980532bdd487f679bb550,1,0,0,0,0,0,0,1,0,1,0,0,0,0,1,0
35eaf58f1fd9a1dac9e03592,0,0,1,0,0,1,0,0,1,0,0,0,0,0,0,1
35ef9f2fcc860400e92cfb3a,0,1,0,0,1,0,0,0,0,0,0,1,0,0,1,0
35efe3bc35bff5878d1d44b4,0,0,1,0,0,0,0,1,1,0,0,0,0,1,0,0
35f0c38fe7be919a1f8f08f4,0,0,1,0,0,0,0,1,1,0,0,0,0,1,0,0
35f816d901403fb647d9793a,0,0,1,0,1,0,0,0,0,0,0,1,0,1,0,0
35fb8d3951d2f05f6a472fda,0,1,0,0,0,0,0,1,1,0,0,0,0,0,1,0
35ff0632d4f7246cf6ac50e8,0,0,0,1,0,1,0,0,0,0,1,0,1,0,0,0
360c44e098ae20357347b784,0,0,1,0,1,0,0,0,0,1,0,0,0,0,0,1
360d29470df5786e05be8137,0,1,0,0,0,0,0,1,1,0,0,0,0,0,1,0
360d89eeee76a628a252cb64,0,1,0,0,0,0,1,0,0,0,0,1,1,0,0,0
3610aea51b1c861b4b990a6e,0,1,0,0,0,0,1,0,1,0,0,0,0,0,0,1
361fd81f9d1a48419e04d7ff,0,1,0,0,0,0,0,1,1,0,0,0,0,0,1,0
36225e7695c4bd92f0709db1,0,1,0,0,0,0,1,0,0,0,0,1,1,0,0,0
3633bd42191a74b0c10b0135,0,1,0,0,1,0,0,0,0,0,0,1,0,0,1,0
3638c58d57cb4b09dfde63fb,1,0,0,0,0,1,0,0,0,0,1,0,0,0,0,1
363a8e36c1a134b2cead1e46,1,0,0,0,0,0,0,1,0,0,1,0,0,1,0,0
363cd195fafd0f123945fa3f,0,0,1,0,0,1,0,0,0,0,0,1,1,0,0,0
363fdc81b883d5bc191effbe,0,1,0,0,0,0,0,1,1,0,0,0,0,0,1,0
36420092b4fbb2ce6f8791b7,1,0,0,0,0,0,0,1,0,1,0,0,0,0,1,0
364b224976d53d1cad7cbe9f,0,0,0,1,0,1,0,0,0,0,1,0,1,0,0,0
364e395bd0ab6e8bf819ca05,1,0,0,0,0,0,0,1,0,0,1,0,0,1,0,0
3661a05ad3efdb0810fc4900,0,1,0,0,0,0,1,0,0,0,0,1,1,0,0,0
36649c9865780be6c99fa317,0,0,1,0,0,1,0,0,1,0,0,0,0,0,0,1
36687e7e6f940079302101aa,0,1,0,0,1,0,0,0,0,0,0,1,0,0,1,0
36740d2636e468d1dc628c3a,0,0,0,1,1,0,0,0,0,0,1,0,0,1,0,0
3678650e40f2adf232d4ce16,1,0,0,0,0,0,1,0,0,0,0,1,0,1,0,0
367af83561106e1808ea708f,1,0,0,0,0,0,0,1,0,1,0,0,0,0,1,0
36834aa228453c346d5b622f,0,1,0,0,1,0,0,0,0,0,0,1,0,0,1,0
3684da0793d30011a7808f0c,0,1,0,0,0,0,1,0,0,0,0,1,1,0,0,0
3689157f2b09439cb1056dcc,1,0,0,0,0,0,0,1,0,0,1,0,0,1,0,0
368a36eaf62594d7f4a6a1c9,0,0,0,1,1,0,0,0,0,1,0,0,0,0,1,0
368aebf600fa5d2f43fc377a,0,0,1,0,0,0,0,1,0,1,0,0,1,0,0,0
369b820744c2481cb318a666,0,1,0,0,0,0,1,0,0,0,0,1,1,0,0,0
369d4d6d9c77fd3fc856881f,0,0,0,1,0,1,0,0,0,0,1,0,1,0,0,0
369f82506efab2bca9ff3a14,0,1,0,0,0,0,0,1,1,0,0,0,0,0,1,0
36a1efad3e6eb7707b907283,0,1,0,0,0,0,1,0,1,0,0,0,0,0,0,1
36a44c40fde3b022ca4b9c42,1,0,0,0,0,1,0,0,0,0,1,0,0,0,0,1
36aca5f4429e87d639809cc2,1,0,0,0,0,1,0,0,0,0,0,1,0,0,1,0
36ae90888bde8739a3bdb152,0,1,0,0,0,0,1,0,1,0,0,0,0,0,0,1
36c0a15efd4939f1fc0facfb,0,0,0,1,1,0,0,0,0,1,0,0,0,0,1,0
36e17ed1cdbcf5a09343668b,0,0,1,0,0,1,0,0,0,0,0,1,1,0,0,0
36f0b2874cda36c7cad342aa,1,0,0,0,0,0,0,1,0,1,0,0,0,0,1,0
36f511b7c427f7adc3521a46,1,0,0,0,0,0,0,1,0,1,0,0,0,0,1,0
36f5e11012bbb2680a5615c4,0,0,0,1,0,0,1,0,1,0,0,0,0,1,0,0
36f616c669fb900c26717cfe,1,0,0,0,0,0,1,0,0,1,0,0,0,0,0,1
36f76ad0a425f99b7732a4d6,0,1,0,0,0,0,1,0,1,0,0,0,0,0,0,1
3707aa61477ca05a847599ed,0,0,1,0,0,0,0,1,0,1,0,0,1,0,0,0
37103a1d4b02fe254f436278,0,0,0,1,1,0,0,0,0,0,1,0,0,1,0,0
37179029f8a64acf332307e6,1,0,0,0,0,1,0,0,0,0,1,0,0,0,0,1
3718435c823d49012291f4bd,1,0,0,0,0,0,0,1,0,0,1,0,0,1,0,0
372302bc36d6cb725f5ddf48,0,1,0,0,1,0,0,0,0,0,1,0,0,0,0,1
3734a0129bc88b38689e2a44,0,0,1,0,0,0,0,1,0,1,0,0,1,0,0,0
37354d4b1add78d0ae93bf44,0,1,0,0,0,0,1,0,1,0,0,0,0,0,0,1
3735bed5dccd4418d509a426,0,0,0,1,0,0,1,0,1,0,0,0,0,1,0,0
37426dd5d9ff3bd578d2e46c,1,0,0,0,0,0,1,0,0,1,0,0,0,0,0,1
37463af0c9f07bf24a2c6a4a,1,0,0,0,0,0,1,0,0,0,0,1,0,1,0,0
375a13266e02457873b507f4,0,0,0,1,1,0,0,0,0,0,1,0,0,1,0,0
375a1cef1de510322298ae71,0,1,0,0,1,0,0,0,0,0,1,0,0,0,0,1
3760dbbf2a0879068d0bc1f2,0,0,0,1,0,1,0,0,1,0,0,0,0,0,1,0
37694cd96e8f566f4fc83c72,0,0,1,0,1,0,0,0,0,1,0,0,0,0,0,1
376e96b6585b5082bf9239b5,0,1,0,0,0,0,0,1,0,0,1,0,1,0,0,0
376ee3a19a7bebde3c270060,0,1,0,0,1,0,0,0,0,0,1,0,0,0,0,1
3775e1a7fb5a4fd0f33f6e04,1,0,0,0,0,0,1,0,0,0,0,1,0,1,0,0
377a045fe64de614f6bc0f13,0,0,1,0,0,1,0,0,1,0,0,0,0,0,0,1
3781bfee1f12938ef732811e,0,1,0,0,0,0,0,1,0,0,1,0,1,0,0,0
378c63a1acd6877c3b1b3121,0,1,0,0,0,0,1,0,0,0,0,1,1,0,0,0
378f08741a3a348f225d40a9,1,0,0,0,0,1,0,0,0,0,0,1,0,0,1,0
3794e32973bb9c6e997b9d5c,0,0,0,1,0,1,0,0,1,0,0,0,0,0,1,0
379808fe8c251c9dbcf30cda,0,0,0,1,0,1,0,0,0,0,1,0,1,0,0,0
3799f5d282ce3a63cce4d1ea,0,0,1,0,1,0,0,0,0,0,0,1,0,1,0,0
37a594d8041e400212a463fb,0,0,0,1,0,1,0,0,0,0,1,0,1,0,0,0
37a6a88ec5ebfe249fae8ee7,1,0,0,0,0,1,0,0,0,0,1,0,0,0,0,1
37b6ae27f49491d5f3ff8c55,0,0,1,0,0,0,0,1,1,0,0,0,0,1,0,0
37cbbdfca94462a038d760cc,0,0,0,1,0,0,1,0,0,1,0,0,1,0,0,0
37d6802b91bc831d335adb6f,1,0,0,0,0,0,1,0,0,1,0,0,0,0,0,1
37da612f5bdbcbb7318b4bdf,1,0,0,0,0,0,0,1,0,1,0,0,0,0,1,0
37de379934be88db1c49d8d9,0,0,1,0,0,0,0,1,1,0,0,0,0,1,0,0
37e60efd3fb3a1fa7f434edd,1,0,0,0,0,0,1,0,0,1,0,0,0,0,0,1
37f354ce0b9ac902297dae99,0,0,0,1,0,0,1,0,0,1,0,0,1,0,0,0
37f7c24fb946ae9a22df2282,0,0,1,0,0,0,0,1,0,1,0,0,1,0,0,0
37f89a3f9c238168c1c60b14,0,0,1,0,0,0,0,1,1,0,0,0,0,1,0,0
38023abbd0240531d2ce4b94,0,0,0,1,1,0,0,0,0,0,1,0,0,1,0,0
380306de9581a0b0c25cbfe6,1,0,0,0,0,0,0,1,0,1,0,0,0,0,1,0
38035a7ca47516da75383da3,0,0,1,0,1,0,0,0,0,1,0,0,0,0,0,1
380bbd4a50cdf19f7edc4c43,0,1,0,0,0,0,1,0,1,0,0,0,0,0,0,1
380dc8336a549804a13ad25a,0,0,0,1,1,0,0,0,0,1,0,0,0,0,1,0
380feaa4848b458cd40511af,0,0,1,0,1,0,0,0,0,1,0,0,0,0,0,1
381ca9c805cd3ba8260bfa8f,1,0,0,0,0,1,0,0,0,0,1,0,0,0,0,1
3825bac88a73a2304db7ecc1,0,0,1,0,1,0,0,0,0,0,0,1,0,1,0,0
3827bca8dbf05b04dca6a95f,0,1,0,0,0,0,0,1,0,0,1,0,1,0,0,0
3833fecc05a41aac9fb23689,0,0,1,0,0,1,0,0,0,0,0,1,1,0,0,0
38405a8f0a921a4fca28c706,1,0,0,0,0,0,0,1,0,1,0,0,0,0,1,0
384c7f260271091b08333347,0,0,0,1,0,0,1,0,0,1,0,0,1,0,0,0
3850732c3c84b9b00039a166,0,0,1,0,0,1,0,0,0,0,0,1,1,0,0,0
3854e57ceff2bb90743dc8c6,0,0,0,1,0,1,0,0,1,0,0,0,0,0,1,0
38558345aa6321f2ec3a105d,0,0,1,0,0,0,0,1,0,1,0,0,1,0,0,0
385b70e4b155fa74c1a963e6,0,0,0,1,1,0,0,0,0,1,0,0,0,0,1,0
385f61d8758bbf763b2f147a,1,0,0,0,0,0,1,0,0,1,0,0,0,0,0,1
3860fa7703eaa6ae9dcd2ba4,1,0,0,0,0,0,1,0,0,0,0,1,0,1,0,0
386e0c079f2d54bbcb788381,0,1,0,0,0,0,1,0,0,0,0,1,1,0,0,0
387598027e92a54f95083094,0,0,0,1,1,0,0,0,0,1,0,0,0,0,1,0
3883c535d324dc12e2c26e8b,0,1,0,0,1,0,0,0,0,0,0,1,0,0,1,0
388d32a7f7ad4fb83de362d6,1,0,0,0,0,0,0,1,0,0,1,0,0,1,0,0
388dafa343c02ed4d9a6bc7c,0,1,0,0,1,0,0,0,0,0,0,1,0,0,1,0
388eabe3bed3f632192b5d0a,0,0,1,0,0,1,0,0,1,0,0,0,0,0,0,1
389a47ef062fde18e71112b8,0,1,0,0,1,0,0,0,0,0,0,1,0,0,1,0
389c26e1d9460d7c095a4419,0,0,0,1,0,1,0,0,0,0,1,0,1,0,0,0
38a4fdc693be523f894ef1ad,0,1,0,0,0,0,1,0,1,0,0,0,0,0,0,1
38a5b316395b20d3834e7e67,0,0,1,0,0,0,0,1,1,0,0,0,0,1,0,0
38ba5da6e74818e43189969e,0,1,0,0,1,0,0,0,0,0,1,0,0,0,0,1
38c19d7136f4362779683349,0,0,0,1,1,0,0,0,0,1,0,0,0,0,1,0
38cc1a12a616e748d6f0ade7,0,1,0,0,0,0,1,0,0,0,0,1,1,0,0,0
38cfd2241dd9a3b2fede6852,0,1,0,0,0,0,0,1,1,0,0,0,0,0,1,0
38d0c4ad4f471801a1e2dbfe,0,1,0,0,0,0,0,1,0,0,1,0,1,0,0,0
38db3122e50ae5b9f4b59f05,0,0,1,0,1,0,0,0,0,1,0,0,0,0,0,1
38ddb13f754ad2b052e630ec,0,1,0,0,0,0,1,0,0,0,0,1,1,0,0,0
38df8bb5ba2616fd2697c791,0,0,0,1,1,0,0,0,0,0,1,0,0,1,0,0
38e8fd6c805292f81605022f,0,0,0,1,0,1,0,0,0,0,1,0,1,0,0,0
38ef0f8e7d63bfd846a7c7c4,0,0,1,0,1,0,0,0,0,0,0,1,0,1,0,0
38ef780feb522e2df159769f,1,0,0,0,0,0,0,1,0,0,1,0,0,1,0,0
38f08a05b1ab1c4d73e307ce,1,0,0,0,0,0,0,1,0,1,0,0,0,0,1,0
38f14069548bb02d67d5fb8c,1,0,0,0,0,0,0,1,0,0,1,0,0,1,0,0
38f2fc03a9345882dad291f2,1,0,0,0,0,0,1,0,0,1,0,0,0,0,0,1
39059e0f866b1c6b0b91fced,1,0,0,0,0,0,1,0,0,0,0,1,0,1,0,0
390e1c3f04d851e0106b7895,0,0,1,0,1,0,0,0,0,1,0,0,0,0,0,1
390f0cb7243d026222f0145f,0,0,1,0,0,1,0,0,1,0,0,0,0,0,0,1
391311f7c12cb18a27dc2221,0,0,1,0,0,0,0,1,1,0,0,0,0,1,0,0
3915fde673b0c6f0b92aa18c,0,1,0,0,1,0,0,0,0,0,0,1,0,0,1,0
392f6a40f2d73445aba3168e,0,0,0,1,0,0,1,0,1,0,0,0,0,1,0,0
393618a230419ed0f25a5168,0,0,1,0,0,0,0,1,0,1,0,0,1,0,0,0
39386f1d4ad021e3071b3bd9,0,1,0,0,1,0,0,0,0,0,1,0,0,0,0,1
393dc3ebfbabef85dede44cf,0,1,0,0,1,0,0,0,0,0,1,0,0,0,0,1
3941a6537d7d94244afca5fa,1,0,0,0,0,0,0,1,0,1,0,0,0,0,1,0
3953a1da65235b604c3f3205,0,0,1,0,0,1,0,0,1,0,0,0,0,0,0,1
3956fdee44a85a80a796f707,0,1,0,0,0,0,1,0,1,0,0,0,0,0,0,1
39701052b062c10a5cf59256,1,0,0,0,0,0,0,1,0,1,0,0,0,0,1,0
3972413f22f6c3921968f040,1,0,0,0,0,0,1,0,0,1,0,0,0,0,0,1
397d7a53417618231463753e,1,0,0,0,0,1,0,0,0,0,0,1,0,0,1,0
398213a5e475e2b277b8e609,0,0,0,1,1,0,0,0,0,0,1,0,0,1,0,0
3985e2fef36e50b98099b5f9,0,0,0,1,0,1,0,0,1,0,0,0,0,0,1,0
398c282d9d17ec246f264cd2,0,1,0,0,0,0,0,1,1,0,0,0,0,0,1,0
398e40aded104c80579536cd,0,0,0,1,0,0,1,0,0,1,0,0,1,0,0,0
398f84bcc2177bf1d8cafcde,1,0,0,0,0,0,1,0,0,0,0,1,0,1,0,0
39a5cc51708312a14c9e330f,0,0,0,1,1,0,0,0,0,0,1,0,0,1,0,0
39a6e999de4885ea23efe9ac,1,0,0,0,0,1,0,0,0,0,0,1,0,0,1,0
39a8a77a9963fe5e179d9c41,0,0,0,1,0,1,0,0,1,0,0,0,0,0,1,0
39a8c9c0116360136f69a19c,1,0,0,0,0,0,1,0,0,1,0,0,0,0,0,1
39a8eba1e0ed9d38c99f381b,1,0,0,0,0,0,1,0,0,1,0,0,0,0,0,1
39a8fb6e4fd9f8b45ef70850,0,0,1,0,1,0,0,0,0,1,0,0,0,0,0,1
39ac9555cb4d1d4b5d635f8b,0,0,1,0,0,0,0,1,1,0,0,0,0,1,0,0
39b28291ee713996aa731995,0,0,1,0,0,1,0,0,0,0,0,1,1,0,0,0
39b439a3f9fef9280e989af1,1,0,0,0,0,0,0,1,0,0,1,0,0,1,0,0
39b8cbf56c2e938defef444c,1,0,0,0,0,0,0,1,0,1,0,0,0,0,1,0
39c514053e845bec69a05e2a,0,0,0,1,0,1,0,0,0,0,1,0,1,0,0,0
39cc277803838d49f9431b10,1,0,0,0,0,1,0,0,0,0,1,0,0,0,0,1
39cd19405681120bf0e9ca51,0,0,1,0,0,0,0,1,0,1,0,0,1,0,0,0
39d49988e134f5573ee9c961,1,0,0,0,0,1,0,0,0,0,0,1,0,0,1,0
39dc82ef5e4dc5bf7de68a20,0,1,0,0,0,0,1,0,0,0,0,1,1,0,0,0
39e265b1394a8cca01cf86b3,0,1,0,0,0,0,1,0,0,0,0,1,1,0,0,0
39ed63ba05f896099205b5f8,0,1,0,0,0,0,1,0,1,0,0,0,0,0,0,1
39f3d76f514b6ef2ddbed99b,0,1,0,0,0,0,1,0,1,0,0,0,0,0,0,1
39f6e46e739f6954f689ecaa,0,1,0,0,0,0,1,0,1,0,0,0,0,0,0,1
39fc1bd0f40666e3b569df43,0,0,0,1,1,0,0,0,0,0,1,0,0,1,0,0
3a0f47bf49375baf713b57dc,0,0,0,1,0,0,1,0,1,0,0,0,0,1,0,0
3a18d95c88fe8acc3fbab61d,0,1,0,0,0,0,1,0,1,0,0,0,0,0,0,1
3a1e48c4e7fd6d308d8ab77a,1,0,0,0,0,0,0,1,0,0,1,0,0,1,0,0
3a22de491637cf87a6743d0c,0,1,0,0,0,0,1,0,0,0,0,1,1,0,0,0
3a25c6d595535e53752085a6,1,0,0,0,0,0,0,1,0,1,0,0,0,0,1,0
3a29c3e88857a3ece63ed694,0,0,1,0,1,0,0,0,0,1,0,0,0,0,0,1
3a310e01932e3805826cf0af,0,0,1,0,1,0,0,0,0,0,0,1,0,1,0,0
3a4509618994c8c281967673,0,0,0,1,1,0,0,0,0,1,0,0,0,0,1,0
3a4de0bf9400c50a381e5c50,0,0,0,1,1,0,0,0,0,0,1,0,0,1,0,0
3a527e1c1f4ca53b2e36c8fa,0,0,1,0,0,1,0,0,1,0,0,0,0,0,0,1
3a62ddfd70135f4170885258,0,0,1,0,0,1,0,0,1,0,0,0,0,0,0,1
3a6aa578758e07887eaacb1f,0,0,1,0,1,0,0,0,0,0,0,1,0,1,0,0
3a6bcd0ca1696535ffbe825e,1,0,0,0,0,0,0,1,0,0,1,0,0,1,0,0
3a7f666e7a99bbe6338e8fdd,0,0,1,0,1,0,0,0,0,1,0,0,0,0,0,1
3a865a7c4cd08c4ce76bf0d1,0,0,0,1,0,1,0,0,1,0,0,0,0,0,1,0
3a8aa9fe7a4f0dbe7e2830cd,0,1,0,0,0,0,1,0,1,0,0,0,0,0,0,1
3a8c2c7694e4e1f9689cb243,0,0,0,1,1,0,0,0,0,1,0,0,0,0,1,0
3a8cc2bdd59a4a110a149947,0,1,0,0,1,0,0,0,0,0,1,0,0,0,0,1
3a9e12a43c2ccfba91d85ff6,1,0,0,0,0,0,0,1,0,1,0,0,0,0,1,0
3a9f989a82e7c78fb4dba513,0,0,0,1,1,0,0,0,0,1,0,0,0,0,1,0
3aa41a941b03c619dfe95351,0,0,0,1,0,1,0,0,0,0,1,0,1,0,0,0
3aa53683c1c205771df07a95,0,0,1,0,0,1,0,0,0,0,0,1,1,0,0,0
3aa75569b7f9be07281e2a8d,0,0,0,1,0,1,0,0,0,0,1,0,1,0,0,0
3aa7ff614dacbd576aeadd69,0,1,0,0,0,0,0,1,0,0,1,0,1,0,0,0
3ab2a67be9949a4ee68a2864,0,0,1,0,0,0,0,1,1,0,0,0,0,1,0,0
3ab9b94831b72c3b1f24e45a,0,1,0,0,1,0,0,0,0,0,0,1,0,0,1,0
3abe7d4b6970b0cc00cdfa82,0,1,0,0,1,0,0,0,0,0,0,1,0,0,1,0
3ac94b6afb951e44efa495cf,1,0,0,0,0,1,0,0,0,0,0,1,0,0,1,0
3acac363e223a91819831ef6,0,0,1,0,0,1,0,0,1,0,0,0,0,0,0,1
3ad81886e43a023ec90027ad,1,0,0,0,0,0,1,0,0,1,0,0,0,0,0,1
3ae3c1d0d60b0f08383645f1,0,0,0,1,1,0,0,0,0,0,1,0,0,1,0,0
3aedf189477a6a1d200471c4,0,0,0,1,0,1,0,0,0,0,1,0,1,0,0,0
3aedf708e518f7b83036f3a4,0,0,1,0,0,1,0,0,1,0,0,0,0,0,0,1
3af26d4b2c19b9fa823e8cc2,0,0,1,0,1,0,0,0,0,1,0,0,0,0,0,1
3b007dba792fcf93d6719d79,0,1,0,0,0,0,0,1,0,0,1,0,1,0,0,0
3b12b5ec18cbe6742edef7cb,0,0,0,1,0,1,0,0,1,0,0,0,0,0,1,0
3b1cb1be14520c104002b600,0,0,0,1,0,0,1,0,1,0,0,0,0,1,0,0
3b2cb60aa1fc95c7a2e60844,0,0,1,0,0,1,0,0,0,0,0,1,1,0,0,0
3b5dcbbe9b1ff44f7b050c5f,0,0,1,0,0,1,0,0,1,0,0,0,0,0,0,1
3b66dcbc9b2bc7ea59cb2b57,1,0,0,0,0,0,0,1,0,1,0,0,0,0,1,0
3b6dbbbf67a05d09b0689ef0,0,0,0,1,0,0,1,0,0,1,0,0,1,0,0,0
3b745b1df99c13d1e5a094ff,0,0,1,0,1,0,0,0,0,1,0,0,0,0,0,1
3b745b2cfe2deecefd75500c,0,1,0,0,0,0,1,0,1,0,0,0,0,0,0,1
3b7866e710ef509c45e478b9,0,0,1,0,1,0,0,0,0,0,0,1,0,1,0,0
3b7a8025889505ef3039d916,1,0,0,0,0,0,0,1,0,1,0,0,0,0,1,0
3b8058a1965a05114ab3e2fe,0,1,0,0,0,0,1,0,0,0,0,1,1,0,0,0
3b839aab153d331858bcef17,0,1,0,0,0,0,1,0,0,0,0,1,1,0,0,0
3b90fff078831d1e541991e4,0,0,0,1,1,0,0,0,0,1,0,0,0,0,1,0
3ba00351d774ec14c813f676,0,0,0,1,0,0,1,0,0,1,0,0,1,0,0,0
3ba272b99e12abfb84fac0ad,0,0,1,0,1,0,0,0,0,1,0,0,0,0,0,1
3ba2aad2adef071356a5cb6c,1,0,0,0,0,1,0,0,0,0,0,1,0,0,1,0
3bb0e09a6c34bfa7212fa9cd,1,0,0,0,0,1,0,0,0,0,0,1,0,0,1,0
3bbafd3441793157ccc6ba3f,1,0,0,0,0,1,0,0,0,0,1,0,0,0,0,1
3bc0fad4c765a186e8c0f773,0,1,0,0,0,0,0,1,1,0,0,0,0,0,1,0
3bc45d03367e1df21f9bf70c,1,0,0,0,0,1,0,0,0,0,1,0,0,0,0,1
3bd2646b4c0170387be5a38b,0,1,0,0,1,0,0,0,0,0,0,1,0,0,1,0
3bde5074d499bd05db1f0db8,1,0,0,0,0,0,0,1,0,0,1,0,0,1,0,0
3be18d8867bdebf4c7a8745a,0,0,1,0,1,0,0,0,0,0,0,1,0,1,0,0
3be1c9225172614a6fcd8b8f,0,1,0,0,1,0,0,0,0,0,0,1,0,0,1,0
3be676b89554db861ad19364,0,1,0,0,0,0,0,1,1,0,0,0,0,0,1,0
3bf28d699190dd1957708410,0,1,0,0,1,0,0,0,0,0,1,0,0,0,0,1
3bfa8a9f7cbc54ee2f95e633,1,0,0,0,0,0,1,0,0,0,0,1,0,1,0,0
3bfd7b9f61aab79430a77a84,1,0,0,0,0,1,0,0,0,0,0,1,0,0,1,0
3c14916736f81b83acf6bbbe,0,1,0,0,0,0,1,0,1,0,0,0,0,0,0,1
3c18bab287f46957a3ca50ce,0,0,1,0,0,0,0,1,0,1,0,0,1,0,0,0
3c2368e39a4ee6e4e704bc03,1,0,0,0,0,0,0,1,0,1,0,0,0,0,1,0
3c240adcf7192ec50fc15133,0,1,0,0,0,0,1,0,1,0,0,0,0,0,0,1
3c2c0edb2fb3cf61dab47853,0,0,0,1,1,0,0,0,0,1,0,0,0,0,1,0
3c2c7edc233d2d64169723ff,0,0,0,1,0,0,1,0,1,0,0,0,0,1,0,0
3c3d9eb9fc01300a31272eee,1,0,0,0,0,0,1,0,0,0,0,1,0,1,0,0
3c3dc24fc4f3ddbf594d4d8a,1,0,0,0,0,0,0,1,0,1,0,0,0,0,1,0
3c3fff70119aa28ce070be8f,0,1,0,0,0,0,1,0,1,0,0,0,0,0,0,1
3c41393e73f0c566784d5b69,1,0,0,0,0,0,1,0,0,1,0,0,0,0,0,1
3c441aba16d3cbd5f03e173f,1,0,0,0,0,0,1,0,0,1,0,0,0,0,0,1
3c477cac56604c0306ebc4e4,0,0,0,1,0,1,0,0,0,0,1,0,1,0,0,0
3c4a6ce1c6dbeaf944433e7e,0,0,1,0,0,1,0,0,0,0,0,1,1,0,0,0
3c4c39985aa51542d4977dec,0,1,0,0,0,0,1,0,1,0,0,0,0,0,0,1
3c530a4375fa079c180a618a,1,0,0,0,0,0,0,1,0,0,1,0,0,1,0,0
3c576fd7d04d4f4315e16b8f,0,1,0,0,0,0,0,1,1,0,0,0,0,0,1,0
3c6af49fe4c9cbf102e0d6ea,0,1,0,0,0,0,1,0,0,0,0,1,1,0,0,0
3c6c2f5c9fa1af89d07f234d,0,0,1,0,0,1,0,0,0,0,0,1,1,0,0,0
3c79320f4f4452e03ae169bc,0,1,0,0,0,0,0,1,0,0,1,0,1,0,0,0
3c7cb2db9374415342f2332b,0,0,0,1,0,0,1,0,0,1,0,0,1,0,0,0
3c7f9ba5ca2bf5442a3350f4,0,0,1,0,0,0,0,1,0,1,0,0,1,0,0,0
3c81784b40807b6be370011c,0,0,0,1,1,0,0,0,0,1,0,0,0,0,1,0
3c81954e2f0316772c598557,0,0,0,1,0,0,1,0,0,1,0,0,1,0,0,0
3c83128c3e6e5113774ea0db,1,0,0,0,0,0,1,0,0,0,0,1,0,1,0,0
3c89f65f187da4fd25368e52,1,0,0,0,0,0,0,1,0,0,1,0,0,1,0,0
3c8e614f1165c01e9d524be9,0,0,0,1,1,0,0,0,0,1,0,0,0,0,1,0
3c92196ec24ae81580acbf64,0,1,0,0,1,0,0,0,0,0,0,1,0,0,1,0
3c92b26b1333dadd054304d1,0,0,1,0,0,0,0,1,0,1,0,0,1,0,0,0
3c96baea5486a06ccdde13e3,0,0,1,0,0,1,0,0,0,0,0,1,1,0,0,0
3c976a61e47336d2ffc88d74,1,0,0,0,0,1,0,0,0,0,0,1,0,0,1,0
3c9810b77c31125c296f1155,1,0,0,0,0,0,0,1,0,1,0,0,0,0,1,0
3ca5909910c03237513d8e93,0,0,0,1,1,0,0,0,0,0,1,0,0,1,0,0
3cb1cabc151dec7671d613cb,1,0,0,0,0,0,0,1,0,1,0,0,0,0,1,0
3cbed502e10aaa39001879f7,0,0,0,1,1,0,0,0,0,0,1,0,0,1,0,0
3cc76452f82c6674249de1ec,0,0,1,0,0,0,0,1,1,0,0,0,0,1,0,0
3cc9252785d27c928bdd023b,1,0,0,0,0,0,1,0,0,1,0,0,0,0,0,1
3cceddd2cc272375b9c75424,1,0,0,0,0,1,0,0,0,0,1,0,0,0,0,1
3cd2807a4321c0ccb9f49c71,1,0,0,0,0,1,0,0,0,0,1,0,0,0,0,1
3cda4b500a593d98bc574e29,0,1,0,0,0,0,1,0,1,0,0,0,0,0,0,1
3ce27e351c9023cc6d203d43,0,1,0,0,0,0,1,0,0,0,0,1,1,0,0,0
3cecbb067315929c2eb8ae9c,0,0,0,1,0,0,1,0,1,0,0,0,0,1,0,0
3cee2b845c3d40ac7227e07a,1,0,0,0,0,0,1,0,0,0,0,1,0,1,0,0
3cf3fbe6808a938a242e8e60,0,0,0,1,0,0,1,0,1,0,0,0,0,1,0,0
3cf4c438e16a5860185b5497,0,1,0,0,1,0,0,0,0,0,0,1,0,0,1,0
3cfd9a4154a3a1c5b5ee54fb,0,0,1,0,0,0,0,1,1,0,0,0,0,1,0,0
3d0a8be1780b7d7c234b3a21,0,0,1,0,0,1,0,0,0,0,0,1,1,0,0,0
3d0aa68f2a47a0d9d1b746b8,0,0,0,1,1,0,0,0,0,0,1,0,0,1,0,0
3d0b1eb4c0db2d01bf633d21,1,0,0,0,0,0,1,0,0,0,0,1,0,1,0,0
3d0c1d0b15cb999a412357b6,0,0,0,1,0,0,1,0,1,0,0,0,0,1,0,0
3d12661d93ab4e7f0c6d008b,0,1,0,0,1,0,0,0,0,0,0,1,0,0,1,0
3d1be1f2f8296dec05ad4f45,0,0,1,0,0,0,0,1,1,0,0,0,0,1,0,0
3d1f2d8e9fd6f090c2771e5c,1,0,0,0,0,0,1,0,0,0,0,1,0,1,0,0
3d233f2403fd5203655d93c3,0,0,1,0,1,0,0,0,0,0,0,1,0,1,0,0
3d2403efc14208f8e753e933,1,0,0,0,0,0,0,1,0,1,0,0,0,0,1,0
3d2610ac3286cf1b48bcde43,0,0,1,0,1,0,0,0,0,1,0,0,0,0,0,1
3d273b903b683a08de87ec53,0,0,0,1,0,0,1,0,1,0,0,0,0,1,0,0
3d27412457cc81b36e41b7f8,0,0,0,1,0,1,0,0,1,0,0,0,0,0,1,0
3d2a76a9bb6b6ae6be23b5c5,1,0,0,0,0,0,1,0,0,0,0,1,0,1,0,0
3d30881f868dd2fa204fc335,0,0,0,1,0,1,0,0,1,0,0,0,0,0,1,0
3d34214ae5bb3208a738bdad,0,0,1,0,0,1,0,0,1,0,0,0,0,0,0,1
3d367dc7f618ee357b8d64e9,0,1,0,0,0,0,1,0,1,0,0,0,0,0,0,1
3d3bb6155350355b52b81679,0,1,0,0,1,0,0,0,0,0,1,0,0,0,0,1
3d51fcafdf309d62aa3f045e,0,0,0,1,0,0,1,0,1,0,0,0,0,1,0,0
3d56465321b66fb8ec9865a7,0,0,1,0,0,0,0,1,0,1,0,0,1,0,0,0
3d5c8a206b467498793808ee,0,1,0,0,1,0,0,0,0,0,0,1,0,0,1,0
3d62aac02822d4faaaee975f,0,0,0,1,0,0,1,0,1,0,0,0,0,1,0,0
3d6c4491356f3507f8d65f36,0,0,0,1,0,1,0,0,0,0,1,0,1,0,0,0
3d7133f57977d52adff4a10d,0,1,0,0,0,0,1,0,1,0,0,0,0,0,0,1
3d74b2b71322f96e5a51aff9,0,1,0,0,0,0,1,0,1,0,0,0,0,0,0,1
3d82a75e0211a1a16a19ce1b,0,0,1,0,0,1,0,0,1,0,0,0,0,0,0,1
3d84e90f62e99d1c0821088e,0,0,1,0,1,0,0,0,0,1,0,0,0,0,0,1
3d8fe37d50d8544df245a999,0,1,0,0,0,0,0,1,1,0,0,0,0,0,1,0
3d9f034528eff76a0c73cf15,0,0,0,1,0,0,1,0,0,1,0,0,1,0,0,0
3da18790f2d5cecc816de184,0,0,1,0,0,1,0,0,0,0,0,1,1,0,0,0
3da55fe7bb06aa8dbe37c142,0,0,1,0,1,0,0,0,0,0,0,1,0,1,0,0
3db982d82be831c1da1c8900,0,0,0,1,1,0,0,0,0,1,0,0,0,0,1,0
3dbf37fbd0cde53faeea0e60,0,0,1,0,0,0,0,1,0,1,0,0,1,0,0,0
3dc2555fd0663e23954b24da,0,0,1,0,0,1,0,0,0,0,0,1,1,0,0,0
3dd839928d6371b2f1b226c1,0,0,1,0,1,0,0,0,0,0,0,1,0,1,0,0
3dd8acbc373e48d9b4e6bef7,0,1,0,0,0,0,1,0,1,0,0,0,0,0,0,1
3dd909618a52296a2417a1bb,0,0,0,1,0,1,0,0,1,0,0,0,0,0,1,0
3de1a683c6a0763699e819c7,0,1,0,0,0,0,0,1,1,0,0,0,0,0,1,0
3df1911d44ed8c8a685e5c2d,0,0,1,0,1,0,0,0,0,0,0,1,0,1,0,0
3df72ad7779ce21c680c1ea3,0,0,0,1,0,0,1,0,1,0,0,0,0,1,0,0
3e013eb431af43130cc5c458,1,0,0,0,0,1,0,0,0,0,0,1,0,0,1,0
3e08c35f9c12979f1b9b2855,0,1,0,0,1,0,0,0,0,0,1,0,0,0,0,1
3e0e76cfc8d6df6f3fa6829a,0,0,0,1,0,1,0,0,1,0,0,0,0,0,1,0
3e13a71334395bc3e7274ccc,0,0,1,0,0,1,0,0,0,0,0,1,1,0,0,0
3e2aa94be7f53896d67cf195,0,1,0,0,0,0,1,0,0,0,0,1,1,0,0,0
3e3fe896b819a07bb343ca8b,0,0,1,0,0,1,0,0,1,0,0,0,0,0,0,1
3e4d77bae442d40230d858e6,0,0,1,0,1,0,0,0,0,0,0,1,0,1,0,0
3e4f7833b8c07afdb5ff0ec7,1,0,0,0,0,0,1,0,0,0,0,1,0,1,0,0
3e51b1c0be4ba9e338cb4f2c,0,0,0,1,1,0,0,0,0,0,1,0,0,1,0,0
3e5318f6169096cc3edd128e,0,1,0,0,0,0,1,0,0,0,0,1,1,0,0,0
3e560bab0ac9c1eb107f1c95,0,0,0,1,0,0,1,0,1,0,0,0,0,1,0,0
3e68dad403610491c8459d37,1,0,0,0,0,1,0,0,0,0,0,1,0,0,1,0
3e694cf4e4bb062b552d2eca,0,0,0,1,0,1,0,0,0,0,1,0,1,0,0,0
3e7a7189b3c1d88eb7a61fc3,0,0,0,1,1,0,0,0,0,0,1,0,0,1,0,0
3e7c6e06d57be1aa75def345,0,1,0,0,1,0,0,0,0,0,0,1,0,0,1,0
3e80e192d5fd0aa25a30639e,0,1,0,0,0,0,0,1,0,0,1,0,1,0,0,0
3e8b71ab881884fa81e699f8,0,0,0,1,0,1,0,0,0,0,1,0,1,0,0,0
3e8cdceacbbc1706d11bfc96,0,0,0,1,0,1,0,0,0,0,1,0,1,0,0,0
3e90594cf5378038b3b5d9ac,0,0,1,0,0,1,0,0,0,0,0,1,1,0,0,0
3e93f3db93a211b9beedc8ae,0,0,1,0,1,0,0,0,0,0,0,1,0,1,0,0
3e9aa22e400b7b8c814f5d91,0,0,1,0,1,0,0,0,0,1,0,0,0,0,0,1
3eae81675abb307e18bae471,0,0,1,0,0,0,0,1,1,0,0,0,0,1,0,0
3eb45fcd4e55098e7c397983,0,0,1,0,0,0,0,1,1,0,0,0,0,1,0,0
3ec2466f6d0ff9e1542f89bc,0,0,0,1,1,0,0,0,0,0,1,0,0,1,0,0
3ec411dfa7a60e60849d8f13,0,1,0,0,0,0,1,0,0,0,0,1,1,0,0,0
3ed613e7d4588451175d65f0,0,0,0,1,1,0,0,0,0,0,1,0,0,1,0,0
3ed7bd229a7325ce00602813,0,0,1,0,0,1,0,0,0,0,0,1,1,0,0,0
3ee99cef7ead064d86b0b2a6,0,0,0,1,1,0,0,0,0,0,1,0,0,1,0,0
3eed96895e13b7d25a917e6e,0,0,0,1,1,0,0,0,0,1,0,0,0,0,1,0
3ef0289a8d0ec3a928e12430,0,1,0,0,0,0,1,0,1,0,0,0,0,0,0,1
3ef44c09ebeec810b403ecff,0,1,0,0,0,0,1,0,0,0,0,1,1,0,0,0
3ef4dbbc6e50bfbc7a55185e,0,1,0,0,1,0,0,0,0,0,1,0,0,0,0,1
3ef9dbeeb5286a995122235b,0,0,1,0,1,0,0,0,0,0,0,1,0,1,0,0
3efffa9cd7512dfd5bd14bf3,0,0,0,1,0,0,1,0,0,1,0,0,1,0,0,0
3f08ac5c6ede537b2c9254ac,1,0,0,0,0,0,0,1,0,0,1,0,0,1,0,0
3f0a9240b9187b48541fd538,0,0,0,1,1,0,0,0,0,1,0,0,0,0,1,0
3f0c3d551b7d455563bf0b86,0,0,1,0,0,0,0,1,1,0,0,0,0,1,0,0
3f0f4051044f176cc696706f,0,1,0,0,1,0,0,0,0,0,1,0,0,0,0,1
3f0f75b504695c0d4f25d9c2,0,0,1,0,0,1,0,0,0,0,0,1,1,0,0,0
3f1342b8399ce70a2726c635,0,0,0,1,0,0,1,0,0,1,0,0,1,0,0,0
3f26510ac161597ea47d3705,0,0,0,1,0,1,0,0,1,0,0,0,0,0,1,0
3f2cb024972f0a3c000d4e28,0,0,1,0,0,1,0,0,1,0,0,0,0,0,0,1
3f2cf72502ec7d63737e84a9,0,0,1,0,0,1,0,0,1,0,0,0,0,0,0,1
3f30de4682247d3048d3f515,0,0,0,1,0,0,1,0,0,1,0,0,1,0,0,0
3f361fcbc90463e898bcc226,0,1,0,0,1,0,0,0,0,0,0,1,0,0,1,0
3f37b61704564a90956ffa6f,0,0,1,0,0,0,0,1,1,0,0,0,0,1,0,0
3f498b7742c16462eac769e5,1,0,0,0,0,0,1,0,0,1,0,0,0,0,0,1
3f4b99062de99b2a19a9dab1,1,0,0,0,0,1,0,0,0,0,1,0,0,0,0,1
3f4f5ede8adeb15afb71e0dd,0,0,0,1,0,0,1,0,1,0,0,0,0,1,0,0
3f56614360c23a18c73313c2,0,0,1,0,0,0,0,1,1,0,0,0,0,1,0,0
3f61cbff2e8c2fa7676322d6,0,1,0,0,1,0,0,0,0,0,1,0,0,0,0,1
3f6389f1793d73aeb208a32b,1,0,0,0,0,1,0,0,0,0,0,1,0,0,1,0
3f665e1d682b5d5c6202de11,0,1,0,0,0,0,1,0,1,0,0,0,0,0,0,1
3f699bb8f807dcea2b405c1d,0,1,0,0,0,0,1,0,0,0,0,1,1,0,0,0
3f6be3ffbf46f916d506b390,0,0,0,1,0,0,1,0,0,1,0,0,1,0,0,0
3f70d128ef7e9853eb3731c4,0,0,0,1,0,0,1,0,0,1,0,0,1,0,0,0
3f7238ebda90ffabda00bae6,0,0,1,0,0,1,0,0,0,0,0,1,1,0,0,0
3f7680c376ab7daaaa01bc24,0,0,0,1,1,0,0,0,0,1,0,0,0,0,1,0
3f7c9840e934c60d9c96360a,0,1,0,0,0,0,0,1,0,0,1,0,1,0,0,0
3f8160031a0b51f53f10a633,0,0,1,0,0,0,0,1,0,1,0,0,1,0,0,0
3f83180bb06caaa962a92655,0,1,0,0,0,0,0,1,1,0,0,0,0,0,1,0
3f8932a3e2d9b84dd91aeb46,1,0,0,0,0,0,0,1,0,1,0,0,0,0,1,0
3f8d8ac2eaa4cc93d9c63e59,0,0,0,1,1,0,0,0,0,1,0,0,0,0,1,0
3f91a2f5de75e775b0166bee,0,0,1,0,0,1,0,0,1,0,0,0,0,0,0,1
3f97eb2307861e53aa0c7e55,0,0,1,0,0,1,0,0,0,0,0,1,1,0,0,0
3f9de5b0e7faa1d6b089f266,0,1,0,0,0,0,1,0,0,0,0,1,1,0,0,0
3f9df12a40eb4e85c56aaee0,0,0,1,0,0,1,0,0,0,0,0,1,1,0,0,0
3fa7b32a0815d0675309f111,1,0,0,0,0,1,0,0,0,0,1,0,0,0,0,1
3fc21dd028552ee961d0d549,0,0,0,1,1,0,0,0,0,1,0,0,0,0,1,0
3fc3145e1061a8918c8d6a99,1,0,0,0,0,0,0,1,0,1,0,0,0,0,1,0
3fcc9598b262d964ff1c6e4e,0,0,1,0,0,1,0,0,0,0,0,1,1,0,0,0
3fd7f39905e5207db9d2ca28,0,1,0,0,0,0,1,0,0,0,0,1,1,0,0,0
3fd88e8c5561a9c422efea82,0,0,0,1,0,0,1,0,0,1,0,0,1,0,0,0
3fdcfdb3e460cd5ef44265e9,0,1,0,0,0,0,1,0,1,0,0,0,0,0,0,1
3fe7ee9f1b6b27c33d2ed944,0,0,0,1,1,0,0,0,0,0,1,0,0,1,0,0
3ff670bfed3e0d35c515a274,0,0,1,0,1,0,0,0,0,1,0,0,0,0,0,1
3ffa34c85f6fed8e5bb25a60,1,0,0,0,0,1,0,0,0,0,1,0,0,0,0,1
400378f050e7921c318d9514,0,0,1,0,0,1,0,0,0,0,0,1,1,0,0,0
40083a7e0074b2e377d2fb05,0,0,0,1,0,0,1,0,0,1,0,0,1,0,0,0
400886bb6a4e86fc88b6d2dc,0,1,0,0,0,0,1,0,1,0,0,0,0,0,0,1
40130d7d62d0ec92ad57bebc,0,0,1,0,0,1,0,0,1,0,0,0,0,0,0,1
4014cb73168e884d3a2b162d,0,1,0,0,0,0,1,0,0,0,0,1,1,0,0,0
401b7c14a804acd7790f5691,0,1,0,0,0,0,1,0,0,0,0,1,1,0,0,0
403338918bde47be74ab1a6c,0,0,0,1,0,1,0,0,1,0,0,0,0,0,1,0
40335478164cbc85c541e210,0,0,1,0,0,0,0,1,0,1,0,0,1,0,0,0
403665b6292eeff7bd85c8d5,0,0,0,1,1,0,0,0,0,1,0,0,0,0,1,0
404f5244115f4eff50dc5f7b,0,0,0,1,0,1,0,0,0,0,1,0,1,0,0,0
40654db4e2dbc8aa09e2cb1e,0,1,0,0,0,0,1,0,1,0,0,0,0,0,0,1
406db7324d0ba9d207e43279,0,1,0,0,0,0,1,0,0,0,0,1,1,0,0,0
407652bfe03cedbb24074da1,0,0,0,1,0,1,0,0,0,0,1,0,1,0,0,0
4078c34a925b9018f8992b96,0,0,1,0,0,1,0,0,1,0,0,0,0,0,0,1
407d98fb820f10a9bb7f4e97,0,0,0,1,1,0,0,0,0,0,1,0,0,1,0,0
4081b570c0714af2408b2e72,0,0,0,1,0,0,1,0,0,1,0,0,1,0,0,0
408ac00f7507998327a43e54,1,0,0,0,0,0,0,1,0,0,1,0,0,1,0,0
408b986ce5ca4528eb29e920,0,0,1,0,0,0,0,1,0,1,0,0,1,0,0,0
409ccf67236dea6830edcded,0,0,1,0,1,0,0,0,0,0,0,1,0,1,0,0
40a7bff719e493f602b01ac2,1,0,0,0,0,1,0,0,0,0,0,1,0,0,1,0
40a7d719b30e496335a8f15c,0,0,0,1,0,1,0,0,1,0,0,0,0,0,1,0
40ad885219e286f1da2b710d,0,0,1,0,1,0,0,0,0,1,0,0,0,0,0,1
40adea6163a813b31cf6f48e,0,1,0,0,1,0,0,0,0,0,1,0,0,0,0,1
40b994f16b3a4a781f806302,1,0,0,0,0,0,0,1,0,1,0,0,0,0,1,0
40bb0638f69cff83a5f5b83b,1,0,0,0,0,0,1,0,0,0,0,1,0,1,0,0
40bcdacd23dfce2fbad1caf2,1,0,0,0,0,1,0,0,0,0,1,0,0,0,0,1
40bec6e984d6440b4bf9e08b,0,0,0,1,0,0,1,0,1,0,0,0,0,1,0,0
40c123ef69de1665dd34428b,0,0,0,1,1,0,0,0,0,1,0,0,0,0,1,0
40c1bf72b63a522362e2de5f,0,1,0,0,1,0,0,0,0,0,0,1,0,0,1,0
40cf111ba6d46b6684eac3f5,0,0,1,0,0,1,0,0,0,0,0,1,1,0,0,0
40d3141c17b6cb59d678120b,0,0,0,1,0,1,0,0,1,0,0,0,0,0,1,0
40d5fe41bcbc6a23eb96f62f,0,0,0,1,0,0,1,0,0,1,0,0,1,0,0,0
40d8c904a34e29d8f6d82803,0,0,1,0,0,1,0,0,0,0,0,1,1,0,0,0
40daee20642e80e01cd013f0,0,0,0,1,0,0,1,0,0,1,0,0,1,0,0,0
40e805bf536f6d25cd537ff7,0,0,0,1,0,0,1,0,0,1,0,0,1,0,0,0
40ed41054cb9e8306b91dee3,0,0,1,0,0,0,0,1,0,1,0,0,1,0,0,0
40ee613474613da1929c192b,0,0,1,0,0,0,0,1,1,0,0,0,0,1,0,0
40f314eb2c80fc6b89a1c385,0,0,1,0,1,0,0,0,0,1,0,0,0,0,0,1
4106934e6bf67e43a54bc85e,1,0,0,0,0,0,1,0,0,1,0,0,0,0,0,1
410ba768fd4be627518feff5,0,1,0,0,1,0,0,0,0,0,1,0,0,0,0,1
410d15356a57de766bbbf2b5,0,1,0,0,0,0,0,1,1,0,0,0,0,0,1,0
4116e8fd4ccf8e5f79712191,0,0,0,1,0,0,1,0,1,0,0,0,0,1,0,0
411bae38a995484aa5f2175c,0,0,0,1,1,0,0,0,0,1,0,0,0,0,1,0
4121c56ecedc39a379ee6019,0,0,1,0,1,0,0,0,0,1,0,0,0,0,0,1
412c4f0d2924aacd583a82d9,0,0,1,0,0,0,0,1,0,1,0,0,1,0,0,0
413b97f063b8063a8e7fc9c8,0,1,0,0,0,0,1,0,0,0,0,1,1,0,0,0
41431bc2992bac6052b57f1d,1,0,0,0,0,0,1,0,0,1,0,0,0,0,0,1
4149b056ed353424e23354f6,0,0,1,0,0,1,0,0,0,0,0,1,1,0,0,0
4149d975c8ce0f14a1bdc59b,0,0,1,0,1,0,0,0,0,1,0,0,0,0,0,1
414e83da4c94d994d5c0b618,0,1,0,0,0,0,1,0,1,0,0,0,0,0,0,1
414f16376668aaafa1b50f7c,0,1,0,0,1,0,0,0,0,0,0,1,0,0,1,0
4154358d6dd44413d8ed48ea,0,1,0,0,0,0,1,0,0,0,0,1,1,0,0,0
415940a0e6c62d3533f0f9c8,0,0,1,0,0,0,0,1,0,1,0,0,1,0,0,0
415a894a35c638456dd85398,1,0,0,0,0,0,1,0,0,1,0,0,0,0,0,1
41609b03eb8fcdf670b9525c,0,0,0,1,0,1,0,0,0,0,1,0,1,0,0,0
4163388cf34f06b19eaba534,0,0,1,0,0,0,0,1,0,1,0,0,1,0,0,0
416d5c3e4a19520adab1a034,0,1,0,0,1,0,0,0,0,0,1,0,0,0,0,1
416dba04c5494a71b39a15c9,0,0,0,1,0,1,0,0,1,0,0,0,0,0,1,0
417003d8d59602895f0dd118,0,0,1,0,0,1,0,0,0,0,0,1,1,0,0,0
4171a118200d1ab737c5156e,0,1,0,0,0,0,1,0,0,0,0,1,1,0,0,0
417497d9e95b3759a607405a,0,1,0,0,0,0,0,1,0,0,1,0,1,0,0,0
4174d74a95c819aeeb68049b,0,0,1,0,0,0,0,1,0,1,0,0,1,0,0,0
417d798e4dface44faf101d3,0,0,1,0,0,0,0,1,1,0,0,0,0,1,0,0
4193163ebee07241a2d1e26c,1,0,0,0,0,0,0,1,0,0,1,0,0,1,0,0
4195f938977e9dc4aaf908a3,0,0,1,0,0,0,0,1,0,1,0,0,1,0,0,0
41a2558bcb5dce01e050b32a,0,1,0,0,0,0,0,1,1,0,0,0,0,0,1,0
41a44918ce7b9f9c526e5e4b,0,0,1,0,0,0,0,1,1,0,0,0,0,1,0,0
41a4b22e11a2ac349a53f220,1,0,0,0,0,0,1,0,0,0,0,1,0,1,0,0
41b1e103a9a9a64c017e1071,1,0,0,0,0,0,1,0,0,1,0,0,0,0,0,1
41b5b5555c21b36854194504,0,1,0,0,0,0,0,1,1,0,0,0,0,0,1,0
41c5a48bf8b0ce9ff84d9a4e,0,1,0,0,1,0,0,0,0,0,1,0,0,0,0,1
41c83452cb7872a8c4cf3449,0,1,0,0,1,0,0,0,0,0,1,0,0,0,0,1
41c84699dfb8f082b1770b3b,1,0,0,0,0,0,0,1,0,0,1,0,0,1,0,0
41d4a45569551ee788383545,0,1,0,0,0,0,0,1,1,0,0,0,0,0,1,0
41d638969c77fd3aeee48e70,0,0,1,0,1,0,0,0,0,1,0,0,0,0,0,1
41d9113e0c090f46e8abb05b,0,0,0,1,1,0,0,0,0,0,1,0,0,1,0,0
41da38ef5765a8e40d563962,1,0,0,0,0,0,1,0,0,1,0,0,0,0,0,1
41ddaf31a26f0daf98adbde2,0,0,1,0,0,1,0,0,0,0,0,1,1,0,0,0
41e1796d87c1c76eec32976d,0,1,0,0,1,0,0,0,0,0,1,0,0,0,0,1
41ec7db34179d1003ee44887,0,0,0,1,1,0,0,0,0,1,0,0,0,0,1,0
41f32e28d9f4dc0a576a54c1,0,1,0,0,0,0,0,1,1,0,0,0,0,0,1,0
41f60d0cdd9a65c407d14142,0,0,0,1,0,1,0,0,0,0,1,0,1,0,0,0
41ffe2b4bbd2c03f28ad3fa7,0,0,0,1,0,1,0,0,0,0,1,0,1,0,0,0
4207db1f0189183f4c0ae8df,1,0,0,0,0,0,0,1,0,1,0,0,0,0,1,0
420e47db9e74994dd4d739e4,1,0,0,0,0,0,1,0,0,1,0,0,0,0,0,1
420eeb00b3d6ea982e858519,0,0,0,1,0,1,0,0,0,0,1,0,1,0,0,0
421ce92a6f6ccb3c77f990d6,0,0,1,0,0,1,0,0,1,0,0,0,0,0,0,1
4220e64c23bbb50d1cf89783,0,0,0,1,0,0,1,0,1,0,0,0,0,1,0,0
422220f647a89de76f813fd6,0,0,1,0,0,0,0,1,0,1,0,0,1,0,0,0
42225bc050d020217a16dc66,0,0,0,1,0,0,1,0,0,1,0,0,1,0,0,0
422c895dcf75bdc9be6c06f1,0,0,1,0,0,0,0,1,1,0,0,0,0,1,0,0
423301cb3489b7e2423e184d,1,0,0,0,0,1,0,0,0,0,0,1,0,0,1,0
4237387650cd6d1c51c0b400,0,1,0,0,0,0,0,1,0,0,1,0,1,0,0,0
424de37ab05dbc53ee99e471,0,1,0,0,1,0,0,0,0,0,1,0,0,0,0,1
42512a6da1734c4cf0972ee0,0,1,0,0,1,0,0,0,0,0,0,1,0,0,1,0
4259da5bd0d64ca57b47229d,0,0,0,1,0,1,0,0,0,0,1,0,1,0,0,0
4263bcee83ccd36eb7ec4448,1,0,0,0,0,0,0,1,0,1,0,0,0,0,1,0
4264461f709e2e332dfb2bb9,0,1,0,0,1,0,0,0,0,0,0,1,0,0,1,0
42674ec1163739ff65574a04,0,0,0,1,0,1,0,0,0,0,1,0,1,0,0,0
4271d34ec84aaaa470fa53e3,0,0,1,0,0,1,0,0,1,0,0,0,0,0,0,1
427314ca457ec316c4cba2df,0,0,0,1,0,0,1,0,1,0,0,0,0,1,0,0
4274893e6daa583b9cf06931,1,0,0,0,0,0,0,1,0,0,1,0,0,1,0,0
42758fd99404486da95d62cd,1,0,0,0,0,1,0,0,0,0,1,0,0,0,0,1
428e6e7f7569e188ff8980cf,0,0,1,0,0,0,0,1,0,1,0,0,1,0,0,0
4292bc3e7c531f3e5aca5c98,0,0,0,1,1,0,0,0,0,1,0,0,0,0,1,0
4298d4eb53590e047fd803c9,0,0,0,1,1,0,0,0,0,0,1,0,0,1,0,0
429de35a99555a15a776ed8a,1,0,0,0,0,1,0,0,0,0,1,0,0,0,0,1
42ba9aa4587e5ac762cb58e6,0,0,0,1,1,0,0,0,0,0,1,0,0,1,0,0
42bdfc95be26d3df0f195dd0,1,0,0,0,0,0,1,0,0,1,0,0,0,0,0,1
42c088b298c1691a9b06e4ea,1,0,0,0,0,0,1,0,0,0,0,1,0,1,0,0
42d069c0ab2b211999595b68,1,0,0,0,0,0,1,0,0,1,0,0,0,0,0,1
42daf1bc6d8cabf9c8206824,1,0,0,0,0,0,1,0,0,0,0,1,0,1,0,0
42e1db8c1399fa67a4ceae83,1,0,0,0,0,1,0,0,0,0,1,0,0,0,0,1
42e53b1ee8945abe252938a1,1,0,0,0,0,0,1,0,0,0,0,1,0,1,0,0
42e74978aa737bd6380c69c5,1,0,0,0,0,0,0,1,0,0,1,0,0,1,0,0
43000874adf6c34b36f6fb52,0,0,1,0,1,0,0,0,0,1,0,0,0,0,0,1
43016687a504d083b2fd1b75,1,0,0,0,0,0,1,0,0,1,0,0,0,0,0,1
4306448d7822df68f14f3034,0,0,1,0,0,1,0,0,1,0,0,0,0,0,0,1
4315662b05042cb46d0ba48f,0,0,0,1,0,1,0,0,0,0,1,0,1,0,0,0
4319d1dda68ccdd86859af8f,0,0,0,1,1,0,0,0,0,1,0,0,0,0,1,0
4321990a6da36d0c71cf465f,0,0,1,0,0,0,0,1,1,0,0,0,0,1,0,0
4323c7f0c8b4f6bbe938ea74,0,0,0,1,0,1,0,0,1,0,0,0,0,0,1,0
432410daffa15dbfa3879ec3,1,0,0,0,0,0,0,1,0,1,0,0,0,0,1,0
432acb0623ac072e779c6f69,0,1,0,0,0,0,1,0,0,0,0,1,1,0,0,0
432b698c4a63305627783caa,1,0,0,0,0,0,0,1,0,0,1,0,0,1,0,0
432f0085687eebfa79c20fa9,0,1,0,0,1,0,0,0,0,0,1,0,0,0,0,1
43395ff3d82883031433f26b,0,0,1,0,0,1,0,0,0,0,0,1,1,0,0,0
433c78fb585cd061d273472f,0,0,1,0,1,0,0,0,0,1,0,0,0,0,0,1
4358ed017458fc3418047dcf,0,0,1,0,0,0,0,1,0,1,0,0,1,0,0,0
436bc8a8a8c386855d5f9a49,1,0,0,0,0,0,0,1,0,1,0,0,0,0,1,0
4370a4bad6ebb11d8bb3ab4e,0,1,0,0,1,0,0,0,0,0,1,0,0,0,0,1
437c0f1fb9b34f089604e11c,1,0,0,0,0,0,0,1,0,1,0,0,0,0,1,0
437ce0fccf32a9234b18d5df,0,0,0,1,0,1,0,0,1,0,0,0,0,0,1,0
438c1454f5c8c0a1f8ab2cb5,1,0,0,0,0,0,1,0,0,1,0,0,0,0,0,1
438fbd45f0a8303ab2eba601,1,0,0,0,0,0,1,0,0,0,0,1,0,1,0,0
438fc461d83e813431ba97d6,0,1,0,0,0,0,0,1,1,0,0,0,0,0,1,0
43931ccfa31b64672fbc2c72,1,0,0,0,0,0,0,1,0,0,1,0,0,1,0,0
4393e0a97de84a1d9c00d492,0,0,0,1,0,0,1,0,1,0,0,0,0,1,0,0
439c0ea2d160b9eaf62f5a03,1,0,0,0,0,1,0,0,0,0,1,0,0,0,0,1
439c632f38a2e9d1fef9304e,0,1,0,0,1,0,0,0,0,0,0,1,0,0,1,0
439e22fdffbca750c25425bf,0,1,0,0,0,0,0,1,1,0,0,0,0,0,1,0
43a16f2839c8ba2c2e05bd76,0,0,1,0,1,0,0,0,0,1,0,0,0,0,0,1
43a2496822a352745ed01267,1,0,0,0,0,1,0,0,0,0,1,0,0,0,0,1
43a4a33f098a3b727795b2eb,0,0,1,0,0,1,0,0,1,0,0,0,0,0,0,1
43b018b498f120cac508713f,0,1,0,0,0,0,0,1,0,0,1,0,1,0,0,0
43b1ac2062f10350201431a4,1,0,0,0,0,0,0,1,0,1,0,0,0,0,1,0
43b4f951fa7051aa8484b84d,0,1,0,0,0,0,1,0,1,0,0,0,0,0,0,1
43b9663d60fd464ba53a7304,0,0,0,1,0,1,0,0,0,0,1,0,1,0,0,0
43c3467186b668b5fe549f5a,0,1,0,0,1,0,0,0,0,0,1,0,0,0,0,1
43c563691d22bd2981880c4f,1,0,0,0,0,1,0,0,0,0,1,0,0,0,0,1
43d26c12e065ff0b6d32a507,0,0,1,0,0,1,0,0,1,0,0,0,0,0,0,1
43d828bc2b3944afc49924bb,1,0,0,0,0,0,0,1,0,1,0,0,0,0,1,0
43d8aec7a029beb108880afb,1,0,0,0,0,1,0,0,0,0,1,0,0,0,0,1
43da1ef65666e96b8a88f518,0,0,0,1,1,0,0,0,0,0,1,0,0,1,0,0
43f853b6ede415a9638b8cc3,1,0,0,0,0,0,0,1,0,1,0,0,0,0,1,0
440432c68d4b3351ac5da062,0,1,0,0,0,0,0,1,0,0,1,0,1,0,0,0
44097f9fe29f4f0a658b5cdb,0,0,1,0,0,0,0,1,1,0,0,0,0,1,0,0
44184b5ec25c2534d44fb1fc,0,1,0,0,0,0,1,0,0,0,0,1,1,0,0,0
441b78502a99c01eaa1700a5,1,0,0,0,0,1,0,0,0,0,0,1,0,0,1,0
442113ae3559c9546de376df,0,1,0,0,0,0,0,1,0,0,1,0,1,0,0,0
442ccc2f01f65c29b130f18b,0,1,0,0,0,0,0,1,1,0,0,0,0,0,1,0
442d1f215d4d0a707e5ada64,1,0,0,0,0,0,1,0,0,1,0,0,0,0,0,1
44322617e8beee695e07f2bd,0,1,0,0,1,0,0,0,0,0,1,0,0,0,0,1
44338908e33472de7bc625e8,0,0,1,0,0,0,0,1,0,1,0,0,1,0,0,0
444ae3a6eb63f917cbf45a57,0,1,0,0,1,0,0,0,0,0,1,0,0,0,0,1
444eeaab0b1de29e47d445cd,0,0,0,1,0,1,0,0,0,0,1,0,1,0,0,0
445e1eb07b856003ed5fe86f,0,0,1,0,1,0,0,0,0,1,0,0,0,0,0,1
445fa3999dfe38064dea7dfd,1,0,0,0,0,0,0,1,0,1,0,0,0,0,1,0
446f74f802fb69f923fbcb61,0,0,0,1,0,1,0,0,1,0,0,0,0,0,1,0
4475837dc7f4f9f86ec0dc27,0,1,0,0,0,0,0,1,1,0,0,0,0,0,1,0
448268729e9d0da473a51c05,0,1,0,0,0,0,0,1,1,0,0,0,0,0,1,0
448352c764c52e5a9b22d9e7,0,0,1,0,0,0,0,1,1,0,0,0,0,1,0,0
4484ab61c94a2c36b9b5cc91,0,0,1,0,0,0,0,1,1,0,0,0,0,1,0,0
4494669be1f549e3d81af70b,0,0,0,1,1,0,0,0,0,0,1,0,0,1,0,0
4498ffbbf01d8f1033744aa1,0,0,0,1,1,0,0,0,0,0,1,0,0,1,0,0
449a62afb36c37b5f4e09eb0,0,1,0,0,0,0,1,0,0,0,0,1,1,0,0,0
44a3563957f9ac2cbeff15b0,0,0,1,0,0,0,0,1,1,0,0,0,0,1,0,0
44b23daaaf4bb9f277eb0766,1,0,0,0,0,0,1,0,0,1,0,0,0,0,0,1
44bc4e0c5e3af22418fe69de,1,0,0,0,0,0,1,0,0,0,0,1,0,1,0,0
44c415f862182d4ee35289bf,0,1,0,0,0,0,0,1,1,0,0,0,0,0,1,0
44cac2d1cd2a6d35ffb9d800,0,0,0,1,0,0,1,0,1,0,0,0,0,1,0,0
44cdd7a9699187a796d4c173,0,1,0,0,0,0,0,1,0,0,1,0,1,0,0,0
44cdd8566b710efe9d22026e,1,0,0,0,0,1,0,0,0,0,0,1,0,0,1,0
44cef95fdc2e073d85956886,1,0,0,0,0,0,1,0,0,0,0,1,0,1,0,0
44e7bd3111a5ede2ef1dbf88,0,0,1,0,0,1,0,0,1,0,0,0,0,0,0,1
44eb2c7612165ca9bcde42f1,0,1,0,0,0,0,0,1,0,0,1,0,1,0,0,0
44f75e3bfb447a2e5b4c535f,0,1,0,0,1,0,0,0,0,0,0,1,0,0,1,0
44f9a8a36631cfdbbaae47a0,0,0,1,0,0,0,0,1,0,1,0,0,1,0,0,0
45020d1e74d1db8fd57743f1,0,0,0,1,1,0,0,0,0,1,0,0,0,0,1,0
450451ff1b95db1c2a3b67a3,1,0,0,0,0,1,0,0,0,0,1,0,0,0,0,1
450aea2a85e78fca6b826210,1,0,0,0,0,0,0,1,0,1,0,0,0,0,1,0
450c224b897a9a4a3a609ca6,1,0,0,0,0,0,1,0,0,1,0,0,0,0,0,1
451c5ac421e0a1f86031ecde,0,0,1,0,0,1,0,0,1,0,0,0,0,0,0,1
451d1a446902c2cd0db58a0b,0,1,0,0,0,0,1,0,0,0,0,1,1,0,0,0
4524ec529f0448cc3b713e77,0,0,1,0,1,0,0,0,0,0,0,1,0,1,0,0
453085f30a51563f4efc5a7c,0,0,0,1,1,0,0,0,0,1,0,0,0,0,1,0
4531f8cc7253466b0cbcfbd8,1,0,0,0,0,0,0,1,0,0,1,0,0,1,0,0
4538497492e140a6e245eacc,0,1,0,0,1,0,0,0,0,0,0,1,0,0,1,0
4539ddd170c5038e92e67664,1,0,0,0,0,0,0,1,0,0,1,0,0,1,0,0
453a45936df3556f7b59ac9e,0,0,1,0,0,0,0,1,1,0,0,0,0,1,0,0
453a67ea6ef0d055b4cb3cb4,1,0,0,0,0,1,0,0,0,0,1,0,0,0,0,1
454cfdbc188107434ffe7fb9,0,0,0,1,1,0,0,0,0,0,1,0,0,1,0,0
45576a9e5b7b4141d2c12025,0,1,0,0,0,0,0,1,1,0,0,0,0,0,1,0
45649ac8a1618c7f51528d46,0,0,0,1,1,0,0,0,0,0,1,0,0,1,0,0
457000928f9bd5bd5f2976c1,0,0,1,0,0,1,0,0,0,0,0,1,1,0,0,0
45889e72f63ae35481181af6,1,0,0,0,0,0,0,1,0,0,1,0,0,1,0,0
4589e76b8700e7360d78374e,1,0,0,0,0,0,0,1,0,0,1,0,0,1,0,0
458b03c013f305cd61a30dda,0,0,0,1,0,1,0,0,0,0,1,0,1,0,0,0
458f6bb67b3fab8ea7c05335,0,0,1,0,0,1,0,0,0,0,0,1,1,0,0,0
4592aea88ba131ee7f8c72aa,1,0,0,0,0,0,1,0,0,1,0,0,0,0,0,1
459d8e0b85a8123ca8b6beae,0,0,0,1,0,1,0,0,0,0,1,0,1,0,0,0
45a26908b514b2017d2453b9,0,0,1,0,0,0,0,1,1,0,0,0,0,1,0,0
45a4c8302a82a7d029a502fe,0,0,1,0,1,0,0,0,0,0,0,1,0,1,0,0
45a5a1b8274f83091be7b5c0,0,0,0,1,0,1,0,0,1,0,0,0,0,0,1,0
45aab5c2c3b00fac0201233d,0,1,0,0,0,0,1,0,1,0,0,0,0,0,0,1
45ab3bb3afa0d8ff1f90c9a2,0,0,1,0,0,1,0,0,1,0,0,0,0,0,0,1
45b2ae861eda214bceb151f9,0,0,1,0,1,0,0,0,0,0,0,1,0,1,0,0
45b8274a056b0ce594fcc1fa,0,0,0,1,0,0,1,0,0,1,0,0,1,0,0,0
45c0d3dfe4d4632fbdf4425d,0,0,0,1,0,1,0,0,1,0,0,0,0,0,1,0
45c200aca62c715689fb872c,0,0,1,0,1,0,0,0,0,1,0,0,0,0,0,1
45c8f61cad8c10dacea6f8ea,0,0,0,1,0,1,0,0,1,0,0,0,0,0,1,0
45d5381fa7b4c81eb7357abc,1,0,0,0,0,0,0,1,0,1,0,0,0,0,1,0
45d542c56b2ef88101e57fd1,0,1,0,0,0,0,1,0,1,0,0,0,0,0,0,1
45e17982c32fdc12dcbc09dd,0,1,0,0,0,0,0,1,1,0,0,0,0,0,1,0
45e903384dbc2c15baaa54d5,0,1,0,0,1,0,0,0,0,0,0,1,0,0,1,0
45ecb79ebb89d3c9200fa590,0,0,1,0,0,0,0,1,0,1,0,0,1,0,0,0
45f35dc9e39939602895ba64,0,0,1,0,0,1,0,0,1,0,0,0,0,0,0,1
460617a5db60df0513bee14f,1,0,0,0,0,1,0,0,0,0,0,1,0,0,1,0
4607178dfbe6b9bb03f89145,0,0,0,1,0,1,0,0,0,0,1,0,1,0,0,0
460b031b53c80796acf1201b,0,1,0,0,0,0,0,1,1,0,0,0,0,0,1,0
460b2d3e877c66139d0a633b,0,0,1,0,0,0,0,1,1,0,0,0,0,1,0,0
4617afe5b0698c4f1300b4a1,0,0,0,1,0,0,1,0,1,0,0,0,0,1,0,0
461a076323be127771ba9637,0,0,0,1,0,1,0,0,1,0,0,0,0,0,1,0
46231a37175782f2cbca145f,0,1,0,0,0,0,0,1,1,0,0,0,0,0,1,0
46268354bac2934511e9342e,0,0,1,0,0,0,0,1,0,1,0,0,1,0,0,0
463822154892f3bd97d2be4f,0,0,0,1,1,0,0,0,0,0,1,0,0,1,0,0
46388d11d7683abe3f66391a,1,0,0,0,0,0,1,0,0,1,0,0,0,0,0,1
4639802af55043b0727917cb,0,0,0,1,0,1,0,0,1,0,0,0,0,0,1,0
463a99a0fd1167c8b765d9da,1,0,0,0,0,0,1,0,0,1,0,0,0,0,0,1
46404c32f2f19c1c0977a903,0,0,1,0,0,0,0,1,1,0,0,0,0,1,0,0
4645fd8895d32aad0a143963,1,0,0,0,0,0,0,1,0,0,1,0,0,1,0,0
464b41241b0ae331d3c80944,1,0,0,0,0,0,1,0,0,0,0,1,0,1,0,0
46535204ca24c545cebe56e1,0,1,0,0,0,0,1,0,1,0,0,0,0,0,0,1
4658855e0f0ad393866de4c3,0,0,0,1,0,0,1,0,1,0,0,0,0,1,0,0
465d962a76631c5586355661,1,0,0,0,0,1,0,0,0,0,1,0,0,0,0,1
465febea9d99d58074e4baac,0,1,0,0,0,0,0,1,0,0,1,0,1,0,0,0
46689837db1179686be4f008,1,0,0,0,0,0,0,1,0,1,0,0,0,0,1,0
46695e908d36c1faa85bd5f9,0,0,1,0,0,1,0,0,0,0,0,1,1,0,0,0
4678c36241fe5e5d638b5257,0,1,0,0,1,0,0,0,0,0,0,1,0,0,1,0
467b934e8792031added77da,0,0,0,1,1,0,0,0,0,0,1,0,0,1,0,0
4681a8d30a0fc42fdbd07010,1,0,0,0,0,1,0,0,0,0,1,0,0,0,0,1
4683bbd5ec875b022564b226,1,0,0,0,0,1,0,0,0,0,1,0,0,0,0,1
468d2c665194d611893355f2,0,1,0,0,0,0,1,0,0,0,0,1,1,0,0,0
468e094968a3f58c1f8259b2,0,1,0,0,0,0,0,1,0,0,1,0,1,0,0,0
4691e20bf859b44dac971229,0,0,1,0,0,1,0,0,1,0,0,0,0,0,0,1
469762d015b6c4bd7c9e1d8f,0,1,0,0,0,0,1,0,1,0,0,0,0,0,0,1
469b8ca5290f971d35c89ded,0,0,0,1,0,0,1,0,0,1,0,0,1,0,0,0
469d57dae2974639bed86509,0,0,1,0,0,0,0,1,1,0,0,0,0,1,0,0
46abde0f42975e86d3995e20,1,0,0,0,0,0,0,1,0,1,0,0,0,0,1,0
46b6f9a243b5ee04ba5c1073,0,0,0,1,0,1,0,0,1,0,0,0,0,0,1,0
46b8afa4bd8dcf7a7ada7678,0,0,0,1,1,0,0,0,0,1,0,0,0,0,1,0
46bba8cd6a2c90d9e7630743,0,1,0,0,0,0,1,0,1,0,0,0,0,0,0,1
46c83967ced65fd8ade95834,0,0,0,1,0,1,0,0,1,0,0,0,0,0,1,0
46cc53463e87ff3cb0e41b01,0,0,0,1,1,0,0,0,0,1,0,0,0,0,1,0
46d3957a73bd5e095c356f5e,0,0,0,1,0,0,1,0,1,0,0,0,0,1,0,0
46e0caf743ef7edfe53e02e2,0,0,0,1,1,0,0,0,0,0,1,0,0,1,0,0
46e373c8a95c81d3dcb3d5d7,0,0,1,0,0,1,0,0,0,0,0,1,1,0,0,0
46e855c8334dcdfc185b3e1f,0,0,1,0,0,1,0,0,0,0,0,1,1,0,0,0
46e8fe343c18e7e5a8e028a3,0,0,1,0,0,1,0,0,0,0,0,1,1,0,0,0
46ec044e883d2b3a19e47e3a,1,0,0,0,0,0,1,0,0,0,0,1,0,1,0,0
46f3e0ef50ffd179d551d7bd,1,0,0,0,0,0,0,1,0,0,1,0,0,1,0,0
46f881f2a4aa6d59b0f3d83e,0,0,0,1,0,1,0,0,0,0,1,0,1,0,0,0
46facdd50a5b55bb2f750b7d,0,1,0,0,0,0,0,1,0,0,1,0,1,0,0,0
46fd9fd238cf98f7a1b98d34,0,0,0,1,1,0,0,0,0,1,0,0,0,0,1,0
47026665fd266cddf8f518aa,1,0,0,0,0,0,1,0,0,0,0,1,0,1,0,0
47032d6f96ebe5148358298c,0,0,0,1,1,0,0,0,0,1,0,0,0,0,1,0
470b17e69716b16acdccfcb6,0,0,1,0,0,0,0,1,1,0,0,0,0,1,0,0
470fb93822ce983c1c51301e,0,1,0,0,1,0,0,0,0,0,0,1,0,0,1,0
471cf64e660db6bf41cbb2a9,0,0,1,0,0,0,0,1,0,1,0,0,1,0,0,0
471d45ecf1af2949f61f8944,0,0,1,0,1,0,0,0,0,0,0,1,0,1,0,0
4728b76591611d81e5ef292a,0,1,0,0,0,0,0,1,1,0,0,0,0,0,1,0
472bff28f49f5e06d18ccc74,0,0,0,1,0,1,0,0,1,0,0,0,0,0,1,0
47300fd158dddffa3119cc25,1,0,0,0,0,1,0,0,0,0,1,0,0,0,0,1
473142332bde07a7ef7aa07e,1,0,0,0,0,0,0,1,0,1,0,0,0,0,1,0
47368a23fb5219066754e0a1,1,0,0,0,0,0,0,1,0,1,0,0,0,0,1,0
4741362ad649c508812ef3cc,0,0,1,0,1,0,0,0,0,1,0,0,0,0,0,1
474588c295b38f83f6d57e0a,1,0,0,0,0,0,0,1,0,1,0,0,0,0,1,0
47569a38c1b4c9abf4dee254,0,1,0,0,0,0,0,1,0,0,1,0,1,0,0,0
475750899adf0f1d496026f8,1,0,0,0,0,0,0,1,0,1,0,0,0,0,1,0
475c65ca5ba94adfa34bee9d,0,1,0,0,0,0,1,0,0,0,0,1,1,0,0,0
47616760e83e687a783cb56f,0,1,0,0,1,0,0,0,0,0,0,1,0,0,1,0
4785be2290819b3a96ca9988,1,0,0,0,0,1,0,0,0,0,1,0,0,0,0,1
478c62134faac27bf840e86a,1,0,0,0,0,1,0,0,0,0,1,0,0,0,0,1
478f76bb338acfbe5a2ea732,0,0,1,0,0,1,0,0,1,0,0,0,0,0,0,1
479614d7f7c42c736b44235a,1,0,0,0,0,0,1,0,0,1,0,0,0,0,0,1
479790d777861dcc65925aad,1,0,0,0,0,0,1,0,0,1,0,0,0,0,0,1
47a73a850bf5f30160771f20,1,0,0,0,0,0,1,0,0,0,0,1,0,1,0,0
47a9e7086d4439f9362c030e,0,0,1,0,0,0,0,1,1,0,0,0,0,1,0,0
47ae60d9b1f23474bcc20c4a,0,0,0,1,0,1,0,0,0,0,1,0,1,0,0,0
47ae850e456f8d90ba02eb7d,0,0,1,0,1,0,0,0,0,1,0,0,0,0,0,1
47b77d1ef77e4039ef044e64,1,0,0,0,0,0,1,0,0,0,0,1,0,1,0,0
47ba0013fba4df5558dd2b84,0,0,1,0,0,1,0,0,0,0,0,1,1,0,0,0
47ba60fa5379b1b6b7ed3a0a,1,0,0,0,0,0,0,1,0,0,1,0,0,1,0,0
47ba7414a39a82680134a1f8,0,1,0,0,0,0,0,1,0,0,1,0,1,0,0,0
47c1091c063c92b586d14642,1,0,0,0,0,0,1,0,0,1,0,0,0,0,0,1
47c39e7ef933942b6f48bdcc,0,1,0,0,0,0,1,0,1,0,0,0,0,0,0,1
47c49c230720135877c6b2e7,1,0,0,0,0,1,0,0,0,0,1,0,0,0,0,1
47ce8238a15b96116b1630f8,0,1,0,0,0,0,0,1,0,0,1,0,1,0,0,0
47d485df73ba75e503fee127,1,0,0,0,0,0,1,0,0,1,0,0,0,0,0,1
47e71d449fec2af969215646,0,0,0,1,0,1,0,0,1,0,0,0,0,0,1,0
47ed32e4f670f8a83e8ce1b7,0,1,0,0,0,0,1,0,1,0,0,0,0,0,0,1
47ef05fb08422df130341d40,1,0,0,0,0,0,1,0,0,0,0,1,0,1,0,0
47ef837ae4b9abac3489f04b,1,0,0,0,0,0,1,0,0,0,0,1,0,1,0,0
47f0baa8a8c3d85712a7d51a,0,0,1,0,0,0,0,1,0,1,0,0,1,0,0,0
47f47da6d08787b25ef7afad,1,0,0,0,0,1,0,0,0,0,0,1,0,0,1,0
47f6d1c39c51be5a359d6d3e,0,0,0,1,0,1,0,0,1,0,0,0,0,0,1,0
47fdc3a055d2824ade0f03d2,0,1,0,0,1,0,0,0,0,0,1,0,0,0,0,1
4800d03c7508175202379104,1,0,0,0,0,0,0,1,0,1,0,0,0,0,1,0
4802901e2edd154271a97e06,0,1,0,0,0,0,1,0,0,0,0,1,1,0,0,0
4807a396a29de0da3b8acffb,0,1,0,0,0,0,0,1,0,0,1,0,1,0,0,0
480bcb8c1ca3e50351a303f6,0,0,1,0,0,1,0,0,0,0,0,1,1,0,0,0
480ee182170d1632c09c5967,0,0,0,1,0,0,1,0,0,1,0,0,1,0,0,0
48199bb782339daeb02a1a24,0,0,0,1,0,1,0,0,0,0,1,0,1,0,0,0
481a3ee434fbd2056c3c134d,1,0,0,0,0,1,0,0,0,0,0,1,0,0,1,0
48339a15c3b09988f2bc5256,0,0,1,0,1,0,0,0,0,1,0,0,0,0,0,1
4847a7f1deccf0ed17308109,0,0,0,1,0,1,0,0,0,0,1,0,1,0,0,0
4855d381326c82defd71975f,0,0,1,0,0,1,0,0,0,0,0,1,1,0,0,0
4858961d8edb64b2a098b85b,0,1,0,0,0,0,0,1,1,0,0,0,0,0,1,0
485d1ebb77a69b2baa68dbe8,0,0,0,1,0,1,0,0,0,0,1,0,1,0,0,0
4864dcf9f8638fcb41c23c41,0,0,0,1,1,0,0,0,0,1,0,0,0,0,1,0
486957ed53030bb389907786,0,1,0,0,1,0,0,0,0,0,1,0,0,0,0,1
486a5119034d108751658b11,0,1,0,0,1,0,0,0,0,0,0,1,0,0,1,0
486daac9f910f4965c7054e5,0,1,0,0,0,0,1,0,0,0,0,1,1,0,0,0
48747238453dd48928e322f1,0,1,0,0,0,0,1,0,0,0,0,1,1,0,0,0
4878f1c016927b9eee10fdec,0,0,0,1,1,0,0,0,0,1,0,0,0,0,1,0
487b1afb70d794db6dbb7ea0,1,0,0,0,0,0,1,0,0,1,0,0,0,0,0,1
487c681a61104118dd6c12ea,1,0,0,0,0,0,0,1,0,0,1,0,0,1,0,0
488fc5ad5936230875a6249e,1,0,0,0,0,1,0,0,0,0,0,1,0,0,1,0
48913e3c987678aa2cb33656,0,0,0,1,0,0,1,0,0,1,0,0,1,0,0,0
48914767033bb909cb228006,1,0,0,0,0,0,1,0,0,1,0,0,0,0,0,1
4895c5668f580166d7318844,0,0,1,0,1,0,0,0,0,0,0,1,0,1,0,0
48abce5ca040e604e275d56d,1,0,0,0,0,0,0,1,0,0,1,0,0,1,0,0
48afd2292d2d10dc273536aa,0,0,1,0,1,0,0,0,0,1,0,0,0,0,0,1
48b2004d09a1139d2bcab8fe,1,0,0,0,0,1,0,0,0,0,0,1,0,0,1,0
48c2539b1df26badf3ed405e,1,0,0,0,0,0,0,1,0,1,0,0,0,0,1,0
48c6f7ce0e59b87653b4b965,0,1,0,0,0,0,0,1,0,0,1,0,1,0,0,0
48c70c2be541f50a2438e635,0,0,1,0,0,0,0,1,0,1,0,0,1,0,0,0
48c8036368d12e4e14b84f89,1,0,0,0,0,1,0,0,0,0,0,1,0,0,1,0
48cb232248fadccfee24cc44,0,0,1,0,0,1,0,0,1,0,0,0,0,0,0,1
48d2da04b944d5b3789e8c5e,0,0,1,0,1,0,0,0,0,0,0,1,0,1,0,0
48d37042fc5f3ee44f7293cd,0,1,0,0,0,0,0,1,1,0,0,0,0,0,1,0
48d653a6ba4699bb7ec2fc15,0,1,0,0,0,0,1,0,1,0,0,0,0,0,0,1
48df55d2c1abf87d6be7bca8,1,0,0,0,0,0,0,1,0,0,1,0,0,1,0,0
48e6a02927b98a56b5b07330,0,1,0,0,1,0,0,0,0,0,1,0,0,0,0,1
48e79d665e57d6b1aaabf4ea,0,0,0,1,1,0,0,0,0,0,1,0,0,1,0,0
48e95bb9156126a1592176b0,0,1,0,0,0,0,1,0,0,0,0,1,1,0,0,0
48eac0782e556a65872740a0,1,0,0,0,0,0,0,1,0,1,0,0,0,0,1,0
48eacd1146e3e5c85a3e947d,0,1,0,0,1,0,0,0,0,0,0,1,0,0,1,0
490010ce9936f4e79fbd5d9e,0,1,0,0,1,0,0,0,0,0,1,0,0,0,0,1
490120b5b87e0130a9299817,0,0,0,1,1,0,0,0,0,1,0,0,0,0,1,0
49047b67277bbef48f9be36f,1,0,0,0,0,1,0,0,0,0,1,0,0,0,0,1
490aa6bf8b64c3c2d10448ce,1,0,0,0,0,1,0,0,0,0,1,0,0,0,0,1
490e50c1d6f3c2d9e90a1b4b,0,0,1,0,1,0,0,0,0,1,0,0,0,0,0,1
4912396e672ac1e24594b1b4,0,0,1,0,0,0,0,1,0,1,0,0,1,0,0,0
491897358d07cb617a858eb6,0,0,0,1,0,0,1,0,0,1,0,0,1,0,0,0
49260287c53a6e41070f2810,0,1,0,0,1,0,0,0,0,0,0,1,0,0,1,0
493e216942c80733542656b9,0,0,0,1,0,0,1,0,1,0,0,0,0,1,0,0
4946b0690601d0fe27f9e1c3,0,1,0,0,1,0,0,0,0,0,0,1,0,0,1,0
49475f67f664e82bfc360f85,0,1,0,0,0,0,1,0,1,0,0,0,0,0,0,1
4950da34486db489edc6a4f9,0,0,1,0,0,1,0,0,0,0,0,1,1,0,0,0
495f0f2421f907cb4beaf712,1,0,0,0,0,1,0,0,0,0,0,1,0,0,1,0
4966f987d3f1b6571e9e3fcf,1,0,0,0,0,1,0,0,0,0,0,1,0,0,1,0
49694ee6bc361ddb6dcc770c,0,0,0,1,0,1,0,0,0,0,1,0,1,0,0,0
496b05a506826b24ed250475,1,0,0,0,0,0,1,0,0,0,0,1,0,1,0,0
496eb908ab7d15993390407c,0,1,0,0,0,0,1,0,1,0,0,0,0,0,0,1
497855dcbe66da450c76fe6c,0,1,0,0,0,0,0,1,0,0,1,0,1,0,0,0
4982672b4895cbff1ce40627,0,1,0,0,0,0,1,0,1,0,0,0,0,0,0,1
499bc97f0e29d6a21f893e3c,0,1,0,0,0,0,1,0,0,0,0,1,1,0,0,0
499cfd55d59743a0bbe7270f,0,0,0,1,0,1,0,0,0,0,1,0,1,0,0,0
49a804f0c25a710589d36c88,0,1,0,0,1,0,0,0,0,0,1,0,0,0,0,1
49b327237eb3501d2049ec5b,0,0,1,0,0,0,0,1,0,1,0,0,1,0,0,0
49c03936183ad729f3711ba8,1,0,0,0,0,0,1,0,0,0,0,1,0,1,0,0
49c4717cc9f94f9db7e3f874,0,1,0,0,0,0,0,1,0,0,1,0,1,0,0,0
49c7a013424e8dfc94e0ebde,1,0,0,0,0,1,0,0,0,0,1,0,0,0,0,1
49cd0f746da39ec82ef6b3f8,0,0,1,0,0,1,0,0,0,0,0,1,1,0,0,0
49d27745a1b938c01d16c6df,0,1,0,0,0,0,1,0,0,0,0,1,1,0,0,0
49d58af3bc927fc035230122,1,0,0,0,0,0,1,0,0,0,0,1,0,1,0,0
49dd293ce0b2ef71a63a903e,0,1,0,0,1,0,0,0,0,0,0,1,0,0,1,0
49e18ed41af84688c9a204fc,0,0,0,1,0,1,0,0,1,0,0,0,0,0,1,0
49fa642a59d39ed746e03d16,0,0,1,0,0,0,0,1,1,0,0,0,0,1,0,0
49fc6480988473ee6ed22002,0,0,0,1,1,0,0,0,0,0,1,0,0,1,0,0
4a054876e699b1ae5d172553,0,0,1,0,1,0,0,0,0,0,0,1,0,1,0,0
4a080a9eed1215a50f7b9c33,0,1,0,0,0,0,1,0,0,0,0,1,1,0,0,0
4a15e02e36aa84183b7b2bf7,0,1,0,0,1,0,0,0,0,0,0,1,0,0,1,0
4a20795b09485528154bf95d,0,0,1,0,0,1,0,0,1,0,0,0,0,0,0,1
4a2134fc52a85d5b56568b25,1,0,0,0,0,0,1,0,0,1,0,0,0,0,0,1
4a2160f46e3267af5a52f1b1,0,0,0,1,1,0,0,0,0,1,0,0,0,0,1,0
4a250ed3ea7e39abc28bae07,1,0,0,0,0,0,0,1,0,1,0,0,0,0,1,0
4a279809f3c2298bc2193947,0,1,0,0,1,0,0,0,0,0,0,1,0,0,1,0
4a315b2e8b039b6c8ac7321b,1,0,0,0,0,0,0,1,0,0,1,0,0,1,0,0
4a3ebd042f4d79da6a8fcb2f,0,0,1,0,1,0,0,0,0,0,0,1,0,1,0,0
4a3fdb08ebcc75e92f62a48e,1,0,0,0,0,0,0,1,0,0,1,0,0,1,0,0
4a410c1540f3f63ed1f22d37,1,0,0,0,0,0,1,0,0,0,0,1,0,1,0,0
4a4290bb8195f01a4650ccf1,0,0,0,1,0,1,0,0,0,0,1,0,1,0,0,0
4a5ab84b43fdcca54bbf6fa2,0,0,0,1,0,1,0,0,1,0,0,0,0,0,1,0
4a63f85bd71d427306c593bc,0,0,0,1,0,1,0,0,1,0,0,0,0,0,1,0
4a67524e52fed070373b0be6,0,1,0,0,1,0,0,0,0,0,1,0,0,0,0,1
4a6869d62f894281ae301637,0,0,1,0,0,0,0,1,1,0,0,0,0,1,0,0
4a6c54bc77e211f5f5145b3a,0,1,0,0,0,0,1,0,1,0,0,0,0,0,0,1
4a774ad68ce0327de988b495,0,1,0,0,0,0,0,1,0,0,1,0,1,0,0,0
4a79f2cb234cc97d60274784,0,1,0,0,1,0,0,0,0,0,1,0,0,0,0,1
4a7c3c77b34cb1575a5ed42a,0,0,0,1,1,0,0,0,0,1,0,0,0,0,1,0
4aa1aee48cd9a8aaa96d0a40,0,0,0,1,0,0,1,0,0,1,0,0,1,0,0,0
4ab73b1822f8aa3a8ffe46ae,0,0,1,0,1,0,0,0,0,0,0,1,0,1,0,0
4ab7950bf3c618f6ce8707ac,0,1,0,0,0,0,1,0,1,0,0,0,0,0,0,1
4abc7343327415f6b1f7ed2a,0,0,1,0,0,0,0,1,0,1,0,0,1,0,0,0
4accf632131bb7f3d0603019,0,1,0,0,0,0,1,0,1,0,0,0,0,0,0,1
4ace38d1012b05cfcbaf3be2,0,0,1,0,0,0,0,1,0,1,0,0,1,0,0,0
4acf0c7f775797992c32b051,0,1,0,0,1,0,0,0,0,0,1,0,0,0,0,1
4acf2fce4baef5c62c1c28fb,0,0,0,1,1,0,0,0,0,0,1,0,0,1,0,0
4ad644dbb77e29c8e1906f03,0,0,0,1,1,0,0,0,0,0,1,0,0,1,0,0
4ad8a6d5e000f64cfe8a2ada,0,0,1,0,0,1,0,0,0,0,0,1,1,0,0,0
4ada8dbac3e0ccd5abddab24,0,1,0,0,1,0,0,0,0,0,1,0,0,0,0,1
4ae0c6c62bc60f1ec6bdf324,0,0,0,1,1,0,0,0,0,1,0,0,0,0,1,0
4ae8cae1e5ea90dccbcb8499,0,0,0,1,0,0,1,0,1,0,0,0,0,1,0,0
4aedf5d3d7c024208f2ca9a7,0,0,1,0,1,0,0,0,0,0,0,1,0,1,0,0
4af2517813e019b47e430008,0,0,0,1,0,1,0,0,0,0,1,0,1,0,0,0
4b05e732b8011233f201f480,0,0,1,0,1,0,0,0,0,1,0,0,0,0,0,1
4b0998d96d7c8aeaac3a9bd4,0,1,0,0,0,0,0,1,0,0,1,0,1,0,0,0
4b0be0d80b54fbaff8cc06ff,0,0,1,0,0,1,0,0,0,0,0,1,1,0,0,0
4b0d0ebc10c5e99c9715e94a,0,1,0,0,0,0,1,0,1,0,0,0,0,0,0,1
4b0f448daed4fb610d9a80ff,1,0,0,0,0,1,0,0,0,0,1,0,0,0,0,1
4b107c05fdc5a12fbb44d34b,1,0,0,0,0,0,0,1,0,0,1,0,0,1,0,0
4b13653573d29bd23fffaad7,0,0,0,1,1,0,0,0,0,1,0,0,0,0,1,0
4b13ab3cad7ad5ef42097f7a,1,0,0,0,0,1,0,0,0,0,1,0,0,0,0,1
4b15fa88a9acdf1271a0b53a,0,0,1,0,1,0,0,0,0,1,0,0,0,0,0,1
4b25c81cb982d8fc76fbb01c,0,0,0,1,1,0,0,0,0,1,0,0,0,0,1,0
4b2a83ba0a440e008d3685e1,0,1,0,0,0,0,1,0,0,0,0,1,1,0,0,0
4b3ce0c4b0f80758738682fd,0,1,0,0,0,0,1,0,0,0,0,1,1,0,0,0
4b40e5a398e363818ed6593e,1,0,0,0,0,0,0,1,0,1,0,0,0,0,1,0
4b48a35fb8a490779355256e,0,0,1,0,1,0,0,0,0,0,0,1,0,1,0,0
4b4b1c339bb5bf5839c6c8bb,1,0,0,0,0,0,1,0,0,1,0,0,0,0,0,1
4b4d113905cd2679dca4dc92,0,0,0,1,1,0,0,0,0,0,1,0,0,1,0,0
4b514adf20e2346235217a20,1,0,0,0,0,0,0,1,0,1,0,0,0,0,1,0
4b5da7b40ffa90b46e298b97,0,0,0,1,1,0,0,0,0,1,0,0,0,0,1,0
4b626bd7f2502ce7fe92ee0b,0,0,1,0,1,0,0,0,0,1,0,0,0,0,0,1
4b66eae5d62236d5bfbb6782,1,0,0,0,0,0,1,0,0,0,0,1,0,1,0,0
4b6c24dce70ea4e88bb0e948,0,1,0,0,1,0,0,0,0,0,0,1,0,0,1,0
4b7536b4840b0e06f7eae674,1,0,0,0,0,1,0,0,0,0,1,0,0,0,0,1
4b7854e1e965f7ee94f7c7d5,0,0,1,0,0,0,0,1,1,0,0,0,0,1,0,0
4b8063ccff29d3554880f413,0,1,0,0,0,0,0,1,0,0,1,0,1,0,0,0
4b87b97f04c970350666ccc0,1,0,0,0,0,0,0,1,0,1,0,0,0,0,1,0
4b8909f14fbc7d0586c42e30,0,0,1,0,1,0,0,0,0,1,0,0,0,0,0,1
4b9ac6724f5ca790e4063cc9,0,0,0,1,0,1,0,0,1,0,0,0,0,0,1,0
4b9acb0f6cdf2d8d21ec62b6,1,0,0,0,0,0,1,0,0,1,0,0,0,0,0,1
4b9ef9d89136ad1ab4b853c2,1,0,0,0,0,1,0,0,0,0,1,0,0,0,0,1
4ba688c5d7e894bd9b66b3b5,1,0,0,0,0,1,0,0,0,0,1,0,0,0,0,1
4bab7ff10456f7b2ce342cf5,1,0,0,0,0,1,0,0,0,0,1,0,0,0,0,1
4badcaf9fca049b47244bce4,1,0,0,0,0,0,1,0,0,1,0,0,0,0,0,1
4bade54038cf9261d94fc031,0,1,0,0,1,0,0,0,0,0,1,0,0,0,0,1
4baf2fd83450a49de631734d,0,0,0,1,0,0,1,0,0,1,0,0,1,0,0,0
4bb5a5bab6311d9cbcb577bf,0,0,1,0,0,0,0,1,0,1,0,0,1,0,0,0
4bb7697df98c948da2fd37c2,0,0,1,0,1,0,0,0,0,1,0,0,0,0,0,1
4bbc3dd7fb760335996d39b6,0,1,0,0,0,0,1,0,0,0,0,1,1,0,0,0
4bbc536e17d0a9e01c69a0db,0,0,1,0,0,1,0,0,1,0,0,0,0,0,0,1
4bcdef5d9a70d24d699f7ffc,1,0,0,0,0,0,1,0,0,0,0,1,0,1,0,0
4bd361148a421dd882c302e3,0,0,0,1,1,0,0,0,0,0,1,0,0,1,0,0
4be3cc5adbfdc6437a813bce,0,0,0,1,0,1,0,0,1,0,0,0,0,0,1,0
4bf00d4c8d1fd4b86c015ebb,0,0,0,1,0,0,1,0,0,1,0,0,1,0,0,0
4bf5a144b58a2979c2e112b6,1,0,0,0,0,0,1,0,0,0,0,1,0,1,0,0
4bf9637ee108a9681f7ede60,1,0,0,0,0,1,0,0,0,0,0,1,0,0,1,0
4c0365dd7cc3d8bd74c3a291,1,0,0,0,0,0,0,1,0,0,1,0,0,1,0,0
4c040949918f365c34bc41ce,0,0,1,0,0,1,0,0,0,0,0,1,1,0,0,0
4c09cb6886561cf227820e28,0,1,0,0,0,0,1,0,0,0,0,1,1,0,0,0
4c12ceb8824da103f2cbd663,0,0,1,0,0,0,0,1,0,1,0,0,1,0,0,0
4c1abcf04ec2130abdfbcfa2,0,1,0,0,0,0,1,0,0,0,0,1,1,0,0,0
4c2b1f975856e233a718cccf,1,0,0,0,0,0,1,0,0,0,0,1,0,1,0,0
4c2d19b00cf5cbbd4348e573,1,0,0,0,0,0,1,0,0,1,0,0,0,0,0,1
4c3b5a737b7a3bdc3c5282fb,0,0,1,0,1,0,0,0,0,0,0,1,0,1,0,0
4c44f2cbb0ee195af7666291,0,1,0,0,0,0,0,1,1,0,0,0,0,0,1,0
4c53f4110b5dc3c638c73345,1,0,0,0,0,1,0,0,0,0,1,0,0,0,0,1
4c6386ac32a945e61d383aef,0,1,0,0,0,0,0,1,1,0,0,0,0,0,1,0
4c67c8261f7375421ecf2150,0,0,0,1,0,0,1,0,0,1,0,0,1,0,0,0
4c6e5bc9c27c9d87574b8fb5,0,1,0,0,1,0,0,0,0,0,1,0,0,0,0,1
4c732c5c9cb2b071c0e05f8e,0,0,1,0,0,1,0,0,1,0,0,0,0,0,0,1
4c76562111c5d9a9ff752244,0,0,1,0,0,0,0,1,0,1,0,0,1,0,0,0
4c833e36a524ee1677356aa7,0,0,0,1,1,0,0,0,0,0,1,0,0,1,0,0
4c85565d842c9beac7d992ba,0,0,1,0,0,1,0,0,0,0,0,1,1,0,0,0
4c8618c7464087f7e232792e,0,0,1,0,0,0,0,1,0,1,0,0,1,0,0,0
4c87ec5adcfa8890f69ce7d8,0,0,0,1,0,0,1,0,1,0,0,0,0,1,0,0
4ca10daf843864cab3c53ef3,0,0,1,0,1,0,0,0,0,0,0,1,0,1,0,0
4ca177db9db583598608674e,0,1,0,0,0,0,1,0,0,0,0,1,1,0,0,0
4ca76b1787a68720bd2be7be,0,1,0,0,0,0,1,0,0,0,0,1,1,0,0,0
4caa2b3ec38b9594235a8f49,1,0,0,0,0,0,1,0,0,1,0,0,0,0,0,1
4cb7431bb9b5ae6f411d49c0,0,0,1,0,0,0,0,1,0,1,0,0,1,0,0,0
4cbabf82948e2f74501007e9,1,0,0,0,0,0,1,0,0,0,0,1,0,1,0,0
4cbad6078fa3b76156429990,0,0,0,1,0,0,1,0,1,0,0,0,0,1,0,0
4cbf22a604934a33dc45fcde,0,1,0,0,0,0,1,0,0,0,0,1,1,0,0,0
4cc54e71c87e80384733dd28,0,0,1,0,0,1,0,0,1,0,0,0,0,0,0,1
4cc65321890cfe607915da54,0,1,0,0,0,0,1,0,0,0,0,1,1,0,0,0
4ccb5d7edb4e7478bb9c4870,0,0,1,0,0,0,0,1,1,0,0,0,0,1,0,0
4ccc3fcef447826fa33d6452,0,0,0,1,1,0,0,0,0,1,0,0,0,0,1,0
4cd92b4de7cde3a8d1107985,0,1,0,0,1,0,0,0,0,0,1,0,0,0,0,1
4ce089e14d25ce2b2564c033,0,0,1,0,0,1,0,0,1,0,0,0,0,0,0,1
4ce5ccff7e32701c1c19e29c,1,0,0,0,0,0,0,1,0,0,1,0,0,1,0,0
4ce6c69430bec32ecf8713b8,0,0,0,1,0,1,0,0,1,0,0,0,0,0,1,0
4ceca4773a0203dc79f7e5c1,0,0,1,0,1,0,0,0,0,1,0,0,0,0,0,1
4cf4fe1351cf39e128a2ea3c,0,0,0,1,0,1,0,0,0,0,1,0,1,0,0,0
4cfd0505e2a261ba806c5656,1,0,0,0,0,0,0,1,0,0,1,0,0,1,0,0
4d048b2254e6d512163bd228,0,0,0,1,1,0,0,0,0,1,0,0,0,0,1,0
4d0ead8a6d58eb16e47395bc,1,0,0,0,0,1,0,0,0,0,1,0,0,0,0,1
4d14b17fadd3940f054baa23,0,1,0,0,0,0,1,0,1,0,0,0,0,0,0,1
4d209870a4064979e985e218,0,0,1,0,1,0,0,0,0,0,0,1,0,1,0,0
4d227254fc57488e1b12d8cf,0,1,0,0,0,0,1,0,1,0,0,0,0,0,0,1
4d2a93aebec36dca5f50cb8a,0,0,1,0,1,0,0,0,0,1,0,0,0,0,0,1
4d2ea17f3fa5d9e9d3a4fa75,0,0,0,1,0,0,1,0,0,1,0,0,1,0,0,0
4d406bc29ec28ef311b48759,0,1,0,0,0,0,1,0,1,0,0,0,0,0,0,1
4d4c3b73ce2865bc5559ef42,1,0,0,0,0,0,1,0,0,1,0,0,0,0,0,1
4d509c6d8187152c3e4e6840,0,0,1,0,1,0,0,0,0,0,0,1,0,1,0,0
4d51c170be8755db979e157d,1,0,0,0,0,0,1,0,0,0,0,1,0,1,0,0
4d53c849ae817b86fe99e1ea,1,0,0,0,0,1,0,0,0,0,0,1,0,0,1,0
4d53f68632f2b5b7acacad7e,0,0,0,1,0,1,0,0,0,0,1,0,1,0,0,0
4d580215382aa819a348cc2d,1,0,0,0,0,0,0,1,0,1,0,0,0,0,1,0
4d652801efb527ba8fcc3f32,1,0,0,0,0,0,0,1,0,1,0,0,0,0,1,0
4d70c1d404ffeb2ab0f2ac26,0,0,0,1,0,1,0,0,1,0,0,0,0,0,1,0
4d72a5e4f677764b48ea24fb,0,0,0,1,1,0,0,0,0,0,1,0,0,1,0,0
4d7892cdc69be25b3bebf912,0,1,0,0,0,0,1,0,0,0,0,1,1,0,0,0
4d7dfd2383dd0711c5298fcb,0,1,0,0,1,0,0,0,0,0,1,0,0,0,0,1
4d7f06e2500568682742aa9f,0,0,1,0,0,0,0,1,0,1,0,0,1,0,0,0
4d7f639362e1052921dfe441,0,1,0,0,0,0,1,0,1,0,0,0,0,0,0,1
4d8679edea191264592e0994,0,0,1,0,1,0,0,0,0,1,0,0,0,0,0,1
4d875d7ca9b9202c12d87399,1,0,0,0,0,1,0,0,0,0,1,0,0,0,0,1
4d8ba68c8d73ee5790076e15,0,1,0,0,0,0,1,0,0,0,0,1,1,0,0,0
4d8fa55e7277ff490aaac161,0,0,0,1,0,0,1,0,0,1,0,0,1,0,0,0
4d9983b896dd68d02cad09c3,1,0,0,0,0,0,0,1,0,1,0,0,0,0,1,0
4d9ebe4ece8ba5844df005cf,0,0,0,1,0,0,1,0,0,1,0,0,1,0,0,0
4da3ad2b93857c39270c3f97,0,1,0,0,1,0,0,0,0,0,1,0,0,0,0,1
4da8b238f94f1df6bf9fbaff,1,0,0,0,0,0,0,1,0,1,0,0,0,0,1,0
4daa256c1ca06b4ab01b5300,0,1,0,0,0,0,1,0,1,0,0,0,0,0,0,1
4dafae4bf7c69a8b5258e105,0,0,1,0,0,0,0,1,1,0,0,0,0,1,0,0
4db5d5c74e07cb1a4869c3f6,0,0,0,1,0,0,1,0,1,0,0,0,0,1,0,0
4dba6b2c9a786d52abc80880,0,1,0,0,0,0,0,1,1,0,0,0,0,0,1,0
4dc48a8e1ae98a0dbc30544b,0,1,0,0,1,0,0,0,0,0,1,0,0,0,0,1
4dc8c24ff03304008d37c8b6,0,1,0,0,0,0,0,1,1,0,0,0,0,0,1,0
4dccc9e2d303e612921eec11,1,0,0,0,0,0,0,1,0,0,1,0,0,1,0,0
4ddfb5aad81994c0ebdb7975,0,1,0,0,0,0,0,1,0,0,1,0,1,0,0,0
4de7374326f14ef361ad36cf,0,0,1,0,1,0,0,0,0,0,0,1,0,1,0,0
4dea9ce543880f637f0b8f3d,0,0,1,0,0,1,0,0,0,0,0,1,1,0,0,0
4df79b0936d36dc6ae2c7b35,0,1,0,0,1,0,0,0,0,0,1,0,0,0,0,1
4df9a6976fd791c0edca6bc6,0,1,0,0,0,0,1,0,1,0,0,0,0,0,0,1
4dfa15436e5cb58074c1e0fa,0,0,0,1,0,1,0,0,1,0,0,0,0,0,1,0
4dfd2a8e046f31ba0ccb85f4,0,0,1,0,0,1,0,0,1,0,0,0,0,0,0,1
4dffaf3123578fcb5f4e7d01,0,1,0,0,1,0,0,0,0,0,1,0,0,0,0,1
4e08835883318b4f469e884e,0,0,1,0,0,0,0,1,1,0,0,0,0,1,0,0
4e0c7313fb31fdbd42d80815,0,0,1,0,1,0,0,0,0,1,0,0,0,0,0,1
4e111a3cf02dadb8d9e6420e,1,0,0,0,0,0,0,1,0,1,0,0,0,0,1,0
4e1994dc096f3cc81f6261e5,0,0,1,0,0,0,0,1,0,1,0,0,1,0,0,0
4e19c8ec8355950a610300d2,0,0,0,1,1,0,0,0,0,0,1,0,0,1,0,0
4e1a292a21138da04e939503,0,1,0,0,0,0,0,1,0,0,1,0,1,0,0,0
4e221a2e0561804fa7d718bf,0,0,0,1,0,0,1,0,0,1,0,0,1,0,0,0
4e25956907675ef29d5d0a9b,0,0,1,0,0,0,0,1,1,0,0,0,0,1,0,0
4e283b6a48e5ec2999c19b35,1,0,0,0,0,1,0,0,0,0,1,0,0,0,0,1
4e31333608a6f5be13251194,0,1,0,0,1,0,0,0,0,0,0,1,0,0,1,0
4e3a1e7246332a122ab89210,0,0,0,1,0,1,0,0,1,0,0,0,0,0,1,0
4e3bbab36869a32d548ba3e0,0,0,0,1,0,1,0,0,1,0,0,0,0,0,1,0
4e3c5fa93b113be57878167f,0,1,0,0,1,0,0,0,0,0,0,1,0,0,1,0
4e42548c0bda0c7ffcadd893,0,0,1,0,0,1,0,0,0,0,0,1,1,0,0,0
4e476cb377e3538d1f02d7f8,0,1,0,0,0,0,0,1,0,0,1,0,1,0,0,0
4e4fd691587d53084ca82781,0,1,0,0,0,0,0,1,0,0,1,0,1,0,0,0
4e50850dee180b81770cdbaf,0,1,0,0,0,0,0,1,0,0,1,0,1,0,0,0
4e57463278eec4764e56bc35,0,1,0,0,0,0,1,0,1,0,0,0,0,0,0,1
4e585fc89897007bd0ed690c,1,0,0,0,0,0,0,1,0,0,1,0,0,1,0,0
4e589851d364616ab56b62f0,0,0,1,0,1,0,0,0,0,1,0,0,0,0,0,1
4e61ff03cdf72ca50e649172,1,0,0,0,0,0,0,1,0,0,1,0,0,1,0,0
4e6247deef8a607c96e66531,1,0,0,0,0,1,0,0,0,0,1,0,0,0,0,1
4e7ef0ed64a0bcc661d5680c,0,0,0,1,1,0,0,0,0,1,0,0,0,0,1,0
4e88901c7f12835b6dc161df,0,0,0,1,0,1,0,0,1,0,0,0,0,0,1,0
4e8c5c949b279ed837230b3c,0,0,1,0,1,0,0,0,0,0,0,1,0,1,0,0
4e9b2de07291fa060ee4036f,0,1,0,0,0,0,1,0,1,0,0,0,0,0,0,1
4e9fb9b00bb0d36d559845ae,1,0,0,0,0,0,0,1,0,1,0,0,0,0,1,0
4ea7013158426878587e4dee,0,0,1,0,0,1,0,0,1,0,0,0,0,0,0,1
4ea9fae4723179077ea28642,0,0,0,1,0,1,0,0,0,0,1,0,1,0,0,0
4eafd5a2752bf78282cbfa52,0,0,0,1,0,1,0,0,0,0,1,0,1,0,0,0
4eb097c061fa3cc791a993f0,0,0,0,1,0,0,1,0,1,0,0,0,0,1,0,0
4eb2a6ab9dfc13d136cb00d5,0,0,1,0,0,1,0,0,0,0,0,1,1,0,0,0
4ebc3fa21662b1df4dfd62ca,0,1,0,0,0,0,0,1,0,0,1,0,1,0,0,0
4ec5be4fb79fcc9fa04ece17,0,0,0,1,0,0,1,0,1,0,0,0,0,1,0,0
4ec67cb8004e9c58db1d9537,1,0,0,0,0,1,0,0,0,0,0,1,0,0,1,0
4ed054290eb05fb1c0542d4e,0,0,1,0,1,0,0,0,0,0,0,1,0,1,0,0
4ed11aaa84a706e2a9fa9458,1,0,0,0,0,1,0,0,0,0,0,1,0,0,1,0
4ed4fd53811fb68d6059697d,0,0,1,0,0,1,0,0,1,0,0,0,0,0,0,1
4ee21bf9b1f773e15bfc32a7,0,0,0,1,1,0,0,0,0,0,1,0,0,1,0,0
4eea0932c57ef51b39ff170f,1,0,0,0,0,1,0,0,0,0,0,1,0,0,1,0
4ef55db57a1bc00bff37c2d9,0,0,0,1,0,0,1,0,0,1,0,0,1,0,0,0
4ef5c176b0d046671a8436a8,0,0,1,0,0,0,0,1,1,0,0,0,0,1,0,0
4ef5fad70348b89ad752002e,1,0,0,0,0,1,0,0,0,0,0,1,0,0,1,0
4ef6039e054dca6cb10df0cd,0,0,1,0,0,1,0,0,0,0,0,1,1,0,0,0
4ef760830eca1906a4a0d495,0,1,0,0,0,0,0,1,1,0,0,0,0,0,1,0
4ef943132248aaac231ee78d,0,0,1,0,0,0,0,1,1,0,0,0,0,1,0,0
4f01ca77e482b70f03d5fed2,0,0,0,1,1,0,0,0,0,1,0,0,0,0,1,0
4f1102bdc9b640c944a837a8,0,0,0,1,1,0,0,0,0,0,1,0,0,1,0,0
4f1199f0ff1642ec52515909,1,0,0,0,0,1,0,0,0,0,1,0,0,0,0,1
4f1c7a1679f9688956a15304,0,0,0,1,0,1,0,0,0,0,1,0,1,0,0,0
4f1d3cf024321f15b71c8547,0,0,1,0,1,0,0,0,0,1,0,0,0,0,0,1
4f31d4f651d1a0acf12925b8,0,0,0,1,0,1,0,0,1,0,0,0,0,0,1,0
4f36ea66ace7a05b00f00a62,0,1,0,0,0,0,1,0,0,0,0,1,1,0,0,0
4f3eebd1b1b440518076bebf,0,1,0,0,1,0,0,0,0,0,0,1,0,0,1,0
4f4291f3cb04f6c3f64b1535,1,0,0,0,0,0,0,1,0,0,1,0,0,1,0,0
4f46e7a90ba1d2d2fa31df2e,0,0,0,1,0,0,1,0,0,1,0,0,1,0,0,0
4f47e50dcfc5536839214ec7,0,0,1,0,0,1,0,0,1,0,0,0,0,0,0,1
4f4990b4bed63334ba34af9c,0,1,0,0,1,0,0,0,0,0,1,0,0,0,0,1
4f51207ee99af1e99b368101,0,0,1,0,0,1,0,0,0,0,0,1,1,0,0,0
4f54cab04a7dd182dcf0456b,1,0,0,0,0,0,0,1,0,1,0,0,0,0,1,0
4f55d63ffe6935c355b9f6d3,1,0,0,0,0,0,0,1,0,1,0,0,0,0,1,0
4f589ab52ceb8f1785eaeea5,0,1,0,0,1,0,0,0,0,0,0,1,0,0,1,0
4f5c8d02eaf1ce23e937d071,0,0,0,1,1,0,0,0,0,0,1,0,0,1,0,0
4f5d4f77b0a1324204fe5777,0,0,0,1,0,1,0,0,0,0,1,0,1,0,0,0
4f5ec4cd3788badb28fdd8f2,0,0,0,1,0,0,1,0,1,0,0,0,0,1,0,0
4f61b8b8c39bb831fc18907c,0,1,0,0,0,0,1,0,0,0,0,1,1,0,0,0
4f6a7fa8e3408bc94a857b5e,0,0,0,1,0,0,1,0,1,0,0,0,0,1,0,0
4f7130b58a24f8d56614a4de,0,0,0,1,1,0,0,0,0,0,1,0,0,1,0,0
4f76c9dd32d5fe3b02fffafa,0,0,1,0,0,1,0,0,1,0,0,0,0,0,0,1
4f7e8d94699c64cc6704071c,0,0,1,0,0,0,0,1,1,0,0,0,0,1,0,0
4f81e8e1eaf62797491f6e6d,0,0,1,0,0,0,0,1,1,0,0,0,0,1,0,0
4f8370fd119a0aa08044af86,0,1,0,0,1,0,0,0,0,0,1,0,0,0,0,1
4f87c36408ea0d6f946c8818,0,1,0,0,0,0,0,1,1,0,0,0,0,0,1,0
4f880e249ca03886b1bf66d0,0,0,0,1,0,0,1,0,1,0,0,0,0,1,0,0
4f8ea2fbcf2e5b03419ebc3d,0,0,0,1,0,0,1,0,0,1,0,0,1,0,0,0
4f9123912fd01ac74de82b9e,1,0,0,0,0,0,1,0,0,0,0,1,0,1,0,0
4f9e09db5439497902901ca3,0,0,0,1,1,0,0,0,0,0,1,0,0,1,0,0
4fa54f7735b87cc159f45513,0,0,1,0,0,0,0,1,1,0,0,0,0,1,0,0
4fa885f3ac5cb1b50d83eb4e,0,0,1,0,1,0,0,0,0,0,0,1,0,1,0,0
4fad360854899f369e37df08,0,1,0,0,0,0,1,0,0,0,0,1,1,0,0,0
4fafa1b1282ca534db225001,0,1,0,0,1,0,0,0,0,0,0,1,0,0,1,0
4fb18c4e833a804a55812bcb,1,0,0,0,0,0,0,1,0,1,0,0,0,0,1,0
4fb45e19aa06f805863228b0,0,0,0,1,0,0,1,0,1,0,0,0,0,1,0,0
4fb73d6672868963f2afccf8,0,0,0,1,0,1,0,0,0,0,1,0,1,0,0,0
4fb7b5d4ab17cccb778e7276,1,0,0,0,0,1,0,0,0,0,0,1,0,0,1,0
4fcd9ffd00674b081ad4bf80,0,0,0,1,1,0,0,0,0,0,1,0,0,1,0,0
4fd163116d19add02f0640f3,0,0,0,1,0,0,1,0,0,1,0,0,1,0,0,0
4fd191a7825186038a9c1570,0,0,0,1,1,0,0,0,0,0,1,0,0,1,0,0
4fd31f317e7ef4231d2a1db5,0,0,1,0,1,0,0,0,0,0,0,1,0,1,0,0
4fdccb9ac7d36907f88ca33b,0,0,1,0,0,1,0,0,0,0,0,1,1,0,0,0
4ff192de3fe92bab0e0ab96e,0,0,0,1,0,1,0,0,1,0,0,0,0,0,1,0
4ffa8ec2af8bbb3ed560744b,0,1,0,0,0,0,0,1,1,0,0,0,0,0,1,0
4ffb0d70768bd297ce3ce36b,0,1,0,0,0,0,1,0,1,0,0,0,0,0,0,1
4ffda02944d8c09b4a72d868,0,1,0,0,1,0,0,0,0,0,1,0,0,0,0,1
5001679decede31d9984e51c,1,0,0,0,0,0,0,1,0,1,0,0,0,0,1,0
500c4281d69520f2a50a2a89,0,0,0,1,0,1,0,0,0,0,1,0,1,0,0,0
500d990d6493a1ec5c19277f,1,0,0,0,0,1,0,0,0,0,1,0,0,0,0,1
500f4b825f111c8e37d2785d,0,0,1,0,0,0,0,1,1,0,0,0,0,1,0,0
501b6449204179f30200beb1,0,0,1,0,0,0,0,1,1,0,0,0,0,1,0,0
5020bd2fdf4f7d973a2ab8fc,0,0,0,1,0,1,0,0,0,0,1,0,1,0,0,0
5025f5c8b2fc05b4b09af997,0,0,0,1,1,0,0,0,0,0,1,0,0,1,0,0
503aefcf4740290cbdead4b3,1,0,0,0,0,0,0,1,0,1,0,0,0,0,1,0
503b45f40e6e3855f652cfe6,0,1,0,0,0,0,1,0,1,0,0,0,0,0,0,1
504e38369a99fc8e4cfab3fb,0,0,0,1,1,0,0,0,0,1,0,0,0,0,1,0
504e65a5bafc0eddc0e39762,1,0,0,0,0,0,0,1,0,1,0,0,0,0,1,0
5052cce15dd4ea087e218148,0,0,1,0,1,0,0,0,0,0,0,1,0,1,0,0
5058d64a95e1e6b53490923d,0,0,1,0,0,0,0,1,1,0,0,0,0,1,0,0
5060e980d0a9d489d4562aad,0,0,0,1,1,0,0,0,0,1,0,0,0,0,1,0
506378a150f6ecf858e074d0,1,0,0,0,0,0,0,1,0,0,1,0,0,1,0,0
506ee04a4d8fa2f1fba59eb9,0,0,0,1,1,0,0,0,0,0,1,0,0,1,0,0
50728175ecc92106e99fae37,0,0,1,0,0,1,0,0,0,0,0,1,1,0,0,0
507610ec698173d181997097,0,1,0,0,0,0,1,0,0,0,0,1,1,0,0,0
507f8e9efd8354dcad8be827,0,0,0,1,0,0,1,0,1,0,0,0,0,1,0,0
5080408577b07504b595e9e6,0,0,0,1,0,1,0,0,1,0,0,0,0,0,1,0
5080e514402257f8e42d18ea,0,0,0,1,0,0,1,0,1,0,0,0,0,1,0,0
50967ea5cafd09e2653e4416,0,0,0,1,0,0,1,0,0,1,0,0,1,0,0,0
509ce06181a95c397fc9d789,0,0,0,1,0,0,1,0,0,1,0,0,1,0,0,0
509e95869b8cf036cc5a1d43,0,1,0,0,0,0,1,0,0,0,0,1,1,0,0,0
50a520c553c33eca0ca5ae29,0,1,0,0,0,0,0,1,1,0,0,0,0,0,1,0
50ab818a16f6450270d3d474,0,1,0,0,0,0,0,1,1,0,0,0,0,0,1,0
50b75ba4eb4bd4526bec2b3f,0,0,0,1,1,0,0,0,0,1,0,0,0,0,1,0
50beb4275f3e3964dd89f503,0,0,1,0,0,1,0,0,0,0,0,1,1,0,0,0
50c16291ba261ce57f85d198,1,0,0,0,0,0,0,1,0,0,1,0,0,1,0,0
50d533b72d99cf1b2c2988df,1,0,0,0,0,1,0,0,0,0,1,0,0,0,0,1
50d7a5837608d5b0b7406596,0,0,0,1,0,0,1,0,0,1,0,0,1,0,0,0
50e5033855d222fec8b1bc74,0,0,0,1,1,0,0,0,0,0,1,0,0,1,0,0
50ee7adb4c8c502cec5d4dd4,1,0,0,0,0,0,0,1,0,0,1,0,0,1,0,0
50f2be1f75a72ec7eb8e7307,1,0,0,0,0,0,1,0,0,1,0,0,0,0,0,1
50f4ea600cb6522c6cbfe893,0,0,1,0,0,1,0,0,0,0,0,1,1,0,0,0
50f59d14e1027d14a6a99136,1,0,0,0,0,0,0,1,0,1,0,0,0,0,1,0
50f6f3ff375ab8a32ecf93b0,1,0,0,0,0,0,1,0,0,0,0,1,0,1,0,0
50f8a6a018c255afffb04475,0,1,0,0,0,0,1,0,0,0,0,1,1,0,0,0
50fbd33f04adc2a87246bffd,1,0,0,0,0,1,0,0,0,0,0,1,0,0,1,0
51108b432ced860cf248f278,0,0,0,1,1,0,0,0,0,0,1,0,0,1,0,0
51170df8c81d1ed3d8124262,0,1,0,0,0,0,0,1,0,0,1,0,1,0,0,0
511ab35a2c478aae727eb1be,0,0,1,0,0,0,0,1,0,1,0,0,1,0,0,0
511ebc31683a50ced9d418e2,1,0,0,0,0,0,1,0,0,1,0,0,0,0,0,1
51226117052d4c56a4cf316a,1,0,0,0,0,0,0,1,0,0,1,0,0,1,0,0
5127afef5161fd612c3372a7,0,0,0,1,0,1,0,0,0,0,1,0,1,0,0,0
5128b44c7c477a5926d003fc,0,0,1,0,0,0,0,1,1,0,0,0,0,1,0,0
512dac361b67fabd3198761c,0,1,0,0,0,0,1,0,0,0,0,1,1,0,0,0
51359ecc4d0b27a517277afc,0,0,1,0,1,0,0,0,0,1,0,0,0,0,0,1
5138810d70e04c8bf58a89f3,0,0,1,0,0,0,0,1,0,1,0,0,1,0,0,0
513da4004a44641ac67c8f94,1,0,0,0,0,0,1,0,0,1,0,0,0,0,0,1
51424a9927076f730c8431d6,0,0,0,1,1,0,0,0,0,0,1,0,0,1,0,0
51433e0d078257040c0a409a,0,0,0,1,0,1,0,0,1,0,0,0,0,0,1,0
5149480b01671d734d334f73,0,0,1,0,1,0,0,0,0,1,0,0,0,0,0,1
51505862e30beef79ae640ea,1,0,0,0,0,0,0,1,0,1,0,0,0,0,1,0
5155563ecdb66ca5f7d7f38e,1,0,0,0,0,0,1,0,0,0,0,1,0,1,0,0
515765e81b096644ae4d3d54,0,1,0,0,1,0,0,0,0,0,1,0,0,0,0,1
515ac0e0b5b71e8f2235ffe4,0,1,0,0,0,0,1,0,0,0,0,1,1,0,0,0
515ed700f165799783e8ad25,0,0,1,0,0,0,0,1,0,1,0,0,1,0,0,0
516636a1ea3086a974ed2ce8,1,0,0,0,0,1,0,0,0,0,0,1,0,0,1,0
5166c60f184c1b1c536f0306,1,0,0,0,0,0,0,1,0,0,1,0,0,1,0,0
517224bae60190ed894b4bb6,0,1,0,0,0,0,1,0,0,0,0,1,1,0,0,0
517faaef6bed8b3d174ca906,1,0,0,0,0,0,1,0,0,0,0,1,0,1,0,0
51893dbd1593a27b4a6e2c56,0,0,1,0,1,0,0,0,0,0,0,1,0,1,0,0
51908165e00380360759d11a,1,0,0,0,0,0,0,1,0,1,0,0,0,0,1,0
519c5666329c72ecb273058d,0,0,1,0,0,0,0,1,1,0,0,0,0,1,0,0
51a143eb1bb67d2f2cf06dd5,0,0,0,1,0,0,1,0,1,0,0,0,0,1,0,0
51a313bb4b32c7162912e44c,1,0,0,0,0,0,0,1,0,1,0,0,0,0,1,0
51a33c985044615a1fcd532b,0,1,0,0,0,0,0,1,0,0,1,0,1,0,0,0
51a734f4fcd3863be61c5f1f,0,0,1,0,1,0,0,0,0,0,0,1,0,1,0,0
51b51ea6c36fbdf2347f15ce,0,0,0,1,0,1,0,0,0,0,1,0,1,0,0,0
51b78453313366d691b40de0,0,1,0,0,1,0,0,0,0,0,0,1,0,0,1,0
51bc7aa6858df10063681b44,1,0,0,0,0,0,0,1,0,1,0,0,0,0,1,0
51c5c04a435273905b6969c1,0,0,1,0,0,0,0,1,1,0,0,0,0,1,0,0
51ca758265d3bc784da273bf,0,0,1,0,0,1,0,0,1,0,0,0,0,0,0,1
51d1fd5273daa272c77559fc,0,1,0,0,1,0,0,0,0,0,1,0,0,0,0,1
51d641da84c2238f511fe944,0,1,0,0,1,0,0,0,0,0,0,1,0,0,1,0
51e0e71745d88a406ff79882,0,0,1,0,0,0,0,1,1,0,0,0,0,1,0,0
51e11b6a8e113f0a09b206a5,0,0,0,1,0,1,0,0,0,0,1,0,1,0,0,0
51e89dab8b213f166e32fd4d,1,0,0,0,0,0,0,1,0,0,1,0,0,1,0,0
51edac1575ed9376e1056f5c,0,1,0,0,0,0,1,0,1,0,0,0,0,0,0,1
51f05eb15b2a1302d227ee4f,0,0,1,0,1,0,0,0,0,1,0,0,0,0,0,1
51f235a6019c01396654e83c,0,0,0,1,1,0,0,0,0,1,0,0,0,0,1,0
51f9ef4577fe16ed1d296fc0,0,0,0,1,0,0,1,0,0,1,0,0,1,0,0,0
51ff8e2021a4d6f73aa42204,1,0,0,0,0,0,1,0,0,1,0,0,0,0,0,1
52059b557a099c73a9eba271,0,0,1,0,0,1,0,0,1,0,0,0,0,0,0,1
5205cab116e776099f87af61,0,1,0,0,0,0,0,1,0,0,1,0,1,0,0,0
5207b415a645e562a918f0cc,1,0,0,0,0,0,0,1,0,1,0,0,0,0,1,0
5219f0fc9178013ead935e6f,0,0,0,1,1,0,0,0,0,1,0,0,0,0,1,0
521a85aa5a17ec981ac8c6e6,1,0,0,0,0,0,1,0,0,1,0,0,0,0,0,1
521e719467bab2740b022d1c,0,0,0,1,0,1,0,0,0,0,1,0,1,0,0,0
522bf86a2f59068e76847d87,0,0,1,0,0,1,0,0,1,0,0,0,0,0,0,1
52492f664c2a2d51ddaae8ef,0,1,0,0,0,0,0,1,1,0,0,0,0,0,1,0
524b2ac18e45c5cf0a35c96b,0,0,1,0,0,0,0,1,0,1,0,0,1,0,0,0
524f981f9d04eea6a1a8e15b,1,0,0,0,0,0,1,0,0,0,0,1,0,1,0,0
525779e8bcab053df3f7c6a3,0,0,1,0,0,0,0,1,1,0,0,0,0,1,0,0
5258872240b79bbb001a1d23,1,0,0,0,0,0,1,0,0,1,0,0,0,0,0,1
525c6f422bc5d52a39a1ce4e,0,0,0,1,0,0,1,0,1,0,0,0,0,1,0,0
525f5c83a70899dae00933cb,0,0,1,0,1,0,0,0,0,0,0,1,0,1,0,0
526619a81721bd91d0798813,0,1,0,0,0,0,1,0,0,0,0,1,1,0,0,0
5266cfb95a37f80484a65787,1,0,0,0,0,1,0,0,0,0,0,1,0,0,1,0
5267c4a5f5f2fb4afda5c3aa,0,0,0,1,1,0,0,0,0,1,0,0,0,0,1,0
527cc5e9706d87f25bd83983,0,0,0,1,1,0,0,0,0,1,0,0,0,0,1,0
5281ba3ff195f0bc61354fd6,0,0,1,0,1,0,0,0,0,0,0,1,0,1,0,0
5281ff29b16a4d9b841bba01,1,0,0,0,0,1,0,0,0,0,0,1,0,0,1,0
528c89a7a2379bf80ece2b30,0,0,1,0,0,1,0,0,1,0,0,0,0,0,0,1
529a687fd4608d840ce5ff4f,0,0,1,0,0,1,0,0,0,0,0,1,1,0,0,0
529e41cebc81d41203ce187d,0,0,1,0,0,0,0,1,0,1,0,0,1,0,0,0
529fc017ae4bf95c77c2eabd,1,0,0,0,0,0,1,0,0,0,0,1,0,1,0,0
52a40557ba5f575487093914,0,0,0,1,0,0,1,0,0,1,0,0,1,0,0,0
52a887e3a0366eafee614631,0,0,1,0,0,1,0,0,0,0,0,1,1,0,0,0
52ab658773aeda87b0ebba90,0,0,0,1,1,0,0,0,0,0,1,0,0,1,0,0
52b00df6f0406a71a2127bf7,0,1,0,0,0,0,1,0,1,0,0,0,0,0,0,1
52b02bc9b5279b989e5b6fb8,0,0,0,1,0,1,0,0,0,0,1,0,1,0,0,0
52ce67a9911f792c38be96a0,0,0,1,0,0,0,0,1,1,0,0,0,0,1,0,0
52ceb00c060bcfc9e724bc40,0,1,0,0,1,0,0,0,0,0,1,0,0,0,0,1
52d5cfd1f1431004ad3684b3,1,0,0,0,0,0,0,1,0,1,0,0,0,0,1,0
52da91e8acfc948078bb49f2,1,0,0,0,0,1,0,0,0,0,1,0,0,0,0,1
52deb7582404c7b795e6a4d6,0,0,0,1,0,1,0,0,1,0,0,0,0,0,1,0
52e50d8a46513d9c47c2438d,1,0,0,0,0,0,0,1,0,0,1,0,0,1,0,0
52e514804e8ca46d2fa43020,0,0,0,1,0,1,0,0,0,0,1,0,1,0,0,0
52ed0fe3cb7a6fce227880a8,0,0,1,0,1,0,0,0,0,1,0,0,0,0,0,1
52f32da00b75d22bddf08dc9,0,0,0,1,1,0,0,0,0,0,1,0,0,1,0,0
52fa72e9d79402c863a64c56,0,1,0,0,0,0,1,0,0,0,0,1,1,0,0,0
52fce2c320f871006c7c1f8d,0,0,0,1,1,0,0,0,0,0,1,0,0,1,0,0
52fd8167ed61fcde2a14efcd,0,0,1,0,1,0,0,0,0,0,0,1,0,1,0,0
53058d71321eef66217457ed,1,0,0,0,0,0,0,1,0,1,0,0,0,0,1,0
530e387aa8aa8dcb9f8e7b35,0,1,0,0,0,0,0,1,0,0,1,0,1,0,0,0
5315fd18cc16f987dd13a484,0,0,1,0,0,0,0,1,0,1,0,0,1,0,0,0
53172b93053fe3ebf1280e36,1,0,0,0,0,0,0,1,0,0,1,0,0,1,0,0
5317ab627ff40d9594459d64,1,0,0,0,0,0,0,1,0,1,0,0,0,0,1,0
5318f257cfc76dcfb7d1aab0,1,0,0,0,0,1,0,0,0,0,0,1,0,0,1,0
531b4c1909164075387fa863,0,1,0,0,0,0,1,0,1,0,0,0,0,0,0,1
531b825654cc6cace2ff8d3e,0,0,1,0,0,1,0,0,0,0,0,1,1,0,0,0
531fd02ed126e3701b9c021b,0,1,0,0,0,0,1,0,1,0,0,0,0,0,0,1
533098878b1f422d0432f962,0,1,0,0,0,0,0,1,0,0,1,0,1,0,0,0
533d2d34cfa98d6651569a7c,0,1,0,0,0,0,1,0,0,0,0,1,1,0,0,0
5341d77dd4672f7c836ef7b0,0,0,0,1,1,0,0,0,0,1,0,0,0,0,1,0
534511ffd2e36e5524243329,1,0,0,0,0,0,0,1,0,0,1,0,0,1,0,0
534cbb105b5d04cd2ea3d0cf,0,0,1,0,0,1,0,0,1,0,0,0,0,0,0,1
5354bc984117776c40e00157,0,1,0,0,0,0,1,0,0,0,0,1,1,0,0,0
5356e6f48f7bcc0cdfe500b4,0,0,1,0,0,1,0,0,0,0,0,1,1,0,0,0
5358d43cddecb227c813328c,1,0,0,0,0,0,1,0,0,0,0,1,0,1,0,0
535ec95962afcaaa79064146,0,0,0,1,1,0,0,0,0,1,0,0,0,0,1,0
536cc98ff00e67721a008580,0,0,0,1,0,1,0,0,1,0,0,0,0,0,1,0
536f07492054c2977e284d73,0,0,1,0,1,0,0,0,0,0,0,1,0,1,0,0
53770308cdd6c570fe4379ad,0,1,0,0,1,0,0,0,0,0,1,0,0,0,0,1
53847d451c2bfe1c4ac46632,0,0,0,1,0,0,1,0,0,1,0,0,1,0,0,0
538739e7fbdbe3a49d2d0026,0,0,1,0,0,1,0,0,0,0,0,1,1,0,0,0
538a81caf672619a078d7ebf,0,0,1,0,0,1,0,0,0,0,0,1,1,0,0,0
539d5af7ee3bf6a0b881a10a,0,0,1,0,1,0,0,0,0,1,0,0,0,0,0,1
53a14f8f1e0329ee64421132,0,1,0,0,0,0,0,1,1,0,0,0,0,0,1,0
53a1de0c9c55e3190149ad1c,0,1,0,0,0,0,1,0,1,0,0,0,0,0,0,1
53a281bd45d8ca3f428a1759,0,0,0,1,1,0,0,0,0,1,0,0,0,0,1,0
53a7687358573edd09e4a541,0,0,0,1,0,1,0,0,0,0,1,0,1,0,0,0
53af72aa5d26ee1546ca7184,1,0,0,0,0,0,0,1,0,1,0,0,0,0,1,0
53b0b91aae597b52aada5df9,0,0,1,0,0,0,0,1,0,1,0,0,1,0,0,0
53b3a12a548da28b511c84d8,0,0,1,0,0,0,0,1,1,0,0,0,0,1,0,0
53b3daeddd1dca7c32ac6232,0,1,0,0,1,0,0,0,0,0,1,0,0,0,0,1
53b7469136adab2b41030c03,0,0,1,0,0,0,0,1,1,0,0,0,0,1,0,0
53c7e03e0256ea4b49eb06c0,0,0,0,1,1,0,0,0,0,0,1,0,0,1,0,0
53cb242db82f8978bba30a63,0,1,0,0,0,0,0,1,1,0,0,0,0,0,1,0
53cb3e2c730b28299ee25a46,0,1,0,0,1,0,0,0,0,0,0,1,0,0,1,0
53d6350c2f8cf246bd365da3,0,0,0,1,0,1,0,0,0,0,1,0,1,0,0,0
53d8a2882e5d40dcb5419c54,0,1,0,0,0,0,0,1,1,0,0,0,0,0,1,0
53d9d20490b8ba0ee814f205,0,1,0,0,0,0,1,0,0,0,0,1,1,0,0,0
53de2c9f43ddbe27d04fb0f7,0,0,0,1,1,0,0,0,0,1,0,0,0,0,1,0
53e441f05f778f49f3250daf,0,0,0,1,0,0,1,0,0,1,0,0,1,0,0,0
53ebf0b70c54800b0af60c80,0,0,1,0,0,1,0,0,1,0,0,0,0,0,0,1
53f06bfe7f8b6443ab1cb117,1,0,0,0,0,0,0,1,0,0,1,0,0,1,0,0
53f5ace961effec06f8b5ee3,0,1,0,0,0,0,0,1,1,0,0,0,0,0,1,0
53f8ce33230b5501b32b35ee,0,0,0,1,0,1,0,0,1,0,0,0,0,0,1,0
53f9a6aacd21984408efb951,0,0,0,1,0,0,1,0,0,1,0,0,1,0,0,0
54004f8b4065ced238e142f2,0,1,0,0,0,0,0,1,1,0,0,0,0,0,1,0
5401aca43da186049a18559e,0,0,0,1,1,0,0,0,0,0,1,0,0,1,0,0
5403ef6aa3eb5d75ae211ce3,1,0,0,0,0,0,0,1,0,1,0,0,0,0,1,0
540b76b9634c15e50ffca602,0,0,1,0,0,1,0,0,0,0,0,1,1,0,0,0
540f8cd0111fe3ca14eee077,0,0,1,0,0,0,0,1,1,0,0,0,0,1,0,0
541c7574735d8f923c57b5d1,0,0,1,0,0,1,0,0,0,0,0,1,1,0,0,0
54221019ed4eb5ecbab4b05d,1,0,0,0,0,0,0,1,0,1,0,0,0,0,1,0
543353ed1f94dfda5801163e,1,0,0,0,0,1,0,0,0,0,0,1,0,0,1,0
5435fe2a322ed177bf7cb76e,0,0,0,1,0,1,0,0,1,0,0,0,0,0,1,0
5439ebf76732d7deed9e9ca6,0,0,0,1,0,1,0,0,1,0,0,0,0,0,1,0
543e6d4ea584726eaa4640d0,0,0,1,0,1,0,0,0,0,1,0,0,0,0,0,1
545702dd7f0aa111b3863303,1,0,0,0,0,0,1,0,0,0,0,1,0,1,0,0
5457c407d5c96848ee912fa6,0,1,0,0,1,0,0,0,0,0,1,0,0,0,0,1
545ab71d76bca12d7d386ee4,1,0,0,0,0,0,0,1,0,0,1,0,0,1,0,0
545f85c7beb9865318ec2614,0,0,0,1,1,0,0,0,0,0,1,0,0,1,0,0
54779377243707005f7698b7,0,0,1,0,1,0,0,0,0,1,0,0,0,0,0,1
547830708a4f70f2bd7fba6e,0,0,0,1,0,1,0,0,1,0,0,0,0,0,1,0
54835d3a06ade3c7dfdc3f40,0,0,1,0,0,0,0,1,0,1,0,0,1,0,0,0
5489639eb15ecd628290d2c1,0,0,1,0,0,0,0,1,1,0,0,0,0,1,0,0
548e2b0fc077e80e7d92ff1b,0,0,1,0,0,0,0,1,1,0,0,0,0,1,0,0
549281f8d0056dd8ed6a4478,0,0,0,1,0,1,0,0,1,0,0,0,0,0,1,0
54972f5e357ecbab41d6db13,0,0,0,1,0,0,1,0,0,1,0,0,1,0,0,0
54999c3a546d5142e617bb02,0,0,1,0,0,0,0,1,1,0,0,0,0,1,0,0
549c9d124c1cdb2213c106f7,0,1,0,0,0,0,0,1,0,0,1,0,1,0,0,0
549ee443742b7e7a1f8dae0b,0,0,0,1,1,0,0,0,0,1,0,0,0,0,1,0
54ad9d007135aaa49626fc26,1,0,0,0,0,0,0,1,0,0,1,0,0,1,0,0
54b411511c8f0a47b61b105d,0,0,0,1,1,0,0,0,0,0,1,0,0,1,0,0
54b6c4a8021fe08f19f003b9,0,1,0,0,0,0,0,1,1,0,0,0,0,0,1,0
54c41fec1c0f188e5a4ce5c9,1,0,0,0,0,1,0,0,0,0,1,0,0,0,0,1
54c5843a3710eda82d1a8f67,0,1,0,0,0,0,0,1,0,0,1,0,1,0,0,0
54c5bb5b56ea8d5dabf626fa,0,0,1,0,1,0,0,0,0,0,0,1,0,1,0,0
54cdd456a05ccc6a3aa2be68,0,1,0,0,1,0,0,0,0,0,0,1,0,0,1,0
54d6d34fcdfbba6e04cfc2f6,1,0,0,0,0,1,0,0,0,0,0,1,0,0,1,0
54db3ba78ffb7940d807d072,0,1,0,0,1,0,0,0,0,0,1,0,0,0,0,1
54db7f71db9a39661e90beab,0,1,0,0,0,0,1,0,1,0,0,0,0,0,0,1
54e0a2a09c5c5f247fc66139,1,0,0,0,0,0,1,0,0,0,0,1,0,1,0,0
54f1f16191f03dfbef39f08d,0,1,0,0,0,0,1,0,1,0,0,0,0,0,0,1
551d00f253a0c8a91dab6cef,0,0,0,1,0,0,1,0,1,0,0,0,0,1,0,0
55203d0c6dc7e90c2fe49b85,0,0,1,0,0,1,0,0,1,0,0,0,0,0,0,1
552c9c9178fd68d381380310,0,1,0,0,1,0,0,0,0,0,1,0,0,0,0,1
552deccc90db3e42d4807c71,0,0,1,0,0,1,0,0,1,0,0,0,0,0,0,1
5535b1ef6930ec321da1b08d,0,0,0,1,1,0,0,0,0,0,1,0,0,1,0,0
5535cc13a22819a0be006389,0,0,1,0,1,0,0,0,0,0,0,1,0,1,0,0
554053fdf9520ed9b10c85a6,1,0,0,0,0,0,1,0,0,0,0,1,0,1,0,0
5542735bdf4cc7e1f94867dc,1,0,0,0,0,0,1,0,0,0,0,1,0,1,0,0
55484e31fab03b7be17db8e0,1,0,0,0,0,1,0,0,0,0,0,1,0,0,1,0
5552c9e31fa7cba798ec3ff1,0,0,1,0,0,0,0,1,0,1,0,0,1,0,0,0
555780bd4c77c9125908450c,0,1,0,0,0,0,0,1,1,0,0,0,0,0,1,0
555a75fda59772f529c3d09e,0,0,0,1,0,0,1,0,1,0,0,0,0,1,0,0
555e4f3dd0989369ec91ac81,1,0,0,0,0,0,0,1,0,0,1,0,0,1,0,0
555e5451ad3e5a27585c5847,0,0,1,0,0,0,0,1,0,1,0,0,1,0,0,0
55604b0128c05b3ecf011f8d,0,1,0,0,1,0,0,0,0,0,1,0,0,0,0,1
556ea960e97ea189e269b92f,0,0,1,0,0,0,0,1,1,0,0,0,0,1,0,0
556ff62f6a33b75b4fa53600,0,0,1,0,0,1,0,0,0,0,0,1,1,0,0,0
5573f22ce36cc93c9ab4c86b,0,0,1,0,0,0,0,1,1,0,0,0,0,1,0,0
557450a5dcd3cbf9a38c26b1,1,0,0,0,0,0,1,0,0,0,0,1,0,1,0,0
55822f40dabdd48985af1aa4,1,0,0,0,0,1,0,0,0,0,0,1,0,0,1,0
5594f422fe2b994dfd2aed12,0,0,1,0,0,1,0,0,1,0,0,0,0,0,0,1
55959935155e357eebf245b6,0,0,1,0,0,1,0,0,1,0,0,0,0,0,0,1
55972af3cdc676c8f7c04874,0,0,1,0,0,0,0,1,0,1,0,0,1,0,0,0
559a5e71d725b19b5e061740,0,0,1,0,0,0,0,1,0,1,0,0,1,0,0,0
55a3bf01a5b2d54711d77d8e,0,0,1,0,0,0,0,1,0,1,0,0,1,0,0,0
55a40c877a2dcf41713cb38a,0,1,0,0,1,0,0,0,0,0,0,1,0,0,1,0
55acecf80cf95131b5bd5b49,0,0,1,0,1,0,0,0,0,1,0,0,0,0,0,1
55bb06f83ccab0863cc61f32,0,1,0,0,1,0,0,0,0,0,0,1,0,0,1,0
55c143d725fce6ee6351873e,0,0,1,0,1,0,0,0,0,0,0,1,0,1,0,0
55c15b289d4c5d11d705ade1,0,0,0,1,0,1,0,0,0,0,1,0,1,0,0,0
55c539a62266d478e019926c,1,0,0,0,0,0,1,0,0,1,0,0,0,0,0,1
55cc387f362ffc0179809c05,0,1,0,0,0,0,0,1,0,0,1,0,1,0,0,0
55cc90cc755bb6d12f114a5e,1,0,0,0,0,0,1,0,0,1,0,0,0,0,0,1
55d238de1f85ccafeeec73a0,1,0,0,0,0,0,0,1,0,1,0,0,0,0,1,0
55d239090905cd885771d6f1,0,0,0,1,0,0,1,0,0,1,0,0,1,0,0,0
55d94676cc644c7dbf9b1b4a,0,0,0,1,0,0,1,0,0,1,0,0,1,0,0,0
55dacc51f9ec2bb530fa726e,0,0,1,0,0,0,0,1,0,1,0,0,1,0,0,0
55db0ad343b1ba939007351c,1,0,0,0,0,0,0,1,0,0,1,0,0,1,0,0
55ef036c435638dc5e96dfe3,0,1,0,0,0,0,1,0,1,0,0,0,0,0,0,1
55ef10f2c4fe9e3ff9842a81,0,1,0,0,0,0,1,0,1,0,0,0,0,0,0,1
55ff43aa05e7c8e9b40de89b,0,0,0,1,0,0,1,0,0,1,0,0,1,0,0,0
56032836f82bf25bf4aadac0,1,0,0,0,0,0,1,0,0,1,0,0,0,0,0,1
5605dfc9f9ec4d7e4553441c,0,0,1,0,0,1,0,0,0,0,0,1,1,0,0,0
560f3b8784ec4c4dd197ea88,1,0,0,0,0,1,0,0,0,0,0,1,0,0,1,0
5614eb1037b4a7e31c63dfca,0,1,0,0,0,0,1,0,1,0,0,0,0,0,0,1
561b0cdb6376c14fba84b21b,0,0,1,0,0,0,0,1,1,0,0,0,0,1,0,0
561b366d52cdb45ec4662c5f,0,0,0,1,0,1,0,0,0,0,1,0,1,0,0,0
561db0665a768954cfae14c5,0,1,0,0,1,0,0,0,0,0,0,1,0,0,1,0
5626c65e65d785ca3eef0d79,0,0,0,1,0,0,1,0,0,1,0,0,1,0,0,0
562b0f1231ba533f31c6d9e0,0,1,0,0,0,0,0,1,1,0,0,0,0,0,1,0
562cfcbf43beb34b328f6f55,0,1,0,0,0,0,0,1,0,0,1,0,1,0,0,0
562e628b448b1a5dd4ec02f6,1,0,0,0,0,1,0,0,0,0,1,0,0,0,0,1
5632e64d29a450a88fd47e10,0,0,1,0,0,0,0,1,0,1,0,0,1,0,0,0
5634114bbd6f8914d44cf0c1,0,0,1,0,0,1,0,0,1,0,0,0,0,0,0,1
5634db96020ade9cda1e3161,0,1,0,0,0,0,1,0,0,0,0,1,1,0,0,0
5634e94c48d56b3f21b3c594,1,0,0,0,0,0,0,1,0,0,1,0,0,1,0,0
5643a6a8d0371031ba0a1bfe,1,0,0,0,0,1,0,0,0,0,1,0,0,0,0,1
564ec4d385bbf8f0ff37b160,1,0,0,0,0,0,0,1,0,1,0,0,0,0,1,0
565407840f574fa6a9042fa1,1,0,0,0,0,0,1,0,0,1,0,0,0,0,0,1
565e3bc612cda404244a36c1,0,1,0,0,1,0,0,0,0,0,1,0,0,0,0,1
5668852615dd50dfa18c2189,1,0,0,0,0,0,1,0,0,1,0,0,0,0,0,1
56712c04a71e43b220767eaa,0,1,0,0,1,0,0,0,0,0,1,0,0,0,0,1
5675f91e3b530276d8893d09,0,0,1,0,1,0,0,0,0,0,0,1,0,1,0,0
567781940626c693395b86b4,0,0,1,0,0,1,0,0,1,0,0,0,0,0,0,1
5677b836b1e3840a74707442,1,0,0,0,0,0,1,0,0,1,0,0,0,0,0,1
567cda62eeaa008179ff99b0,0,1,0,0,0,0,1,0,1,0,0,0,0,0,0,1
5680d3e4829c68f0f2cb70c5,1,0,0,0,0,1,0,0,0,0,1,0,0,0,0,1
56840f263630c398a02e93dc,0,0,1,0,0,0,0,1,1,0,0,0,0,1,0,0
568be3067f9404deca46bcd0,1,0,0,0,0,1,0,0,0,0,1,0,0,0,0,1
56946b36fd756ce3c5b2a4ca,0,1,0,0,0,0,1,0,0,0,0,1,1,0,0,0
56a21cf424aac834a10a6cc3,1,0,0,0,0,0,1,0,0,1,0,0,0,0,0,1
56a7650548f201fed2754bb4,0,0,1,0,1,0,0,0,0,1,0,0,0,0,0,1
56ad268a3963b49921a00473,0,0,1,0,0,1,0,0,1,0,0,0,0,0,0,1
56c0806561c9f3346f59d062,1,0,0,0,0,0,1,0,0,1,0,0,0,0,0,1
56c636d5dcb0292ba4126dc9,0,0,0,1,0,0,1,0,0,1,0,0,1,0,0,0
56cda3261a419c1c20f02168,0,0,1,0,0,0,0,1,0,1,0,0,1,0,0,0
56d7884c08fd51946c5f0b04,0,0,1,0,0,0,0,1,1,0,0,0,0,1,0,0
56d7ce4ca0d0a6df878e676c,0,0,0,1,0,0,1,0,0,1,0,0,1,0,0,0
56d8236371df0feca093895d,0,0,0,1,0,1,0,0,0,0,1,0,1,0,0,0
56e10ac7e4a0622c5823a4f7,0,1,0,0,0,0,0,1,1,0,0,0,0,0,1,0
56e7b6ebc4327d716e574086,0,0,1,0,0,0,0,1,1,0,0,0,0,1,0,0
56e9dae1daee9dba55e2c107,1,0,0,0,0,1,0,0,0,0,1,0,0,0,0,1
56f942dfb3676134ccab5226,1,0,0,0,0,1,0,0,0,0,0,1,0,0,1,0
56fcf93ecbe381effbaad356,0,0,1,0,0,1,0,0,0,0,0,1,1,0,0,0
56fede823c96fee435f95277,0,0,1,0,0,0,0,1,1,0,0,0,0,1,0,0
5710ffe1b0e759beecd12509,0,0,0,1,0,1,0,0,0,0,1,0,1,0,0,0
571b9e3b9e79ef93b30a2993,0,0,1,0,0,1,0,0,1,0,0,0,0,0,0,1
571d013b3e88e622f1bb6abc,1,0,0,0,0,0,0,1,0,0,1,0,0,1,0,0
57208b38b3e5055ff8242932,1,0,0,0,0,1,0,0,0,0,1,0,0,0,0,1
572627691b0b42fa6201c365,0,0,0,1,1,0,0,0,0,1,0,0,0,0,1,0
572cdcfa03c1c7cd30c244da,0,0,1,0,1,0,0,0,0,1,0,0,0,0,0,1
57322404f5e1195366e1540b,0,1,0,0,1,0,0,0,0,0,1,0,0,0,0,1
5737ff7867e7ac37d33d6e11,0,1,0,0,0,0,1,0,1,0,0,0,0,0,0,1
5739b31111de0fc7346bee7f,0,0,0,1,0,0,1,0,0,1,0,0,1,0,0,0
574d71d6c9ca6be1b0ac7c98,0,0,0,1,1,0,0,0,0,0,1,0,0,1,0,0
575ee9004f9966318dcbcc18,1,0,0,0,0,0,1,0,0,1,0,0,0,0,0,1
5760be6175a4eb8d6f663b87,0,1,0,0,0,0,0,1,1,0,0,0,0,0,1,0
5768d940f30c270a25742873,0,0,0,1,1,0,0,0,0,0,1,0,0,1,0,0
576c834eaf8596db924c5f6c,0,0,0,1,0,0,1,0,0,1,0,0,1,0,0,0
576ed9b1b1b6ee6f5386a55d,1,0,0,0,0,0,0,1,0,0,1,0,0,1,0,0
5770f3b4bf22ebe1f3f6e3b9,1,0,0,0,0,0,0,1,0,0,1,0,0,1,0,0
577c2d95b60a73a3bb52bc64,0,0,1,0,0,1,0,0,1,0,0,0,0,0,0,1
578307bd3510a417f1120012,0,1,0,0,0,0,1,0,0,0,0,1,1,0,0,0
578f0eb38c59f7e73f5a1928,0,0,0,1,0,1,0,0,1,0,0,0,0,0,1,0
5793ddaa7f94eae337f182c8,0,0,1,0,0,1,0,0,1,0,0,0,0,0,0,1
579edddb7cb0ce18a5091d08,1,0,0,0,0,0,0,1,0,1,0,0,0,0,1,0
57afa72863c6c6c8d9470d59,1,0,0,0,0,0,1,0,0,0,0,1,0,1,0,0
57b4fd285a6a482fb93a38e2,0,1,0,0,1,0,0,0,0,0,1,0,0,0,0,1
57b56cc7c024c03026d336f0,0,0,1,0,1,0,0,0,0,0,0,1,0,1,0,0
57bc4cea6cad6639c83b933e,0,1,0,0,1,0,0,0,0,0,1,0,0,0,0,1
57c856b6a1564f90a16ea07b,0,0,0,1,1,0,0,0,0,1,0,0,0,0,1,0
57d8a568a8d875c208421e9e,1,0,0,0,0,0,1,0,0,0,0,1,0,1,0,0
57daabe74f2a09079b7a9904,0,0,1,0,0,1,0,0,0,0,0,1,1,0,0,0
57de8760d2b24c2349039cfe,1,0,0,0,0,0,0,1,0,1,0,0,0,0,1,0
57e06aa4de2a91e18e8715b5,1,0,0,0,0,0,0,1,0,0,1,0,0,1,0,0
57e15340f34a8f41274f41db,0,1,0,0,0,0,0,1,1,0,0,0,0,0,1,0
57e4c7ec160ebe3444d369c1,0,1,0,0,0,0,1,0,1,0,0,0,0,0,0,1
57e56d803a5e4677ff8b64d1,0,0,0,1,0,1,0,0,1,0,0,0,0,0,1,0
57edbe0452d78c387a38adb3,1,0,0,0,0,0,1,0,0,1,0,0,0,0,0,1
5803bfceb8cc332a14a926f5,1,0,0,0,0,0,1,0,0,1,0,0,0,0,0,1
5809771ee998e95de9723abe,0,0,1,0,1,0,0,0,0,1,0,0,0,0,0,1
5814b57f6556d8c74f7d078c,0,0,0,1,1,0,0,0,0,1,0,0,0,0,1,0
581685d815377e31173f0b9b,0,1,0,0,0,0,1,0,1,0,0,0,0,0,0,1
58174384ea4a13232b11d545,0,0,1,0,0,1,0,0,1,0,0,0,0,0,0,1
581ad6e9f6940e9173311b39,1,0,0,0,0,0,1,0,0,1,0,0,0,0,0,1
5823223de123136c45fcd6c8,1,0,0,0,0,0,1,0,0,1,0,0,0,0,0,1
5823fa01a4b9bf4730b50c21,0,1,0,0,0,0,1,0,0,0,0,1,1,0,0,0
582811aa95192e98af0cacc1,0,1,0,0,0,0,0,1,0,0,1,0,1,0,0,0
5828a427d850ff9ff185cc13,0,0,1,0,1,0,0,0,0,1,0,0,0,0,0,1
582a6205c0ce1373d9c4b5a0,1,0,0,0,0,1,0,0,0,0,0,1,0,0,1,0
582e0d32c64b1e30806aecab,0,0,0,1,1,0,0,0,0,0,1,0,0,1,0,0
582ee40e27fefad61065340e,0,0,0,1,0,0,1,0,0,1,0,0,1,0,0,0
58327c480b3836bc5f105c07,0,1,0,0,0,0,0,1,1,0,0,0,0,0,1,0
5834ee0d786c85836b3bb355,1,0,0,0,0,0,1,0,0,0,0,1,0,1,0,0
583bb68acf3d8b559aa1ae3a,0,0,1,0,0,1,0,0,1,0,0,0,0,0,0,1
583bc05f9e1090076eb99d0e,1,0,0,0,0,1,0,0,0,0,0,1,0,0,1,0
583d33850dde64afba239322,0,1,0,0,0,0,0,1,0,0,1,0,1,0,0,0
585fec9d116b438fe9929a55,1,0,0,0,0,0,0,1,0,0,1,0,0,1,0,0
5861388db46b7eb3e365dd66,1,0,0,0,0,1,0,0,0,0,1,0,0,0,0,1
5862cd1a44d433cbd1e84927,1,0,0,0,0,0,0,1,0,1,0,0,0,0,1,0
5864b37b1564be617b5c040f,0,0,0,1,1,0,0,0,0,0,1,0,0,1,0,0
586a7d52092d94aa31e60704,0,1,0,0,0,0,1,0,0,0,0,1,1,0,0,0
58700c06fe4cca5651127b86,0,0,0,1,0,0,1,0,1,0,0,0,0,1,0,0
5880f48d824303d3ebfaf407,0,0,1,0,0,1,0,0,1,0,0,0,0,0,0,1
5883f10915da39cdcb299a26,1,0,0,0,0,0,1,0,0,1,0,0,0,0,0,1
588672d7298dbaa26dc34682,1,0,0,0,0,0,0,1,0,1,0,0,0,0,1,0
58883ed0bf4ada8d93d7a12a,0,0,0,1,1,0,0,0,0,0,1,0,0,1,0,0
58899045d8123ef2f0c2e3ee,1,0,0,0,0,0,1,0,0,0,0,1,0,1,0,0
588a6e4e446a477fc2251033,0,1,0,0,1,0,0,0,0,0,1,0,0,0,0,1
588a9e2a348c079b40748154,0,0,0,1,0,0,1,0,1,0,0,0,0,1,0,0
5893bac577e299f92bf599e3,1,0,0,0,0,0,1,0,0,1,0,0,0,0,0,1
58abe3f29b0df2c65be64411,0,1,0,0,0,0,1,0,1,0,0,0,0,0,0,1
58bcf88dcf1439cd90f87d97,1,0,0,0,0,0,1,0,0,0,0,1,0,1,0,0
58c42ac766220afed569aa2d,0,1,0,0,0,0,0,1,1,0,0,0,0,0,1,0
58cd8dffe51e94b73d755657,0,1,0,0,1,0,0,0,0,0,0,1,0,0,1,0
58d8d09ffe9a6665077c754a,1,0,0,0,0,1,0,0,0,0,1,0,0,0,0,1
58de7b25494cc6db0acf785b,0,0,1,0,0,0,0,1,1,0,0,0,0,1,0,0
58e90e242d5540b10bc702d2,0,1,0,0,1,0,0,0,0,0,1,0,0,0,0,1
58eb24831fcdc77d70fc1b67,0,1,0,0,1,0,0,0,0,0,0,1,0,0,1,0
58f50fd9f5948df028b55549,0,0,0,1,0,0,1,0,1,0,0,0,0,1,0,0
58fcedd40bbd5452f263cc02,1,0,0,0,0,0,0,1,0,0,1,0,0,1,0,0
58fdc706926237d9c3f947b2,0,1,0,0,0,0,1,0,0,0,0,1,1,0,0,0
59051a5359cb85880fa0323c,0,0,1,0,1,0,0,0,0,1,0,0,0,0,0,1
5914d92ad9e2caf337477aba,0,0,0,1,1,0,0,0,0,1,0,0,0,0,1,0
591515783a23d938f49860e2,0,1,0,0,0,0,1,0,1,0,0,0,0,0,0,1
5915ce3d4ba26016c8abdb25,1,0,0,0,0,0,1,0,0,1,0,0,0,0,0,1
59283f0b3d2be1077fddbddb,0,1,0,0,0,0,0,1,1,0,0,0,0,0,1,0
59313047a255a91eb6baa1ed,0,0,1,0,0,1,0,0,1,0,0,0,0,0,0,1
59340e83095c479b1226809f,0,0,1,0,0,1,0,0,1,0,0,0,0,0,0,1
593a0aab19d4742d8053ba92,0,0,1,0,0,0,0,1,0,1,0,0,1,0,0,0
593bff9ad7d5c90a865e450e,0,0,0,1,0,1,0,0,0,0,1,0,1,0,0,0
594e26c45fa4b73070ad605b,0,0,1,0,0,0,0,1,1,0,0,0,0,1,0,0
59529b7343cba3ed9e66affa,0,0,1,0,1,0,0,0,0,0,0,1,0,1,0,0
59580ac8bbf04cd5bdecc6c7,0,0,1,0,0,0,0,1,1,0,0,0,0,1,0,0
595c0ca38632a841cf042df5,1,0,0,0,0,1,0,0,0,0,0,1,0,0,1,0
596aaa250a750d096178491d,0,0,1,0,0,0,0,1,1,0,0,0,0,1,0,0
59708dbcc44db64e3c43c3d3,0,0,0,1,0,1,0,0,1,0,0,0,0,0,1,0
59804c4e424a17a46acae9ec,0,1,0,0,0,0,0,1,0,0,1,0,1,0,0,0
598ac0213ceee12fcb2a63ae,0,1,0,0,0,0,0,1,1,0,0,0,0,0,1,0
59a2434bebdbdb8492720036,1,0,0,0,0,1,0,0,0,0,0,1,0,0,1,0
59a54fa52d8aa284bac4899e,1,0,0,0,0,0,0,1,0,1,0,0,0,0,1,0
59acf22f1ae64fe8fd6dda88,0,0,1,0,0,1,0,0,0,0,0,1,1,0,0,0
59b9bee9080cd9d909789084,0,1,0,0,1,0,0,0,0,0,0,1,0,0,1,0
59e5feab298cef33cf004f3f,0,0,1,0,1,0,0,0,0,0,0,1,0,1,0,0
59e67d67461f8bb5ded202b3,0,1,0,0,1,0,0,0,0,0,0,1,0,0,1,0
59e733b3b3a6317bc544ed54,1,0,0,0,0,0,1,0,0,0,0,1,0,1,0,0
59e99241b6c467beb26bbce7,0,0,0,1,0,0,1,0,1,0,0,0,0,1,0,0
59eb0a9e04dde577fdf0be8c,0,0,0,1,0,0,1,0,1,0,0,0,0,1,0,0
59ec394c4a43b7368af13dc4,0,1,0,0,0,0,0,1,1,0,0,0,0,0,1,0
59ecef55d655a07ca4583ff8,0,0,1,0,0,0,0,1,0,1,0,0,1,0,0,0
59edbaa7e1fe5b033cff606e,0,0,0,1,0,1,0,0,0,0,1,0,1,0,0,0
5a010d69b695dec86cf27764,0,0,0,1,1,0,0,0,0,0,1,0,0,1,0,0
5a086080d3b25205d1c038fe,0,1,0,0,0,0,0,1,1,0,0,0,0,0,1,0
5a0c02b0959ff0fb54abdc3e,1,0,0,0,0,1,0,0,0,0,1,0,0,0,0,1
5a0de84af0959a1df619ff58,0,0,1,0,0,0,0,1,0,1,0,0,1,0,0,0
5a23d5ea672c8a2e161a3efe,1,0,0,0,0,0,0,1,0,1,0,0,0,0,1,0
5a3a1adb4b3650bea6a70abd,0,0,0,1,1,0,0,0,0,0,1,0,0,1,0,0
5a3bd43f0059e0b91bd50709,0,1,0,0,1,0,0,0,0,0,1,0,0,0,0,1
5a3f1c087bddf48192c507b7,0,0,0,1,1,0,0,0,0,0,1,0,0,1,0,0
5a4eb5ff2b22c90ffe60ea8f,0,1,0,0,0,0,1,0,0,0,0,1,1,0,0,0
5a4fff7c56cafb684e4acd89,1,0,0,0,0,0,1,0,0,0,0,1,0,1,0,0
5a683084c7ea11d1ec94cdb8,0,1,0,0,0,0,1,0,1,0,0,0,0,0,0,1
5a6ff0e2ea5da1e9d0b115ad,0,0,1,0,0,1,0,0,1,0,0,0,0,0,0,1
5a70d2c6e20429091ecd6025,0,0,0,1,0,1,0,0,1,0,0,0,0,0,1,0
5a7b9793c8b1158c51bbead4,0,1,0,0,0,0,1,0,0,0,0,1,1,0,0,0
5a815c56e2b7aae7961a59a3,1,0,0,0,0,1,0,0,0,0,1,0,0,0,0,1
5a8ca123263386f6e15c559c,0,0,0,1,1,0,0,0,0,1,0,0,0,0,1,0
5a93acabaa2982b3d3848311,0,1,0,0,0,0,0,1,1,0,0,0,0,0,1,0
5a961b6868680ce77a81f8f0,0,0,1,0,0,0,0,1,0,1,0,0,1,0,0,0
5a9aee3132b0b6f4e8ab0b8a,0,0,0,1,0,0,1,0,1,0,0,0,0,1,0,0
5a9b41379b1ccfed01dc7dfa,1,0,0,0,0,1,0,0,0,0,0,1,0,0,1,0
5aa39b47a793d77dc95b7d19,0,0,1,0,0,0,0,1,1,0,0,0,0,1,0,0
5aa39b8bdb4e846009f54536,0,0,1,0,1,0,0,0,0,1,0,0,0,0,0,1
5aab714bd5c6a20eccfb2b27,0,0,1,0,0,1,0,0,1,0,0,0,0,0,0,1
5aabd353902036ef68cc33b4,0,1,0,0,0,0,1,0,0,0,0,1,1,0,0,0
5ab8ab4a271e85eedd1f1260,1,0,0,0,0,0,1,0,0,1,0,0,0,0,0,1
5ab97ab6d46d9d69efd42a21,0,0,1,0,0,1,0,0,0,0,0,1,1,0,0,0
5acbb76222cd84e436849afb,0,0,0,1,0,0,1,0,1,0,0,0,0,1,0,0
5acfecdf45973f72605dc6f5,0,0,1,0,0,1,0,0,0,0,0,1,1,0,0,0
5ad3912ffcbb0547aac34385,0,0,1,0,0,1,0,0,0,0,0,1,1,0,0,0
5ad46e99ae2f76cbbd7b8a6a,1,0,0,0,0,1,0,0,0,0,0,1,0,0,1,0
5adc6cbdae2ad0bd95d03b72,0,1,0,0,0,0,1,0,1,0,0,0,0,0,0,1
5ae0bd590c20c289418c9f0a,1,0,0,0,0,0,0,1,0,0,1,0,0,1,0,0
5aef8bb5d1d78badd2b6eac8,0,0,0,1,0,1,0,0,1,0,0,0,0,0,1,0
5af2018d3e28bf1e7ef29c9a,1,0,0,0,0,1,0,0,0,0,0,1,0,0,1,0
5af93c66af58148028eee6db,0,0,0,1,1,0,0,0,0,0,1,0,0,1,0,0
5aff3ef1c30b1f747f384f5d,0,0,0,1,1,0,0,0,0,0,1,0,0,1,0,0
5b018e3e705cb70dadbf8f82,0,1,0,0,0,0,0,1,0,0,1,0,1,0,0,0
5b155242b8ff069e8fbee35e,0,1,0,0,0,0,0,1,1,0,0,0,0,0,1,0
5b1b40b96b784c7ab7481677,0,0,1,0,0,1,0,0,0,0,0,1,1,0,0,0
5b1bd01e2decce8980d3c376,0,1,0,0,0,0,1,0,0,0,0,1,1,0,0,0
5b1fb8eafe8807a2157d6d41,0,1,0,0,0,0,1,0,0,0,0,1,1,0,0,0
5b220b6ebfff5aaa54635e0d,0,0,0,1,0,0,1,0,0,1,0,0,1,0,0,0
5b26f53b1f6efffe1140c35b,0,1,0,0,0,0,0,1,0,0,1,0,1,0,0,0
5b276fbb1138c5ecc014815f,0,1,0,0,1,0,0,0,0,0,0,1,0,0,1,0
5b3060e3e8df25ce1677c2bd,1,0,0,0,0,0,1,0,0,0,0,1,0,1,0,0
5b333fd640750fbb16e65445,0,1,0,0,0,0,1,0,1,0,0,0,0,0,0,1
5b39b858e01799f212197d42,0,0,1,0,0,1,0,0,0,0,0,1,1,0,0,0
5b420c33f9173623cafea1bb,0,1,0,0,1,0,0,0,0,0,0,1,0,0,1,0
5b49a96e09854a372f363b84,0,1,0,0,1,0,0,0,0,0,0,1,0,0,1,0
5b4b96716bad612478e99429,0,0,0,1,1,0,0,0,0,0,1,0,0,1,0,0
5b52c0f4780bf7588b8eb678,0,1,0,0,1,0,0,0,0,0,0,1,0,0,1,0
5b640a08910466ee62096943,1,0,0,0,0,0,0,1,0,1,0,0,0,0,1,0
5b65ef2fccf40ba3337d174e,0,1,0,0,0,0,0,1,1,0,0,0,0,0,1,0
5b6650dce1d1f70d6b6a00fd,0,1,0,0,0,0,1,0,0,0,0,1,1,0,0,0
5b7c577d7b7504d1e6c966c3,0,1,0,0,0,0,0,1,1,0,0,0,0,0,1,0
5b8c99f54fa0db334b65e6e4,0,1,0,0,0,0,0,1,1,0,0,0,0,0,1,0
5b9e696efef99dffea5e4ddc,0,0,0,1,1,0,0,0,0,0,1,0,0,1,0,0
5ba71cb1ed97fc43e88956fb,0,1,0,0,1,0,0,0,0,0,0,1,0,0,1,0
5ba87c37fdab89cd4fcc45b6,0,1,0,0,0,0,0,1,1,0,0,0,0,0,1,0
5ba932a0ed81044289ea8c07,0,0,1,0,1,0,0,0,0,0,0,1,0,1,0,0
5bb8ef1f5d27f76e5afd8f4b,0,1,0,0,1,0,0,0,0,0,0,1,0,0,1,0
5bbe2708732a530e8beee1d7,0,0,0,1,0,0,1,0,1,0,0,0,0,1,0,0
5bc41082cff20d601a96f757,0,1,0,0,0,0,0,1,1,0,0,0,0,0,1,0
5bcf067349d601d870f084ec,1,0,0,0,0,0,1,0,0,1,0,0,0,0,0,1
5bd2c682dc3c93ffc6c48258,0,1,0,0,1,0,0,0,0,0,0,1,0,0,1,0
5bd80f1c3632279a67d9715f,0,0,0,1,0,0,1,0,0,1,0,0,1,0,0,0
5be41dd20d784312977d6c34,0,0,0,1,0,0,1,0,0,1,0,0,1,0,0,0
5be51790e66e8e8ead59d756,1,0,0,0,0,0,1,0,0,0,0,1,0,1,0,0
5be5e8b970c95eb6c54b94c6,0,0,0,1,0,1,0,0,0,0,1,0,1,0,0,0
5beae365ce46459c4b844a8e,0,0,0,1,0,0,1,0,0,1,0,0,1,0,0,0
5bfa6aae732721f9d8180b15,1,0,0,0,0,0,1,0,0,1,0,0,0,0,0,1
5bff52bc905e8d028700bde2,0,0,0,1,1,0,0,0,0,0,1,0,0,1,0,0
5c0082abca96fd5bf0d3a8a9,1,0,0,0,0,1,0,0,0,0,1,0,0,0,0,1
5c05f5f8e810268d64f35456,0,0,0,1,1,0,0,0,0,0,1,0,0,1,0,0
5c0e1f43b2fde8635a575cf3,0,0,0,1,0,0,1,0,1,0,0,0,0,1,0,0
5c0f46e8048f21a672072cbd,0,0,1,0,0,1,0,0,0,0,0,1,1,0,0,0
5c0fec4c6b368e05e4989ba6,0,0,0,1,0,1,0,0,0,0,1,0,1,0,0,0
5c1630c010fe58071fda884f,0,0,1,0,1,0,0,0,0,0,0,1,0,1,0,0
5c1735ae48d4e4b6657632b5,0,0,1,0,1,0,0,0,0,0,0,1,0,1,0,0
5c1e45b30e9bd7062e3dea26,0,0,1,0,0,0,0,1,1,0,0,0,0,1,0,0
5c2157a606caa892f8900a57,1,0,0,0,0,0,1,0,0,0,0,1,0,1,0,0
5c2dd9b6a67854eb1058a037,0,0,1,0,0,1,0,0,0,0,0,1,1,0,0,0
5c2ff32fa63bc13a801449c5,1,0,0,0,0,0,0,1,0,0,1,0,0,1,0,0
5c3d5a24c5aafbffddcea0b8,0,0,0,1,1,0,0,0,0,0,1,0,0,1,0,0
5c3f42481a6ea1f0f316818d,0,1,0,0,0,0,0,1,0,0,1,0,1,0,0,0
5c4c3343b2dd5b6d924b4072,0,1,0,0,0,0,0,1,1,0,0,0,0,0,1,0
5c4d3f7242e25071b6bd1611,0,0,1,0,0,1,0,0,1,0,0,0,0,0,0,1
5c53f88497de00c51e2d7715,0,0,1,0,1,0,0,0,0,0,0,1,0,1,0,0
5c597adeadd8b3bf6fc81ae8,0,0,1,0,1,0,0,0,0,1,0,0,0,0,0,1
5c5a9a98ae6d3dd8a1a31cac,1,0,0,0,0,0,1,0,0,0,0,1,0,1,0,0
5c6b465b34cfeddffb9eda94,0,0,0,1,0,1,0,0,1,0,0,0,0,0,1,0
5c6e19fd45718ab19ddf0fad,0,0,1,0,0,0,0,1,0,1,0,0,1,0,0,0
5c74c4b77420df52af9eccd6,0,1,0,0,0,0,0,1,0,0,1,0,1,0,0,0
5c7c749680718b88ecb793ba,0,0,0,1,1,0,0,0,0,1,0,0,0,0,1,0
5c810e0b54c0ef7b7abd5e01,1,0,0,0,0,1,0,0,0,0,1,0,0,0,0,1
5c8d9e4634cb19f900c0abf7,1,0,0,0,0,0,0,1,0,1,0,0,0,0,1,0
5ca9b9272b05c41150696f85,0,0,1,0,0,1,0,0,0,0,0,1,1,0,0,0
5cc0fd82d0d290d0d15b95c0,0,1,0,0,0,0,0,1,1,0,0,0,0,0,1,0
5ccb551d35a5a53997093261,0,1,0,0,0,0,1,0,1,0,0,0,0,0,0,1
5cd2a88ad84f3550e664c679,0,0,0,1,1,0,0,0,0,0,1,0,0,1,0,0
5cd916ee887fa24e959c9a67,0,0,0,1,0,0,1,0,0,1,0,0,1,0,0,0
5cd9236c1093f18efb0650b6,1,0,0,0,0,1,0,0,0,0,0,1,0,0,1,0
5cda8729e3855d93db08db6e,0,0,0,1,1,0,0,0,0,1,0,0,0,0,1,0
5cdee5bfe1a77667a699094c,0,0,0,1,0,1,0,0,0,0,1,0,1,0,0,0
5ce465b0a5b65db87ea4bde6,0,0,1,0,0,0,0,1,0,1,0,0,1,0,0,0
5ce8e711448e7118962a3e95,0,0,1,0,1,0,0,0,0,0,0,1,0,1,0,0
5cf1b3a866a76d5c1ba10a8a,1,0,0,0,0,0,1,0,0,1,0,0,0,0,0,1
5cf3619ea9153516b66ce9e9,0,0,0,1,0,1,0,0,0,0,1,0,1,0,0,0
5cfa6a0ed332bb5c0c733522,1,0,0,0,0,1,0,0,0,0,1,0,0,0,0,1
5cfe19903f763d486f1aa16b,0,0,1,0,0,0,0,1,0,1,0,0,1,0,0,0
5d08f0c6ffd900392938e3d7,0,0,1,0,1,0,0,0,0,1,0,0,0,0,0,1
5d0a0291e5bf714a7ec246ca,0,0,1,0,1,0,0,0,0,0,0,1,0,1,0,0
5d0c260a3e26c7b1efbf2926,1,0,0,0,0,1,0,0,0,0,1,0,0,0,0,1
5d0d334f8b04d5577661c813,1,0,0,0,0,0,1,0,0,1,0,0,0,0,0,1
5d0f05113d834e15a5dc12b5,0,0,0,1,0,1,0,0,0,0,1,0,1,0,0,0
5d0f33c28315b0859d01d671,0,1,0,0,1,0,0,0,0,0,1,0,0,0,0,1
5d180a1b04d26d094bc84e2b,0,1,0,0,0,0,0,1,0,0,1,0,1,0,0,0
5d1bfbfd7e141a669408540c,1,0,0,0,0,0,1,0,0,1,0,0,0,0,0,1
5d298df533655e1c34136bd3,1,0,0,0,0,0,1,0,0,0,0,1,0,1,0,0
5d2f05d7bee93c5bee1da841,0,0,0,1,0,0,1,0,1,0,0,0,0,1,0,0
5d34f855832f9241e4a293c6,1,0,0,0,0,0,0,1,0,1,0,0,0,0,1,0
5d378048f8e11deb97dbd449,1,0,0,0,0,0,0,1,0,1,0,0,0,0,1,0
5d409e8029dab5cfad80d659,0,0,1,0,0,1,0,0,0,0,0,1,1,0,0,0
5d4189a5482c4cd7558a6993,0,0,1,0,1,0,0,0,0,1,0,0,0,0,0,1
5d42562edf9054ae00330a9d,1,0,0,0,0,1,0,0,0,0,0,1,0,0,1,0
5d449bb23aa4a4ded47a35ef,0,0,1,0,0,1,0,0,1,0,0,0,0,0,0,1
5d4a5ca8b0519c2cdeeca91b,1,0,0,0,0,0,0,1,0,0,1,0,0,1,0,0
5d4f12217d196717628a3e74,0,0,0,1,0,0,1,0,1,0,0,0,0,1,0,0
5d5129125b3188448a73aa71,1,0,0,0,0,0,0,1,0,0,1,0,0,1,0,0
5d6349673b3c0feb269d9f44,1,0,0,0,0,1,0,0,0,0,1,0,0,0,0,1
5d704f823f06507f9af5f3db,0,0,1,0,0,0,0,1,1,0,0,0,0,1,0,0
5d759d52520b7fc698cba54d,1,0,0,0,0,0,1,0,0,0,0,1,0,1,0,0
5d85f922ccbb75596392f9c5,0,0,0,1,0,0,1,0,0,1,0,0,1,0,0,0
5d87d69f872150e01dff5f22,0,0,0,1,0,1,0,0,0,0,1,0,1,0,0,0
5d8ee1277966abfe2c943f84,1,0,0,0,0,1,0,0,0,0,0,1,0,0,1,0
5d9d3bd72719d49d5b3eb727,0,1,0,0,0,0,1,0,0,0,0,1,1,0,0,0
5d9d7f0ffb9e2f958fedab7c,0,0,0,1,0,1,0,0,1,0,0,0,0,0,1,0
5d9f39d69f8342dbdbf6086b,1,0,0,0,0,0,1,0,0,0,0,1,0,1,0,0
5da4bbbe34b72faa9f88f03a,0,0,1,0,1,0,0,0,0,0,0,1,0,1,0,0
5da9896e0f162f08688eba22,1,0,0,0,0,0,0,1,0,1,0,0,0,0,1,0
5daaaceec22e7938c0375966,1,0,0,0,0,0,0,1,0,1,0,0,0,0,1,0
5daac0eda1f50614f2a2068f,1,0,0,0,0,0,1,0,0,1,0,0,0,0,0,1
5daecd527197a86b8f885c08,0,0,0,1,0,0,1,0,1,0,0,0,0,1,0,0
5dafc455ad0e8cd83d3acb54,0,1,0,0,0,0,1,0,0,0,0,1,1,0,0,0
5db3492b0cdc675344ae8d4e,0,0,0,1,1,0,0,0,0,0,1,0,0,1,0,0
5db591c20fd0487d8b233782,0,1,0,0,0,0,0,1,1,0,0,0,0,0,1,0
5dbe94f0c18898f62b0cf87e,0,0,1,0,0,0,0,1,1,0,0,0,0,1,0,0
5dc32c9ef4a78c9d468bb9a1,0,0,0,1,1,0,0,0,0,1,0,0,0,0,1,0
5dc596c37768e084585efa1f,0,0,1,0,1,0,0,0,0,1,0,0,0,0,0,1
5dcb7e9508455ea4424b8681,0,0,0,1,0,1,0,0,0,0,1,0,1,0,0,0
5dd03284bd03e3968ddd3a22,0,0,0,1,0,0,1,0,1,0,0,0,0,1,0,0
5dd1b03c9694c55b50e5cac7,0,1,0,0,0,0,1,0,1,0,0,0,0,0,0,1
5deed234630408f928739767,0,1,0,0,0,0,1,0,0,0,0,1,1,0,0,0
5df0f38d35b8a63bd6132211,0,0,0,1,1,0,0,0,0,1,0,0,0,0,1,0
5df34010bdbd1cc17f249bc9,0,1,0,0,0,0,1,0,0,0,0,1,1,0,0,0
5df42039e3655fadecf7e4ab,1,0,0,0,0,1,0,0,0,0,0,1,0,0,1,0
5e08c87fc3adab93c921752c,0,0,0,1,0,0,1,0,1,0,0,0,0,1,0,0
5e11febdc1a4446fd6e7e82c,0,1,0,0,0,0,0,1,1,0,0,0,0,0,1,0
5e1896d38a0c6be8904c6822,1,0,0,0,0,0,0,1,0,1,0,0,0,0,1,0
5e1b132fd71dc6e8659a9f5c,1,0,0,0,0,0,1,0,0,1,0,0,0,0,0,1
5e24c075c4e532739443a331,1,0,0,0,0,0,1,0,0,0,0,1,0,1,0,0
5e24f86a3ad989d6b688d6f8,0,0,1,0,0,0,0,1,0,1,0,0,1,0,0,0
5e252968d1c6d8a64837d124,0,0,0,1,0,0,1,0,1,0,0,0,0,1,0,0
5e273938cb959c821afd95ab,0,0,0,1,0,1,0,0,0,0,1,0,1,0,0,0
5e2b5d74c6a009fb9807b24c,1,0,0,0,0,0,0,1,0,1,0,0,0,0,1,0
5e318da8eb6b3bfc0d0a4886,0,0,1,0,1,0,0,0,0,0,0,1,0,1,0,0
5e336c37f994d5f8bb82ca59,0,0,1,0,0,1,0,0,1,0,0,0,0,0,0,1
5e34ccc00fae9859a91c2b2d,0,0,0,1,0,0,1,0,0,1,0,0,1,0,0,0
5e3a7956326bcbf7cc2129b3,1,0,0,0,0,0,0,1,0,1,0,0,0,0,1,0
5e3ac795781ecc0e4f75b891,1,0,0,0,0,0,0,1,0,0,1,0,0,1,0,0
5e4b32a0ec65b683723b1410,1,0,0,0,0,0,1,0,0,1,0,0,0,0,0,1
5e4bf2a48ef5a2a8237b6f27,1,0,0,0,0,0,1,0,0,1,0,0,0,0,0,1
5e51965138ff32d94bfc9c35,0,0,1,0,0,0,0,1,0,1,0,0,1,0,0,0
5e756004e6b757f9b627ad7d,0,0,1,0,1,0,0,0,0,0,0,1,0,1,0,0
5e77459e62639a08d1e50f9f,0,0,0,1,0,0,1,0,1,0,0,0,0,1,0,0
5e796ee0bac8a8bc7145af91,0,0,1,0,0,1,0,0,0,0,0,1,1,0,0,0
5e848b6546d43231e25c07c2,1,0,0,0,0,0,0,1,0,1,0,0,0,0,1,0
5e8748cf52ce541be703a7ef,0,0,1,0,0,0,0,1,0,1,0,0,1,0,0,0
5e90b2afd6b7444705b82bae,0,1,0,0,0,0,0,1,1,0,0,0,0,0,1,0
5e98feb922d5c577b6b31fc6,0,0,1,0,1,0,0,0,0,0,0,1,0,1,0,0
5e9a91aee451a46c2ea1cc11,0,1,0,0,1,0,0,0,0,0,0,1,0,0,1,0
5e9b1ead059a4f1527b342c7,0,0,0,1,1,0,0,0,0,1,0,0,0,0,1,0
5e9c44d655943dc18cfde488,0,0,0,1,0,0,1,0,1,0,0,0,0,1,0,0
5e9c80487b5ab125d9e57b7a,1,0,0,0,0,0,1,0,0,1,0,0,0,0,0,1
5eac79e7bf1a10b565582846,0,0,1,0,1,0,0,0,0,0,0,1,0,1,0,0
5ead4e9ddff32b641a0d59c3,0,0,0,1,0,1,0,0,0,0,1,0,1,0,0,0
5eb899edd702f193c5f4b0c4,1,0,0,0,0,1,0,0,0,0,1,0,0,0,0,1
5ec021bf352dce14349d3f6d,0,0,1,0,1,0,0,0,0,1,0,0,0,0,0,1
5ec04fdc0ff99f73f4eafdf5,0,0,0,1,0,0,1,0,0,1,0,0,1,0,0,0
5ecb191050b2b0a9d0327dcf,1,0,0,0,0,0,1,0,0,1,0,0,0,0,0,1
5ecc89a7c7eb5463815145e0,0,0,1,0,1,0,0,0,0,1,0,0,0,0,0,1
5edd41b422329aac423cd5ec,1,0,0,0,0,0,1,0,0,0,0,1,0,1,0,0
5eddf791e2f1271fdbb59284,0,0,0,1,1,0,0,0,0,1,0,0,0,0,1,0
5ee586036d4a6b01d461c2d1,0,0,0,1,0,1,0,0,1,0,0,0,0,0,1,0
5ee8a5c9da62096507a130ad,0,1,0,0,0,0,0,1,1,0,0,0,0,0,1,0
5eef67be900fcf90cb0a7010,1,0,0,0,0,1,0,0,0,0,0,1,0,0,1,0
5ef12374df92ff62abf1ebbc,1,0,0,0,0,0,0,1,0,1,0,0,0,0,1,0
5f00d58c95b25b402911f6d9,1,0,0,0,0,1,0,0,0,0,0,1,0,0,1,0
5f1339d5a319dfc4da2efe62,1,0,0,0,0,0,1,0,0,0,0,1,0,1,0,0
5f1ee3b167f0a9eaa870df73,0,0,0,1,0,1,0,0,1,0,0,0,0,0,1,0
5f3a196b629e524f6751c5d2,0,0,1,0,0,0,0,1,1,0,0,0,0,1,0,0
5f4024cdfae0856387ba181a,0,0,0,1,1,0,0,0,0,0,1,0,0,1,0,0
5f4c22c1c64403211b8885e5,0,0,0,1,0,0,1,0,0,1,0,0,1,0,0,0
5f4c485bb5415c9c59a58557,0,1,0,0,0,0,1,0,1,0,0,0,0,0,0,1
5f4cba39e24652b5635d5ccc,0,0,0,1,0,1,0,0,0,0,1,0,1,0,0,0
5f5ad8f403638b4c571d711c,0,1,0,0,0,0,1,0,1,0,0,0,0,0,0,1
5f5cc65bd2091a1bda4a359d,0,0,1,0,0,1,0,0,0,0,0,1,1,0,0,0
5f649bcfbed79aa883f173bd,0,0,0,1,0,1,0,0,1,0,0,0,0,0,1,0
5f66f88b720ca2391d5ea79c,0,1,0,0,1,0,0,0,0,0,1,0,0,0,0,1
5f686d77cf3b5e62bd0fbd53,1,0,0,0,0,0,0,1,0,0,1,0,0,1,0,0
5f7211fe68b60c1faa871bb5,0,0,1,0,0,0,0,1,0,1,0,0,1,0,0,0
5f75fc88b9b972cb8337a121,0,0,0,1,0,0,1,0,1,0,0,0,0,1,0,0
5f7d5d02fce393eeca532eb1,0,0,1,0,0,1,0,0,1,0,0,0,0,0,0,1
5f8221a9b806154a7ff87885,1,0,0,0,0,1,0,0,0,0,0,1,0,0,1,0
5f91cb1293dd29f04a2fdd18,0,0,1,0,0,1,0,0,0,0,0,1,1,0,0,0
5f98aabd398c96b33380855b,1,0,0,0,0,1,0,0,0,0,1,0,0,0,0,1
5f9c81f8be37f63412b5a0ca,1,0,0,0,0,0,0,1,0,1,0,0,0,0,1,0
5fa38bbdd9f6dbdd41efd379,1,0,0,0,0,0,1,0,0,0,0,1,0,1,0,0
5fba36a5f9739ef2c5855bc7,0,0,1,0,0,0,0,1,0,1,0,0,1,0,0,0
5fc3aecc9848e4dba69157e5,0,0,1,0,1,0,0,0,0,1,0,0,0,0,0,1
5fc50c97a17ddbda8822b695,0,0,1,0,0,0,0,1,0,1,0,0,1,0,0,0
5fd2481d00607aa72c6e0776,0,0,1,0,0,1,0,0,1,0,0,0,0,0,0,1
5fd2b99e9e787bd0a5c3a254,1,0,0,0,0,0,0,1,0,0,1,0,0,1,0,0
5fd55feb8ee298017ec4465c,0,1,0,0,1,0,0,0,0,0,1,0,0,0,0,1
5fd6af0a711a003b0a7cd669,1,0,0,0,0,0,1,0,0,0,0,1,0,1,0,0
5fd8f3b623c2188793edf20e,1,0,0,0,0,0,1,0,0,0,0,1,0,1,0,0
5fea0655be1fa2a963c1aa2e,0,0,1,0,0,1,0,0,0,0,0,1,1,0,0,0
5ff2f7af5c10d1f0e6b43044,0,1,0,0,0,0,1,0,1,0,0,0,0,0,0,1
5ff37f5843ec822108287b48,0,1,0,0,0,0,1,0,0,0,0,1,1,0,0,0
5ff5c12ad41bfcf983999e30,0,1,0,0,0,0,1,0,1,0,0,0,0,0,0,1
5ff6ac2a914f1603320fb5ef,1,0,0,0,0,0,0,1,0,1,0,0,0,0,1,0
600e48b2aa5d388c3299e12e,1,0,0,0,0,1,0,0,0,0,1,0,0,0,0,1
6012b3edebe6fe10903a254d,0,1,0,0,0,0,0,1,1,0,0,0,0,0,1,0
601abbaacc0efb2ea884c3c9,1,0,0,0,0,0,1,0,0,1,0,0,0,0,0,1
60279a27b456655d7936309d,1,0,0,0,0,0,0,1,0,0,1,0,0,1,0,0
60298f5b3bc6a2d21b0df722,0,0,1,0,1,0,0,0,0,0,0,1,0,1,0,0
60422d8d16ad3f5868bedec3,1,0,0,0,0,0,1,0,0,1,0,0,0,0,0,1
6043f667df4ba021f3d9edab,0,1,0,0,0,0,0,1,0,0,1,0,1,0,0,0
6045f94ddbc347eae2df1345,0,0,1,0,0,1,0,0,1,0,0,0,0,0,0,1
6046fa0643e628bcfa9208c2,1,0,0,0,0,0,1,0,0,1,0,0,0,0,0,1
6048a691661be0ccbd84cf70,0,1,0,0,1,0,0,0,0,0,0,1,0,0,1,0
604b1a2f133e7c49aa5615a9,0,0,1,0,0,0,0,1,0,1,0,0,1,0,0,0
605938219f1dff31fb9166f0,1,0,0,0,0,0,1,0,0,1,0,0,0,0,0,1
6065114da7d61b1c89909e30,0,0,0,1,0,1,0,0,0,0,1,0,1,0,0,0
6065cb17f82d92b01c88a40f,1,0,0,0,0,0,1,0,0,1,0,0,0,0,0,1
6065da7282bdb8cc3307c5c0,0,0,1,0,1,0,0,0,0,0,0,1,0,1,0,0
6068b2ffe2a82ccac04faac2,0,0,0,1,1,0,0,0,0,1,0,0,0,0,1,0
6069f9c23f6e1d4d06168a33,0,0,0,1,0,1,0,0,0,0,1,0,1,0,0,0
60715ff430bbda0db71b4ff4,0,0,1,0,0,0,0,1,0,1,0,0,1,0,0,0
6075e2d84ba7fa7d6c06d782,1,0,0,0,0,1,0,0,0,0,0,1,0,0,1,0
60790d169481f567e5b158a4,1,0,0,0,0,0,1,0,0,1,0,0,0,0,0,1
607aa752c84175ab42f1e250,0,1,0,0,0,0,0,1,1,0,0,0,0,0,1,0
6081e8f8f46e426525000a3b,0,1,0,0,1,0,0,0,0,0,1,0,0,0,0,1
608c29e72ae802c4cefab1da,0,1,0,0,0,0,1,0,0,0,0,1,1,0,0,0
608c88e5643813c691db5e31,1,0,0,0,0,1,0,0,0,0,0,1,0,0,1,0
6097d3939f4b31c5b50e3f6e,0,1,0,0,0,0,0,1,1,0,0,0,0,0,1,0
609c0f8654aa1f91605a45d2,0,1,0,0,0,0,0,1,0,0,1,0,1,0,0,0
60b4a2e7bb7c15d4b8c033e2,0,0,0,1,1,0,0,0,0,0,1,0,0,1,0,0
60b4ded2b3eee0df4ba00cb2,1,0,0,0,0,0,1,0,0,0,0,1,0,1,0,0
60cbfeba44ad2c18cf754f84,0,0,0,1,0,0,1,0,1,0,0,0,0,1,0,0
60dac47351d23859ca7206be,0,0,0,1,0,0,1,0,1,0,0,0,0,1,0,0
60ecea0a387fc130abdd5e16,0,0,0,1,0,1,0,0,0,0,1,0,1,0,0,0
60f578d6faa8fca55b25914b,0,0,1,0,0,1,0,0,0,0,0,1,1,0,0,0
61016386db691c969b5de3e5,0,1,0,0,0,0,0,1,1,0,0,0,0,0,1,0
610800d27327ef2f8da2fc9d,0,1,0,0,0,0,1,0,1,0,0,0,0,0,0,1
6114a1775674f74187981176,1,0,0,0,0,0,0,1,0,0,1,0,0,1,0,0
61166d120973fe724449366c,0,0,0,1,1,0,0,0,0,1,0,0,0,0,1,0
611ffb266d0ccdc876be3439,0,0,1,0,0,1,0,0,1,0,0,0,0,0,0,1
6122c2c50e61c8f2305480c7,1,0,0,0,0,1,0,0,0,0,0,1,0,0,1,0
61232dd5a11f46351805386b,1,0,0,0,0,0,1,0,0,0,0,1,0,1,0,0
61259c185f3b91f397f92014,0,0,1,0,1,0,0,0,0,0,0,1,0,1,0,0
6129fd11ec7b43de7e28dfc9,0,0,0,1,0,1,0,0,0,0,1,0,1,0,0,0
6133ca458dc8b458661aa061,0,0,0,1,1,0,0,0,0,0,1,0,0,1,0,0
61401a12d8158a661a0987c0,0,0,1,0,0,1,0,0,0,0,0,1,1,0,0,0
6143ba032e5eccba53b38b97,0,1,0,0,1,0,0,0,0,0,0,1,0,0,1,0
614747d0ae05f1cfa8e59097,0,0,0,1,0,1,0,0,0,0,1,0,1,0,0,0
6154f776c3d35d5e91506e23,0,1,0,0,0,0,0,1,1,0,0,0,0,0,1,0
6158477648c8da54af2869e0,0,0,0,1,0,1,0,0,0,0,1,0,1,0,0,0
615a0cc03b8b11e95bdb9c8b,1,0,0,0,0,0,0,1,0,0,1,0,0,1,0,0
616554c28df7ae33f357fd57,0,0,0,1,1,0,0,0,0,0,1,0,0,1,0,0
616d674c6dc9bc6f1f752f61,0,1,0,0,0,0,0,1,0,0,1,0,1,0,0,0
616d9d0b9eb6fe4da7fdc662,0,0,1,0,1,0,0,0,0,1,0,0,0,0,0,1
6174a44a69f3f351f03b4a21,0,0,1,0,0,1,0,0,1,0,0,0,0,0,0,1
61784d8100edb74fcfe35e0b,0,1,0,0,0,0,0,1,1,0,0,0,0,0,1,0
61798c0b23a9ed5ffd24790f,0,1,0,0,0,0,0,1,0,0,1,0,1,0,0,0
6183f9db1cc135961f147995,1,0,0,0,0,0,0,1,0,0,1,0,0,1,0,0
6188256d57f254f5652fc9f6,0,0,1,0,0,0,0,1,0,1,0,0,1,0,0,0
618bab27eae176b4ba887472,1,0,0,0,0,1,0,0,0,0,0,1,0,0,1,0
618c334d0404b6f50c546c61,0,1,0,0,0,0,0,1,0,0,1,0,1,0,0,0
6192713b2ce794dce65029b2,1,0,0,0,0,0,0,1,0,1,0,0,0,0,1,0
61950778af0e4ef1e348e0f7,0,0,0,1,0,0,1,0,0,1,0,0,1,0,0,0
619644b580b2b10c8574b9f6,0,0,0,1,0,1,0,0,0,0,1,0,1,0,0,0
61b353f825202aa594c1a691,0,0,0,1,0,1,0,0,0,0,1,0,1,0,0,0
61baf5bc562382f225a87572,0,1,0,0,0,0,0,1,0,0,1,0,1,0,0,0
61c44d67e72d2a735e518339,0,0,1,0,0,1,0,0,1,0,0,0,0,0,0,1
61c7b0b5cf5e75ee116d5052,1,0,0,0,0,1,0,0,0,0,0,1,0,0,1,0
61c9c1d4f5710899281ca0ac,0,1,0,0,0,0,0,1,1,0,0,0,0,0,1,0
61cc2841908de8c956690c1a,0,0,1,0,1,0,0,0,0,1,0,0,0,0,0,1
61cdaa74f5f764b48ac250a0,1,0,0,0,0,0,0,1,0,1,0,0,0,0,1,0
61d1ff7e5f1da8191b135890,0,0,1,0,0,0,0,1,0,1,0,0,1,0,0,0
61e07c54ffd638bed72fcd27,0,0,1,0,1,0,0,0,0,0,0,1,0,1,0,0
61ebc0cf53e281b03f658acd,0,0,1,0,0,1,0,0,1,0,0,0,0,0,0,1
61ec4c99f7d453c4967c25c6,0,0,1,0,1,0,0,0,0,1,0,0,0,0,0,1
61edb93d06fe89c3885f43dd,0,0,0,1,0,0,1,0,0,1,0,0,1,0,0,0
61eee2de11c84b31628cdc24,0,1,0,0,0,0,0,1,1,0,0,0,0,0,1,0
61f0d17e587783c8785755ec,0,1,0,0,0,0,0,1,0,0,1,0,1,0,0,0
61fff2e5104a0ef3f5a38aa4,0,0,1,0,0,0,0,1,1,0,0,0,0,1,0,0
61fffe0a863cb19bd61cf93b,1,0,0,0,0,1,0,0,0,0,1,0,0,0,0,1
6207c65b7ba8bcf97ffd44df,0,1,0,0,1,0,0,0,0,0,0,1,0,0,1,0
620a4dc7b7193107bd3e7b8d,0,0,1,0,0,0,0,1,0,1,0,0,1,0,0,0
62121f03da5e0244a10a717a,0,0,0,1,0,0,1,0,1,0,0,0,0,1,0,0
621747b23e28107a83cd15c8,1,0,0,0,0,0,1,0,0,0,0,1,0,1,0,0
62192135aba300ac08dc071e,0,0,0,1,0,1,0,0,1,0,0,0,0,0,1,0
621a3b90a63c8a3d265df334,0,0,1,0,0,0,0,1,1,0,0,0,0,1,0,0
621b5242d8a9880ba21e312e,1,0,0,0,0,0,0,1,0,1,0,0,0,0,1,0
6222c17efa5e337960f2443f,0,0,1,0,1,0,0,0,0,1,0,0,0,0,0,1
623e6ffafd77e0516cae7ae7,0,1,0,0,1,0,0,0,0,0,0,1,0,0,1,0
623fdfa56381359952ca8a08,0,1,0,0,0,0,1,0,0,0,0,1,1,0,0,0
62440b7d3e6d6da311730de3,1,0,0,0,0,0,0,1,0,0,1,0,0,1,0,0
6246beb2bcf48c9b50284660,1,0,0,0,0,1,0,0,0,0,0,1,0,0,1,0
624a456fecf2ff978299fbbb,1,0,0,0,0,0,0,1,0,0,1,0,0,1,0,0
624f0b9812be0df04df5d184,0,0,0,1,0,1,0,0,1,0,0,0,0,0,1,0
6252cae8c2ca4cedd5d54725,0,1,0,0,1,0,0,0,0,0,0,1,0,0,1,0
62557685b18d04610bfb31f2,0,0,1,0,0,1,0,0,1,0,0,0,0,0,0,1
6255e310f43807f264cac2e0,1,0,0,0,0,0,0,1,0,1,0,0,0,0,1,0
6256cd16a3bbcda064a74af0,1,0,0,0,0,1,0,0,0,0,1,0,0,0,0,1
6259cccbc018bbb7c1632b40,1,0,0,0,0,1,0,0,0,0,0,1,0,0,1,0
626a7908551f6a34a7df8fbf,1,0,0,0,0,0,1,0,0,0,0,1,0,1,0,0
6271211ab35f90e5ff6d538f,0,1,0,0,1,0,0,0,0,0,1,0,0,0,0,1
627219b09f88adb9822cac30,0,1,0,0,0,0,0,1,0,0,1,0,1,0,0,0
627a17bca91632372ef751f3,1,0,0,0,0,0,0,1,0,0,1,0,0,1,0,0
628121a374ae0de645479e5b,0,1,0,0,0,0,0,1,1,0,0,0,0,0,1,0
6282616bddda52ee6fc7a240,0,0,0,1,1,0,0,0,0,1,0,0,0,0,1,0
6283db79b392f1558e68b33b,1,0,0,0,0,1,0,0,0,0,0,1,0,0,1,0
628cca285fbfeca1eb10d9e0,0,0,1,0,1,0,0,0,0,0,0,1,0,1,0,0
629320711f6632a2e2048b25,1,0,0,0,0,1,0,0,0,0,0,1,0,0,1,0
6294bd0cef0bd08945827863,0,1,0,0,1,0,0,0,0,0,1,0,0,0,0,1
629a08d30f5c70932962cfd1,0,0,1,0,0,1,0,0,1,0,0,0,0,0,0,1
62a089352b7f722ed4c66873,1,0,0,0,0,0,0,1,0,0,1,0,0,1,0,0
62a6953716134563af0127c2,0,0,1,0,0,0,0,1,0,1,0,0,1,0,0,0
62aa78892cea780f9c5414a4,0,0,1,0,1,0,0,0,0,1,0,0,0,0,0,1
62b32d7431d258759eb8c86e,0,0,1,0,0,1,0,0,1,0,0,0,0,0,0,1
62b357f4637e7ef8635563ee,1,0,0,0,0,1,0,0,0,0,1,0,0,0,0,1
62b37de58a781daf1e7d61f0,0,1,0,0,0,0,0,1,0,0,1,0,1,0,0,0
62b494f483091bfd6d7c8afc,0,1,0,0,0,0,0,1,0,0,1,0,1,0,0,0
62b9c4c517378ee45a815299,1,0,0,0,0,0,0,1,0,0,1,0,0,1,0,0
62bba5d8f30b4a28b03bd86a,0,0,1,0,1,0,0,0,0,1,0,0,0,0,0,1
62c141a119174077dd945786,0,0,0,1,1,0,0,0,0,1,0,0,0,0,1,0
62caf89d960691c976989112,0,0,1,0,0,1,0,0,0,0,0,1,1,0,0,0
62cee9172518a1ec9cdfcc6b,1,0,0,0,0,0,1,0,0,0,0,1,0,1,0,0
62da05560242042d843078d6,0,0,0,1,0,1,0,0,1,0,0,0,0,0,1,0
62dd044b26f7f824251c1fd8,0,1,0,0,0,0,1,0,1,0,0,0,0,0,0,1
62f4350d4aeb92cd59ab6003,0,1,0,0,1,0,0,0,0,0,0,1,0,0,1,0
62f7ab41437aebafb22aa325,1,0,0,0,0,1,0,0,0,0,1,0,0,0,0,1
62f962d625732707f5178967,0,1,0,0,0,0,1,0,1,0,0,0,0,0,0,1
6304bca941f6853e077d2a6b,0,0,0,1,1,0,0,0,0,1,0,0,0,0,1,0
63051d15c356f26b1da80d2a,1,0,0,0,0,1,0,0,0,0,1,0,0,0,0,1
6317b8067687b362907b1c4a,1,0,0,0,0,0,1,0,0,1,0,0,0,0,0,1
6317ede1f466bd49cd6d25d5,0,0,0,1,0,1,0,0,0,0,1,0,1,0,0,0
631cffec3995bf7377cef276,0,0,1,0,0,1,0,0,1,0,0,0,0,0,0,1
631d4b69a5121a7fc5c6b529,1,0,0,0,0,0,1,0,0,1,0,0,0,0,0,1
632da3fb124f3611b148a60a,0,0,0,1,0,0,1,0,0,1,0,0,1,0,0,0
6331a3f98b9906f8025679a9,0,0,1,0,0,1,0,0,1,0,0,0,0,0,0,1
633d57c82483e53bfa808b43,1,0,0,0,0,0,1,0,0,0,0,1,0,1,0,0
633f94917a5ab5b9c0d0352d,0,1,0,0,1,0,0,0,0,0,1,0,0,0,0,1
63543354a96542d0be83f5da,0,0,1,0,0,1,0,0,0,0,0,1,1,0,0,0
63654ed53e04388214fd7828,0,0,0,1,0,1,0,0,0,0,1,0,1,0,0,0
636e1077c74556e0c0f4489d,0,1,0,0,1,0,0,0,0,0,1,0,0,0,0,1
63755d7e7f7f3876a7cc5b68,1,0,0,0,0,0,0,1,0,0,1,0,0,1,0,0
638da0e91795b896002b3fb9,1,0,0,0,0,0,1,0,0,1,0,0,0,0,0,1
638df220847124d864ed2df4,0,0,1,0,1,0,0,0,0,0,0,1,0,1,0,0
639b244511d9aefefc721fc2,0,0,0,1,1,0,0,0,0,0,1,0,0,1,0,0
639d4be73b850f1beaca3c1e,0,1,0,0,0,0,1,0,0,0,0,1,1,0,0,0
63a0e275d79c211981277b11,1,0,0,0,0,0,1,0,0,0,0,1,0,1,0,0
63b0c6afd3e369cd306f88f2,0,0,1,0,0,1,0,0,0,0,0,1,1,0,0,0
63ba53a7cffce7f254fb6f56,1,0,0,0,0,0,1,0,0,1,0,0,0,0,0,1
63d61ff05eb83e6506abd628,0,0,0,1,0,1,0,0,0,0,1,0,1,0,0,0
63d92e7f87162e847d1ebe02,0,0,0,1,0,1,0,0,0,0,1,0,1,0,0,0
63dd054009f975d0a3d3ad2c,1,0,0,0,0,0,1,0,0,1,0,0,0,0,0,1
63e7a0d414ddf85fc4a66992,0,1,0,0,1,0,0,0,0,0,0,1,0,0,1,0
63f2b8765e6a6cf4b8129907,0,0,1,0,0,1,0,0,1,0,0,0,0,0,0,1
63f6ecb6dda5aeb5a1191f0b,0,0,1,0,0,0,0,1,1,0,0,0,0,1,0,0
63f7b87eef17916f2a076969,0,0,0,1,1,0,0,0,0,1,0,0,0,0,1,0
63f8747b4f4f4c18a2f62d36,1,0,0,0,0,1,0,0,0,0,0,1,0,0,1,0
63f8a7eda0e8b8d6c9ad1237,0,0,0,1,0,1,0,0,1,0,0,0,0,0,1,0
63fc21576c5daae595b7ec73,1,0,0,0,0,1,0,0,0,0,0,1,0,0,1,0
6406dda1be04d37a0d0c0e1c,0,1,0,0,0,0,1,0,1,0,0,0,0,0,0,1
641552b8bc05a74cd9729825,0,0,1,0,1,0,0,0,0,1,0,0,0,0,0,1
6417604adb6f80c547dd5437,0,0,1,0,1,0,0,0,0,0,0,1,0,1,0,0
641f1cdd14268782ec4a67cb,0,0,0,1,0,1,0,0,1,0,0,0,0,0,1,0
64255dc1ec65754f257e4f70,0,0,1,0,1,0,0,0,0,1,0,0,0,0,0,1
642e84c6fdb58c2faa93cbfe,0,1,0,0,0,0,0,1,0,0,1,0,1,0,0,0
643042eeb22854a69810b711,0,1,0,0,0,0,0,1,0,0,1,0,1,0,0,0
643a77c2424481b422f85f55,0,0,0,1,0,0,1,0,0,1,0,0,1,0,0,0
643e8e366c4ce8430e5b9f57,0,0,0,1,0,0,1,0,0,1,0,0,1,0,0,0
6440d724800927a29742781b,1,0,0,0,0,0,1,0,0,0,0,1,0,1,0,0
6443f7db814e52cedfabf60d,1,0,0,0,0,0,0,1,0,1,0,0,0,0,1,0
64465fb64954f443d79f310d,0,0,0,1,1,0,0,0,0,1,0,0,0,0,1,0
64583b3f1cbe2f4677563414,0,0,0,1,0,1,0,0,1,0,0,0,0,0,1,0
645ab98d48616bbb915992a9,0,0,0,1,0,0,1,0,0,1,0,0,1,0,0,0
646e44874ee03548cde86764,0,1,0,0,1,0,0,0,0,0,0,1,0,0,1,0
647149e24cd6d69fb2724851,0,0,0,1,0,1,0,0,1,0,0,0,0,0,1,0
64794670a116c308289ef75d,1,0,0,0,0,0,0,1,0,1,0,0,0,0,1,0
647bbbb6c8d580f35ce1c7e1,1,0,0,0,0,0,1,0,0,1,0,0,0,0,0,1
648075a71a2d412692827348,0,0,0,1,0,0,1,0,1,0,0,0,0,1,0,0
64855461851f81978487d716,1,0,0,0,0,0,0,1,0,0,1,0,0,1,0,0
6487923269bea7c4f0fa4156,0,1,0,0,0,0,0,1,1,0,0,0,0,0,1,0
6491874bed2a9adf90507d60,0,0,0,1,1,0,0,0,0,0,1,0,0,1,0,0
649c224dec4065b3ac0bd88a,1,0,0,0,0,0,1,0,0,1,0,0,0,0,0,1
649d5f3f1bf10b7139ec3104,0,0,0,1,0,1,0,0,1,0,0,0,0,0,1,0
64a0487c90123f27c144392f,0,0,0,1,1,0,0,0,0,0,1,0,0,1,0,0
64ac3d271fb4ecbef46c9713,0,0,1,0,0,1,0,0,1,0,0,0,0,0,0,1
64b29c0200f85909d9ae5f69,0,1,0,0,0,0,1,0,0,0,0,1,1,0,0,0
64b3a1ac3b82b59571180b9d,0,0,0,1,0,1,0,0,0,0,1,0,1,0,0,0
64b81ae1eb6b62b2660814f8,0,0,1,0,0,0,0,1,1,0,0,0,0,1,0,0
64bab16c84d2257e0badc9d2,0,0,1,0,0,0,0,1,0,1,0,0,1,0,0,0
64c0810ba34fe72e3dfa0840,1,0,0,0,0,0,0,1,0,0,1,0,0,1,0,0
64ca80324013ece50f11dd1e,0,0,1,0,0,0,0,1,0,1,0,0,1,0,0,0
64d0d2d531b22dc6bd1ed1d5,1,0,0,0,0,0,0,1,0,1,0,0,0,0,1,0
64d21f865da8263665411a90,0,0,1,0,1,0,0,0,0,0,0,1,0,1,0,0
64d7da57cab075b47f8efd47,1,0,0,0,0,1,0,0,0,0,1,0,0,0,0,1
64d8b638fb63c7aa0a894d10,0,0,0,1,0,0,1,0,1,0,0,0,0,1,0,0
64dc8932be194a4b1ae071ad,0,0,0,1,0,0,1,0,0,1,0,0,1,0,0,0
64dd7aac0c8f6236f6ffafcb,0,0,0,1,0,0,1,0,1,0,0,0,0,1,0,0
64e4a1b8b1b4d530f526acd0,0,1,0,0,0,0,0,1,1,0,0,0,0,0,1,0
64ee1e4c6fb4b35705c21615,0,0,1,0,0,1,0,0,0,0,0,1,1,0,0,0
64f477ff012bb7a116018be6,0,0,0,1,0,0,1,0,0,1,0,0,1,0,0,0
64fd6f193654c400f0eb4945,0,0,0,1,0,0,1,0,0,1,0,0,1,0,0,0
650872c35c3279f63279491f,1,0,0,0,0,0,1,0,0,0,0,1,0,1,0,0
650afdb445cd72bad5365fb5,0,1,0,0,0,0,0,1,0,0,1,0,1,0,0,0
650e873e1a7a5f3ec448a0cc,1,0,0,0,0,0,0,1,0,0,1,0,0,1,0,0
6519ccea83267801eae25a14,1,0,0,0,0,0,1,0,0,0,0,1,0,1,0,0
652404380409d95aa0dbafa5,1,0,0,0,0,1,0,0,0,0,0,1,0,0,1,0
6525e9484d20f2ef8d1870ed,1,0,0,0,0,1,0,0,0,0,1,0,0,0,0,1
65310b3bf62dabf1dceacc58,0,0,0,1,0,1,0,0,0,0,1,0,1,0,0,0
6538dde598714b0e64e82a25,0,0,1,0,1,0,0,0,0,0,0,1,0,1,0,0
653d60cee44096326ca3c5e4,0,0,0,1,1,0,0,0,0,1,0,0,0,0,1,0
654ea3df6d204feb7878203a,0,1,0,0,1,0,0,0,0,0,0,1,0,0,1,0
655fe04a75d5ea11510f6a20,0,0,1,0,1,0,0,0,0,1,0,0,0,0,0,1
65623cc3838de09c41e27dd0,0,0,1,0,1,0,0,0,0,0,0,1,0,1,0,0
65662f1d85caab90139ae0c2,0,0,0,1,0,0,1,0,0,1,0,0,1,0,0,0
656ee3fc0ec4942c9e5d631b,0,1,0,0,0,0,1,0,1,0,0,0,0,0,0,1
656fdf164f9c0746963a3522,0,0,1,0,0,1,0,0,1,0,0,0,0,0,0,1
6571470fb5f0cd0448ebea67,0,1,0,0,0,0,0,1,0,0,1,0,1,0,0,0
657406e8023ead37167620f3,0,1,0,0,1,0,0,0,0,0,0,1,0,0,1,0
657cc0917740261fbccdb071,0,1,0,0,1,0,0,0,0,0,1,0,0,0,0,1
6583bf70e4f4421fcd0bf5a6,0,1,0,0,0,0,0,1,0,0,1,0,1,0,0,0
65877c0134403298f375aab1,0,1,0,0,0,0,0,1,0,0,1,0,1,0,0,0
6588f86dfd3a23a7af09496a,0,0,0,1,1,0,0,0,0,1,0,0,0,0,1,0
658bfbd678f82ad7fa1d88db,0,0,1,0,0,0,0,1,0,1,0,0,1,0,0,0
659342fb94c522492cefed4e,0,0,0,1,0,0,1,0,1,0,0,0,0,1,0,0
659805eac1a14e4b56ed716c,0,1,0,0,1,0,0,0,0,0,0,1,0,0,1,0
659a5a90be0c66e68f36f946,0,0,1,0,1,0,0,0,0,1,0,0,0,0,0,1
65ac85e68c7269bf8371d0ca,0,0,1,0,0,1,0,0,0,0,0,1,1,0,0,0
65ba9a4215f07de29778eb35,1,0,0,0,0,1,0,0,0,0,1,0,0,0,0,1
65bef673c2030b4e4fcdad52,0,1,0,0,0,0,1,0,1,0,0,0,0,0,0,1
65c5554215bb1e81a7d52962,1,0,0,0,0,1,0,0,0,0,0,1,0,0,1,0
65c895c23a29d5957d3ec87e,0,1,0,0,0,0,0,1,0,0,1,0,1,0,0,0
65cbb5376b70c1f4dd8f8970,0,1,0,0,1,0,0,0,0,0,1,0,0,0,0,1
65cdefa02f673e59fcb029fc,0,0,1,0,1,0,0,0,0,1,0,0,0,0,0,1
65d1095a214e007d891337c1,0,0,1,0,0,1,0,0,1,0,0,0,0,0,0,1
65dee29930755a56b8747d9d,0,0,1,0,0,0,0,1,0,1,0,0,1,0,0,0
65e2e09f951864daad8b1cde,0,1,0,0,0,0,1,0,1,0,0,0,0,0,0,1
65e41fbed2599cf916f0b755,1,0,0,0,0,1,0,0,0,0,1,0,0,0,0,1
65f0fa5a0ddf7fdec2531482,1,0,0,0,0,1,0,0,0,0,0,1,0,0,1,0
65f5463dd80bb4309d215501,0,1,0,0,0,0,0,1,0,0,1,0,1,0,0,0
65fe671748caef181ae5a3a4,0,0,1,0,1,0,0,0,0,1,0,0,0,0,0,1
6605fc90925af6603850d71b,0,0,0,1,0,0,1,0,0,1,0,0,1,0,0,0
661d6c72118f429a568f9d07,0,0,1,0,1,0,0,0,0,0,0,1,0,1,0,0
662782fb449e249d2b8df117,0,1,0,0,0,0,0,1,1,0,0,0,0,0,1,0
6629c2290b2f194805ddcf86,0,0,1,0,0,0,0,1,0,1,0,0,1,0,0,0
6639389da02bf0385e82dc03,1,0,0,0,0,1,0,0,0,0,0,1,0,0,1,0
663b3b97ead924488c39ed52,0,0,1,0,0,1,0,0,0,0,0,1,1,0,0,0
663d5e9a3dfce21a0e679c9d,1,0,0,0,0,0,0,1,0,1,0,0,0,0,1,0
664b8a61ab59a989f6ef2fcf,0,1,0,0,0,0,0,1,1,0,0,0,0,0,1,0
6652682a2567c9cb9a5ae1a9,0,0,1,0,0,0,0,1,1,0,0,0,0,1,0,0
6659f11ce07cdd26e665d5c3,0,0,0,1,1,0,0,0,0,1,0,0,0,0,1,0
665a2d04a813ad81405e5fc0,1,0,0,0,0,0,0,1,0,1,0,0,0,0,1,0
666cf7938a7de37f18d9ae29,0,0,1,0,0,0,0,1,1,0,0,0,0,1,0,0
666e1848fc9c9b58b740e65c,1,0,0,0,0,1,0,0,0,0,0,1,0,0,1,0
6670cb531bf17b037e417395,0,0,1,0,0,1,0,0,0,0,0,1,1,0,0,0
66789e727f381d9fefb6f1a4,0,1,0,0,1,0,0,0,0,0,0,1,0,0,1,0
6679c6cbae6b92c6f319f3f2,0,0,0,1,1,0,0,0,0,1,0,0,0,0,1,0
6688e3f10524144805d7b96a,0,1,0,0,1,0,0,0,0,0,1,0,0,0,0,1
668d62922cd151ea94ec17f9,0,1,0,0,0,0,0,1,1,0,0,0,0,0,1,0
669c472eb1ae59dc166507f2,0,1,0,0,0,0,1,0,1,0,0,0,0,0,0,1
66a1e17e966ae3b94989ea44,0,0,0,1,1,0,0,0,0,1,0,0,0,0,1,0
66aaf5349dfcd251f5152649,0,0,0,1,0,1,0,0,1,0,0,0,0,0,1,0
66afb0d691661617c8e1e62e,0,0,1,0,0,0,0,1,1,0,0,0,0,1,0,0
66b54a7aa5098db0d4a53a31,1,0,0,0,0,0,1,0,0,1,0,0,0,0,0,1
66b656fe93a888cafd948524,0,0,1,0,1,0,0,0,0,1,0,0,0,0,0,1
66ce15f8ceca4b4256ebb14d,0,0,1,0,1,0,0,0,0,1,0,0,0,0,0,1
66d3c59a1f1c2fe76683a04a,0,0,0,1,0,0,1,0,1,0,0,0,0,1,0,0
66d44a66bc9203b0b9798ae0,0,1,0,0,1,0,0,0,0,0,1,0,0,0,0,1
66dfe468d5775be8b4214076,1,0,0,0,0,1,0,0,0,0,1,0,0,0,0,1
66e171ae37aebf09f266b587,0,0,1,0,0,0,0,1,1,0,0,0,0,1,0,0
66e45e0e27a060895cef2f7b,0,0,1,0,0,0,0,1,0,1,0,0,1,0,0,0
66e7792a6e1b841b189163f9,0,1,0,0,1,0,0,0,0,0,1,0,0,0,0,1
66e8d8441708292e97e2357b,0,0,0,1,1,0,0,0,0,0,1,0,0,1,0,0
66ec7c0bf1d69c231f031afd,0,0,0,1,0,0,1,0,1,0,0,0,0,1,0,0
66f03d0ea785b9cdab4a3252,0,0,0,1,1,0,0,0,0,1,0,0,0,0,1,0
66f3b27eaf625635f3560816,0,0,1,0,1,0,0,0,0,0,0,1,0,1,0,0
66fd761173ec01379a94ee7a,1,0,0,0,0,1,0,0,0,0,1,0,0,0,0,1
670ce760f5da175118d1e944,0,0,0,1,0,0,1,0,0,1,0,0,1,0,0,0
6711940a1212f4a96aa66958,1,0,0,0,0,0,0,1,0,0,1,0,0,1,0,0
67156c4941e74458bb5e0ab8,0,0,1,0,0,0,0,1,0,1,0,0,1,0,0,0
6721ddd5143c5a9214063085,0,0,1,0,0,1,0,0,0,0,0,1,1,0,0,0
6725e44413a93eafb2ac6059,0,0,1,0,0,1,0,0,1,0,0,0,0,0,0,1
672aa28696fd1893217a451d,0,1,0,0,0,0,1,0,0,0,0,1,1,0,0,0
6734cc4c2d2c0c5afd313779,0,0,0,1,1,0,0,0,0,0,1,0,0,1,0,0
673f246ba04bce0f250216ec,0,0,0,1,0,0,1,0,1,0,0,0,0,1,0,0
675a0f0fd90241992d6a65d8,1,0,0,0,0,0,0,1,0,0,1,0,0,1,0,0
675b1dc2dd44a7b085d0bbca,1,0,0,0,0,0,1,0,0,0,0,1,0,1,0,0
6760777b1af32c4ff453b417,1,0,0,0,0,0,1,0,0,1,0,0,0,0,0,1
6763237f492c0b085f759602,0,1,0,0,0,0,1,0,1,0,0,0,0,0,0,1
677bf5bebc87e6fbaddabf04,0,1,0,0,0,0,1,0,0,0,0,1,1,0,0,0
677d2f75ba6121e180cb89ae,0,0,1,0,0,1,0,0,0,0,0,1,1,0,0,0
6782cf10a3f53a49488bb53b,0,1,0,0,0,0,1,0,0,0,0,1,1,0,0,0
6782cf683991e8e53ddfbdde,1,0,0,0,0,1,0,0,0,0,1,0,0,0,0,1
67898dcc0ca377e432570f74,0,0,0,1,0,0,1,0,1,0,0,0,0,1,0,0
678a4f14697c1fa87fe9d233,0,0,0,1,1,0,0,0,0,0,1,0,0,1,0,0
679ba4158f62a21b32e7acd2,0,1,0,0,0,0,1,0,0,0,0,1,1,0,0,0
679e033f860a1d555fe3cb57,1,0,0,0,0,1,0,0,0,0,0,1,0,0,1,0
679f3f2bf938cb41d04c9e38,0,1,0,0,0,0,0,1,1,0,0,0,0,0,1,0
67b02aee4e1151c300a0d69d,1,0,0,0,0,1,0,0,0,0,1,0,0,0,0,1
67b060f388ac66e326b70e4d,0,0,1,0,1,0,0,0,0,0,0,1,0,1,0,0
67ba00a33353bdd1389b75f1,0,1,0,0,1,0,0,0,0,0,1,0,0,0,0,1
67c7f6a74778edcdf97bac29,0,1,0,0,0,0,0,1,0,0,1,0,1,0,0,0
67cd06ef54a9fe8c4e6810b4,0,1,0,0,0,0,1,0,0,0,0,1,1,0,0,0
67cd0c94f1d2cc348793c1ac,1,0,0,0,0,0,0,1,0,0,1,0,0,1,0,0
67cd88f41e1b1e2718e4bbc3,0,0,0,1,1,0,0,0,0,1,0,0,0,0,1,0
67d77415fbc56b5df9011954,0,0,0,1,0,0,1,0,1,0,0,0,0,1,0,0
67e44b37208d280d734f3e45,0,0,0,1,1,0,0,0,0,0,1,0,0,1,0,0
67e758c9ec6d2db6dc6fc7c2,0,0,1,0,0,0,0,1,0,1,0,0,1,0,0,0
67e86b388ec7151e534564b1,0,0,1,0,0,0,0,1,1,0,0,0,0,1,0,0
67f2cc3c783e16ba2d31f4ec,0,1,0,0,0,0,0,1,0,0,1,0,1,0,0,0
67fbb19ac3b3543471379718,0,0,1,0,0,0,0,1,1,0,0,0,0,1,0,0
6800ced86c55bbce61531c99,1,0,0,0,0,0,1,0,0,0,0,1,0,1,0,0
6813206fccc915c8ff0df671,0,0,1,0,0,1,0,0,0,0,0,1,1,0,0,0
68148b72044ed0c8178a1894,0,0,1,0,0,1,0,0,0,0,0,1,1,0,0,0
68165800d17318ecdf471236,0,0,1,0,1,0,0,0,0,1,0,0,0,0,0,1
681662b185dcaaf4a63595f6,0,1,0,0,0,0,1,0,0,0,0,1,1,0,0,0
681a88732e463d6799ebf374,0,0,0,1,0,0,1,0,1,0,0,0,0,1,0,0
682056329fdbd8082929d8ee,1,0,0,0,0,0,0,1,0,0,1,0,0,1,0,0
68270327590da02681b7e607,0,0,0,1,0,0,1,0,0,1,0,0,1,0,0,0
6838f51abbd24f9a8d86b7bf,0,0,1,0,0,1,0,0,0,0,0,1,1,0,0,0
6839cbcbacceb324cb12ed65,0,0,0,1,0,1,0,0,0,0,1,0,1,0,0,0
6839fe37277b8771997f5b1d,0,1,0,0,1,0,0,0,0,0,0,1,0,0,1,0
683c0d6cf29c93478660a438,0,0,1,0,0,1,0,0,0,0,0,1,1,0,0,0
684a0430296b571894ff4783,0,0,1,0,0,0,0,1,0,1,0,0,1,0,0,0
685eba4dbc66ec014d8187b0,0,0,1,0,1,0,0,0,0,0,0,1,0,1,0,0
685eddd6910c55edbf1f29ad,0,0,1,0,0,1,0,0,0,0,0,1,1,0,0,0
6869964ab628fe7a67f8fb06,1,0,0,0,0,0,1,0,0,0,0,1,0,1,0,0
686ff893983bd7dcf1c73fcb,1,0,0,0,0,0,0,1,0,0,1,0,0,1,0,0
68719497cb5d13cd497dfa9a,0,0,0,1,0,0,1,0,1,0,0,0,0,1,0,0
68737c3c528360b63b41484d,0,0,1,0,0,0,0,1,0,1,0,0,1,0,0,0
6873ef168affdcd07fe6cf23,1,0,0,0,0,1,0,0,0,0,1,0,0,0,0,1
68748f06d4bae1fc84715b9a,0,0,0,1,1,0,0,0,0,0,1,0,0,1,0,0
6878e3fe24590192d3afb4e4,0,1,0,0,0,0,1,0,0,0,0,1,1,0,0,0
687eb83d166547c380efc9cf,0,0,1,0,0,0,0,1,1,0,0,0,0,1,0,0
687fce5a2808b204a08db472,0,0,1,0,0,1,0,0,1,0,0,0,0,0,0,1
688a01a731ebaefa4366174f,0,1,0,0,1,0,0,0,0,0,1,0,0,0,0,1
689154d5c60c9348714d3182,0,0,1,0,0,1,0,0,1,0,0,0,0,0,0,1
6896a7255d6ad5d66c0235b1,0,1,0,0,0,0,1,0,1,0,0,0,0,0,0,1
68a19becd80e629c82e423f8,0,0,0,1,0,0,1,0,1,0,0,0,0,1,0,0
68af024c8a79c23f1f186044,0,1,0,0,0,0,1,0,1,0,0,0,0,0,0,1
68bbcf722d9a1b4594a5e5be,0,1,0,0,1,0,0,0,0,0,0,1,0,0,1,0
68c209a821c4e51d814dedac,1,0,0,0,0,0,0,1,0,1,0,0,0,0,1,0
68c6f10bfea6daa8e5d3e26c,0,0,0,1,0,1,0,0,0,0,1,0,1,0,0,0
68c8fad235e38126220e104c,0,1,0,0,0,0,1,0,1,0,0,0,0,0,0,1
68ceaa7a5977a310a1c10572,0,0,0,1,0,1,0,0,1,0,0,0,0,0,1,0
68d74a344a7a24087cec4826,0,1,0,0,0,0,1,0,0,0,0,1,1,0,0,0
68d8bc0c40f71f8a29a67191,1,0,0,0,0,0,1,0,0,0,0,1,0,1,0,0
68ea8711564e7992f055301b,0,1,0,0,0,0,0,1,0,0,1,0,1,0,0,0
68eba39f6e6ea24ce5a438e2,0,0,1,0,0,0,0,1,0,1,0,0,1,0,0,0
68f3d3455364d8dfe5b9b352,0,0,1,0,1,0,0,0,0,1,0,0,0,0,0,1
68f60246053a2242a7efa113,0,1,0,0,0,0,0,1,0,0,1,0,1,0,0,0
68fa5541f87069ffd622122e,1,0,0,0,0,0,0,1,0,1,0,0,0,0,1,0
68fc48f8d5f7e0c6e61ba8d6,1,0,0,0,0,0,0,1,0,1,0,0,0,0,1,0
68fdbd307518e36e5dce6ef3,1,0,0,0,0,1,0,0,0,0,1,0,0,0,0,1
690b1a6772beba0b5f765f86,0,0,1,0,0,0,0,1,0,1,0,0,1,0,0,0
690f848848fa6a326f17b3d5,0,0,0,1,0,1,0,0,0,0,1,0,1,0,0,0
691893c2ec6dd02db2d8e290,0,0,1,0,0,0,0,1,1,0,0,0,0,1,0,0
6918f60ae76e7ebbe4b6bd71,1,0,0,0,0,0,1,0,0,0,0,1,0,1,0,0
6920c91ef9e09235e5499a5f,0,0,1,0,1,0,0,0,0,0,0,1,0,1,0,0
6921be2fb10bc492a3aab015,0,0,0,1,1,0,0,0,0,0,1,0,0,1,0,0
692d8d9326b265d991362d8d,1,0,0,0,0,0,0,1,0,1,0,0,0,0,1,0
692dfefa862ba6fe0dc1fec9,0,0,1,0,1,0,0,0,0,0,0,1,0,1,0,0
6931cc96d8c56aed4de61f16,1,0,0,0,0,1,0,0,0,0,1,0,0,0,0,1
6936e27257b8b5bf2cc22d2f,0,1,0,0,0,0,1,0,0,0,0,1,1,0,0,0
69372b25125988277c4e7142,0,0,0,1,1,0,0,0,0,0,1,0,0,1,0,0
693890e5a17b96c20aeef055,0,0,1,0,0,1,0,0,1,0,0,0,0,0,0,1
6938dacc5a587298e3897672,0,1,0,0,1,0,0,0,0,0,0,1,0,0,1,0
693eeda2781c060859f75699,0,0,0,1,1,0,0,0,0,1,0,0,0,0,1,0
6942307be9d25eb5b7323a8a,0,0,1,0,1,0,0,0,0,1,0,0,0,0,0,1
6945de38c0dfdf94c8c1f8b6,0,1,0,0,0,0,1,0,1,0,0,0,0,0,0,1
6947a860d52778f89fad76cc,0,1,0,0,0,0,1,0,1,0,0,0,0,0,0,1
6948c954cfcf27c636d54926,0,0,1,0,1,0,0,0,0,1,0,0,0,0,0,1
694d1ab609cde1074a96b85e,0,0,1,0,1,0,0,0,0,0,0,1,0,1,0,0
69508cae39ab99acf8d3c3ba,1,0,0,0,0,1,0,0,0,0,1,0,0,0,0,1
6955d29d16391e00c98a626c,0,0,0,1,0,0,1,0,0,1,0,0,1,0,0,0
6955f83a408ee1d0f96dd514,0,0,1,0,0,1,0,0,1,0,0,0,0,0,0,1
695737e65002bf7f07780312,0,0,1,0,1,0,0,0,0,1,0,0,0,0,0,1
695d69aa9b5e28b358fb81a1,0,0,1,0,0,1,0,0,1,0,0,0,0,0,0,1
695ee219f16ae0dd15660af9,0,1,0,0,0,0,1,0,0,0,0,1,1,0,0,0
695ef65a763ed3169df40493,0,0,1,0,0,1,0,0,1,0,0,0,0,0,0,1
697546e074826e26f6312421,0,1,0,0,1,0,0,0,0,0,1,0,0,0,0,1
697a2ffa39b9a201cceb0eeb,0,1,0,0,0,0,1,0,0,0,0,1,1,0,0,0
698335cbc4f4893845aad970,1,0,0,0,0,0,1,0,0,1,0,0,0,0,0,1
69879f5916c9266c47157470,0,0,1,0,1,0,0,0,0,1,0,0,0,0,0,1
69a7e01393cb9e5610914438,0,0,0,1,1,0,0,0,0,0,1,0,0,1,0,0
69ab5d5ca390e626173a6fac,0,0,1,0,0,1,0,0,0,0,0,1,1,0,0,0
69aec22a844b044636b73cd0,0,0,1,0,1,0,0,0,0,0,0,1,0,1,0,0
69b13e520bf8d0ae595e9780,0,0,0,1,0,1,0,0,1,0,0,0,0,0,1,0
69c04476ef56bef32374faf4,1,0,0,0,0,0,0,1,0,1,0,0,0,0,1,0
69c17a5d3e175b55e3997290,1,0,0,0,0,0,0,1,0,0,1,0,0,1,0,0
69d8a474a85af1a12b165eab,1,0,0,0,0,0,1,0,0,1,0,0,0,0,0,1
69db42139ad267aea1898b3c,0,1,0,0,1,0,0,0,0,0,1,0,0,0,0,1
69dbd147e3d1bc14b3c39ff7,0,0,1,0,1,0,0,0,0,1,0,0,0,0,0,1
69dd07bebb3fb2fdca464e7f,0,0,1,0,0,0,0,1,1,0,0,0,0,1,0,0
69ddc83b2fc1d370d07f4de7,0,1,0,0,0,0,1,0,0,0,0,1,1,0,0,0
69df916850c559d51e561567,0,0,1,0,1,0,0,0,0,1,0,0,0,0,0,1
69df9af58a2b04cd0467eaa8,0,1,0,0,0,0,1,0,1,0,0,0,0,0,0,1
69ebe50ebabb107b94f01251,0,1,0,0,0,0,0,1,0,0,1,0,1,0,0,0
69f637d9ce4dee6d0e35dff3,0,0,1,0,0,1,0,0,1,0,0,0,0,0,0,1
69f6708ef7b477faf8f05f2e,0,1,0,0,0,0,1,0,0,0,0,1,1,0,0,0
69fa1c059ee72abb01a7b139,0,0,1,0,0,0,0,1,0,1,0,0,1,0,0,0
69fb5bb288372508a66bb6fe,1,0,0,0,0,1,0,0,0,0,1,0,0,0,0,1
69ff63425a786f7bde6a1a2e,0,0,1,0,0,0,0,1,0,1,0,0,1,0,0,0
6a083651390a78fbe6faa9fc,0,1,0,0,1,0,0,0,0,0,1,0,0,0,0,1
6a09ec9356dff8e22efe638f,0,0,0,1,1,0,0,0,0,1,0,0,0,0,1,0
6a15b2ecce046739218f3930,0,0,1,0,1,0,0,0,0,1,0,0,0,0,0,1
6a4b556ff7cec0748a2c5c0b,0,0,1,0,0,1,0,0,0,0,0,1,1,0,0,0
6a50121390c3a653ba0182cb,0,1,0,0,0,0,1,0,1,0,0,0,0,0,0,1
6a5267ecce807f7bdb094d0f,0,0,1,0,0,1,0,0,0,0,0,1,1,0,0,0
6a5734ba4dd5d983ec1c89df,0,0,0,1,0,0,1,0,0,1,0,0,1,0,0,0
6a5c9c8c5773cda89b292f89,0,0,1,0,0,1,0,0,0,0,0,1,1,0,0,0
6a754a8ee26b913d9610d07b,1,0,0,0,0,0,1,0,0,1,0,0,0,0,0,1
6a7b468ea48ca3c8d8de4379,0,1,0,0,0,0,0,1,0,0,1,0,1,0,0,0
6a7f874329e0d15af515e13d,0,1,0,0,0,0,0,1,0,0,1,0,1,0,0,0
6a84984edea7748ad1417655,1,0,0,0,0,0,0,1,0,1,0,0,0,0,1,0
6a85474286d4d1821f620734,1,0,0,0,0,0,1,0,0,1,0,0,0,0,0,1
6a85df037e786382ab1fb235,0,0,0,1,0,0,1,0,0,1,0,0,1,0,0,0
6a8668ccab478aea4ecc1c1e,0,1,0,0,1,0,0,0,0,0,0,1,0,0,1,0
6a8c249a15a0a26ec5d213d0,0,0,0,1,0,1,0,0,1,0,0,0,0,0,1,0
6a8c82ea20a7bb03c418e56d,1,0,0,0,0,1,0,0,0,0,1,0,0,0,0,1
6a8f8eeb1baaa3ab22cbd270,0,0,0,1,1,0,0,0,0,0,1,0,0,1,0,0
6a9518b9b4c84dc843285eb6,1,0,0,0,0,0,1,0,0,0,0,1,0,1,0,0
6a9b1a6bd9c83e5e9ba83957,1,0,0,0,0,0,0,1,0,1,0,0,0,0,1,0
6aab458844cd0b15d88e0e5c,0,0,0,1,1,0,0,0,0,1,0,0,0,0,1,0
6aad00955d3f76ee9863691c,0,0,0,1,1,0,0,0,0,1,0,0,0,0,1,0
6aae97fcf3829b6f7c471012,1,0,0,0,0,0,1,0,0,0,0,1,0,1,0,0
6ab23e1d923f3cba846c570f,0,0,0,1,0,1,0,0,0,0,1,0,1,0,0,0
6ac54bdbb8de8e0d56e8535d,0,1,0,0,0,0,1,0,0,0,0,1,1,0,0,0
6ad0d290433a6ca45252e4bc,0,0,1,0,1,0,0,0,0,0,0,1,0,1,0,0
6ad4f7f31eaadcb97e7b9896,0,0,1,0,1,0,0,0,0,1,0,0,0,0,0,1
6ae009d4ea6d11915ba8dc71,0,1,0,0,1,0,0,0,0,0,0,1,0,0,1,0
6af1cc5a478d03c433eb94d9,0,0,0,1,0,1,0,0,1,0,0,0,0,0,1,0
6af3e7ce50a4001b6f312577,0,1,0,0,1,0,0,0,0,0,1,0,0,0,0,1
6afa250d4cb71400034caac3,1,0,0,0,0,0,1,0,0,0,0,1,0,1,0,0
6afbd244fb3e83c7776d356a,0,0,0,1,1,0,0,0,0,1,0,0,0,0,1,0
6b014df09a4fde7899f4a31c,0,1,0,0,0,0,0,1,0,0,1,0,1,0,0,0
6b06ea2dc7e7dfaafdcd0687,0,0,0,1,0,1,0,0,1,0,0,0,0,0,1,0
6b10db2f2695fc206dc7025c,0,1,0,0,1,0,0,0,0,0,1,0,0,0,0,1
6b134fdc5f7898e6c29d5b5e,0,0,1,0,0,1,0,0,0,0,0,1,1,0,0,0
6b168bff3fb2e613c06d518c,0,1,0,0,1,0,0,0,0,0,0,1,0,0,1,0
6b16949a5eed532c0a27bd66,1,0,0,0,0,0,0,1,0,1,0,0,0,0,1,0
6b1ffefb6e177783a718065f,0,0,1,0,0,1,0,0,1,0,0,0,0,0,0,1
6b2083a48dfc73011c6c1589,1,0,0,0,0,0,1,0,0,0,0,1,0,1,0,0
6b24dd12eb6d89884683ee89,0,0,1,0,1,0,0,0,0,0,0,1,0,1,0,0
6b254f71da268bab35be7bd0,1,0,0,0,0,1,0,0,0,0,1,0,0,0,0,1
6b29a0a64c4b8afb5a2dab59,0,0,0,1,1,0,0,0,0,0,1,0,0,1,0,0
6b31d9b99d1e91894c09f897,0,1,0,0,0,0,1,0,1,0,0,0,0,0,0,1
6b3ab837520486cb3ad57130,0,0,0,1,0,1,0,0,0,0,1,0,1,0,0,0
6b3b768bb228c4098b0367f7,0,0,1,0,1,0,0,0,0,0,0,1,0,1,0,0
6b4b537a0096c842ab427b97,0,1,0,0,1,0,0,0,0,0,1,0,0,0,0,1
6b4e1f0e7fe323132d800f1e,0,1,0,0,0,0,1,0,0,0,0,1,1,0,0,0
6b4eab93d38a244b58368594,1,0,0,0,0,0,1,0,0,1,0,0,0,0,0,1
6b57e662fa7a5b29cb90e2db,0,0,0,1,0,1,0,0,1,0,0,0,0,0,1,0
6b5cad21a10cbfdc8e0f2654,0,0,1,0,0,0,0,1,1,0,0,0,0,1,0,0
6b623edc4428d748f331c2f7,0,0,1,0,1,0,0,0,0,1,0,0,0,0,0,1
6b6c73d1fe94f7506519c17e,0,1,0,0,0,0,0,1,0,0,1,0,1,0,0,0
6b6e3ad5fb83b1834aa2a89c,0,1,0,0,0,0,1,0,1,0,0,0,0,0,0,1
6b7b8e8b2cdb4ecb23d5d9ee,0,0,0,1,0,1,0,0,0,0,1,0,1,0,0,0
6b8038b08582d286b6dd3caa,0,0,1,0,0,0,0,1,1,0,0,0,0,1,0,0
6b830dea35e29a6cacb783e3,0,0,1,0,1,0,0,0,0,1,0,0,0,0,0,1
6b8baea21ad00d7db6729c8b,0,0,1,0,0,1,0,0,1,0,0,0,0,0,0,1
6b8f00b574fc7f490a03d28a,0,0,0,1,1,0,0,0,0,0,1,0,0,1,0,0
6b93cc6da39904db050f6cc1,0,0,0,1,0,0,1,0,0,1,0,0,1,0,0,0
6b99ccff03e4ef4148c864bb,1,0,0,0,0,0,1,0,0,1,0,0,0,0,0,1
6b9eb10e6b3bdc74b6930ccd,1,0,0,0,0,0,1,0,0,1,0,0,0,0,0,1
6ba5b319a3369c495eeca231,0,0,1,0,1,0,0,0,0,1,0,0,0,0,0,1
6bab9432ebcd39b56eb5902d,0,1,0,0,0,0,1,0,1,0,0,0,0,0,0,1
6bae53531a83ee37aa0d5814,0,1,0,0,0,0,1,0,0,0,0,1,1,0,0,0
6baf458c9b479a9d5ce37a14,0,0,1,0,0,0,0,1,0,1,0,0,1,0,0,0
6bb51a86cb2faad3d566b28b,0,0,0,1,0,1,0,0,0,0,1,0,1,0,0,0
6bcda7262ff65fddd1b1a60b,0,0,0,1,1,0,0,0,0,1,0,0,0,0,1,0
6bcfc7591bd97f8ee026b83f,0,0,0,1,0,1,0,0,1,0,0,0,0,0,1,0
6bd4dcfaeb0b4e92730c3683,0,0,1,0,0,1,0,0,1,0,0,0,0,0,0,1
6bd7327c83c5e8ac74ab83ca,0,0,0,1,0,1,0,0,0,0,1,0,1,0,0,0
6be71c861a5b9b580ed9a1bb,0,0,0,1,0,0,1,0,0,1,0,0,1,0,0,0
6bf71ec58fb5d96b21acd3ce,0,1,0,0,1,0,0,0,0,0,1,0,0,0,0,1
6bfa826f13ffd9b6a2edd347,0,1,0,0,1,0,0,0,0,0,0,1,0,0,1,0
6bfee8e1986b671fc6e33e0b,0,0,1,0,0,0,0,1,0,1,0,0,1,0,0,0
6c03d701669c26595ab96651,0,0,0,1,0,1,0,0,0,0,1,0,1,0,0,0
6c049479de00c4279afc77ce,0,0,0,1,1,0,0,0,0,0,1,0,0,1,0,0
6c0e08127cb85eb37be5109c,0,0,1,0,0,0,0,1,1,0,0,0,0,1,0,0
6c1a403d4eb3040f0bc7f7a9,0,1,0,0,0,0,1,0,0,0,0,1,1,0,0,0
6c2019bd6d30f75c1481eefb,0,1,0,0,0,0,1,0,1,0,0,0,0,0,0,1
6c229b181f3fc2feba3a1e3d,1,0,0,0,0,1,0,0,0,0,1,0,0,0,0,1
6c232b68b373db9c388df280,0,0,0,1,0,0,1,0,0,1,0,0,1,0,0,0
6c2fb67c2f1379f4554aa74f,0,1,0,0,1,0,0,0,0,0,1,0,0,0,0,1
6c30a81ae4ec54e70743cf6c,1,0,0,0,0,0,0,1,0,1,0,0,0,0,1,0
6c36f01a688aad5a41859b21,0,0,0,1,0,1,0,0,1,0,0,0,0,0,1,0
6c3e88079ad18bc0ea7937f7,0,1,0,0,1,0,0,0,0,0,0,1,0,0,1,0
6c48d2622502e50f71235348,0,0,0,1,1,0,0,0,0,1,0,0,0,0,1,0
6c50993b1f4be53d2ee1f08d,1,0,0,0,0,0,1,0,0,1,0,0,0,0,0,1
6c516d33bbf5b2052dd7a4bd,0,0,0,1,1,0,0,0,0,0,1,0,0,1,0,0
6c61411c92b1aad0cbd7b73d,0,0,1,0,0,0,0,1,1,0,0,0,0,1,0,0
6c62f30a3bd7e05c88976535,0,0,1,0,0,1,0,0,0,0,0,1,1,0,0,0
6c6d6077c9881c670a9ec75e,0,0,0,1,0,0,1,0,0,1,0,0,1,0,0,0
6c6ddac227341c48a9a7f4f7,1,0,0,0,0,0,1,0,0,1,0,0,0,0,0,1
6c6e8b33e55d88160e5430e4,0,0,1,0,0,0,0,1,1,0,0,0,0,1,0,0
6c8a51ff6a4f43b8c42ae7e6,0,0,0,1,1,0,0,0,0,0,1,0,0,1,0,0
6c8cd60862581a74d52d80d6,0,0,0,1,0,1,0,0,1,0,0,0,0,0,1,0
6c921750c8f8425e861dc2dd,0,0,0,1,0,1,0,0,0,0,1,0,1,0,0,0
6c95327fad3f4e9ba9f07295,0,1,0,0,0,0,0,1,1,0,0,0,0,0,1,0
6c98ab420d38f908c018b141,0,0,1,0,1,0,0,0,0,1,0,0,0,0,0,1
6cb60416db0db28df36fc5a1,0,0,0,1,1,0,0,0,0,1,0,0,0,0,1,0
6ccb2750a92cfdba3bde4d24,1,0,0,0,0,0,1,0,0,1,0,0,0,0,0,1
6cd6835b8410eefc8905995c,1,0,0,0,0,0,1,0,0,1,0,0,0,0,0,1
6ce22b1a31530d0260db7903,0,0,0,1,0,0,1,0,0,1,0,0,1,0,0,0
6ce3ca31a094143c09b2fbb2,0,1,0,0,0,0,0,1,0,0,1,0,1,0,0,0
6ce5b59fe300c7aa2b6227ab,0,1,0,0,0,0,0,1,1,0,0,0,0,0,1,0
6cebbf8418499e0c4dad290d,1,0,0,0,0,1,0,0,0,0,0,1,0,0,1,0
6ced4d010bf49575cfcbf47a,0,1,0,0,0,0,0,1,1,0,0,0,0,0,1,0
6cf932172c9a7f0d309cb2de,0,0,0,1,0,0,1,0,0,1,0,0,1,0,0,0
6cfd993508d2766dec37a66f,0,0,0,1,1,0,0,0,0,0,1,0,0,1,0,0
6d0ef0b1e2ea00bf4aeea448,0,0,0,1,0,0,1,0,0,1,0,0,1,0,0,0
6d0f5e98291385091465a8cd,0,0,0,1,1,0,0,0,0,1,0,0,0,0,1,0
6d158390f7769cc46a0651a4,0,0,0,1,0,1,0,0,1,0,0,0,0,0,1,0
6d1599ee8ffa93c286e934c2,0,1,0,0,0,0,1,0,0,0,0,1,1,0,0,0
6d2bbe9873ba0a56d7076bce,0,1,0,0,0,0,0,1,1,0,0,0,0,0,1,0
6d32978f7b6b9c40ad6480f0,0,1,0,0,0,0,1,0,1,0,0,0,0,0,0,1
6d3cbb3f89a46740994aaded,0,1,0,0,1,0,0,0,0,0,0,1,0,0,1,0
6d46c41b6944d9903f395cbe,0,0,0,1,0,0,1,0,0,1,0,0,1,0,0,0
6d4bb581d25be59a79a79181,0,0,0,1,0,0,1,0,1,0,0,0,0,1,0,0
6d534a1d59f56e652e21f1ee,1,0,0,0,0,0,1,0,0,0,0,1,0,1,0,0
6d53fd4c643c6eda64aa3102,0,1,0,0,1,0,0,0,0,0,1,0,0,0,0,1
6d54d06ca56d5a930eaa3bd6,0,1,0,0,1,0,0,0,0,0,1,0,0,0,0,1
6d57c20962398e616a67fc9e,0,0,1,0,1,0,0,0,0,1,0,0,0,0,0,1
6d62d39fd30ed7617058e2c7,0,0,0,1,0,0,1,0,1,0,0,0,0,1,0,0
6d6f04baf7d514745a77289d,1,0,0,0,0,1,0,0,0,0,1,0,0,0,0,1
6d7c453eb1565812e75ccc27,1,0,0,0,0,0,0,1,0,0,1,0,0,1,0,0
6d80c86d20bd0b2d4d40fa94,0,0,0,1,0,0,1,0,0,1,0,0,1,0,0,0
6d9e756a4fe25a36ee62cae8,0,0,0,1,1,0,0,0,0,1,0,0,0,0,1,0
6da40873c549f7b17752216d,0,0,1,0,0,0,0,1,0,1,0,0,1,0,0,0
6da7f9ed712ba85aedd4fbee,1,0,0,0,0,0,1,0,0,0,0,1,0,1,0,0
6da89cc3547545051ec5f228,0,0,1,0,1,0,0,0,0,1,0,0,0,0,0,1
6daa865930902815c5aea3f5,1,0,0,0,0,0,1,0,0,1,0,0,0,0,0,1
6dae57293627663fe30c2227,0,1,0,0,1,0,0,0,0,0,1,0,0,0,0,1
6db7aa8637d7f843653bb33d,0,0,1,0,0,1,0,0,0,0,0,1,1,0,0,0
6db8207dc10452c5c853f195,0,1,0,0,0,0,0,1,1,0,0,0,0,0,1,0
6dc2b9fd8887b64b9d4203de,0,1,0,0,0,0,1,0,1,0,0,0,0,0,0,1
6dc4c4f2374b47e6d98f537b,0,0,1,0,0,0,0,1,1,0,0,0,0,1,0,0
6dcd96248e7cf57daf3f2f9e,0,0,0,1,0,1,0,0,0,0,1,0,1,0,0,0
6dcf4ba50f452e506729d729,0,0,1,0,1,0,0,0,0,1,0,0,0,0,0,1
6ddc17272d11b05cfc6bac33,0,0,0,1,0,1,0,0,1,0,0,0,0,0,1,0
6de104a133269ee6e481e81c,0,0,1,0,1,0,0,0,0,0,0,1,0,1,0,0
6de5263fba9c2c91df516f07,0,1,0,0,0,0,0,1,0,0,1,0,1,0,0,0
6de56e967021151c61ab2341,1,0,0,0,0,1,0,0,0,0,1,0,0,0,0,1
6df28a111642abe33931d200,0,0,0,1,0,1,0,0,0,0,1,0,1,0,0,0
6df51648b0606e1b6fd19c8e,1,0,0,0,0,0,1,0,0,1,0,0,0,0,0,1
6dfcef8723e609f52609f759,1,0,0,0,0,1,0,0,0,0,0,1,0,0,1,0
6e1a5670d90a0f4925b82e5b,0,0,1,0,0,0,0,1,0,1,0,0,1,0,0,0
6e2130084ee799e9df923590,0,0,0,1,1,0,0,0,0,0,1,0,0,1,0,0
6e2f818a8eac789d4a53c0e6,1,0,0,0,0,1,0,0,0,0,0,1,0,0,1,0
6e3acc381326e747add01015,0,1,0,0,0,0,1,0,1,0,0,0,0,0,0,1
6e3c7e0e18a0372c70cdf925,0,0,1,0,0,1,0,0,1,0,0,0,0,0,0,1
6e3cc56777c1caca39d2eef1,0,0,0,1,0,1,0,0,0,0,1,0,1,0,0,0
6e484644be3540aba0a2defb,0,1,0,0,0,0,0,1,0,0,1,0,1,0,0,0
6e5ae29267ab3431da70c2eb,0,0,0,1,1,0,0,0,0,0,1,0,0,1,0,0
6e65c623eb1147885d7ba784,0,0,1,0,1,0,0,0,0,0,0,1,0,1,0,0
6e6c3d28bb31e42f7fb16548,0,1,0,0,0,0,1,0,0,0,0,1,1,0,0,0
6e6ed0baed7088f42f747799,1,0,0,0,0,1,0,0,0,0,0,1,0,0,1,0
6e7027c46b89c493da310bd1,1,0,0,0,0,0,1,0,0,0,0,1,0,1,0,0
6e7fea4f45672744b7cd51f9,1,0,0,0,0,0,1,0,0,1,0,0,0,0,0,1
6e811955f158fc126cb51767,0,1,0,0,0,0,1,0,1,0,0,0,0,0,0,1
6e813ebfade346f7f9630bc7,0,1,0,0,0,0,0,1,0,0,1,0,1,0,0,0
6e898ad6335ad9a0824c6052,0,0,1,0,0,1,0,0,1,0,0,0,0,0,0,1
6e8bea0ccd55946094527f43,0,1,0,0,0,0,1,0,1,0,0,0,0,0,0,1
6e8e8d78c15afd00a500aa36,1,0,0,0,0,1,0,0,0,0,1,0,0,0,0,1
6ec0f0d6d643d2d5d6746e02,0,0,1,0,1,0,0,0,0,1,0,0,0,0,0,1
6ec13002e8b8e06cd290d2ea,0,0,1,0,1,0,0,0,0,0,0,1,0,1,0,0
6ec47ba91efcd3545a35ed56,0,0,0,1,0,0,1,0,0,1,0,0,1,0,0,0
6ec87d24f53506e5f741739f,1,0,0,0,0,0,1,0,0,1,0,0,0,0,0,1
6ecb1ff0ef921af167c58d4f,0,1,0,0,0,0,0,1,0,0,1,0,1,0,0,0
6ed8c876c4aa0c81dc739c70,0,1,0,0,0,0,1,0,0,0,0,1,1,0,0,0
6ef7246e9ca6ddd213959eb2,0,1,0,0,0,0,0,1,0,0,1,0,1,0,0,0
6efaba65fe931d7a10362b39,0,0,1,0,0,1,0,0,0,0,0,1,1,0,0,0
6f01a23349eefd336113d971,1,0,0,0,0,1,0,0,0,0,0,1,0,0,1,0
6f11bf843bb5dc0e2a1641b5,0,0,1,0,1,0,0,0,0,0,0,1,0,1,0,0
6f309d5cddcb6f22755bef77,0,0,0,1,0,1,0,0,0,0,1,0,1,0,0,0
6f35a6a29f7964e67839e716,0,1,0,0,0,0,1,0,1,0,0,0,0,0,0,1
6f547c9d61d06e22c5220758,0,1,0,0,0,0,0,1,1,0,0,0,0,0,1,0
6f5b8063fd78b0026ccbc64e,0,0,0,1,0,0,1,0,1,0,0,0,0,1,0,0
6f5c38f0a3ddeb2caf8af025,0,0,0,1,0,0,1,0,1,0,0,0,0,1,0,0
6f5de67aed12c43fbef01771,0,0,0,1,0,1,0,0,1,0,0,0,0,0,1,0
6f66c15e1c227de86b0114fc,0,0,0,1,0,1,0,0,0,0,1,0,1,0,0,0
6f8040a1a5dc7414a3f55850,0,0,1,0,0,0,0,1,1,0,0,0,0,1,0,0
6f8ba1fd18c629d7df079ac1,0,1,0,0,0,0,1,0,0,0,0,1,1,0,0,0
6f918694a4c738d6d34c44e7,0,1,0,0,1,0,0,0,0,0,0,1,0,0,1,0
6fa31bb71a935347d31dfc88,0,1,0,0,0,0,0,1,0,0,1,0,1,0,0,0
6fa8d2da967911490e28e88b,1,0,0,0,0,0,1,0,0,0,0,1,0,1,0,0
6fb38ecb41b9e2e2b4ceddf3,0,0,0,1,0,1,0,0,0,0,1,0,1,0,0,0
6fb5752e6cc38d9aef7deb1e,1,0,0,0,0,0,1,0,0,0,0,1,0,1,0,0
6fb9e9f675ae386ae0512304,0,1,0,0,0,0,0,1,1,0,0,0,0,0,1,0
6fc183eab0d2c63ff521dcd7,1,0,0,0,0,0,0,1,0,1,0,0,0,0,1,0
6fc1cf58bcaa9d9ede6cceed,0,0,0,1,0,0,1,0,0,1,0,0,1,0,0,0
6fccb9c84e546fdef89b469d,0,0,0,1,0,1,0,0,1,0,0,0,0,0,1,0
6fe23b72f13ff74a3913278b,1,0,0,0,0,1,0,0,0,0,1,0,0,0,0,1
6fec0ab84d854f73a00a6eac,0,0,0,1,0,1,0,0,1,0,0,0,0,0,1,0
6fef8d7ebdc802dee01ac557,1,0,0,0,0,0,0,1,0,0,1,0,0,1,0,0
7002f1429c68118e894e6bb3,0,0,1,0,0,0,0,1,1,0,0,0,0,1,0,0
7003578a60bf9f729930aeb2,1,0,0,0,0,0,0,1,0,0,1,0,0,1,0,0
700542898079cdb895fb42f6,0,0,1,0,1,0,0,0,0,0,0,1,0,1,0,0
7005fc821e4acc2f368fa5e5,0,0,1,0,0,1,0,0,0,0,0,1,1,0,0,0
70104ad0e6934c9956ab588c,0,0,0,1,1,0,0,0,0,1,0,0,0,0,1,0
7011fd44a58f4d07cc82e2a4,0,0,1,0,0,0,0,1,1,0,0,0,0,1,0,0
7027da08e578a67d562563bb,0,0,0,1,0,0,1,0,1,0,0,0,0,1,0,0
702ee710f19aba9de87d3aab,0,0,1,0,1,0,0,0,0,0,0,1,0,1,0,0
703403975d18ef23beacb217,1,0,0,0,0,0,0,1,0,0,1,0,0,1,0,0
703b54e428d16b2e45e56a05,0,1,0,0,0,0,0,1,1,0,0,0,0,0,1,0
704138a864602adeb06871ba,0,1,0,0,1,0,0,0,0,0,1,0,0,0,0,1
7051b815d92c4d2b56bb8bc0,0,1,0,0,0,0,1,0,0,0,0,1,1,0,0,0
7051fa67ab78b76abead8577,0,0,0,1,0,0,1,0,1,0,0,0,0,1,0,0
705a2936d892940969e9b776,0,0,1,0,1,0,0,0,0,0,0,1,0,1,0,0
705db6639f32c49e0f496524,0,0,1,0,0,1,0,0,1,0,0,0,0,0,0,1
705e631b438f9959801e1f8f,0,1,0,0,0,0,1,0,1,0,0,0,0,0,0,1
70633c9241f4fce5c1c6d3fa,1,0,0,0,0,0,0,1,0,1,0,0,0,0,1,0
70656bf8c8fb36124a41c11a,0,0,1,0,0,1,0,0,1,0,0,0,0,0,0,1
706fb8e2d28820cb6d2ccdc9,1,0,0,0,0,1,0,0,0,0,1,0,0,0,0,1
707dfb88810bee9ea485c53b,1,0,0,0,0,1,0,0,0,0,0,1,0,0,1,0
708171166c266c7e10019c74,1,0,0,0,0,0,1,0,0,1,0,0,0,0,0,1
7081e0d195d3482f315bf333,0,0,1,0,0,0,0,1,0,1,0,0,1,0,0,0
70900e3754b3318ab02a01f0,0,0,0,1,0,0,1,0,1,0,0,0,0,1,0,0
70953bba7ab7b8811c02e2b3,1,0,0,0,0,0,1,0,0,1,0,0,0,0,0,1
7096a4bcebff92208c9b056d,0,0,1,0,1,0,0,0,0,1,0,0,0,0,0,1
7098036af94f9225d704677b,0,0,1,0,0,0,0,1,0,1,0,0,1,0,0,0
709b077a47d1b3fe5fcab3c0,1,0,0,0,0,0,0,1,0,1,0,0,0,0,1,0
70a1b238e79dfd84191465a2,1,0,0,0,0,0,1,0,0,1,0,0,0,0,0,1
70a8172df6966e23ae966076,1,0,0,0,0,0,1,0,0,1,0,0,0,0,0,1
70a967df624b50e3fb0f79c8,0,1,0,0,0,0,0,1,0,0,1,0,1,0,0,0
70aa84b80d4f163cbee2a1b3,0,0,1,0,0,0,0,1,0,1,0,0,1,0,0,0
70b480b2f4b86fe084dc7f87,0,0,1,0,0,1,0,0,1,0,0,0,0,0,0,1
70b6da45dad05fd1623e5597,1,0,0,0,0,0,1,0,0,1,0,0,0,0,0,1
70c213ec089b360ec50d560e,1,0,0,0,0,0,1,0,0,1,0,0,0,0,0,1
70c4f5f27e11a4bfa4c61c33,1,0,0,0,0,0,1,0,0,1,0,0,0,0,0,1
70c9b94ecab19c925036933f,0,0,1,0,0,1,0,0,1,0,0,0,0,0,0,1
70c9d657d148341b299b213f,1,0,0,0,0,0,0,1,0,1,0,0,0,0,1,0
70cdf5204a97e3df6dfdc1f4,0,0,1,0,0,0,0,1,0,1,0,0,1,0,0,0
70d020efd888b99b924b856b,0,0,1,0,0,0,0,1,0,1,0,0,1,0,0,0
70de1b9430dc14334f72454a,0,0,1,0,1,0,0,0,0,1,0,0,0,0,0,1
70dfafadaab54413f7af0c16,0,0,0,1,1,0,0,0,0,1,0,0,0,0,1,0
70e1d6de4988aa1a14a6a6a7,0,1,0,0,0,0,1,0,1,0,0,0,0,0,0,1
70efd1b11c49fd86338b99da,0,0,0,1,1,0,0,0,0,1,0,0,0,0,1,0
70f8b4e6939470ef660cb97d,1,0,0,0,0,0,0,1,0,0,1,0,0,1,0,0
70f9895f267f544eb334e5b9,1,0,0,0,0,0,0,1,0,1,0,0,0,0,1,0
70fe78ca41fbff4b71c632dd,0,0,0,1,0,0,1,0,1,0,0,0,0,1,0,0
71055710e59a2f1cecfb427f,1,0,0,0,0,1,0,0,0,0,1,0,0,0,0,1
710c1c8855a1029afd56a738,0,0,1,0,0,0,0,1,0,1,0,0,1,0,0,0
7111b59ff74d63d3f3376e8f,0,0,0,1,0,0,1,0,1,0,0,0,0,1,0,0
711313ecee32a421ba8c4439,1,0,0,0,0,0,0,1,0,1,0,0,0,0,1,0
711e3f3506be2b73a610d6f1,1,0,0,0,0,1,0,0,0,0,1,0,0,0,0,1
71288cd882381457e9d5f2c7,0,0,0,1,1,0,0,0,0,1,0,0,0,0,1,0
712fd36f99bce5e0f27b6c35,0,0,0,1,0,1,0,0,1,0,0,0,0,0,1,0
7130ac25d9624d465e670782,1,0,0,0,0,0,0,1,0,1,0,0,0,0,1,0
713a478851c1118349218c3c,0,1,0,0,0,0,0,1,1,0,0,0,0,0,1,0
714071fa51dc6b167bcc9bd4,0,0,0,1,1,0,0,0,0,0,1,0,0,1,0,0
71524d1b1a655f72bfd62b96,1,0,0,0,0,0,1,0,0,0,0,1,0,1,0,0
715475b9cef40234cce67e51,0,1,0,0,0,0,0,1,1,0,0,0,0,0,1,0
715d6a6b51b3ad28cd6c86f8,0,0,1,0,0,0,0,1,0,1,0,0,1,0,0,0
71635210dff960a902e24a8d,0,0,0,1,0,0,1,0,0,1,0,0,1,0,0,0
717f9feddd2ec2bbfd252987,1,0,0,0,0,0,0,1,0,1,0,0,0,0,1,0
7181d8eebdb45c1886956a81,0,1,0,0,0,0,1,0,0,0,0,1,1,0,0,0
7182dfa349307ad610808b8e,0,1,0,0,0,0,0,1,0,0,1,0,1,0,0,0
7184d878f710b01265913674,0,0,0,1,1,0,0,0,0,0,1,0,0,1,0,0
7187c42bf862ecc63e7792ae,0,0,1,0,0,1,0,0,1,0,0,0,0,0,0,1
718e8ef3deb5833780f02358,0,0,1,0,0,1,0,0,1,0,0,0,0,0,0,1
719a30ecf32e9d9cbddf4d10,1,0,0,0,0,0,0,1,0,1,0,0,0,0,1,0
719b97456b3fda03dfd6941c,0,0,1,0,0,1,0,0,1,0,0,0,0,0,0,1
719bb9de1d0ff1b42bfc3461,1,0,0,0,0,0,0,1,0,1,0,0,0,0,1,0
71a39e3a155b5f2300890a38,0,0,0,1,0,0,1,0,1,0,0,0,0,1,0,0
71a8c9be411476ea510c5809,0,0,1,0,0,1,0,0,0,0,0,1,1,0,0,0
71ae41fedff1613e62e713af,0,1,0,0,0,0,1,0,1,0,0,0,0,0,0,1
71af8da64aa77d1583e7e811,0,1,0,0,1,0,0,0,0,0,1,0,0,0,0,1
71b019fa0464b437367bf8ef,1,0,0,0,0,0,1,0,0,0,0,1,0,1,0,0
71b10de23648da0807009338,0,1,0,0,0,0,0,1,0,0,1,0,1,0,0,0
71c31a61262b850d34988312,0,1,0,0,0,0,0,1,0,0,1,0,1,0,0,0
71d150faf7ea17a9c65864df,0,0,1,0,0,0,0,1,0,1,0,0,1,0,0,0
71e32143166f8b2931daec15,0,1,0,0,1,0,0,0,0,0,0,1,0,0,1,0
71e3c24568997a66f71db45e,0,0,0,1,0,0,1,0,1,0,0,0,0,1,0,0
71e706c35a905b9698745ed3,0,1,0,0,1,0,0,0,0,0,1,0,0,0,0,1
71e82650346d135235eecdc7,0,0,1,0,0,0,0,1,0,1,0,0,1,0,0,0
71f463711a77979e006e1666,0,0,0,1,1,0,0,0,0,1,0,0,0,0,1,0
71f47c72e447184056e4aa6b,0,1,0,0,0,0,0,1,0,0,1,0,1,0,0,0
71fab1150ea7c66e58b8f98a,1,0,0,0,0,0,0,1,0,1,0,0,0,0,1,0
720bdc68bcda8398a00c00ca,1,0,0,0,0,0,1,0,0,0,0,1,0,1,0,0
720e9af0dbef4ae255562664,1,0,0,0,0,1,0,0,0,0,1,0,0,0,0,1
7220f1937944cccf234821ed,1,0,0,0,0,1,0,0,0,0,0,1,0,0,1,0
72244d9c781347aca0103876,0,0,0,1,0,1,0,0,1,0,0,0,0,0,1,0
72297817c78c2a9df98a1673,0,0,0,1,1,0,0,0,0,0,1,0,0,1,0,0
722fb084db40170d6cf4caff,1,0,0,0,0,1,0,0,0,0,1,0,0,0,0,1
7237dfec9587fc01e469add5,0,1,0,0,1,0,0,0,0,0,0,1,0,0,1,0
72395c5c6944d8d18d63e2cc,0,0,1,0,0,1,0,0,0,0,0,1,1,0,0,0
7244660c19ab9f39b68938ff,1,0,0,0,0,1,0,0,0,0,0,1,0,0,1,0
7244f1426bb6869939fc1b67,0,0,1,0,0,1,0,0,0,0,0,1,1,0,0,0
72464f71835a8291548d0bd0,0,0,0,1,0,1,0,0,0,0,1,0,1,0,0,0
724ed63324d26977dcf3979d,0,0,1,0,0,0,0,1,0,1,0,0,1,0,0,0
725f3f825055115e9d68215f,1,0,0,0,0,0,1,0,0,0,0,1,0,1,0,0
725fe4d2d9148a34fbaabe2b,1,0,0,0,0,1,0,0,0,0,1,0,0,0,0,1
7264dd390a2a377924aca680,0,1,0,0,0,0,1,0,1,0,0,0,0,0,0,1
72676f634161aaf27fc4fe03,0,1,0,0,0,0,0,1,1,0,0,0,0,0,1,0
726a6e1ea2a039ddb6b0ca60,0,0,1,0,0,0,0,1,1,0,0,0,0,1,0,0
726d1edb339118df9b3e4ef8,0,0,1,0,1,0,0,0,0,1,0,0,0,0,0,1
7278b2b165a3e1adf4f354a8,0,0,0,1,1,0,0,0,0,1,0,0,0,0,1,0
727e72a454d609d225a522c3,0,1,0,0,0,0,0,1,1,0,0,0,0,0,1,0
72802149b94294e9bb86a47a,0,0,1,0,0,1,0,0,1,0,0,0,0,0,0,1
7286697065a590d3ea860523,0,0,1,0,1,0,0,0,0,1,0,0,0,0,0,1
72942248ab67b79e38779f4a,0,0,0,1,0,0,1,0,1,0,0,0,0,1,0,0
7296599de24ee70a398c75be,1,0,0,0,0,1,0,0,0,0,1,0,0,0,0,1
72966fe7dbfc0d53b2165d0a,0,0,0,1,1,0,0,0,0,0,1,0,0,1,0,0
72adccb657a12a5272035d08,0,1,0,0,0,0,1,0,1,0,0,0,0,0,0,1
72b27217f9be27ec46b589ca,0,0,1,0,1,0,0,0,0,1,0,0,0,0,0,1
72b39040073bc38b77825820,0,1,0,0,1,0,0,0,0,0,0,1,0,0,1,0
72b68ab0b72b0ef511b98b67,0,1,0,0,0,0,1,0,0,0,0,1,1,0,0,0
72b938601a7c3dea9a67aa1f,0,0,1,0,1,0,0,0,0,0,0,1,0,1,0,0
72d1eaf652fc04009af244f0,0,1,0,0,0,0,1,0,0,0,0,1,1,0,0,0
72d39b21569b2774da7b8333,1,0,0,0,0,0,0,1,0,1,0,0,0,0,1,0
72ed32b8b5b1d78da51a2c8a,0,0,1,0,1,0,0,0,0,0,0,1,0,1,0,0
72ed63a99ff95df910ce2235,0,0,1,0,0,1,0,0,0,0,0,1,1,0,0,0
72f0f020ede4c47e56bbd97b,0,0,1,0,1,0,0,0,0,1,0,0,0,0,0,1
72f42fbd28c8254fbcafe36b,1,0,0,0,0,1,0,0,0,0,1,0,0,0,0,1
730b4379b7501bb5edc79b67,0,0,1,0,1,0,0,0,0,1,0,0,0,0,0,1
731284588f4ebdeadbd90d9c,0,1,0,0,1,0,0,0,0,0,1,0,0,0,0,1
7313bb6bc6f06fc732a5e312,0,0,1,0,0,0,0,1,1,0,0,0,0,1,0,0
732622763d4b169455543a4c,0,0,1,0,1,0,0,0,0,0,0,1,0,1,0,0
732955efd1cea05604306630,0,1,0,0,0,0,0,1,1,0,0,0,0,0,1,0
732ce90980b7954617722511,1,0,0,0,0,1,0,0,0,0,1,0,0,0,0,1
732e76639e34fb8e83321b11,0,0,0,1,0,1,0,0,1,0,0,0,0,0,1,0
732e8ed0736f9fc5aeef06bb,0,0,0,1,0,0,1,0,1,0,0,0,0,1,0,0
7332b06b81be174f29068d88,1,0,0,0,0,1,0,0,0,0,1,0,0,0,0,1
7334b83ef7a6a74760fdf92b,1,0,0,0,0,1,0,0,0,0,0,1,0,0,1,0
733becfb3216281ab444f74e,0,1,0,0,1,0,0,0,0,0,0,1,0,0,1,0
734240b3a7c1b55fd5f3fc17,0,0,1,0,0,1,0,0,0,0,0,1,1,0,0,0
7349d39c589c0fd0b50e880d,0,0,1,0,0,1,0,0,1,0,0,0,0,0,0,1
734c58265222b9135d98943a,0,0,0,1,0,1,0,0,1,0,0,0,0,0,1,0
735982b41c32d9f3a142d918,0,1,0,0,1,0,0,0,0,0,0,1,0,0,1,0
735aee80643108f5bd83f36f,0,0,0,1,0,0,1,0,1,0,0,0,0,1,0,0
7364ed9624480ce66f3eff1e,0,0,1,0,0,0,0,1,1,0,0,0,0,1,0,0
737578b3b80b03df40463392,1,0,0,0,0,1,0,0,0,0,1,0,0,0,0,1
73809bdbe0ea1463d4198ea2,0,0,0,1,0,1,0,0,1,0,0,0,0,0,1,0
73897730977fed9942073cb8,0,0,1,0,0,0,0,1,0,1,0,0,1,0,0,0
738ff0583d1e965d3ae17e5d,0,1,0,0,0,0,0,1,1,0,0,0,0,0,1,0
739d618005e2f4843c2ec92b,0,0,0,1,1,0,0,0,0,0,1,0,0,1,0,0
73a3cb33c9e07a43e4f4003c,1,0,0,0,0,0,1,0,0,1,0,0,0,0,0,1
73a3e3c7fd0f0b44cbb3eacf,1,0,0,0,0,0,0,1,0,1,0,0,0,0,1,0
73af2db3a655f3105d448099,0,0,0,1,1,0,0,0,0,0,1,0,0,1,0,0
73b2f0f3eeb9a9118e1ca69b,0,1,0,0,0,0,1,0,0,0,0,1,1,0,0,0
73b3806e602f6babc4776806,0,0,1,0,0,1,0,0,1,0,0,0,0,0,0,1
73b9cc55e82ef01de8191606,0,0,0,1,1,0,0,0,0,1,0,0,0,0,1,0
73bdc1bf0ae9155acc0e7ca0,0,0,1,0,0,0,0,1,0,1,0,0,1,0,0,0
73c99424b118928b8333c347,0,0,1,0,0,0,0,1,1,0,0,0,0,1,0,0
73c9f51283a8c7ee8f916964,0,0,0,1,1,0,0,0,0,0,1,0,0,1,0,0
73d85cc1f4a9ac3ac98d027f,0,0,0,1,0,0,1,0,0,1,0,0,1,0,0,0
73da83db318ae433377d0a50,0,0,1,0,0,0,0,1,1,0,0,0,0,1,0,0
73daf34c0ece91fccbbca0a1,1,0,0,0,0,0,0,1,0,0,1,0,0,1,0,0
73dcb9d1ed0809817b165b65,0,0,1,0,1,0,0,0,0,1,0,0,0,0,0,1
73e6ca1d2f195a8ed6e2001f,1,0,0,0,0,0,1,0,0,0,0,1,0,1,0,0
73f0e8ef6efc36764f2826a3,0,1,0,0,0,0,1,0,1,0,0,0,0,0,0,1
73f8d677140243e6440ede43,0,0,1,0,1,0,0,0,0,0,0,1,0,1,0,0
73f999e7e99b7c071baa9c6d,0,0,0,1,1,0,0,0,0,1,0,0,0,0,1,0
7402c0e45405f0ffb1a75994,1,0,0,0,0,0,1,0,0,1,0,0,0,0,0,1
74047e2f39bece3b863aade3,1,0,0,0,0,1,0,0,0,0,1,0,0,0,0,1
74064742dee969ede99819df,0,1,0,0,0,0,1,0,1,0,0,0,0,0,0,1
740f34d6b4ccb2e7aa62aded,1,0,0,0,0,0,0,1,0,1,0,0,0,0,1,0
7411b9f4514c0df07e3abb6d,0,0,0,1,0,1,0,0,1,0,0,0,0,0,1,0
7415d45a43857397d1a4d6c7,0,1,0,0,1,0,0,0,0,0,0,1,0,0,1,0
741b65a44745bb398a182b1a,1,0,0,0,0,0,0,1,0,0,1,0,0,1,0,0
741f6b7f337a245a7d013e98,0,0,1,0,0,0,0,1,1,0,0,0,0,1,0,0
741ff405da1f9d05d276809b,1,0,0,0,0,0,1,0,0,1,0,0,0,0,0,1
741fff8821cd4b981885e3b5,0,0,0,1,0,0,1,0,0,1,0,0,1,0,0,0
7425a8f1652e3c6bba581718,1,0,0,0,0,1,0,0,0,0,0,1,0,0,1,0
742745ba5ac6b9815bfb5f3b,1,0,0,0,0,0,1,0,0,0,0,1,0,1,0,0
742e6847d2d1165beece6f98,0,1,0,0,0,0,1,0,1,0,0,0,0,0,0,1
7433727a63a3c4b520c20017,0,0,0,1,0,0,1,0,1,0,0,0,0,1,0,0
7444efc11092bcfb1f7b8fff,1,0,0,0,0,1,0,0,0,0,1,0,0,0,0,1
744cd91dbeb75b373e8ea350,0,0,1,0,1,0,0,0,0,1,0,0,0,0,0,1
74556ea6adc6bee450135592,0,0,1,0,0,0,0,1,1,0,0,0,0,1,0,0
74636821b501465fcae60084,0,1,0,0,0,0,1,0,1,0,0,0,0,0,0,1
74644d03e9db477d4d8f09e4,0,0,1,0,1,0,0,0,0,1,0,0,0,0,0,1
7464a9a3d98a6df637794198,0,1,0,0,1,0,0,0,0,0,0,1,0,0,1,0
74651e786ee16502276d6b09,0,0,0,1,1,0,0,0,0,1,0,0,0,0,1,0
746aabac5903b9eeea11e217,0,1,0,0,0,0,1,0,1,0,0,0,0,0,0,1
746d72c82ba29a3b8c6fe5f7,0,0,1,0,0,1,0,0,0,0,0,1,1,0,0,0
746f0bf7f19532b09e221998,1,0,0,0,0,0,1,0,0,1,0,0,0,0,0,1
746fcc2425f5a12ca9717740,0,0,1,0,0,1,0,0,0,0,0,1,1,0,0,0
747e695e3e4e0b04e516e100,0,0,0,1,1,0,0,0,0,1,0,0,0,0,1,0
747f1217d06d0cd069167d4e,1,0,0,0,0,1,0,0,0,0,0,1,0,0,1,0
7480655c567811308d0b0d27,1,0,0,0,0,0,0,1,0,1,0,0,0,0,1,0
74916ff152188d438f89dd8b,1,0,0,0,0,1,0,0,0,0,0,1,0,0,1,0
7497ad26d63e8e4cea63ae8c,0,1,0,0,0,0,0,1,0,0,1,0,1,0,0,0
74a2ef3a876d48a477853170,0,0,0,1,0,1,0,0,1,0,0,0,0,0,1,0
74ab72ceb2599c448bff1597,1,0,0,0,0,0,0,1,0,0,1,0,0,1,0,0
74aeb42ddff8c2687e5a94d1,0,0,0,1,0,0,1,0,1,0,0,0,0,1,0,0
74af4c10b7e0dfa9d718d3e8,1,0,0,0,0,0,0,1,0,1,0,0,0,0,1,0
74b1f5b15a8b7b6d5982f365,0,0,1,0,1,0,0,0,0,0,0,1,0,1,0,0
74c192ab612de5871e509eca,0,1,0,0,1,0,0,0,0,0,0,1,0,0,1,0
74c24936022fae7561fe6584,1,0,0,0,0,0,0,1,0,0,1,0,0,1,0,0
74c86d31408f3917c62b062b,0,1,0,0,1,0,0,0,0,0,1,0,0,0,0,1
74c894144c19ada24498344a,0,0,0,1,1,0,0,0,0,1,0,0,0,0,1,0
74d0d7e177a66134745dc986,0,1,0,0,0,0,1,0,1,0,0,0,0,0,0,1
74d18b403c06a9b9f899a99f,0,0,0,1,1,0,0,0,0,1,0,0,0,0,1,0
74d2444db002453090794cd7,0,0,0,1,0,0,1,0,1,0,0,0,0,1,0,0
74d3dc5a9f17a9c7ec61609c,0,0,0,1,0,1,0,0,1,0,0,0,0,0,1,0
74e204d1aabd833c4d6f6bc0,0,0,0,1,0,1,0,0,1,0,0,0,0,0,1,0
74e84c182f693a8d83c2141f,0,0,0,1,0,1,0,0,1,0,0,0,0,0,1,0
74ed29f27f7f74e93dc2b389,0,0,0,1,0,0,1,0,0,1,0,0,1,0,0,0
74f7a3383478fc4ea5f40232,0,0,1,0,1,0,0,0,0,1,0,0,0,0,0,1
75124861f6b3700a776d22aa,0,1,0,0,0,0,1,0,0,0,0,1,1,0,0,0
751c294201b345b2e92e35e3,1,0,0,0,0,0,1,0,0,1,0,0,0,0,0,1
75272179c82c3cb6bcce3289,0,1,0,0,1,0,0,0,0,0,1,0,0,0,0,1
752e58ed077f606445d7977c,1,0,0,0,0,0,0,1,0,0,1,0,0,1,0,0
75320aebf2de4db57b70801e,0,0,1,0,1,0,0,0,0,0,0,1,0,1,0,0
7533aaabc5e8a0c61fa4cdf5,1,0,0,0,0,0,1,0,0,1,0,0,0,0,0,1
753980816ab088c1ff13d1b0,0,1,0,0,0,0,1,0,1,0,0,0,0,0,0,1
7559e9e116da80f83e8471a4,0,1,0,0,0,0,0,1,0,0,1,0,1,0,0,0
755d6a27ab0edbaf585ec87a,0,0,1,0,0,1,0,0,1,0,0,0,0,0,0,1
755f72b6452133ff0a4c2eb3,1,0,0,0,0,0,1,0,0,0,0,1,0,1,0,0
75636339818415c0e3578316,0,0,1,0,0,1,0,0,0,0,0,1,1,0,0,0
757c94d17501fc804bb49aa6,0,0,0,1,0,0,1,0,1,0,0,0,0,1,0,0
757d4875a4a60c2bae4683db,0,1,0,0,0,0,0,1,1,0,0,0,0,0,1,0
7581ed033612e8df96e25302,1,0,0,0,0,1,0,0,0,0,0,1,0,0,1,0
758f449b5c94036f184c2eaa,0,0,0,1,1,0,0,0,0,1,0,0,0,0,1,0
7590f2cbeb1618d54437010a,1,0,0,0,0,0,0,1,0,0,1,0,0,1,0,0
759aa4081fe9e9d528aa36f5,0,0,0,1,0,0,1,0,0,1,0,0,1,0,0,0
75a65eeb2305fc75f9ba8e12,1,0,0,0,0,1,0,0,0,0,0,1,0,0,1,0
75ac358666328b81873ccc1e,0,0,1,0,0,1,0,0,1,0,0,0,0,0,0,1
75b122426f05bebc726156af,0,1,0,0,0,0,1,0,0,0,0,1,1,0,0,0
75b1f02849d550ae91d1fcd0,0,1,0,0,0,0,1,0,0,0,0,1,1,0,0,0
75b696b87a6b568ceb2a21a7,0,1,0,0,1,0,0,0,0,0,1,0,0,0,0,1
75b70212f6fed56a483a02c6,0,0,0,1,0,0,1,0,1,0,0,0,0,1,0,0
75b7732236bc9752a3cf74f6,1,0,0,0,0,0,1,0,0,1,0,0,0,0,0,1
75b81c679942190ac365da04,0,0,1,0,0,1,0,0,0,0,0,1,1,0,0,0
75c4486003c0410f9d2832a8,0,0,0,1,1,0,0,0,0,0,1,0,0,1,0,0
75e354c849da809fa2e05b7a,1,0,0,0,0,0,0,1,0,1,0,0,0,0,1,0
75ea4320ce2cac82f6b9b965,1,0,0,0,0,1,0,0,0,0,1,0,0,0,0,1
75ea5c15b311595263156a7c,0,0,1,0,0,0,0,1,1,0,0,0,0,1,0,0
75f298301c57da1a77f86620,0,1,0,0,0,0,1,0,0,0,0,1,1,0,0,0
75f52da044cc90aa023b453c,0,1,0,0,0,0,0,1,0,0,1,0,1,0,0,0
75f901e36384e90fc063173a,1,0,0,0,0,0,1,0,0,1,0,0,0,0,0,1
75fcc85534005fc469461d1a,0,0,1,0,1,0,0,0,0,0,0,1,0,1,0,0
760493bcf8f3cb2b0340974e,0,0,1,0,0,0,0,1,0,1,0,0,1,0,0,0
76060d97a38fa1f9ad745543,0,0,0,1,0,0,1,0,1,0,0,0,0,1,0,0
760ba82e37e16207d445c8c8,0,0,0,1,0,1,0,0,0,0,1,0,1,0,0,0
761647da82dbf97568fa30b3,1,0,0,0,0,0,1,0,0,0,0,1,0,1,0,0
76193d19d68fe03391b53ba3,0,0,1,0,1,0,0,0,0,1,0,0,0,0,0,1
761c73ecee6402f48dce699a,0,0,0,1,0,0,1,0,1,0,0,0,0,1,0,0
76256ca192d30aedb5571729,1,0,0,0,0,0,1,0,0,0,0,1,0,1,0,0
7626378ff9d8df95151ed732,1,0,0,0,0,0,0,1,0,0,1,0,0,1,0,0
7639e6b5102d3d70bf649d35,0,0,1,0,0,0,0,1,1,0,0,0,0,1,0,0
763edb541d5985865cc47b3d,0,1,0,0,1,0,0,0,0,0,1,0,0,0,0,1
76407d14d30740e6ef5995ae,0,0,1,0,1,0,0,0,0,1,0,0,0,0,0,1
7647295901c97bf45341db50,0,0,0,1,1,0,0,0,0,1,0,0,0,0,1,0
764ba2b61d00e228be74e1c5,0,0,1,0,1,0,0,0,0,1,0,0,0,0,0,1
764f469865462a69daeafd59,0,0,1,0,1,0,0,0,0,0,0,1,0,1,0,0
76507a31cb36701738db1186,0,0,1,0,0,1,0,0,0,0,0,1,1,0,0,0
76527b9888ec531f5b9c9e1f,0,0,0,1,0,0,1,0,1,0,0,0,0,1,0,0
7653e577e733d7bf0f130ef6,1,0,0,0,0,0,1,0,0,0,0,1,0,1,0,0
765cb195dc368a95b86e2415,1,0,0,0,0,0,1,0,0,0,0,1,0,1,0,0
76620ec664488e2f6351641e,0,0,0,1,0,0,1,0,0,1,0,0,1,0,0,0
76630fd7db080bb4af880b99,0,0,0,1,0,1,0,0,0,0,1,0,1,0,0,0
7668430cab610eca22bbaf57,0,0,0,1,0,0,1,0,0,1,0,0,1,0,0,0
76724150c1d30ce1bfd65fc8,1,0,0,0,0,0,0,1,0,0,1,0,0,1,0,0
76753fda7a373b4f2c77710c,0,1,0,0,1,0,0,0,0,0,0,1,0,0,1,0
7677849b15394360d144eddb,0,1,0,0,0,0,0,1,0,0,1,0,1,0,0,0
76815e956fbb88d5c1a029a4,0,1,0,0,1,0,0,0,0,0,1,0,0,0,0,1
76853b6e2483cb2a1ac71174,1,0,0,0,0,0,1,0,0,1,0,0,0,0,0,1
768a644e4075aaa97d22b7ca,0,0,1,0,1,0,0,0,0,1,0,0,0,0,0,1
76916130ad3a43d3790b3d41,1,0,0,0,0,0,1,0,0,0,0,1,0,1,0,0
769725a7fd17d59e7c9bc952,0,0,1,0,0,0,0,1,0,1,0,0,1,0,0,0
769bab829ce60984f46ea672,0,0,1,0,0,0,0,1,0,1,0,0,1,0,0,0
769f43e865fc510c00c7ee3d,0,1,0,0,1,0,0,0,0,0,0,1,0,0,1,0
76a35dcbd22ead8947941110,0,1,0,0,0,0,0,1,0,0,1,0,1,0,0,0
76a8baa0ef9dc4ac943de33d,0,0,1,0,0,1,0,0,0,0,0,1,1,0,0,0
76b56e0fa8aa6adf193745b4,1,0,0,0,0,1,0,0,0,0,1,0,0,0,0,1
76b771f752c9c4775a73bd23,1,0,0,0,0,1,0,0,0,0,0,1,0,0,1,0
76ba3e9c1b21e6f5e92c973c,0,1,0,0,0,0,0,1,1,0,0,0,0,0,1,0
76d1ca75387309109b3d718f,1,0,0,0,0,0,1,0,0,0,0,1,0,1,0,0
76d26080f30a9be4453a5521,0,1,0,0,1,0,0,0,0,0,0,1,0,0,1,0
76d32786cf7941e429696807,0,0,0,1,1,0,0,0,0,0,1,0,0,1,0,0
76db67308938b4753fc46456,0,0,1,0,0,1,0,0,0,0,0,1,1,0,0,0
76ddf2caf1a5f21650afb1a8,0,0,1,0,0,0,0,1,1,0,0,0,0,1,0,0
76e9618bfd19afb25cff5138,1,0,0,0,0,0,1,0,0,1,0,0,0,0,0,1
76eba000ecda2b90e196751c,0,0,1,0,0,0,0,1,1,0,0,0,0,1,0,0
76ed4a78a6f50ed568c437c8,0,1,0,0,0,0,1,0,0,0,0,1,1,0,0,0
76f032542cfe11ec0d67d5a4,0,0,1,0,0,0,0,1,0,1,0,0,1,0,0,0
76f3497b2a731a716bcbb448,0,0,1,0,0,1,0,0,0,0,0,1,1,0,0,0
76fbcc2acae1e41e5284e4e7,0,1,0,0,0,0,0,1,0,0,1,0,1,0,0,0
76ff30d8cc3e3cd2f2d95a31,0,0,1,0,1,0,0,0,0,1,0,0,0,0,0,1
7702946a5d0fde4379885d1f,0,1,0,0,0,0,1,0,0,0,0,1,1,0,0,0
7706c6a79409313daae98e3a,0,0,0,1,0,0,1,0,1,0,0,0,0,1,0,0
770768fabc8f38bb835f3efb,0,0,1,0,1,0,0,0,0,0,0,1,0,1,0,0
7707f6fb40c617d8316cf820,0,0,0,1,0,1,0,0,1,0,0,0,0,0,1,0
770f0d6b8a206e380cc371e9,0,0,1,0,1,0,0,0,0,1,0,0,0,0,0,1
77142c4f0c5f76ab9807b70e,0,0,1,0,1,0,0,0,0,0,0,1,0,1,0,0
77235ab4e8f769d11253dc64,0,1,0,0,0,0,0,1,0,0,1,0,1,0,0,0
772978cf18db1980c50b2df8,0,1,0,0,0,0,1,0,0,0,0,1,1,0,0,0
772f4ae2abcedd5c52c1cd15,1,0,0,0,0,1,0,0,0,0,1,0,0,0,0,1
7732f0faab5582f93dd79554,0,0,0,1,0,0,1,0,1,0,0,0,0,1,0,0
77452db8939124ea7ec5b7c3,1,0,0,0,0,1,0,0,0,0,1,0,0,0,0,1
7750c8643903dfc5650119ae,0,1,0,0,0,0,0,1,1,0,0,0,0,0,1,0
7756834f0a1df3f9017bacac,1,0,0,0,0,0,1,0,0,1,0,0,0,0,0,1
7762fef421587ef5d8693a84,0,0,1,0,0,0,0,1,1,0,0,0,0,1,0,0
7766a5159cdb0d7d8e20b077,0,0,0,1,0,1,0,0,1,0,0,0,0,0,1,0
776f55386bceb67cb8ab020f,0,1,0,0,0,0,1,0,1,0,0,0,0,0,0,1
7773724f0a2171eecf4ac575,1,0,0,0,0,0,0,1,0,1,0,0,0,0,1,0
7778311f8d5a0b3043407f79,1,0,0,0,0,0,0,1,0,1,0,0,0,0,1,0
777b4201d0ea0acdc20eca93,1,0,0,0,0,0,1,0,0,0,0,1,0,1,0,0
77852b7c016db951fee18603,0,0,0,1,0,1,0,0,1,0,0,0,0,0,1,0
7787005278177ce1847dd9b6,0,1,0,0,1,0,0,0,0,0,0,1,0,0,1,0
778b766272a3fe1339d86c43,1,0,0,0,0,0,0,1,0,1,0,0,0,0,1,0
7793df06b1370f4cd056f583,1,0,0,0,0,0,0,1,0,0,1,0,0,1,0,0
7796344144ee5d275c782931,1,0,0,0,0,0,1,0,0,0,0,1,0,1,0,0
779905f8c03079a0132f0a8f,0,0,1,0,1,0,0,0,0,1,0,0,0,0,0,1
77b12249b221d1105a3a257b,0,0,1,0,0,1,0,0,0,0,0,1,1,0,0,0
77b33af30e57405fe7e0452d,0,0,1,0,0,1,0,0,0,0,0,1,1,0,0,0
77b86606c5095216f77406bf,0,0,1,0,1,0,0,0,0,1,0,0,0,0,0,1
77ba40712555f7011e1451c8,1,0,0,0,0,1,0,0,0,0,1,0,0,0,0,1
77bb3ac3fc6ffd44f1b179b7,1,0,0,0,0,0,1,0,0,0,0,1,0,1,0,0
77c04333a62ee65c7c217c90,0,0,1,0,0,1,0,0,1,0,0,0,0,0,0,1
77c04a0c4805f2458c3ec886,0,0,1,0,0,1,0,0,0,0,0,1,1,0,0,0
77ceb700c801f3b48ddf6156,0,1,0,0,0,0,0,1,1,0,0,0,0,0,1,0
77cee6fbab27e194d1af4e5e,0,1,0,0,0,0,0,1,1,0,0,0,0,0,1,0
77dd2fd828b1f9812e90fc61,0,0,0,1,0,1,0,0,0,0,1,0,1,0,0,0
77de336b7ac289abb6a6c755,0,0,1,0,0,0,0,1,1,0,0,0,0,1,0,0
77ec296d4b9b376400eb0065,0,0,0,1,0,0,1,0,1,0,0,0,0,1,0,0
77edd157ff8a97dedc6a9f33,0,1,0,0,0,0,1,0,1,0,0,0,0,0,0,1
77f00d10de33dd98097c3813,0,1,0,0,0,0,0,1,1,0,0,0,0,0,1,0
77f139af3eec046f32b998a8,0,1,0,0,1,0,0,0,0,0,0,1,0,0,1,0
77f64836138bd58fe5867ad1,0,0,1,0,0,1,0,0,1,0,0,0,0,0,0,1
780a79f47c5460f13077dfe7,0,0,1,0,0,0,0,1,1,0,0,0,0,1,0,0
781319cbb9a87a535ef81df6,1,0,0,0,0,0,0,1,0,0,1,0,0,1,0,0
7818696d36c1e99ae1c947d8,0,1,0,0,1,0,0,0,0,0,0,1,0,0,1,0
7819bbaa71ba7fd01af44e70,0,0,0,1,1,0,0,0,0,1,0,0,0,0,1,0
7824081b6124f0d0fab1f807,0,0,0,1,0,1,0,0,0,0,1,0,1,0,0,0
78246120eccbe946eb4047f6,1,0,0,0,0,1,0,0,0,0,0,1,0,0,1,0
78278ee675566db19c72666c,0,0,1,0,1,0,0,0,0,1,0,0,0,0,0,1
7833e25a045abbf175dec0c6,0,0,1,0,0,0,0,1,1,0,0,0,0,1,0,0
7845025295d262858ee245f9,0,0,0,1,1,0,0,0,0,1,0,0,0,0,1,0
784be3a59306392c4e138b72,1,0,0,0,0,1,0,0,0,0,0,1,0,0,1,0
785250d22696a3ed715b5a74,1,0,0,0,0,0,1,0,0,1,0,0,0,0,0,1
785821d45979caa84fa98841,0,0,1,0,0,0,0,1,1,0,0,0,0,1,0,0
785e2af0bd0bd54b1502ac7d,0,0,1,0,0,0,0,1,0,1,0,0,1,0,0,0
785ebbf0663399e7a0dc7cf2,0,0,0,1,1,0,0,0,0,1,0,0,0,0,1,0
78610ffacf3acfeb3cd189fc,1,0,0,0,0,1,0,0,0,0,0,1,0,0,1,0
7867905574197d7e286c347f,0,1,0,0,1,0,0,0,0,0,1,0,0,0,0,1
78699af68147baedaeb6d783,0,0,1,0,1,0,0,0,0,0,0,1,0,1,0,0
787151454a03fa75e168c2f2,1,0,0,0,0,1,0,0,0,0,0,1,0,0,1,0
7871a2c4fd13d9ba38bffd05,1,0,0,0,0,1,0,0,0,0,0,1,0,0,1,0
78746934da4d772d156a2afe,0,0,1,0,1,0,0,0,0,1,0,0,0,0,0,1
7876ad0d1eedf1459ee36def,0,0,0,1,0,0,1,0,0,1,0,0,1,0,0,0
787f9f358ac9f8566d10c656,0,0,0,1,1,0,0,0,0,0,1,0,0,1,0,0
78817582a36efc9db75a8ca4,0,0,0,1,1,0,0,0,0,0,1,0,0,1,0,0
7886c4fd4478dbb23a37db95,0,1,0,0,1,0,0,0,0,0,0,1,0,0,1,0
789154e92b52b941214fdaa8,1,0,0,0,0,0,1,0,0,1,0,0,0,0,0,1
7892467d1b18a2d885500073,0,1,0,0,1,0,0,0,0,0,1,0,0,0,0,1
789780ccc2b0589466580f67,1,0,0,0,0,1,0,0,0,0,1,0,0,0,0,1
7899baaad9f41faac5c7da19,0,0,0,1,0,1,0,0,1,0,0,0,0,0,1,0
78a0fed8c2a143442d8a3d71,0,1,0,0,0,0,0,1,1,0,0,0,0,0,1,0
78a3193d308d6ff960303762,1,0,0,0,0,1,0,0,0,0,0,1,0,0,1,0
78a3414afc4851c87451698b,1,0,0,0,0,1,0,0,0,0,1,0,0,0,0,1
78a6914f08978c97d3c989d1,0,1,0,0,1,0,0,0,0,0,1,0,0,0,0,1
78a8f9d74d2666ae454bf184,0,0,1,0,1,0,0,0,0,1,0,0,0,0,0,1
78b0e072243f13c584355804,1,0,0,0,0,1,0,0,0,0,0,1,0,0,1,0
78b2bb7a1076bb07263e48b4,1,0,0,0,0,0,0,1,0,0,1,0,0,1,0,0
78b3e57e8d6fb4fda18732fd,1,0,0,0,0,0,0,1,0,1,0,0,0,0,1,0
78b868fc27284a3ff1ecc7f9,1,0,0,0,0,0,1,0,0,1,0,0,0,0,0,1
78b8b90b6bc4fa65c34e7c81,0,0,1,0,1,0,0,0,0,0,0,1,0,1,0,0
78bdfd5fd97fe71993935918,0,0,0,1,1,0,0,0,0,1,0,0,0,0,1,0
78c63ca5451196dc5f5b376a,0,0,1,0,1,0,0,0,0,1,0,0,0,0,0,1
78c7d11016cd4ec5cf2d753b,0,0,0,1,0,1,0,0,0,0,1,0,1,0,0,0
78c9419bff92bccba5fe2e69,1,0,0,0,0,0,1,0,0,0,0,1,0,1,0,0
78cc61471cb94a98754a437f,0,1,0,0,1,0,0,0,0,0,0,1,0,0,1,0
78d922420b005fc4458c741b,0,1,0,0,0,0,0,1,0,0,1,0,1,0,0,0
78dbd9924da88757f0982f62,0,0,0,1,0,1,0,0,1,0,0,0,0,0,1,0
78ec5b1c5b5a2d75e8ba226c,1,0,0,0,0,0,0,1,0,0,1,0,0,1,0,0
78f0675bdac4bbc3e33033f1,0,0,1,0,0,0,0,1,0,1,0,0,1,0,0,0
78f1e7a54cbd9cfafce12dce,1,0,0,0,0,0,1,0,0,0,0,1,0,1,0,0
78f21c784a060657e3794f89,0,0,1,0,0,1,0,0,0,0,0,1,1,0,0,0
78f49c0baa9045de854ad34f,0,1,0,0,0,0,0,1,0,0,1,0,1,0,0,0
78fd103d8aea62b2100cc56b,1,0,0,0,0,0,0,1,0,0,1,0,0,1,0,0
78fdc908a48db2782add8805,0,1,0,0,0,0,0,1,0,0,1,0,1,0,0,0
79026bded50c1352d9e4dee4,0,0,0,1,0,0,1,0,1,0,0,0,0,1,0,0
7903b922351ef494c14233ba,0,1,0,0,0,0,0,1,1,0,0,0,0,0,1,0
7904c1baafc23128bbe0aa5f,0,0,0,1,0,0,1,0,1,0,0,0,0,1,0,0
790666f1ef29979cbfe8ab7a,0,0,1,0,0,0,0,1,0,1,0,0,1,0,0,0
79077b20eb222654fdc475c8,1,0,0,0,0,0,0,1,0,0,1,0,0,1,0,0
79162155816e62f6c955ac53,0,1,0,0,0,0,1,0,0,0,0,1,1,0,0,0
7919c4840092819c9d8f612e,0,0,0,1,0,0,1,0,0,1,0,0,1,0,0,0
7924e74c861593d3a42b2edb,1,0,0,0,0,1,0,0,0,0,1,0,0,0,0,1
792b8c2e0643b42fb651e457,0,1,0,0,0,0,0,1,0,0,1,0,1,0,0,0
792e935624878a0cab69d219,0,0,1,0,0,1,0,0,1,0,0,0,0,0,0,1
7933e636dbfcf6c0db897c49,0,0,0,1,0,1,0,0,0,0,1,0,1,0,0,0
793504f0db0abcb4807291dc,0,0,0,1,1,0,0,0,0,0,1,0,0,1,0,0
793a1c82f27e0c41cb760c7e,0,1,0,0,0,0,0,1,1,0,0,0,0,0,1,0
79463365cee5b62b97f5b652,0,0,0,1,1,0,0,0,0,1,0,0,0,0,1,0
79466698803d89f1cdde90e7,0,0,1,0,1,0,0,0,0,0,0,1,0,1,0,0
79470dd486d2a349a2e9cda7,0,0,1,0,0,0,0,1,1,0,0,0,0,1,0,0
7947405588a2cbdbf5df5678,0,0,0,1,0,1,0,0,1,0,0,0,0,0,1,0
794d041fecadc75438c5dff4,1,0,0,0,0,0,0,1,0,0,1,0,0,1,0,0
7951c5df1859dc2917a5f5e6,0,0,0,1,0,0,1,0,0,1,0,0,1,0,0,0
79576296b5291e95f158f41c,1,0,0,0,0,0,0,1,0,0,1,0,0,1,0,0
795d03a6a714f4c286dd292a,0,0,1,0,0,0,0,1,0,1,0,0,1,0,0,0
7965f474c515b494e7182a03,0,0,0,1,0,1,0,0,1,0,0,0,0,0,1,0
7968861c3d4a6092956111f0,1,0,0,0,0,0,1,0,0,0,0,1,0,1,0,0
7968e53ca39bbf361caaac88,0,0,0,1,0,1,0,0,0,0,1,0,1,0,0,0
79769fa7aec228fbeea8a10d,0,0,1,0,0,0,0,1,1,0,0,0,0,1,0,0
797d517f1695e6443f344cef,1,0,0,0,0,0,0,1,0,0,1,0,0,1,0,0
7991dc4e81f2e083ce6b434d,0,1,0,0,0,0,1,0,0,0,0,1,1,0,0,0
7997e4c068cb9e530172918f,1,0,0,0,0,0,0,1,0,0,1,0,0,1,0,0
79986e3b9386c476ce4b89c7,0,1,0,0,0,0,1,0,1,0,0,0,0,0,0,1
79a2ab31f0efdb9b1dc3d540,1,0,0,0,0,1,0,0,0,0,0,1,0,0,1,0
79a8b51f4f67af1ee9af3224,1,0,0,0,0,0,0,1,0,1,0,0,0,0,1,0
79abf9e100230c6f24ca88ca,0,0,1,0,0,1,0,0,0,0,0,1,1,0,0,0
79ac3fbc6e1a8f480a7836fa,0,1,0,0,1,0,0,0,0,0,1,0,0,0,0,1
79b0f45f987dd803cffac180,0,0,1,0,0,1,0,0,0,0,0,1,1,0,0,0
79b47c22fbcad12e5156ae8c,0,0,0,1,1,0,0,0,0,1,0,0,0,0,1,0
79badc881dc49b7da36d1fde,0,1,0,0,1,0,0,0,0,0,0,1,0,0,1,0
79c1edb44c1474ebef05bc16,1,0,0,0,0,1,0,0,0,0,1,0,0,0,0,1
79c7e99a5bcf66234ad7bd96,1,0,0,0,0,1,0,0,0,0,1,0,0,0,0,1
79c8911103a5608e6cb83531,0,0,1,0,1,0,0,0,0,1,0,0,0,0,0,1
79ca1de4d69adf4f6cfb8d56,0,1,0,0,0,0,0,1,0,0,1,0,1,0,0,0
79d4c1b28fe951dd018b6e73,0,0,1,0,0,1,0,0,0,0,0,1,1,0,0,0
79d4d5f72897395d414c9a51,1,0,0,0,0,1,0,0,0,0,1,0,0,0,0,1
79d924b991756553a524ed45,1,0,0,0,0,0,1,0,0,0,0,1,0,1,0,0
79da18a7861c14c60a9d42ac,1,0,0,0,0,1,0,0,0,0,0,1,0,0,1,0
79dab6ef692db56468b4d588,0,0,1,0,1,0,0,0,0,0,0,1,0,1,0,0
79dbc1144a4543dcd614adfe,1,0,0,0,0,0,0,1,0,1,0,0,0,0,1,0
79de0b85404ac786f178195a,0,1,0,0,0,0,1,0,0,0,0,1,1,0,0,0
79de17eafd51d333cbb4aedc,0,1,0,0,1,0,0,0,0,0,1,0,0,0,0,1
79e2ad969bccfdc010fedf1c,0,1,0,0,0,0,0,1,1,0,0,0,0,0,1,0
79f6bab33de07e273d888a35,0,1,0,0,0,0,1,0,0,0,0,1,1,0,0,0
79f778397381fd4966cd1629,0,0,0,1,0,0,1,0,0,1,0,0,1,0,0,0
7a04d465cad757f2e2095b57,0,0,0,1,0,1,0,0,0,0,1,0,1,0,0,0
7a0ded61bd93a403ea53ba82,0,1,0,0,1,0,0,0,0,0,0,1,0,0,1,0
7a12951bf9e5518274fe8b7a,0,0,1,0,0,1,0,0,0,0,0,1,1,0,0,0
7a162ddb1ec79cb8b8f12aa8,0,1,0,0,0,0,0,1,1,0,0,0,0,0,1,0
7a275d4c9dcd5c45cd924329,0,0,1,0,0,0,0,1,0,1,0,0,1,0,0,0
7a2e209ca4ce3303f583d94c,0,0,0,1,0,0,1,0,0,1,0,0,1,0,0,0
7a30ed8f60304b0e5ba4d520,1,0,0,0,0,1,0,0,0,0,0,1,0,0,1,0
7a3d4903184a134a15585bd5,1,0,0,0,0,0,1,0,0,0,0,1,0,1,0,0
7a3d56c670d90085fbc70d7f,0,1,0,0,1,0,0,0,0,0,1,0,0,0,0,1
7a48792d5124877b138c6d5d,1,0,0,0,0,0,0,1,0,1,0,0,0,0,1,0
7a4b9461b4de53898f1f63f2,0,0,1,0,1,0,0,0,0,0,0,1,0,1,0,0
7a4f3bfbb4037348f15459e1,0,0,1,0,1,0,0,0,0,0,0,1,0,1,0,0
7a5157755bd4df0eb5c45db8,1,0,0,0,0,1,0,0,0,0,1,0,0,0,0,1
7a571d4151a47745d4449c96,1,0,0,0,0,0,0,1,0,1,0,0,0,0,1,0
7a5754ab4ac98b7aeff11c6e,1,0,0,0,0,1,0,0,0,0,0,1,0,0,1,0
7a59692a319386893e4cf7ae,0,1,0,0,1,0,0,0,0,0,1,0,0,0,0,1
7a5a2deb88f01aab49eca8ff,0,1,0,0,0,0,1,0,0,0,0,1,1,0,0,0
7a69fbdc075c3f1a0280d40e,1,0,0,0,0,0,1,0,0,1,0,0,0,0,0,1
7a6b2416a3ed84fbffbbbfe0,0,0,1,0,1,0,0,0,0,0,0,1,0,1,0,0
7a6bf20cee2ffa5183ed744f,1,0,0,0,0,1,0,0,0,0,0,1,0,0,1,0
7a6d30690849cbece1098145,0,0,1,0,1,0,0,0,0,1,0,0,0,0,0,1
7a6d87de872089027df6411e,0,1,0,0,1,0,0,0,0,0,1,0,0,0,0,1
7a777884e371ff11aa5e8385,0,0,1,0,0,0,0,1,0,1,0,0,1,0,0,0
7a78ed8b5589ee16d6f44ca2,0,1,0,0,0,0,0,1,1,0,0,0,0,0,1,0
7a816dc1eadb4a080998bf63,0,1,0,0,0,0,0,1,1,0,0,0,0,0,1,0
7a8645a71a66e7f0d490153e,1,0,0,0,0,1,0,0,0,0,0,1,0,0,1,0
7a865ea2ff53c07df435a2ad,0,0,0,1,0,1,0,0,0,0,1,0,1,0,0,0
7a873c595727402f75796bbd,1,0,0,0,0,1,0,0,0,0,0,1,0,0,1,0
7a899d0dd642218ac1ed5797,1,0,0,0,0,1,0,0,0,0,0,1,0,0,1,0
7a8a4e6e74619a098c845ec1,0,0,1,0,0,0,0,1,0,1,0,0,1,0,0,0
7a8b8d63cb8436f1dbe942d2,0,1,0,0,1,0,0,0,0,0,1,0,0,0,0,1
7a98149fe5d0f67d3bda61d5,0,1,0,0,0,0,1,0,1,0,0,0,0,0,0,1
7a9d1e52582d9a6989816fb2,0,0,0,1,1,0,0,0,0,0,1,0,0,1,0,0
7aa8025cc2245d0bb5043161,1,0,0,0,0,1,0,0,0,0,1,0,0,0,0,1
7aac46613cde1078e5e909ea,1,0,0,0,0,0,1,0,0,0,0,1,0,1,0,0
7abd4ba8dda244f79856bf3f,0,1,0,0,0,0,1,0,0,0,0,1,1,0,0,0
7abdf9cc73c898b5d61332e0,1,0,0,0,0,0,0,1,0,0,1,0,0,1,0,0
7acb2ca5d67b68e3f959da39,0,1,0,0,0,0,1,0,1,0,0,0,0,0,0,1
7acd12d32ef5f78422fa4f84,1,0,0,0,0,1,0,0,0,0,0,1,0,0,1,0
7ad03e7ae35f58c011ef0317,0,1,0,0,1,0,0,0,0,0,0,1,0,0,1,0
7adf51bdc0fc9d8386dfb0e8,0,0,1,0,0,0,0,1,1,0,0,0,0,1,0,0
7adfa33aede5140230c50897,1,0,0,0,0,0,0,1,0,1,0,0,0,0,1,0
7ae1ebea15564ae9ba050f27,0,0,1,0,0,0,0,1,0,1,0,0,1,0,0,0
7ae3b671855390c53074543d,1,0,0,0,0,0,0,1,0,0,1,0,0,1,0,0
7aeafa4e7b3e42c4de0f15c5,0,0,0,1,1,0,0,0,0,1,0,0,0,0,1,0
7aeb7d66b96aee8007c23559,0,0,0,1,0,0,1,0,1,0,0,0,0,1,0,0
7aee746372b4bbfb24c5a3ea,0,1,0,0,0,0,1,0,1,0,0,0,0,0,0,1
7af50d6619914a2bd17b0422,0,0,1,0,0,0,0,1,0,1,0,0,1,0,0,0
7af5d60d59b1e44f0de34f35,0,1,0,0,1,0,0,0,0,0,1,0,0,0,0,1
7af6bc717e39a6973992538b,0,0,0,1,0,0,1,0,0,1,0,0,1,0,0,0
7af7a7d113b8ee5b14be7fb1,0,0,1,0,0,1,0,0,1,0,0,0,0,0,0,1
7af9c8dbe1ce278f1372a466,0,1,0,0,0,0,1,0,0,0,0,1,1,0,0,0
7afb0d3b8d8a7868bb9f2d2d,1,0,0,0,0,1,0,0,0,0,0,1,0,0,1,0
7b0384ba349e4e4a48af054e,0,0,0,1,0,0,1,0,1,0,0,0,0,1,0,0
7b0435cde160de32307cd14b,0,0,1,0,1,0,0,0,0,1,0,0,0,0,0,1
7b056440318e42d89dc19b97,1,0,0,0,0,0,0,1,0,1,0,0,0,0,1,0
7b14673df7dcaf9bcbcc23fd,0,0,1,0,1,0,0,0,0,0,0,1,0,1,0,0
7b163c76e80f574d8578a5ee,0,0,0,1,0,1,0,0,0,0,1,0,1,0,0,0
7b1f3424e3e7fe3f45f92b95,0,0,0,1,0,0,1,0,0,1,0,0,1,0,0,0
7b200c0ca3acbb23c6e2c379,0,0,0,1,1,0,0,0,0,1,0,0,0,0,1,0
7b203b2a92d0c6d28b43ba59,1,0,0,0,0,0,0,1,0,1,0,0,0,0,1,0
7b21134c18df3f426ead53c9,1,0,0,0,0,0,0,1,0,0,1,0,0,1,0,0
7b22eab007ce16b5d17c8b2c,1,0,0,0,0,0,1,0,0,0,0,1,0,1,0,0
7b2d82d6c003ef7889edd745,0,1,0,0,0,0,1,0,0,0,0,1,1,0,0,0
7b2fea551b4b432dd49dabb8,0,0,1,0,0,0,0,1,1,0,0,0,0,1,0,0
7b3421f9e80116f1e0394684,0,0,1,0,0,1,0,0,0,0,0,1,1,0,0,0
7b35202de991a5d687f6792e,0,0,1,0,0,0,0,1,1,0,0,0,0,1,0,0
7b3fc018d3bf3e9563da4d12,0,0,1,0,0,0,0,1,0,1,0,0,1,0,0,0
7b5f2784183c725c600c2815,0,1,0,0,0,0,1,0,1,0,0,0,0,0,0,1
7b74a22fd1f3dc906281e031,1,0,0,0,0,1,0,0,0,0,1,0,0,0,0,1
7b78926096695cc5b8b63c9e,0,0,0,1,0,0,1,0,1,0,0,0,0,1,0,0
7b8c9d9a3c0999776e77547c,1,0,0,0,0,0,1,0,0,1,0,0,0,0,0,1
7b97431612623abc6ca95011,0,1,0,0,0,0,0,1,1,0,0,0,0,0,1,0
7bb8a9666865a421e002d595,1,0,0,0,0,1,0,0,0,0,0,1,0,0,1,0
7bbb58fe50aab6052f2a80fe,0,1,0,0,1,0,0,0,0,0,0,1,0,0,1,0
7bc5835b01bf6e0071989c29,0,0,0,1,0,1,0,0,0,0,1,0,1,0,0,0
7bc65bdfa981994c64efb194,0,0,1,0,0,0,0,1,1,0,0,0,0,1,0,0
7bc65c0848ba581cef9199f5,0,1,0,0,0,0,0,1,1,0,0,0,0,0,1,0
7bcaa7e80bcb87f71f900ee2,0,0,0,1,0,0,1,0,0,1,0,0,1,0,0,0
7bcb0780e02657b22ec04ddc,0,1,0,0,1,0,0,0,0,0,0,1,0,0,1,0
7bcb10b7448aae7e24bd5237,0,0,1,0,0,1,0,0,0,0,0,1,1,0,0,0
7bcb95dd085435b46e1f400e,1,0,0,0,0,0,0,1,0,0,1,0,0,1,0,0
7bceecd927cec83df1ed82d0,0,0,1,0,0,0,0,1,1,0,0,0,0,1,0,0
7bd56c0facd4f5f2e8d6cdd6,0,0,1,0,0,0,0,1,0,1,0,0,1,0,0,0
7bdcbfec64174f5a89863563,0,0,0,1,0,0,1,0,1,0,0,0,0,1,0,0
7be4410f86317f511bfeb7e7,0,0,0,1,0,1,0,0,1,0,0,0,0,0,1,0
7be6d94283f889af94fb775c,0,0,0,1,0,1,0,0,1,0,0,0,0,0,1,0
7be757247c13b400cde4666c,0,0,1,0,0,1,0,0,1,0,0,0,0,0,0,1
7bfa03ecce708a25e69a007d,0,0,0,1,1,0,0,0,0,0,1,0,0,1,0,0
7c01d79ad73d36f810ef8606,0,0,0,1,1,0,0,0,0,0,1,0,0,1,0,0
7c06508a86eae5a45eda7c74,0,0,1,0,1,0,0,0,0,0,0,1,0,1,0,0
7c127b32e4c958d6394f8e78,1,0,0,0,0,0,1,0,0,0,0,1,0,1,0,0
7c147ad468e0966e6185bcf3,0,1,0,0,0,0,0,1,1,0,0,0,0,0,1,0
7c17705264b3244e9e1e37d0,0,0,0,1,0,0,1,0,1,0,0,0,0,1,0,0
7c1873dc8e7daac25cba1926,0,0,1,0,0,0,0,1,1,0,0,0,0,1,0,0
7c2ba177dc4a76cc56abe543,0,0,1,0,0,1,0,0,0,0,0,1,1,0,0,0
7c30983e8c409db07401af67,0,0,0,1,1,0,0,0,0,1,0,0,0,0,1,0
7c38f34651e83c90b36687c8,0,0,1,0,0,0,0,1,1,0,0,0,0,1,0,0
7c43d10d3796c484f35763a5,0,0,1,0,1,0,0,0,0,0,0,1,0,1,0,0
7c476276ba0f7e59c62ca482,0,0,0,1,0,1,0,0,1,0,0,0,0,0,1,0
7c47bca615b1a295ce98b2ae,0,0,1,0,0,0,0,1,1,0,0,0,0,1,0,0
7c4ab9e0750627bf19faf3f6,0,0,1,0,1,0,0,0,0,0,0,1,0,1,0,0
7c5b0f1243db53567604259b,0,1,0,0,0,0,1,0,1,0,0,0,0,0,0,1
7c6891645a5e4d740d413cf6,0,0,1,0,1,0,0,0,0,1,0,0,0,0,0,1
7c6e36287bcd29e08ab564cc,0,0,0,1,1,0,0,0,0,1,0,0,0,0,1,0
7c726d7ac9481ff99256a828,0,0,1,0,0,0,0,1,1,0,0,0,0,1,0,0
7c7c0b3592f56b05450ee070,0,0,0,1,0,1,0,0,0,0,1,0,1,0,0,0
7c7f67201682c98e4492eb48,0,1,0,0,1,0,0,0,0,0,0,1,0,0,1,0
7c82855bb0159ea787a39475,0,1,0,0,0,0,0,1,0,0,1,0,1,0,0,0
7c833f62772645b4bce5512b,0,0,0,1,0,1,0,0,0,0,1,0,1,0,0,0
7c8b2ad296d8cd4aad9ee8b9,0,0,1,0,1,0,0,0,0,1,0,0,0,0,0,1
7c991591bcc0ac026b8e5a51,0,1,0,0,0,0,1,0,1,0,0,0,0,0,0,1
7cb62084bf376c2b71a55c49,0,0,1,0,1,0,0,0,0,0,0,1,0,1,0,0
7cb79e944a2c94ecc514954c,0,1,0,0,0,0,0,1,1,0,0,0,0,0,1,0
7cc502389d83f15960802d6d,0,0,0,1,0,1,0,0,1,0,0,0,0,0,1,0
7cc6f10ae14d59029a53d60b,0,0,0,1,0,0,1,0,0,1,0,0,1,0,0,0
7cd5fb07960682ffdad2c46c,0,0,1,0,1,0,0,0,0,0,0,1,0,1,0,0
7cd889a81ce5801704602399,0,0,1,0,0,0,0,1,1,0,0,0,0,1,0,0
7ce1f933fb1f4c29d305fc8b,0,1,0,0,1,0,0,0,0,0,1,0,0,0,0,1
7cf4fd9c8770b348eb2482e9,0,1,0,0,0,0,1,0,0,0,0,1,1,0,0,0
7cf66ab3e99ba45afe06d352,0,1,0,0,0,0,0,1,1,0,0,0,0,0,1,0
7cfb8d55cf1737de6d7e0186,0,1,0,0,0,0,1,0,1,0,0,0,0,0,0,1
7cfbc3e5569d5a7f8d1cb08a,1,0,0,0,0,1,0,0,0,0,0,1,0,0,1,0
7d034b238d14d49571b6fcb4,0,0,0,1,0,1,0,0,0,0,1,0,1,0,0,0
7d0a23d8af2042dc11b5922d,0,0,1,0,0,0,0,1,0,1,0,0,1,0,0,0
7d0b1a29bfd0ff81d27ca97f,0,1,0,0,0,0,0,1,1,0,0,0,0,0,1,0
7d0bb87fbad0742ca3246473,0,0,1,0,0,0,0,1,0,1,0,0,1,0,0,0
7d0e9fcf7359dbe7d662754a,0,0,0,1,1,0,0,0,0,1,0,0,0,0,1,0
7d1d2a385122d92d9ddb3338,0,1,0,0,0,0,0,1,1,0,0,0,0,0,1,0
7d4a9f06620a156ddde05cc0,0,0,1,0,1,0,0,0,0,0,0,1,0,1,0,0
7d4cb1f5e6d5013a995ba0ff,1,0,0,0,0,0,0,1,0,0,1,0,0,1,0,0
7d58f9d3456c5c8dc07fddc6,1,0,0,0,0,1,0,0,0,0,0,1,0,0,1,0
7d59bd08b587b2c9a43bb6c4,0,0,1,0,1,0,0,0,0,1,0,0,0,0,0,1
7d5d1f27847186e30ff967a8,0,1,0,0,0,0,1,0,0,0,0,1,1,0,0,0
7d60945b1c53fec12989cd5f,1,0,0,0,0,0,0,1,0,1,0,0,0,0,1,0
7d678bdeb8bc01d0ac19f0e7,0,0,0,1,1,0,0,0,0,0,1,0,0,1,0,0
7d6de68907a4217221f7b77d,1,0,0,0,0,0,1,0,0,1,0,0,0,0,0,1
7d6e29b0efbbcb93580c756e,1,0,0,0,0,0,0,1,0,1,0,0,0,0,1,0
7d71a790f582f39e4d33f5a5,0,1,0,0,0,0,0,1,1,0,0,0,0,0,1,0
7d72391575c605ee4ebc6433,0,1,0,0,1,0,0,0,0,0,1,0,0,0,0,1
7d747f1031927301da5c2db1,0,0,0,1,0,0,1,0,1,0,0,0,0,1,0,0
7d799d698fd799bd5dcd7fd6,0,0,0,1,0,0,1,0,0,1,0,0,1,0,0,0
7d79de7794816720511416c6,0,0,1,0,0,1,0,0,0,0,0,1,1,0,0,0
7d8903ce1f87fa1dd673a673,0,1,0,0,1,0,0,0,0,0,0,1,0,0,1,0
7d8f67636e69ed35ec92e040,0,0,1,0,1,0,0,0,0,1,0,0,0,0,0,1
7d8fbbfe477e3a72163e3cac,0,0,0,1,0,1,0,0,0,0,1,0,1,0,0,0
7d91c0969b065fa973cd2a93,0,1,0,0,1,0,0,0,0,0,1,0,0,0,0,1
7d9627601928b5b14ffe1056,1,0,0,0,0,0,1,0,0,0,0,1,0,1,0,0
7d96793f23cd2686ea981a38,0,0,0,1,0,1,0,0,1,0,0,0,0,0,1,0
7da095e54bdef2fac933de1f,1,0,0,0,0,0,1,0,0,1,0,0,0,0,0,1
7da77b0a7f02093684cfbad1,0,0,1,0,0,1,0,0,1,0,0,0,0,0,0,1
7dacc651ae5b910247606878,0,1,0,0,0,0,1,0,0,0,0,1,1,0,0,0
7db4c628337a7471db5b7f25,0,0,1,0,0,0,0,1,1,0,0,0,0,1,0,0
7db65502d5e9babdf35f9b2a,0,0,0,1,1,0,0,0,0,0,1,0,0,1,0,0
7dbacfb9eecfc78728db596c,0,0,1,0,0,1,0,0,0,0,0,1,1,0,0,0
7dc3d0a3c177359c20e82c88,0,1,0,0,1,0,0,0,0,0,1,0,0,0,0,1
7dc74b9c8da83f49df7e8bd3,0,0,0,1,0,1,0,0,0,0,1,0,1,0,0,0
7dca894ac682218e533de916,0,1,0,0,0,0,1,0,1,0,0,0,0,0,0,1
7ddabbe1f1a094db78c519c4,0,0,0,1,0,0,1,0,0,1,0,0,1,0,0,0
7de20914be9c2ba054ddba8e,1,0,0,0,0,0,0,1,0,0,1,0,0,1,0,0
7de35ab85777e0b935308a5c,0,0,0,1,0,0,1,0,0,1,0,0,1,0,0,0
7df136e3a881a4c206a3aa01,0,1,0,0,0,0,0,1,0,0,1,0,1,0,0,0
7e10f307a3558522547f0cb7,0,0,1,0,0,1,0,0,0,0,0,1,1,0,0,0
7e14274c95b23e8809e32841,1,0,0,0,0,0,0,1,0,1,0,0,0,0,1,0
7e17a2858b95ee4bab6477f4,0,1,0,0,0,0,1,0,1,0,0,0,0,0,0,1
7e196d7264aa39a2732263cf,1,0,0,0,0,0,0,1,0,0,1,0,0,1,0,0
7e1b6c9b35f347bf56e10564,0,0,1,0,0,1,0,0,0,0,0,1,1,0,0,0
7e2794e70ef2737346e98567,0,1,0,0,1,0,0,0,0,0,1,0,0,0,0,1
7e2d7fad1c1ed9ef91857c2b,1,0,0,0,0,1,0,0,0,0,1,0,0,0,0,1
7e32aa4765943c425cee807d,1,0,0,0,0,1,0,0,0,0,1,0,0,0,0,1
7e32c682004dd8278b2d35ed,0,1,0,0,1,0,0,0,0,0,0,1,0,0,1,0
7e3448e69e7221850e34549b,1,0,0,0,0,0,0,1,0,1,0,0,0,0,1,0
7e3c395944d2c43efbe1ebad,0,1,0,0,1,0,0,0,0,0,1,0,0,0,0,1
7e48288977456e67f28a46de,0,0,1,0,0,1,0,0,1,0,0,0,0,0,0,1
7e581338d526e02ea60898a5,0,0,1,0,0,1,0,0,1,0,0,0,0,0,0,1
7e5a98e02b23ace8b81a0edc,1,0,0,0,0,0,0,1,0,0,1,0,0,1,0,0
7e60c0d373d8be5de07e1e68,0,0,1,0,0,0,0,1,0,1,0,0,1,0,0,0
7e6fb929b71547bc71648c3f,0,0,0,1,1,0,0,0,0,1,0,0,0,0,1,0
7e744bdadda2a674b6e814ea,0,0,0,1,0,0,1,0,1,0,0,0,0,1,0,0
7e74ee1524dbd8ee09c322e6,0,0,1,0,1,0,0,0,0,1,0,0,0,0,0,1
7e80a7cfe70e24ee90133e29,0,0,0,1,1,0,0,0,0,0,1,0,0,1,0,0
7e8245aa2453bd7cd0aa7687,0,1,0,0,1,0,0,0,0,0,0,1,0,0,1,0
7e8433adb85677ec480e5609,0,0,0,1,0,0,1,0,0,1,0,0,1,0,0,0
7e8c055f73b4b6256183bab8,0,1,0,0,0,0,0,1,1,0,0,0,0,0,1,0
7e93fb263fb9c3d939404500,0,0,0,1,0,1,0,0,1,0,0,0,0,0,1,0
7e94b20f8211feedd047fe5f,0,1,0,0,0,0,0,1,0,0,1,0,1,0,0,0
7e956f71e475f8496567a921,0,1,0,0,1,0,0,0,0,0,1,0,0,0,0,1
7e9727164d7df74a522ea74c,1,0,0,0,0,1,0,0,0,0,1,0,0,0,0,1
7eacb41c504a0a30bd8f9514,0,1,0,0,1,0,0,0,0,0,1,0,0,0,0,1
7eaff271688705540edc4010,0,1,0,0,0,0,0,1,1,0,0,0,0,0,1,0
7eb647b9e07f862715fe84c7,0,0,0,1,1,0,0,0,0,0,1,0,0,1,0,0
7ecdaad2718cd1c544e8ae0f,0,0,1,0,1,0,0,0,0,0,0,1,0,1,0,0
7ed5bdaade2ba4828b028645,0,0,0,1,0,0,1,0,1,0,0,0,0,1,0,0
7ed712ee8b79ba73eace1f32,0,0,1,0,1,0,0,0,0,0,0,1,0,1,0,0
7ed7f93a47a6616193982717,0,0,0,1,0,1,0,0,0,0,1,0,1,0,0,0
7ed813afa3b8c0ffe5e54bc1,0,0,0,1,1,0,0,0,0,0,1,0,0,1,0,0
7ed8bb6d8c83c8887583416b,1,0,0,0,0,0,1,0,0,0,0,1,0,1,0,0
7ee11658d0c46eb981155fc3,1,0,0,0,0,0,1,0,0,1,0,0,0,0,0,1
7ee3d69073d4d17bab6ffe09,1,0,0,0,0,0,0,1,0,0,1,0,0,1,0,0
7ee49bf9fecb2e1b6ce88a2d,1,0,0,0,0,0,0,1,0,1,0,0,0,0,1,0
7ee51cbdf272ae624acae8f4,0,0,0,1,1,0,0,0,0,0,1,0,0,1,0,0
7eed75c3999c3d4f34461b16,0,0,0,1,1,0,0,0,0,1,0,0,0,0,1,0
7ef50261fa84cda53e920a9d,0,1,0,0,1,0,0,0,0,0,0,1,0,0,1,0
7ef54a936e3160f58b0bdb4e,0,1,0,0,0,0,0,1,0,0,1,0,1,0,0,0
7f01290b7921ee13a2f73ef9,1,0,0,0,0,0,0,1,0,1,0,0,0,0,1,0
7f0495e6dcf2f33d5fa54649,0,1,0,0,1,0,0,0,0,0,0,1,0,0,1,0
7f08065edc570589269669a8,0,1,0,0,0,0,1,0,1,0,0,0,0,0,0,1
7f087cfe398bbf4885842ad4,0,0,0,1,1,0,0,0,0,1,0,0,0,0,1,0
7f0d4ebabcac6e4e4314ce1f,0,0,1,0,0,0,0,1,0,1,0,0,1,0,0,0
7f1131ffc9b5a495999f84d5,1,0,0,0,0,1,0,0,0,0,1,0,0,0,0,1
7f236cb8d2793a2354e76ab1,1,0,0,0,0,0,1,0,0,0,0,1,0,1,0,0
7f25b72d646568a7cc192560,0,0,0,1,1,0,0,0,0,1,0,0,0,0,1,0
7f275afe76582d3f4683f44a,0,0,1,0,0,0,0,1,0,1,0,0,1,0,0,0
7f3b21349d36ce045a4f9a83,0,0,0,1,1,0,0,0,0,0,1,0,0,1,0,0
7f44321a08c8da351fb3dc0a,0,0,0,1,0,0,1,0,0,1,0,0,1,0,0,0
7f53f2c809606921c6fe55d7,0,0,0,1,1,0,0,0,0,0,1,0,0,1,0,0
7f550e2868cf62cc327faeb4,0,0,1,0,0,1,0,0,0,0,0,1,1,0,0,0
7f556bf5827291fe9b9f0793,0,0,0,1,0,1,0,0,1,0,0,0,0,0,1,0
7f5661977cd77aac06318cf8,1,0,0,0,0,0,0,1,0,0,1,0,0,1,0,0
7f588519d2ae3e54e0cbd386,1,0,0,0,0,0,0,1,0,0,1,0,0,1,0,0
7f601ed3f7cc8f1086f29360,1,0,0,0,0,0,0,1,0,1,0,0,0,0,1,0
7f611af9f82fbf995565addf,1,0,0,0,0,0,1,0,0,0,0,1,0,1,0,0
7f64b9cdd8681977635adc19,0,0,1,0,0,0,0,1,0,1,0,0,1,0,0,0
7f65521a5c825882eb9830c4,0,1,0,0,0,0,1,0,1,0,0,0,0,0,0,1
7f68a150e0a5b3682a971788,1,0,0,0,0,0,1,0,0,0,0,1,0,1,0,0
7f6aefc9cdbf710a67d5dc86,0,0,1,0,0,0,0,1,1,0,0,0,0,1,0,0
7f707542e68143770d8c29b2,1,0,0,0,0,0,0,1,0,1,0,0,0,0,1,0
7f81807bfc2f9a50e701134a,1,0,0,0,0,0,0,1,0,1,0,0,0,0,1,0
7f8357be98358701c83ac8ed,0,1,0,0,0,0,0,1,0,0,1,0,1,0,0,0
7f8739c4c5ca1714c8117a35,0,0,1,0,0,1,0,0,0,0,0,1,1,0,0,0
7f97fa31de90ae86ee7c4682,1,0,0,0,0,0,1,0,0,0,0,1,0,1,0,0
7fb11299b6f4ecfe899f84cd,1,0,0,0,0,0,1,0,0,0,0,1,0,1,0,0
7fc3c639e58f264cbc490548,0,0,1,0,0,1,0,0,1,0,0,0,0,0,0,1
7fd3ed842afc84cf4184a766,1,0,0,0,0,1,0,0,0,0,0,1,0,0,1,0
7fd4b138b1d8949f6c78319e,0,0,0,1,0,1,0,0,0,0,1,0,1,0,0,0
7fdb4e9697ad66028c2aecba,0,0,0,1,0,0,1,0,0,1,0,0,1,0,0,0
7fde6e3d919053d77c52adf8,0,0,1,0,1,0,0,0,0,0,0,1,0,1,0,0
7fdf3cc5bef4c1522c3f7a0d,0,0,0,1,0,1,0,0,0,0,1,0,1,0,0,0
7fe0154be608535ac6d4c01f,0,1,0,0,0,0,1,0,0,0,0,1,1,0,0,0
7fe21e6cd5efd58fc3e8d169,1,0,0,0,0,0,1,0,0,0,0,1,0,1,0,0
7fe4e3636c4955fdc153fefa,1,0,0,0,0,0,0,1,0,1,0,0,0,0,1,0
8016ea4a54c9921e56b6c700,0,0,0,1,0,0,1,0,0,1,0,0,1,0,0,0
801d73d57c90f47aa1aba8b9,1,0,0,0,0,0,1,0,0,1,0,0,0,0,0,1
801fc275b3edb8f010be7cf0,0,0,1,0,1,0,0,0,0,1,0,0,0,0,0,1
802620f0e65e3768b3b979d7,0,0,1,0,0,0,0,1,0,1,0,0,1,0,0,0
80286013e7a9d82519bec377,0,1,0,0,1,0,0,0,0,0,1,0,0,0,0,1
80294a477179b12fd3cacd47,0,0,1,0,0,1,0,0,1,0,0,0,0,0,0,1
802b9aaf825962c561c59db2,0,0,0,1,1,0,0,0,0,0,1,0,0,1,0,0
802e17f4e5022a75fbe1f851,0,0,0,1,0,1,0,0,0,0,1,0,1,0,0,0
80355ed039d8a1b14d58a9bf,0,0,0,1,0,1,0,0,1,0,0,0,0,0,1,0
8037ce927f3dfbecea02cf1d,0,0,0,1,0,1,0,0,0,0,1,0,1,0,0,0
804271efd95edd8de3f44c9b,0,0,0,1,1,0,0,0,0,0,1,0,0,1,0,0
8042e2ce48ae7f1940241deb,1,0,0,0,0,1,0,0,0,0,1,0,0,0,0,1
805f674ff85328047e88b325,1,0,0,0,0,1,0,0,0,0,1,0,0,0,0,1
806cdcef117683dbca5348b7,0,1,0,0,0,0,1,0,1,0,0,0,0,0,0,1
807092c6df40bb6412befd59,1,0,0,0,0,0,0,1,0,0,1,0,0,1,0,0
80717a9162d83eb9cd422e0c,1,0,0,0,0,0,1,0,0,1,0,0,0,0,0,1
8072704d5e32c6e629001b83,0,0,0,1,1,0,0,0,0,0,1,0,0,1,0,0
8072ac21965e7bd76ec00a2f,0,0,0,1,1,0,0,0,0,0,1,0,0,1,0,0
80748019e44585a95faa69e9,1,0,0,0,0,1,0,0,0,0,0,1,0,0,1,0
80779c6f5b41700524a72329,0,0,1,0,0,0,0,1,1,0,0,0,0,1,0,0
8077f88fd7550d378cf8db11,0,1,0,0,0,0,0,1,1,0,0,0,0,0,1,0
807996b752d0584b34ef6f8d,0,0,0,1,0,1,0,0,1,0,0,0,0,0,1,0
807a3488ecac7b21e6d308ec,0,1,0,0,1,0,0,0,0,0,1,0,0,0,0,1
807c6590744e4233c7d85ee1,1,0,0,0,0,1,0,0,0,0,1,0,0,0,0,1
8082790078952375a67cdd2a,1,0,0,0,0,1,0,0,0,0,1,0,0,0,0,1
8083a7b1ecc72c053a4a132c,1,0,0,0,0,0,1,0,0,0,0,1,0,1,0,0
8083fcb594095a1dadc5d3d0,0,0,1,0,0,0,0,1,1,0,0,0,0,1,0,0
8086e6b76b3241bceae5b0b5,0,1,0,0,0,0,0,1,1,0,0,0,0,0,1,0
809cc123fbe9a46fcef25e26,0,0,0,1,1,0,0,0,0,1,0,0,0,0,1,0
80a47eeae0dde88e51dc7983,0,0,1,0,0,0,0,1,1,0,0,0,0,1,0,0
80a7041bd383da899dac35cd,1,0,0,0,0,0,0,1,0,1,0,0,0,0,1,0
80a7c0a0a6a5af9ae2ecef58,1,0,0,0,0,0,1,0,0,1,0,0,0,0,0,1
80aac999d3209c3b2f1e9209,1,0,0,0,0,0,0,1,0,1,0,0,0,0,1,0
80abbc508e62308e523b69b1,0,0,1,0,0,1,0,0,1,0,0,0,0,0,0,1
80b63113e9cdf77e1d206810,1,0,0,0,0,1,0,0,0,0,0,1,0,0,1,0
80bd32b1105af0339bf3cebf,0,0,1,0,1,0,0,0,0,1,0,0,0,0,0,1
80c5de59311d4dd65b7cdf54,1,0,0,0,0,0,0,1,0,1,0,0,0,0,1,0
80c76faa6c4c43a8aee40011,0,0,0,1,0,1,0,0,0,0,1,0,1,0,0,0
80d1d8d07d20aa3d23635d60,0,1,0,0,0,0,0,1,0,0,1,0,1,0,0,0
80d562fa8ef5ea73adc50546,0,0,1,0,0,0,0,1,1,0,0,0,0,1,0,0
80da3342cdbff1b3298d7f1c,0,0,1,0,1,0,0,0,0,1,0,0,0,0,0,1
80dc1ec01c9adb5c63f82723,0,1,0,0,0,0,1,0,1,0,0,0,0,0,0,1
80f44267a46cbc962ef9cf83,0,0,1,0,0,0,0,1,0,1,0,0,1,0,0,0
80f991cca2302444ac599f85,0,1,0,0,0,0,1,0,0,0,0,1,1,0,0,0
80fdb908873fd8636fa5c75b,0,0,0,1,0,1,0,0,0,0,1,0,1,0,0,0
80fdc8cd09780b1d9406b7e7,0,0,1,0,0,1,0,0,0,0,0,1,1,0,0,0
8101b96e919de243229f3be8,0,1,0,0,1,0,0,0,0,0,1,0,0,0,0,1
810b61a37ddc5349c685424f,0,0,1,0,0,0,0,1,1,0,0,0,0,1,0,0
810b71fac99692639bfcf055,0,0,1,0,0,0,0,1,1,0,0,0,0,1,0,0
810cf6384ba11eaef14a840d,0,0,1,0,0,1,0,0,1,0,0,0,0,0,0,1
810df4c108ff1d7296c4aa70,0,0,1,0,0,0,0,1,0,1,0,0,1,0,0,0
810e032ebb353d2f46e48442,1,0,0,0,0,0,0,1,0,0,1,0,0,1,0,0
810f0ceceb222b5788f40f4a,1,0,0,0,0,0,0,1,0,1,0,0,0,0,1,0
81111782926e8ea0768d14eb,0,0,1,0,0,1,0,0,1,0,0,0,0,0,0,1
8119f0d04e7f7623069f0381,0,0,0,1,0,1,0,0,1,0,0,0,0,0,1,0
811e1ea84312fe069ebb0126,0,0,0,1,0,1,0,0,0,0,1,0,1,0,0,0
81323f6b6cd6c69139c8b739,0,0,0,1,0,0,1,0,0,1,0,0,1,0,0,0
813b84b7ca16ea0250ee6895,0,0,0,1,0,0,1,0,1,0,0,0,0,1,0,0
813bb69b876d919f13f11ef3,0,0,0,1,1,0,0,0,0,1,0,0,0,0,1,0
813d1f763a10cb9c89896c94,0,0,0,1,0,0,1,0,1,0,0,0,0,1,0,0
814103c00156c33694879831,1,0,0,0,0,0,0,1,0,0,1,0,0,1,0,0
8141687b5dc453544973ef10,0,0,1,0,0,1,0,0,0,0,0,1,1,0,0,0
8148fdc57a238f677abb02c2,0,1,0,0,0,0,1,0,0,0,0,1,1,0,0,0
8152fc29645b7e4dd203dadf,1,0,0,0,0,0,1,0,0,0,0,1,0,1,0,0
815e601ce6dc314d81841d87,1,0,0,0,0,0,0,1,0,1,0,0,0,0,1,0
8167f9d9af1b5b34a8bdc78d,1,0,0,0,0,1,0,0,0,0,0,1,0,0,1,0
816a9f5278d87b5a07ce94e9,0,1,0,0,1,0,0,0,0,0,0,1,0,0,1,0
816b1c42e2433351ff7f2249,0,0,0,1,0,0,1,0,0,1,0,0,1,0,0,0
8170d0a3cd96edbb5946c308,1,0,0,0,0,0,1,0,0,1,0,0,0,0,0,1
8172ee41ae163ea3afd41e10,0,0,0,1,0,0,1,0,0,1,0,0,1,0,0,0
81809eff4623270080b48de2,0,0,0,1,1,0,0,0,0,0,1,0,0,1,0,0
818af1af96e88aacae2959e3,1,0,0,0,0,1,0,0,0,0,1,0,0,0,0,1
818da648d5a139f5bb1df4dc,0,0,1,0,0,1,0,0,0,0,0,1,1,0,0,0
818e657a07587c4da2a218f9,0,0,0,1,0,1,0,0,0,0,1,0,1,0,0,0
8190638db04814d5e160fb50,1,0,0,0,0,0,1,0,0,0,0,1,0,1,0,0
81982bca0329561d8186b45a,0,0,0,1,0,0,1,0,0,1,0,0,1,0,0,0
81a8084ff2ad250579c9cf1f,0,0,1,0,1,0,0,0,0,1,0,0,0,0,0,1
81ade6335cf7584c3dddebbc,0,0,0,1,1,0,0,0,0,1,0,0,0,0,1,0
81af4eb0402d1fbabc18914f,0,1,0,0,0,0,0,1,1,0,0,0,0,0,1,0
81b320bca88b0b135afea3d8,0,0,1,0,0,0,0,1,1,0,0,0,0,1,0,0
81b9cf3912db0494c6838db1,0,0,1,0,0,1,0,0,0,0,0,1,1,0,0,0
81c018dce66f62a4e04f8b4e,0,0,1,0,1,0,0,0,0,1,0,0,0,0,0,1
81ccf33580bc9c3bfbe12e51,1,0,0,0,0,0,1,0,0,1,0,0,0,0,0,1
81d8cbb5cec1955049248ed0,1,0,0,0,0,1,0,0,0,0,1,0,0,0,0,1
81da4b7788a359e07755acc8,0,0,0,1,0,0,1,0,1,0,0,0,0,1,0,0
81dc5724a3e7db20b4938e96,0,1,0,0,1,0,0,0,0,0,1,0,0,0,0,1
81e5816b4f6ddf569458c409,1,0,0,0,0,0,0,1,0,1,0,0,0,0,1,0
81f470451aee1ba540aff232,0,0,1,0,0,1,0,0,0,0,0,1,1,0,0,0
81f4b656586a60c491379d6d,1,0,0,0,0,0,1,0,0,1,0,0,0,0,0,1
8203bd44398136a8f539521b,0,0,0,1,0,0,1,0,0,1,0,0,1,0,0,0
820d3f5e1dbbfdf218650fa0,1,0,0,0,0,0,1,0,0,1,0,0,0,0,0,1
82110283d84012b53d0ac35f,0,0,1,0,0,0,0,1,0,1,0,0,1,0,0,0
8213176029e6f274706f20fb,1,0,0,0,0,0,0,1,0,0,1,0,0,1,0,0
822e55c0bb0dfd025f9ded7b,0,1,0,0,0,0,0,1,1,0,0,0,0,0,1,0
82305ccce2ae21b28afe9870,0,1,0,0,0,0,0,1,1,0,0,0,0,0,1,0
82370bea479d51c596bbdd11,0,1,0,0,0,0,0,1,1,0,0,0,0,0,1,0
82433485bf18e3715c026594,0,1,0,0,1,0,0,0,0,0,1,0,0,0,0,1
82494a87ef346a6af014583a,0,0,1,0,1,0,0,0,0,0,0,1,0,1,0,0
8253934672d85eefc51f0c5d,0,1,0,0,0,0,0,1,1,0,0,0,0,0,1,0
825f399776aa251edb9e4f66,0,1,0,0,0,0,0,1,1,0,0,0,0,0,1,0
826caa83cc460412cb5dc190,0,0,0,1,1,0,0,0,0,1,0,0,0,0,1,0
8271ccb5ce4a290a674cc75e,0,0,1,0,1,0,0,0,0,1,0,0,0,0,0,1
8273c7609c9c65f34e77c4a6,0,0,1,0,0,1,0,0,1,0,0,0,0,0,0,1
82765aa01504f56a97bfb0d4,0,1,0,0,1,0,0,0,0,0,1,0,0,0,0,1
82796437403a6da7ceba01de,0,1,0,0,0,0,0,1,0,0,1,0,1,0,0,0
828e10f80186b340f4ec55c0,0,1,0,0,0,0,0,1,1,0,0,0,0,0,1,0
828f566948ff424261e03c44,0,0,0,1,1,0,0,0,0,0,1,0,0,1,0,0
828f81555c0fd654b8df022d,0,0,0,1,1,0,0,0,0,1,0,0,0,0,1,0
8294c0c39aa03533fcf2d811,0,0,0,1,0,1,0,0,0,0,1,0,1,0,0,0
829519e94b8ed7285ef42252,0,0,0,1,0,1,0,0,1,0,0,0,0,0,1,0
829a05436605d0169cdd8a08,1,0,0,0,0,0,1,0,0,0,0,1,0,1,0,0
829a4dd1141267b45f09cb27,0,0,1,0,1,0,0,0,0,1,0,0,0,0,0,1
82a7a6f2bf492d0953e604a7,0,1,0,0,0,0,1,0,1,0,0,0,0,0,0,1
82aaeb03c4f16940724244e4,0,0,1,0,0,1,0,0,0,0,0,1,1,0,0,0
82b03627151d674630c2d2f1,0,1,0,0,0,0,0,1,1,0,0,0,0,0,1,0
82b10c2c7f629a382e1d55e8,0,0,1,0,0,1,0,0,0,0,0,1,1,0,0,0
82b3f154ce7ed15aac369ecf,0,0,0,1,1,0,0,0,0,1,0,0,0,0,1,0
82b53ee58b471d12cf4235ac,0,0,0,1,0,1,0,0,1,0,0,0,0,0,1,0
82b55f4b62db3693b3f67de2,0,0,1,0,0,0,0,1,0,1,0,0,1,0,0,0
82bd3cafb964726037b4fdf2,0,0,1,0,1,0,0,0,0,1,0,0,0,0,0,1
82c1a8b8c9643497f5f929d6,0,0,0,1,0,1,0,0,0,0,1,0,1,0,0,0
82c29801bbdd8839fac488f6,0,0,0,1,1,0,0,0,0,1,0,0,0,0,1,0
82ca89edb8d0d366fe55e23f,1,0,0,0,0,0,0,1,0,1,0,0,0,0,1,0
82d137b671a0165e7f679338,0,0,1,0,0,0,0,1,1,0,0,0,0,1,0,0
82ddc5fb0c7d96d2e7863386,0,1,0,0,0,0,0,1,0,0,1,0,1,0,0,0
82e31ec658972217f16720df,0,1,0,0,0,0,0,1,0,0,1,0,1,0,0,0
82ea208955709816e7af7a73,0,0,0,1,1,0,0,0,0,1,0,0,0,0,1,0
82eadbf8978d1fe1d7010562,0,1,0,0,1,0,0,0,0,0,1,0,0,0,0,1
830247ba2cd82440cf1edf55,1,0,0,0,0,0,1,0,0,0,0,1,0,1,0,0
8308eccb508d9895f00294e2,0,1,0,0,0,0,1,0,1,0,0,0,0,0,0,1
8315f5910b6ea5208eec4230,0,1,0,0,1,0,0,0,0,0,0,1,0,0,1,0
831dccaf788ccd93f4caa8f3,0,0,1,0,0,1,0,0,0,0,0,1,1,0,0,0
831fee479385d0dd530027df,1,0,0,0,0,0,0,1,0,1,0,0,0,0,1,0
8320c58c6f15cee16b918e1c,0,1,0,0,1,0,0,0,0,0,1,0,0,0,0,1
832b6135588c9b0654275c1d,0,1,0,0,0,0,1,0,1,0,0,0,0,0,0,1
832f923c4818cdeb09f609d4,0,1,0,0,0,0,1,0,1,0,0,0,0,0,0,1
83314dd82066813a353bc52f,0,0,1,0,0,1,0,0,1,0,0,0,0,0,0,1
8333dd89ab31d0c95b0ef0da,0,1,0,0,1,0,0,0,0,0,0,1,0,0,1,0
833969034b157d6065df57b8,0,0,0,1,0,1,0,0,1,0,0,0,0,0,1,0
835045ef328b0d7554138994,0,1,0,0,0,0,1,0,1,0,0,0,0,0,0,1
83538f1004aea04b640e365d,1,0,0,0,0,0,0,1,0,1,0,0,0,0,1,0
83580b28e0109a48ca073927,0,1,0,0,1,0,0,0,0,0,1,0,0,0,0,1
8370e961aeb71f74b120044e,0,0,1,0,0,1,0,0,1,0,0,0,0,0,0,1
8372e43d9784101e2d93a716,1,0,0,0,0,0,0,1,0,0,1,0,0,1,0,0
83796d17617b5aa74353f160,1,0,0,0,0,1,0,0,0,0,1,0,0,0,0,1
837d6ce0e1d1fc8f4ae294e7,1,0,0,0,0,0,1,0,0,1,0,0,0,0,0,1
838bdce6b765dd93a2617d37,0,0,0,1,0,1,0,0,1,0,0,0,0,0,1,0
838ddcdc813332fa862286cd,0,0,1,0,0,0,0,1,1,0,0,0,0,1,0,0
8397007f92e1a6e3475c316d,0,0,1,0,0,1,0,0,1,0,0,0,0,0,0,1
839c73a0bb70a127bdc8ec08,0,0,1,0,0,1,0,0,1,0,0,0,0,0,0,1
83a3edfc1c1839dbf052aca8,1,0,0,0,0,1,0,0,0,0,0,1,0,0,1,0
83beba210420610819169833,0,1,0,0,0,0,0,1,1,0,0,0,0,0,1,0
83c025f9b0eb839e14c1b756,0,0,0,1,0,0,1,0,1,0,0,0,0,1,0,0
83cf2f42bfeba64a09cd4b54,0,0,0,1,0,0,1,0,0,1,0,0,1,0,0,0
83dac75bae2f3ae816338828,0,1,0,0,0,0,0,1,0,0,1,0,1,0,0,0
83e382f04965643f4eca54ca,0,0,0,1,0,1,0,0,1,0,0,0,0,0,1,0
83e4fc533139f2e23979d5eb,0,0,1,0,0,0,0,1,1,0,0,0,0,1,0,0
83e7dddbc1187bda83aa0853,1,0,0,0,0,0,1,0,0,1,0,0,0,0,0,1
83e8cefd1bcba5a5e10a5b91,1,0,0,0,0,0,0,1,0,1,0,0,0,0,1,0
83efe8c179338fd592857858,0,0,0,1,0,0,1,0,1,0,0,0,0,1,0,0
83f191e69f9903e1fa1cd930,0,1,0,0,0,0,0,1,1,0,0,0,0,0,1,0
83fdda6c98fa2bd91fa0ad91,0,0,0,1,0,0,1,0,0,1,0,0,1,0,0,0
83ff23c290278a1e3143a370,0,0,0,1,1,0,0,0,0,0,1,0,0,1,0,0
840a0b202b48ac572876b265,1,0,0,0,0,0,1,0,0,0,0,1,0,1,0,0
840a9bcef51561f461f706cd,0,1,0,0,0,0,0,1,0,0,1,0,1,0,0,0
8423fa4c7955df355163c95e,0,0,1,0,0,1,0,0,1,0,0,0,0,0,0,1
84364acd0dc265e323cebffc,0,0,1,0,0,0,0,1,0,1,0,0,1,0,0,0
843c17ece8e1dcc4b04f0a6d,1,0,0,0,0,0,0,1,0,1,0,0,0,0,1,0
8444de8ef0c08e0862b4af66,0,0,0,1,0,1,0,0,1,0,0,0,0,0,1,0
844dd61f01fe733e640da38c,0,0,1,0,0,1,0,0,1,0,0,0,0,0,0,1
8453abced647c792e2fee8b2,0,0,0,1,1,0,0,0,0,0,1,0,0,1,0,0
845a0107b3bbb702fdc85e13,0,0,0,1,1,0,0,0,0,1,0,0,0,0,1,0
845b43f9b068b7b4d4955686,0,1,0,0,1,0,0,0,0,0,0,1,0,0,1,0
8479cddfbce7135973ed19a8,1,0,0,0,0,0,0,1,0,0,1,0,0,1,0,0
847a7210999d0e6257f812f8,0,1,0,0,0,0,1,0,0,0,0,1,1,0,0,0
847fbd33a31b3ac1c446e838,0,0,1,0,1,0,0,0,0,0,0,1,0,1,0,0
84831569b1e106802b58e638,0,0,1,0,1,0,0,0,0,1,0,0,0,0,0,1
84a33b204cd11fbe977326b0,0,0,1,0,1,0,0,0,0,1,0,0,0,0,0,1
84b8114f7010528b9f1ec445,0,0,1,0,1,0,0,0,0,0,0,1,0,1,0,0
84b9ffdf620ba54bb488f673,0,1,0,0,0,0,1,0,0,0,0,1,1,0,0,0
84be4ceba31a7e0dab976fc2,0,0,0,1,1,0,0,0,0,0,1,0,0,1,0,0
84bf6e336b7b2998ba9d1063,0,1,0,0,0,0,1,0,0,0,0,1,1,0,0,0
84c3dd37bbc046cf5f6a29f6,1,0,0,0,0,1,0,0,0,0,1,0,0,0,0,1
84c90ae21cd88035cb7f9b9b,0,1,0,0,1,0,0,0,0,0,0,1,0,0,1,0
84d1c59cd93b9940efe5482e,0,0,0,1,0,1,0,0,0,0,1,0,1,0,0,0
84da6fb34f1a09830b5f82c0,0,0,0,1,0,0,1,0,1,0,0,0,0,1,0,0
84e87c147fd2e3d3d8e7ec78,1,0,0,0,0,0,1,0,0,1,0,0,0,0,0,1
84e8cbb43f3a2285c494f4ee,0,1,0,0,0,0,1,0,1,0,0,0,0,0,0,1
84ec947d917aac34828cb047,1,0,0,0,0,0,0,1,0,1,0,0,0,0,1,0
84ece04453043f2556e3fcb2,0,1,0,0,0,0,0,1,1,0,0,0,0,0,1,0
84fe12d9de45a4278bc1ab8d,0,0,0,1,0,0,1,0,0,1,0,0,1,0,0,0
84ffc1a8a4bd979787b4d1b2,1,0,0,0,0,0,1,0,0,1,0,0,0,0,0,1
850a6da75523c87f46b121f0,0,0,0,1,0,1,0,0,1,0,0,0,0,0,1,0
851413b6c9899b057265dee1,0,0,1,0,0,0,0,1,1,0,0,0,0,1,0,0
851658588cf091cde7ae9daf,1,0,0,0,0,0,1,0,0,1,0,0,0,0,0,1
8517d665a8637ca6ae52b7c3,1,0,0,0,0,1,0,0,0,0,0,1,0,0,1,0
85256e24c02fe517acfe3d41,1,0,0,0,0,0,1,0,0,0,0,1,0,1,0,0
852a20386408419ae83b5bae,0,0,1,0,0,1,0,0,1,0,0,0,0,0,0,1
852d9b4a4a341130476b8e70,0,0,1,0,0,0,0,1,0,1,0,0,1,0,0,0
852dd1e01b4ceb0f4e2e1fca,1,0,0,0,0,1,0,0,0,0,0,1,0,0,1,0
852e701c2d027dc269ae08d4,0,0,0,1,0,1,0,0,0,0,1,0,1,0,0,0
8545bfcc4c35dacb6abf43a4,0,0,1,0,1,0,0,0,0,0,0,1,0,1,0,0
8549ea403f8e52c14f041308,1,0,0,0,0,0,1,0,0,1,0,0,0,0,0,1
85527c6502fce5afadf6eb32,0,0,0,1,0,0,1,0,1,0,0,0,0,1,0,0
8563aa4810730a015611bdce,1,0,0,0,0,1,0,0,0,0,1,0,0,0,0,1
85757f58f5a6a4a99fb22506,0,0,1,0,1,0,0,0,0,1,0,0,0,0,0,1
85777263f129d535e045fd5d,0,0,1,0,0,0,0,1,1,0,0,0,0,1,0,0
857e2a21141ff91227595125,1,0,0,0,0,0,1,0,0,1,0,0,0,0,0,1
857e4c7548ea4025d945ab34,1,0,0,0,0,1,0,0,0,0,0,1,0,0,1,0
8586689078fa124864628fee,0,1,0,0,1,0,0,0,0,0,0,1,0,0,1,0
8587b566766ff99da202e7b1,1,0,0,0,0,1,0,0,0,0,0,1,0,0,1,0
858fb6e3ae5b17ee9d4500dc,0,0,1,0,0,0,0,1,0,1,0,0,1,0,0,0
858fc8202f1441216402817a,0,1,0,0,0,0,1,0,0,0,0,1,1,0,0,0
859356bfa040a59b77763eb1,0,1,0,0,0,0,0,1,1,0,0,0,0,0,1,0
85abf6866b281e6d0f4b5664,0,0,1,0,0,1,0,0,1,0,0,0,0,0,0,1
85ac6171ea47e1ea9e27c2a4,0,1,0,0,1,0,0,0,0,0,1,0,0,0,0,1
85b0d6dcf86170c50e383fde,0,1,0,0,0,0,1,0,1,0,0,0,0,0,0,1
85b1e577492cd2c455278efd,0,1,0,0,0,0,1,0,1,0,0,0,0,0,0,1
85b2098fe2b57ca957bd55dc,0,0,1,0,0,0,0,1,0,1,0,0,1,0,0,0
85b5597f4c9d315f800a2d19,0,0,1,0,0,1,0,0,1,0,0,0,0,0,0,1
85da3963568ee2d6eda56e94,0,0,1,0,1,0,0,0,0,0,0,1,0,1,0,0
85ddfa703fb870bd8c8a21aa,1,0,0,0,0,0,0,1,0,0,1,0,0,1,0,0
85e36ac87fbd34c85cae50b8,0,1,0,0,1,0,0,0,0,0,1,0,0,0,0,1
85e8037751891cd1f883976a,0,1,0,0,0,0,1,0,1,0,0,0,0,0,0,1
85e8c5a59846898fdf2d21c7,0,0,1,0,0,0,0,1,0,1,0,0,1,0,0,0
85fcf21db021183a35a90265,0,1,0,0,0,0,0,1,1,0,0,0,0,0,1,0
85fe4af5593f0f81615deea0,1,0,0,0,0,1,0,0,0,0,0,1,0,0,1,0
86040fff7a6f401714da2e16,0,0,0,1,1,0,0,0,0,0,1,0,0,1,0,0
8605a933dfd635fde45b32e6,0,0,1,0,0,0,0,1,1,0,0,0,0,1,0,0
8607bf6b22bed8586d907323,0,0,0,1,0,0,1,0,1,0,0,0,0,1,0,0
860b7d2faf24d7ed0bdffc2e,0,0,0,1,0,0,1,0,1,0,0,0,0,1,0,0
860de7ab5891799e450c7df6,0,0,1,0,0,1,0,0,1,0,0,0,0,0,0,1
86121a6149ed6b48e71196a3,0,0,1,0,1,0,0,0,0,0,0,1,0,1,0,0
8624db20fbd31c8f66b7148c,0,0,0,1,0,1,0,0,0,0,1,0,1,0,0,0
8630c57265f2c8a7702aeefe,0,0,0,1,1,0,0,0,0,1,0,0,0,0,1,0
86325f7bc3d0a6ee2b28446e,0,0,1,0,1,0,0,0,0,0,0,1,0,1,0,0
86342d39864d482a9546c082,0,0,0,1,0,1,0,0,0,0,1,0,1,0,0,0
86380376e366206ffa073e91,0,0,1,0,0,1,0,0,1,0,0,0,0,0,0,1
863ec431975ab2589e99a1db,0,0,1,0,1,0,0,0,0,0,0,1,0,1,0,0
8642c2cd43b53d637ed2a7f7,0,0,0,1,1,0,0,0,0,0,1,0,0,1,0,0
86454a3e12a37156036b3b9c,0,0,0,1,0,1,0,0,1,0,0,0,0,0,1,0
864aa6190b0ddbf1eae4a17f,1,0,0,0,0,0,1,0,0,0,0,1,0,1,0,0
8651c65e0511040fda98d99e,1,0,0,0,0,1,0,0,0,0,1,0,0,0,0,1
865ae46a008104a2ed8d943e,0,1,0,0,0,0,0,1,1,0,0,0,0,0,1,0
865c7c7b37f5fba31c862e5d,1,0,0,0,0,0,1,0,0,1,0,0,0,0,0,1
865f9f63793fa536b3527c04,1,0,0,0,0,0,0,1,0,0,1,0,0,1,0,0
86628d9e639074eaa81d2861,0,1,0,0,1,0,0,0,0,0,1,0,0,0,0,1
86649e83f8143abc1605bd64,1,0,0,0,0,1,0,0,0,0,0,1,0,0,1,0
866f41bae1ca28362337a956,0,0,1,0,0,0,0,1,0,1,0,0,1,0,0,0
86718c49c6b4d5f49b36e1d2,1,0,0,0,0,1,0,0,0,0,0,1,0,0,1,0
8677e655bc25d34b6f0f2455,0,1,0,0,1,0,0,0,0,0,1,0,0,0,0,1
867f70869266820170487118,0,1,0,0,0,0,0,1,1,0,0,0,0,0,1,0
868d6651337d379aa4074cfd,1,0,0,0,0,1,0,0,0,0,0,1,0,0,1,0
869f1dce67780e7b9880b256,0,0,1,0,1,0,0,0,0,0,0,1,0,1,0,0
86b21be167eefd3593af2b20,0,1,0,0,0,0,1,0,0,0,0,1,1,0,0,0
86b397e0c464b7e287a7e26c,0,0,1,0,1,0,0,0,0,1,0,0,0,0,0,1
86bd2154f4adcb99368156df,1,0,0,0,0,1,0,0,0,0,0,1,0,0,1,0
86c17077e0f407165b9b08bf,0,0,1,0,0,1,0,0,0,0,0,1,1,0,0,0
86ce27d688dad31880c029ac,0,0,0,1,0,0,1,0,1,0,0,0,0,1,0,0
86d0d6db9156bc2b5890ba85,0,0,0,1,1,0,0,0,0,1,0,0,0,0,1,0
86d61e2f57e2cb5845f791f3,1,0,0,0,0,1,0,0,0,0,0,1,0,0,1,0
86d83ec13d3346d9e5f43d58,1,0,0,0,0,1,0,0,0,0,1,0,0,0,0,1
86e05ffd71a4ab237d0ec10b,0,0,0,1,0,0,1,0,0,1,0,0,1,0,0,0
86e19662680c040e8ed34646,0,0,1,0,0,1,0,0,0,0,0,1,1,0,0,0
86e38570e3f755faee1f7fe7,0,1,0,0,0,0,0,1,1,0,0,0,0,0,1,0
86ebfb02c7586f58190935dc,0,0,0,1,1,0,0,0,0,0,1,0,0,1,0,0
86f9c787d6ae3eacb4d4fcb6,0,0,1,0,0,1,0,0,0,0,0,1,1,0,0,0
86fb087fc5d70d92e4187294,1,0,0,0,0,0,0,1,0,1,0,0,0,0,1,0
8700275aa0bc1fe02b9b464b,1,0,0,0,0,0,1,0,0,0,0,1,0,1,0,0
871a8350815a8a5213de067b,0,0,0,1,0,1,0,0,0,0,1,0,1,0,0,0
871fd6972b403a469e771e08,0,0,0,1,1,0,0,0,0,1,0,0,0,0,1,0
872117ebf1e1f6bb400e282a,0,0,1,0,1,0,0,0,0,0,0,1,0,1,0,0
872c556c61bd2c8d74a63b2c,1,0,0,0,0,0,1,0,0,1,0,0,0,0,0,1
8755b95e5c2d34ed3720426b,0,0,1,0,0,0,0,1,0,1,0,0,1,0,0,0
875acf59a7151c7c27f62ee3,0,0,1,0,1,0,0,0,0,1,0,0,0,0,0,1
8762b81a249c602b775d11cd,0,0,1,0,0,0,0,1,0,1,0,0,1,0,0,0
876d8f48cfa0ec8ceb40d72f,0,0,0,1,1,0,0,0,0,1,0,0,0,0,1,0
876e4a64bd0e77e63474cadb,0,0,1,0,0,1,0,0,0,0,0,1,1,0,0,0
876f84a39d769c40d16bf43f,0,0,0,1,1,0,0,0,0,0,1,0,0,1,0,0
87776fd21cada5ebdb69a4e0,0,1,0,0,0,0,1,0,1,0,0,0,0,0,0,1
8777bbb01127566ba2ff2479,0,0,0,1,1,0,0,0,0,1,0,0,0,0,1,0
87785ba37cd91f67b4d35e94,0,0,1,0,1,0,0,0,0,1,0,0,0,0,0,1
877dbf3393de1f28a0c46834,0,0,1,0,1,0,0,0,0,0,0,1,0,1,0,0
87871b3f0c8f46b79e8cb071,0,0,0,1,0,0,1,0,1,0,0,0,0,1,0,0
878a8646d58cf19d02645a57,1,0,0,0,0,0,1,0,0,0,0,1,0,1,0,0
878ee3c5a0a455a83df26381,0,0,0,1,1,0,0,0,0,0,1,0,0,1,0,0
87908ed9978f78a403430ee4,0,0,0,1,0,1,0,0,0,0,1,0,1,0,0,0
879ac0e0eedd603f8ab019a0,0,0,1,0,1,0,0,0,0,1,0,0,0,0,0,1
879fa7b54a92dad8376cf7eb,0,0,1,0,1,0,0,0,0,1,0,0,0,0,0,1
87a2ad76ffdd86063b8dd4ed,1,0,0,0,0,0,1,0,0,1,0,0,0,0,0,1
87a3e5c726c2198c31ca1177,0,1,0,0,0,0,0,1,0,0,1,0,1,0,0,0
87b33ed4f23d440ba63240dd,1,0,0,0,0,1,0,0,0,0,1,0,0,0,0,1
87ccf7a460739d3b32800dcf,0,0,1,0,1,0,0,0,0,0,0,1,0,1,0,0
87cd7e83940698f5eaa4f4d8,0,1,0,0,1,0,0,0,0,0,0,1,0,0,1,0
87d3a16cf8234ce896febea1,1,0,0,0,0,0,0,1,0,0,1,0,0,1,0,0
87dfb13babf55f941a1da8f7,0,0,0,1,1,0,0,0,0,1,0,0,0,0,1,0
87e1cc6fc23f5f8c7d119ee4,0,1,0,0,0,0,1,0,1,0,0,0,0,0,0,1
87e7ffc754ea2c5a05f4547b,1,0,0,0,0,1,0,0,0,0,1,0,0,0,0,1
87eebd1cb395f54080bda16b,0,1,0,0,0,0,0,1,0,0,1,0,1,0,0,0
87f5204eb2be394081c98fa7,0,0,0,1,0,0,1,0,1,0,0,0,0,1,0,0
87ffecaedbfaeb98ca3a487d,0,1,0,0,0,0,0,1,1,0,0,0,0,0,1,0
8805961fa8eaaafdfd05bd22,0,0,1,0,0,0,0,1,0,1,0,0,1,0,0,0
88094fb5203ffa78c573daeb,0,0,0,1,0,0,1,0,1,0,0,0,0,1,0,0
880a7a4202fbd047a3c0aa43,0,0,1,0,1,0,0,0,0,1,0,0,0,0,0,1
880c4e312dd68f6ac41aaa27,0,1,0,0,0,0,0,1,0,0,1,0,1,0,0,0
880c660eafc15e88b2063c5b,0,0,1,0,0,0,0,1,0,1,0,0,1,0,0,0
88118572f15e2d3fabcb896e,0,1,0,0,0,0,1,0,1,0,0,0,0,0,0,1
881577cbde999433df7501db,0,0,0,1,1,0,0,0,0,1,0,0,0,0,1,0
881aae2e292c0b55c2230ffa,0,0,1,0,1,0,0,0,0,1,0,0,0,0,0,1
88278f76cf51765e9dc8daf6,0,0,0,1,1,0,0,0,0,0,1,0,0,1,0,0
8828761969eddb92d4f66819,1,0,0,0,0,0,0,1,0,0,1,0,0,1,0,0
88332af95d79cb6d9ac78d07,0,0,0,1,1,0,0,0,0,0,1,0,0,1,0,0
8835a783f793afc4a8e708ac,0,0,0,1,1,0,0,0,0,0,1,0,0,1,0,0
883b105d2e22abb2a3d1ab4b,1,0,0,0,0,1,0,0,0,0,0,1,0,0,1,0
884da0e9b4dedb5c6f7e82bc,0,0,0,1,0,1,0,0,0,0,1,0,1,0,0,0
884ed8b544cf33e83e729801,0,1,0,0,0,0,1,0,0,0,0,1,1,0,0,0
8853d5734c8ac82416783671,1,0,0,0,0,0,1,0,0,1,0,0,0,0,0,1
885690a9d947593bf3a93fac,0,0,1,0,0,1,0,0,1,0,0,0,0,0,0,1
885931fe3b2b420f9c9e786c,0,1,0,0,0,0,0,1,1,0,0,0,0,0,1,0
886598b53affe1b8b46524b1,0,0,1,0,0,0,0,1,0,1,0,0,1,0,0,0
88667a9ffae66d689fe97bf4,0,1,0,0,1,0,0,0,0,0,0,1,0,0,1,0
88667d414a5bce4bbaec725c,0,1,0,0,1,0,0,0,0,0,0,1,0,0,1,0
886a60a8034d914aecd5598f,0,0,0,1,0,1,0,0,1,0,0,0,0,0,1,0
886e67110d25fbef941b55a1,0,0,1,0,0,1,0,0,0,0,0,1,1,0,0,0
88766f52d6390a4b8d461270,0,1,0,0,1,0,0,0,0,0,1,0,0,0,0,1
887836412a02530dabdeb745,1,0,0,0,0,1,0,0,0,0,1,0,0,0,0,1
88822f0f6353749b71df231c,0,0,0,1,1,0,0,0,0,0,1,0,0,1,0,0
888a2d3c00ad9479229fce4f,1,0,0,0,0,0,1,0,0,1,0,0,0,0,0,1
888af2f2e0572356871bb825,0,0,0,1,0,1,0,0,0,0,1,0,1,0,0,0
888e4352811995dd2e55e077,0,0,0,1,1,0,0,0,0,1,0,0,0,0,1,0
889c68c350f8b1f9c8456b4c,0,0,0,1,0,0,1,0,0,1,0,0,1,0,0,0
88aeb60880a0ae58e91b1b13,1,0,0,0,0,1,0,0,0,0,1,0,0,0,0,1
88b1b48ba04fddcebe801c61,0,0,0,1,0,1,0,0,0,0,1,0,1,0,0,0
88bdb3805f45b430760f6a20,0,0,1,0,1,0,0,0,0,1,0,0,0,0,0,1
88cd423b928fc0c3e204e484,0,1,0,0,0,0,1,0,1,0,0,0,0,0,0,1
88de1d72960af7fdf7a867e7,0,1,0,0,1,0,0,0,0,0,0,1,0,0,1,0
88dea8d73c9602a555358bc2,0,0,1,0,0,0,0,1,0,1,0,0,1,0,0,0
88e023d0a76f6ac088bcf361,1,0,0,0,0,0,1,0,0,1,0,0,0,0,0,1
88e4a64b32b054216e9a3f7c,1,0,0,0,0,1,0,0,0,0,1,0,0,0,0,1
8906b0f416ea49f4e32e777c,0,1,0,0,0,0,0,1,0,0,1,0,1,0,0,0
89075c232521a74cdefb8bbd,0,0,0,1,1,0,0,0,0,0,1,0,0,1,0,0
890dba27ed84332df49b39f6,1,0,0,0,0,0,1,0,0,0,0,1,0,1,0,0
890eb4e35877f1fef6509684,0,1,0,0,0,0,0,1,1,0,0,0,0,0,1,0
890f1ca02c53a2d7e1cad8a5,0,0,1,0,1,0,0,0,0,0,0,1,0,1,0,0
89134d38dd3982c9428c34fa,1,0,0,0,0,0,1,0,0,1,0,0,0,0,0,1
8913f4be489bff4556d9917f,1,0,0,0,0,0,0,1,0,1,0,0,0,0,1,0
8916148bdc8da6c7cd055c8b,0,0,1,0,0,1,0,0,0,0,0,1,1,0,0,0
891e26b0ce2d185e455be983,0,0,1,0,0,1,0,0,1,0,0,0,0,0,0,1
89420ce8264d420934cccb07,0,1,0,0,0,0,1,0,0,0,0,1,1,0,0,0
8942929f1954593abc77f02a,1,0,0,0,0,1,0,0,0,0,1,0,0,0,0,1
89463c2430df368ada74211d,0,1,0,0,0,0,1,0,1,0,0,0,0,0,0,1
89473b5b99fa29b7ee8c1b51,0,1,0,0,0,0,1,0,1,0,0,0,0,0,0,1
895c4ad72bc02e414bf18b4a,0,0,1,0,0,1,0,0,1,0,0,0,0,0,0,1
896036d9d7b9faffbf12bbb2,0,0,1,0,1,0,0,0,0,1,0,0,0,0,0,1
89652aea7605b7e34c1bb572,1,0,0,0,0,0,0,1,0,1,0,0,0,0,1,0
8968367c75527e2fa4c8e215,1,0,0,0,0,0,0,1,0,1,0,0,0,0,1,0
8972ef366f9a3a0677e6677d,0,1,0,0,0,0,0,1,0,0,1,0,1,0,0,0
89788adf392dd6cec0c162cf,0,0,0,1,0,1,0,0,1,0,0,0,0,0,1,0
8984ef75fb9badff0cc07b6b,0,0,0,1,1,0,0,0,0,1,0,0,0,0,1,0
89876a9f1f5bbfb8b519d65a,0,0,0,1,1,0,0,0,0,0,1,0,0,1,0,0
898b2ae50d533d7487a29fe4,0,0,0,1,0,1,0,0,1,0,0,0,0,0,1,0
898d8aa42ff6fbe6f0fdb443,0,1,0,0,0,0,1,0,1,0,0,0,0,0,0,1
898da27c985b0673ce63f3f5,0,0,1,0,0,1,0,0,1,0,0,0,0,0,0,1
8998a10bedff462c31729dfe,0,0,1,0,0,0,0,1,1,0,0,0,0,1,0,0
899b3306574c20fd8b45ae25,0,0,0,1,0,1,0,0,0,0,1,0,1,0,0,0
89a1b41f08261fc8f545cddc,0,1,0,0,1,0,0,0,0,0,1,0,0,0,0,1
89afb9c1e6cb6b4b89e7c3ba,1,0,0,0,0,0,0,1,0,0,1,0,0,1,0,0
89c0e498eebd26e0bfcf92ba,0,0,0,1,1,0,0,0,0,1,0,0,0,0,1,0
89c0ef6fb2b77f1184e97a58,0,0,1,0,0,1,0,0,1,0,0,0,0,0,0,1
89c46e7f119d4fbcd796c1aa,1,0,0,0,0,0,0,1,0,1,0,0,0,0,1,0
89d263a2ebfaae50364cb709,0,0,0,1,0,0,1,0,1,0,0,0,0,1,0,0
89e0fc3d4e8b92a80051855d,0,1,0,0,1,0,0,0,0,0,0,1,0,0,1,0
89ec4958eaa9a5afcba0b4bc,0,0,1,0,0,1,0,0,1,0,0,0,0,0,0,1
89eff7875ba568766d60bc33,0,0,1,0,1,0,0,0,0,0,0,1,0,1,0,0
89f207fb3c6e19b26df4cbf8,1,0,0,0,0,0,1,0,0,0,0,1,0,1,0,0
89fe8a7cd61d2fbc9a53c276,0,0,1,0,0,1,0,0,1,0,0,0,0,0,0,1
89ff8819e66623149271255e,0,0,0,1,0,0,1,0,1,0,0,0,0,1,0,0
8a03158a0296811980410f53,1,0,0,0,0,0,0,1,0,0,1,0,0,1,0,0
8a07be2ee2a5ea2839f58f45,0,0,0,1,1,0,0,0,0,1,0,0,0,0,1,0
8a094b4bdcd13c6044c865ae,0,0,1,0,1,0,0,0,0,1,0,0,0,0,0,1
8a0f98874291189af728e942,1,0,0,0,0,0,1,0,0,0,0,1,0,1,0,0
8a152c0a1cbdb6c83eb01006,0,1,0,0,0,0,1,0,0,0,0,1,1,0,0,0
8a1aa21492ab76f23a4f154e,0,1,0,0,0,0,0,1,0,0,1,0,1,0,0,0
8a20bf063c9e3ebba17f67b7,0,0,1,0,0,1,0,0,0,0,0,1,1,0,0,0
8a22747008c6b599cfdc3194,1,0,0,0,0,1,0,0,0,0,1,0,0,0,0,1
8a3c8d360ab7b811efe9dd42,1,0,0,0,0,0,1,0,0,1,0,0,0,0,0,1
8a4fe9ce1e6cb9563b440743,0,1,0,0,0,0,1,0,0,0,0,1,1,0,0,0
8a50d262728451819101a8db,0,1,0,0,1,0,0,0,0,0,0,1,0,0,1,0
8a546384462b2c60c4db6e45,0,1,0,0,0,0,0,1,1,0,0,0,0,0,1,0
8a590f0850f186b5fa9f08ff,0,0,0,1,1,0,0,0,0,1,0,0,0,0,1,0
8a5deb6e5443f0a39554a0d3,0,1,0,0,0,0,0,1,1,0,0,0,0,0,1,0
8a5f4fb8067ebdacc070504d,0,0,0,1,0,1,0,0,0,0,1,0,1,0,0,0
8a611af1c9bc8d3c46bb0356,0,0,0,1,0,1,0,0,1,0,0,0,0,0,1,0
8a6ac5c8d6fcc599bc1ddc0b,0,0,1,0,1,0,0,0,0,1,0,0,0,0,0,1
8a6e1ac624ff44d07a679191,0,1,0,0,0,0,0,1,1,0,0,0,0,0,1,0
8a759d0dfac8572191d2d171,1,0,0,0,0,1,0,0,0,0,0,1,0,0,1,0
8a7a38c036d49c286a766363,0,1,0,0,1,0,0,0,0,0,0,1,0,0,1,0
8a92e6cde86877cb0fc48230,0,0,0,1,0,1,0,0,1,0,0,0,0,0,1,0
8a9d7a569bd42e65b9a2e9cb,1,0,0,0,0,0,0,1,0,0,1,0,0,1,0,0
8aaa39f7b69b5b3fd719e829,0,0,0,1,0,1,0,0,0,0,1,0,1,0,0,0
8abd5f2c9941173087473ebf,0,1,0,0,0,0,1,0,0,0,0,1,1,0,0,0
8ac8155bdf13a1a666e84f8d,0,0,0,1,0,1,0,0,1,0,0,0,0,0,1,0
8acaaf05ff7daf3182c546ac,0,0,0,1,0,1,0,0,0,0,1,0,1,0,0,0
8acbb9311b7213f2aa896fc6,0,1,0,0,1,0,0,0,0,0,1,0,0,0,0,1
8adf2b6c242cf5b8cf3dda6b,0,0,1,0,1,0,0,0,0,0,0,1,0,1,0,0
8ae7ae8943f1c797a2f4ec6e,0,0,0,1,1,0,0,0,0,0,1,0,0,1,0,0
8afa6fc64e9a4b4926641ff1,0,0,1,0,0,0,0,1,0,1,0,0,1,0,0,0
8afea3c1a4e3968602e865c3,0,0,0,1,0,1,0,0,0,0,1,0,1,0,0,0
8b01469cadccfa828d4d3f19,0,1,0,0,0,0,1,0,0,0,0,1,1,0,0,0
8b08346b6be753899dfc24fc,0,0,0,1,1,0,0,0,0,1,0,0,0,0,1,0
8b0f3709971e08699c346636,0,0,0,1,1,0,0,0,0,0,1,0,0,1,0,0
8b10d9f35b353c5d41a8c696,1,0,0,0,0,0,1,0,0,1,0,0,0,0,0,1
8b116999dc424cf380524b24,0,1,0,0,1,0,0,0,0,0,1,0,0,0,0,1
8b1499e6c78bb1ba48b98f55,0,1,0,0,0,0,0,1,0,0,1,0,1,0,0,0
8b1701b4799827877f200371,0,1,0,0,0,0,0,1,0,0,1,0,1,0,0,0
8b188eddaa80c735633da49c,0,0,0,1,0,1,0,0,0,0,1,0,1,0,0,0
8b23692cc4eeeb5079fd8ab4,0,1,0,0,0,0,1,0,0,0,0,1,1,0,0,0
8b29abad54c9a41447b261bf,0,1,0,0,1,0,0,0,0,0,0,1,0,0,1,0
8b2d1469a34d46959ab9aa7f,0,0,1,0,0,0,0,1,1,0,0,0,0,1,0,0
8b2d23cda12006d50f4342d0,0,0,0,1,1,0,0,0,0,0,1,0,0,1,0,0
8b2dc849bb5778831e3d5e94,0,1,0,0,1,0,0,0,0,0,0,1,0,0,1,0
8b3e73206b0f36c1a05ef2b5,1,0,0,0,0,0,1,0,0,1,0,0,0,0,0,1
8b43ad113d4ee5e94e549bbb,1,0,0,0,0,1,0,0,0,0,0,1,0,0,1,0
8b50efc81a36bb6915c2080b,0,1,0,0,1,0,0,0,0,0,1,0,0,0,0,1
8b538d0666b8afeb7ea5b0c0,0,1,0,0,0,0,1,0,0,0,0,1,1,0,0,0
8b5589e70f30afc2c38dedd6,1,0,0,0,0,1,0,0,0,0,1,0,0,0,0,1
8b5bedfba33660c22632f263,0,0,1,0,0,0,0,1,1,0,0,0,0,1,0,0
8b5e15ea03426cbf5efa5ed0,0,0,0,1,0,1,0,0,1,0,0,0,0,0,1,0
8b5febf34852f9b8a27de2c0,1,0,0,0,0,0,1,0,0,0,0,1,0,1,0,0
8b628da0cff1a264c6f05cf0,0,0,0,1,1,0,0,0,0,1,0,0,0,0,1,0
8b68267094e2464cecd2c92f,0,1,0,0,0,0,1,0,1,0,0,0,0,0,0,1
8b6b0b912c6be931a6ff39ed,0,1,0,0,0,0,1,0,0,0,0,1,1,0,0,0
8b6c3307ae1009d816dea523,1,0,0,0,0,0,0,1,0,1,0,0,0,0,1,0
8b7e75a59bde26e6a361e9ea,0,1,0,0,0,0,0,1,0,0,1,0,1,0,0,0
8b7fe7f3b6d1f6c139625f1e,0,1,0,0,0,0,0,1,1,0,0,0,0,0,1,0
8b83c025dea0f7de0761eb6d,0,0,0,1,0,0,1,0,1,0,0,0,0,1,0,0
8b8630215eee342b0b83bf49,0,0,1,0,1,0,0,0,0,0,0,1,0,1,0,0
8b870327a5d0769b61edc7aa,0,0,0,1,1,0,0,0,0,1,0,0,0,0,1,0
8b8e271edff0242e68e419d0,0,0,1,0,0,0,0,1,0,1,0,0,1,0,0,0
8b8f0dafea45235c523d4215,1,0,0,0,0,0,0,1,0,0,1,0,0,1,0,0
8b99edbe02f249d914269833,0,1,0,0,0,0,1,0,0,0,0,1,1,0,0,0
8ba597bb2fbc5ed2e1e00284,0,0,0,1,0,1,0,0,0,0,1,0,1,0,0,0
8ba8fa1700a33681ce9c3bbe,0,0,1,0,0,0,0,1,0,1,0,0,1,0,0,0
8badd85934f135b17a2d3a87,1,0,0,0,0,0,0,1,0,0,1,0,0,1,0,0
8bb6a17f8f4dba3cb1b59b35,0,0,0,1,0,0,1,0,1,0,0,0,0,1,0,0
8bd25395d4627d94cdad9810,1,0,0,0,0,0,1,0,0,1,0,0,0,0,0,1
8bd7647bd11628be5126df0a,0,0,1,0,1,0,0,0,0,0,0,1,0,1,0,0
8bd87d6c5be61613421ab219,0,1,0,0,0,0,0,1,0,0,1,0,1,0,0,0
8be0d1eaa934ca200a11fdd7,0,0,0,1,0,0,1,0,0,1,0,0,1,0,0,0
8bf3655ae1f13ccbac21d9be,0,0,0,1,0,0,1,0,1,0,0,0,0,1,0,0
8c06189c599be58a3bd73ea2,0,1,0,0,0,0,0,1,0,0,1,0,1,0,0,0
8c07a3d08ffb5cd0798d83b3,0,1,0,0,0,0,0,1,0,0,1,0,1,0,0,0
8c10124758b6c28e96952715,0,1,0,0,0,0,0,1,1,0,0,0,0,0,1,0
8c1995eb77aba5ead8677a71,0,0,1,0,1,0,0,0,0,1,0,0,0,0,0,1
8c20531c60ebca5309119ef2,0,0,0,1,1,0,0,0,0,1,0,0,0,0,1,0
8c28e3370e59fd00ae4adfb6,0,0,0,1,0,1,0,0,0,0,1,0,1,0,0,0
8c2b983ad4353b1f853d1e24,1,0,0,0,0,0,1,0,0,0,0,1,0,1,0,0
8c2fa22f5ee1dd8fc5df3861,1,0,0,0,0,1,0,0,0,0,0,1,0,0,1,0
8c391014a0684a501de5df46,0,1,0,0,0,0,0,1,0,0,1,0,1,0,0,0
8c3b10c6eb147ab86828cc67,0,0,0,1,1,0,0,0,0,0,1,0,0,1,0,0
8c3e215781003b083a0e0b7c,0,1,0,0,1,0,0,0,0,0,1,0,0,0,0,1
8c4d5c407551127e2c59654c,0,1,0,0,1,0,0,0,0,0,1,0,0,0,0,1
8c4e981ab78065fddd9a1e41,0,0,1,0,0,0,0,1,1,0,0,0,0,1,0,0
8c70b35eff9553c2bc7d9568,0,1,0,0,0,0,1,0,1,0,0,0,0,0,0,1
8c794dbd25cd96df86b71be7,0,0,1,0,0,0,0,1,0,1,0,0,1,0,0,0
8c826e763867cbe1086cf684,0,1,0,0,0,0,0,1,1,0,0,0,0,0,1,0
8c854fd2d658e79dbd60858c,1,0,0,0,0,0,1,0,0,0,0,1,0,1,0,0
8c8c4b7d2ade33f6dedc395a,0,0,0,1,1,0,0,0,0,1,0,0,0,0,1,0
8c8f3869f5c9fe406d60c301,0,0,1,0,1,0,0,0,0,0,0,1,0,1,0,0
8c91098b0414a3ae9fdb0daa,0,1,0,0,0,0,0,1,1,0,0,0,0,0,1,0
8c9c6effeded9fcd7c9bb76a,0,1,0,0,1,0,0,0,0,0,0,1,0,0,1,0
8ca2573b9a5c29bc635392fc,0,0,1,0,0,0,0,1,1,0,0,0,0,1,0,0
8cb5e858fa84550702802919,0,0,0,1,0,1,0,0,1,0,0,0,0,0,1,0
8cb8a59a42aa468350da5ef5,1,0,0,0,0,0,1,0,0,1,0,0,0,0,0,1
8cbb88c02addec6145814d4e,0,0,1,0,0,0,0,1,0,1,0,0,1,0,0,0
8cbdec2332387cb33d025f02,1,0,0,0,0,0,1,0,0,0,0,1,0,1,0,0
8cc18aedbaed6574093304c4,0,1,0,0,0,0,0,1,1,0,0,0,0,0,1,0
8cc559674037f91e6cda7b4d,0,0,1,0,1,0,0,0,0,1,0,0,0,0,0,1
8cc6b7a1fab9d78c654cb9ed,1,0,0,0,0,1,0,0,0,0,0,1,0,0,1,0
8cc9724ad4858a32840258ea,1,0,0,0,0,1,0,0,0,0,1,0,0,0,0,1
8ccc524519b7a40f4c8d17c0,0,1,0,0,1,0,0,0,0,0,0,1,0,0,1,0
8cd0e3ff3be176f016ebf4f4,1,0,0,0,0,1,0,0,0,0,1,0,0,0,0,1
8cded60434e2a2838b44dc5c,1,0,0,0,0,1,0,0,0,0,1,0,0,0,0,1
8ce19816a54b43b5caed1936,0,0,1,0,0,1,0,0,0,0,0,1,1,0,0,0
8ce57ac1c0d024e39d4963f7,0,0,1,0,0,1,0,0,0,0,0,1,1,0,0,0
8cf2cae35609969662dbe5b3,1,0,0,0,0,0,1,0,0,0,0,1,0,1,0,0
8cf51e339d81f3202ed7eaab,0,1,0,0,1,0,0,0,0,0,1,0,0,0,0,1
8cfb139b1641f6f23d6d8b39,0,1,0,0,0,0,1,0,1,0,0,0,0,0,0,1
8cfe8c076442b3bd02633645,0,1,0,0,1,0,0,0,0,0,1,0,0,0,0,1
8cfec571282ec8838adda0c2,0,0,0,1,0,0,1,0,1,0,0,0,0,1,0,0
8d01f118305474298acc9fe5,1,0,0,0,0,0,1,0,0,1,0,0,0,0,0,1
8d0903c8078f1a8c0a9720ac,0,1,0,0,0,0,0,1,0,0,1,0,1,0,0,0
8d0c5b8b5c2e1b4987613456,0,1,0,0,1,0,0,0,0,0,1,0,0,0,0,1
8d0dc1f8bda7a662fedfd8bd,0,0,0,1,1,0,0,0,0,0,1,0,0,1,0,0
8d1984ec7aa6f0652efa7b1b,0,0,1,0,0,1,0,0,1,0,0,0,0,0,0,1
8d1c3adc83362dc91d55c641,0,0,1,0,1,0,0,0,0,0,0,1,0,1,0,0
8d34d55bc782a63c9eecad74,0,0,0,1,0,0,1,0,0,1,0,0,1,0,0,0
8d3e4019699a481a3109a758,0,0,1,0,1,0,0,0,0,0,0,1,0,1,0,0
8d46814caab8498baf040ffb,1,0,0,0,0,0,0,1,0,0,1,0,0,1,0,0
8d4928be84709c6210f589d8,0,0,1,0,0,0,0,1,1,0,0,0,0,1,0,0
8d4b30c5493b2603c96dac1b,0,0,1,0,1,0,0,0,0,1,0,0,0,0,0,1
8d5ab6c33c8dc27406053e2c,0,0,0,1,0,0,1,0,0,1,0,0,1,0,0,0
8d5b5145dc8dcf970602d062,0,0,1,0,0,0,0,1,1,0,0,0,0,1,0,0
8d5e9a7c3249edc4a49a92a6,0,1,0,0,1,0,0,0,0,0,1,0,0,0,0,1
8d67a44c8bc39b35de2c1bf4,0,1,0,0,1,0,0,0,0,0,0,1,0,0,1,0
8d67b45902d4738ca3a4b0f7,0,0,0,1,0,0,1,0,0,1,0,0,1,0,0,0
8d67be6c63c6a31727c76060,0,1,0,0,1,0,0,0,0,0,0,1,0,0,1,0
8d6eb63bfa09b349238a550b,1,0,0,0,0,0,1,0,0,0,0,1,0,1,0,0
8d725322e02b0531e8015df8,0,1,0,0,0,0,0,1,1,0,0,0,0,0,1,0
8d79830b4f9adc8e1ed34967,0,0,1,0,0,0,0,1,0,1,0,0,1,0,0,0
8d7eccde212b8ebd717205c1,0,0,1,0,0,1,0,0,1,0,0,0,0,0,0,1
8d83cf4a746ae206da4fb8aa,1,0,0,0,0,0,1,0,0,0,0,1,0,1,0,0
8d84573107358ddbdc59d3d7,0,0,0,1,0,0,1,0,1,0,0,0,0,1,0,0
8d877e006ace3ad121f4981a,0,0,0,1,0,1,0,0,1,0,0,0,0,0,1,0
8d897869d978e6018cf660c6,0,1,0,0,0,0,0,1,0,0,1,0,1,0,0,0
8d919f86cc21656ee94bff5e,0,1,0,0,1,0,0,0,0,0,1,0,0,0,0,1
8d9e66344972b68ab898941b,0,0,0,1,1,0,0,0,0,1,0,0,0,0,1,0
8da18c640baddb0beb330779,0,1,0,0,0,0,0,1,1,0,0,0,0,0,1,0
8da61079fbfcefaf70580a5f,0,0,0,1,0,1,0,0,0,0,1,0,1,0,0,0
8da8c2ebfba2045e75dd21c5,0,0,0,1,0,1,0,0,1,0,0,0,0,0,1,0
8db247dc55003e7e629a14ad,1,0,0,0,0,0,0,1,0,1,0,0,0,0,1,0
8db999a77bd8a8b314ecab1e,1,0,0,0,0,1,0,0,0,0,1,0,0,0,0,1
8dbb4d645316e065c8975e0b,0,1,0,0,0,0,0,1,0,0,1,0,1,0,0,0
8dbedcffaf1ebcc9a478c006,1,0,0,0,0,0,0,1,0,1,0,0,0,0,1,0
8dbf6ead75eee184b958610f,1,0,0,0,0,0,0,1,0,0,1,0,0,1,0,0
8dbfbb356c6f3544f25a3e4a,1,0,0,0,0,1,0,0,0,0,1,0,0,0,0,1
8dc7a1640864a9d0e0a8a400,0,0,1,0,0,0,0,1,1,0,0,0,0,1,0,0
8dd0c750421170aa8f44b7bb,0,0,1,0,0,1,0,0,0,0,0,1,1,0,0,0
8de638accb7f041fcb5339ac,1,0,0,0,0,1,0,0,0,0,0,1,0,0,1,0
8de7ec4367136120b4d75f73,0,0,0,1,1,0,0,0,0,0,1,0,0,1,0,0
8de95f70aae4054dbd29c227,0,0,0,1,1,0,0,0,0,0,1,0,0,1,0,0
8df5177758d4fa45888db7f1,0,0,1,0,0,0,0,1,1,0,0,0,0,1,0,0
8df73dcf3e15f66e0ba15ee1,0,0,0,1,0,1,0,0,1,0,0,0,0,0,1,0
8dff0ffe33e37b6c2049e641,0,0,1,0,1,0,0,0,0,0,0,1,0,1,0,0
8e0394d5703f04c5dcb8a683,0,0,0,1,0,1,0,0,0,0,1,0,1,0,0,0
8e087a627a22bfe7203d046d,1,0,0,0,0,0,1,0,0,0,0,1,0,1,0,0
8e0b2f39f7121279d06faf5d,0,1,0,0,0,0,0,1,1,0,0,0,0,0,1,0
8e1a219ece3c0be8b554cb76,1,0,0,0,0,0,1,0,0,1,0,0,0,0,0,1
8e1c0ab1a3964fdb2c87b903,1,0,0,0,0,1,0,0,0,0,0,1,0,0,1,0
8e243383ece6cb8eec86c833,1,0,0,0,0,0,1,0,0,0,0,1,0,1,0,0
8e252d8e625b581f835e648a,1,0,0,0,0,0,1,0,0,0,0,1,0,1,0,0
8e362120ea2d0a32be3bd2a8,0,0,0,1,1,0,0,0,0,1,0,0,0,0,1,0
8e3f262e9ee5fd474f0096cb,0,0,1,0,0,0,0,1,0,1,0,0,1,0,0,0
8e3f2abef964445922dd5fe8,0,1,0,0,1,0,0,0,0,0,1,0,0,0,0,1
8e68dadb7f888531e313d2d3,0,0,1,0,0,0,0,1,1,0,0,0,0,1,0,0
8e69749b8857137612a8a454,0,0,1,0,0,1,0,0,1,0,0,0,0,0,0,1
8e6cccc5531ecd31830bffea,1,0,0,0,0,1,0,0,0,0,1,0,0,0,0,1
8e6f3bc050ff47e0ada9597d,0,1,0,0,0,0,1,0,0,0,0,1,1,0,0,0
8e763813cc76dc5bd63c6a15,0,1,0,0,0,0,1,0,0,0,0,1,1,0,0,0
8e87853f63e76e132341cc72,0,0,1,0,0,0,0,1,1,0,0,0,0,1,0,0
8e8a979a96bc1f5fcc0d0d7e,0,0,0,1,1,0,0,0,0,0,1,0,0,1,0,0
8e8e3d8df8608b66ee37e863,0,0,0,1,1,0,0,0,0,1,0,0,0,0,1,0
8e9bd0bac5bfeb40b364deb4,0,0,0,1,1,0,0,0,0,1,0,0,0,0,1,0
8e9cdac696fa886898328df3,0,1,0,0,1,0,0,0,0,0,1,0,0,0,0,1
8e9d0475dd1be91aa44b7310,0,1,0,0,0,0,1,0,0,0,0,1,1,0,0,0
8e9f8b7269e96af3ceaaf765,0,0,0,1,0,1,0,0,0,0,1,0,1,0,0,0
8ea8394bb8ab6912143b0da3,0,0,0,1,0,1,0,0,1,0,0,0,0,0,1,0
8eaa31238addfcf1ebc8f82f,1,0,0,0,0,1,0,0,0,0,1,0,0,0,0,1
8eaa84c0186e6b2a11145d4a,0,0,0,1,0,0,1,0,1,0,0,0,0,1,0,0
8ebcea3d538bbe3b5b2d7b86,0,1,0,0,1,0,0,0,0,0,0,1,0,0,1,0
8eca00813edfdbbc4a1bd071,1,0,0,0,0,0,1,0,0,0,0,1,0,1,0,0
8ecd836afb7c4c10a5e4a88f,0,0,0,1,0,0,1,0,0,1,0,0,1,0,0,0
8ee3141ffe2cf00283d56727,0,0,1,0,0,0,0,1,1,0,0,0,0,1,0,0
8ee7668ac8ff4a23b8abd256,0,0,1,0,0,1,0,0,0,0,0,1,1,0,0,0
8ee9013789e2640d6483743b,0,0,1,0,1,0,0,0,0,1,0,0,0,0,0,1
8ee9bb1a65338c7b629d7798,1,0,0,0,0,0,1,0,0,0,0,1,0,1,0,0
8eeeacb3d6bb2c46f894b25f,1,0,0,0,0,1,0,0,0,0,0,1,0,0,1,0
8eeee348cf74240c25dcbf86,0,0,0,1,0,1,0,0,1,0,0,0,0,0,1,0
8ef81b073614460fd114c18c,1,0,0,0,0,1,0,0,0,0,1,0,0,0,0,1
8efa501e3e24b6184b29096f,0,0,1,0,0,0,0,1,1,0,0,0,0,1,0,0
8f02eae2ab35789debed95d8,0,0,0,1,1,0,0,0,0,1,0,0,0,0,1,0
8f0ead3202a53c2ee7ca8fbc,0,0,1,0,1,0,0,0,0,0,0,1,0,1,0,0
8f125f5ea3b0ab693ea9dbaa,0,0,0,1,0,0,1,0,1,0,0,0,0,1,0,0
8f1494fb2271508f1549a13f,0,1,0,0,1,0,0,0,0,0,1,0,0,0,0,1
8f1c9d7aaf706c1bac611d26,0,1,0,0,0,0,0,1,0,0,1,0,1,0,0,0
8f1fc8927933bfce3c3ea410,0,1,0,0,0,0,1,0,0,0,0,1,1,0,0,0
8f324947316b5225a26d9d17,1,0,0,0,0,0,0,1,0,0,1,0,0,1,0,0
8f35cc4f8d4b1a9ff5cefce2,1,0,0,0,0,0,1,0,0,1,0,0,0,0,0,1
8f41e01be32dc4c5d01ffdab,1,0,0,0,0,0,1,0,0,1,0,0,0,0,0,1
8f42ec7c6ed216aec25482a5,0,0,1,0,0,0,0,1,0,1,0,0,1,0,0,0
8f4704869208eabe63ddb092,0,0,1,0,0,1,0,0,0,0,0,1,1,0,0,0
8f48c9aa2a239fb001d184dd,0,0,1,0,0,0,0,1,0,1,0,0,1,0,0,0
8f5440d57a3b5194e0051ff4,0,0,1,0,0,0,0,1,1,0,0,0,0,1,0,0
8f5b671ce65b72a79bfb4904,0,0,0,1,0,1,0,0,0,0,1,0,1,0,0,0
8f6519ed22ef6002a674c780,1,0,0,0,0,0,1,0,0,0,0,1,0,1,0,0
8f77210e10bf5af9c8cdfb7b,0,0,0,1,0,0,1,0,1,0,0,0,0,1,0,0
8f784dae4a7e83280aaed7a0,0,1,0,0,0,0,1,0,1,0,0,0,0,0,0,1
8f7abe1e34f51832ea88f1ae,1,0,0,0,0,0,0,1,0,0,1,0,0,1,0,0
8f86590a6d80cea17a2991d0,0,1,0,0,1,0,0,0,0,0,0,1,0,0,1,0
8f96debe1603b479a68fe2b6,0,1,0,0,0,0,1,0,1,0,0,0,0,0,0,1
8fa1a469c5c14616ef94f104,0,1,0,0,0,0,1,0,0,0,0,1,1,0,0,0
8fa2a31ae849ab8a45c40e7b,0,0,1,0,0,1,0,0,0,0,0,1,1,0,0,0
8fa7557910b7b53f09a93dc1,0,0,0,1,0,0,1,0,0,1,0,0,1,0,0,0
8fb2af4de19488811d737573,0,1,0,0,1,0,0,0,0,0,0,1,0,0,1,0
8fb577df82fd46d52f0826ba,0,1,0,0,1,0,0,0,0,0,1,0,0,0,0,1
8fb77625e035f9bbf02e3b6a,1,0,0,0,0,0,0,1,0,1,0,0,0,0,1,0
8fc3311c7c71b30946ebac3a,1,0,0,0,0,1,0,0,0,0,0,1,0,0,1,0
8fcda0c956a55fa221cc8a3a,0,0,1,0,1,0,0,0,0,0,0,1,0,1,0,0
8fdbbd1df69606e3417ee900,0,0,1,0,0,1,0,0,1,0,0,0,0,0,0,1
8fdc076ddd9b95341a728e5b,0,0,1,0,1,0,0,0,0,1,0,0,0,0,0,1
8fdd46e12b999f1e3bd5e702,0,0,0,1,0,0,1,0,1,0,0,0,0,1,0,0
8ff4762a2e8ae40b00d986d9,0,1,0,0,1,0,0,0,0,0,1,0,0,0,0,1
8ffc85fd778bfd5dd59eb0c5,0,1,0,0,1,0,0,0,0,0,0,1,0,0,1,0
8fff227bc9b6a0e924561c5f,0,0,1,0,0,1,0,0,1,0,0,0,0,0,0,1
9003d64b7aaa01f4de4d4b56,0,0,0,1,0,1,0,0,1,0,0,0,0,0,1,0
9004c6f38ff255e7842df5dd,0,0,0,1,0,1,0,0,1,0,0,0,0,0,1,0
900a235a2e6131b10351d2b6,0,1,0,0,0,0,1,0,0,0,0,1,1,0,0,0
9010abd8eb2ba78f941f9f11,0,0,1,0,0,1,0,0,0,0,0,1,1,0,0,0
901a8d6f293ce015d9129de1,0,1,0,0,1,0,0,0,0,0,0,1,0,0,1,0
901c49d32d29087ffefe89ef,0,0,1,0,0,1,0,0,1,0,0,0,0,0,0,1
901ed79dd98ea86a908edc8a,0,0,0,1,1,0,0,0,0,1,0,0,0,0,1,0
902002f5d4f79247d21a995c,0,0,0,1,0,1,0,0,0,0,1,0,1,0,0,0
902cb3f83812dd88b9cf306d,0,0,0,1,0,0,1,0,0,1,0,0,1,0,0,0
9031993acef7f0488885025e,0,0,0,1,0,0,1,0,1,0,0,0,0,1,0,0
90389daa996212d898a7eccb,0,0,1,0,0,0,0,1,1,0,0,0,0,1,0,0
9039cdad50def6ea2d838518,0,1,0,0,0,0,0,1,1,0,0,0,0,0,1,0
903b69033c20984bf68e648e,0,1,0,0,0,0,0,1,1,0,0,0,0,0,1,0
903caa6e134c80c0e9644b55,0,0,0,1,0,1,0,0,0,0,1,0,1,0,0,0
904b702f19c7028548245a19,0,1,0,0,0,0,0,1,1,0,0,0,0,0,1,0
904e639587fda6baeb631930,1,0,0,0,0,0,0,1,0,1,0,0,0,0,1,0
904e6f10caca396b87eab003,1,0,0,0,0,0,0,1,0,0,1,0,0,1,0,0
905246f4ab6b4d37bceae575,0,0,0,1,0,1,0,0,0,0,1,0,1,0,0,0
905688478e24beba414da2d2,1,0,0,0,0,0,1,0,0,1,0,0,0,0,0,1
90591b1a6fdedcd272706a83,0,0,1,0,0,1,0,0,1,0,0,0,0,0,0,1
905e2f69e69358e05cf80971,0,1,0,0,1,0,0,0,0,0,1,0,0,0,0,1
906192d9cdc5b6f2982db492,0,0,1,0,1,0,0,0,0,1,0,0,0,0,0,1
9061d8f7094eef415fc6f5d5,0,1,0,0,1,0,0,0,0,0,0,1,0,0,1,0
9065662aff7c8655f5bec0b8,0,0,1,0,0,1,0,0,0,0,0,1,1,0,0,0
90699e6c1758bfd44ed6fcab,1,0,0,0,0,0,0,1,0,0,1,0,0,1,0,0
906b0786823f35aa4c270484,0,0,1,0,1,0,0,0,0,1,0,0,0,0,0,1
906e20b2c1a23f26a9ff2ff8,0,0,1,0,1,0,0,0,0,0,0,1,0,1,0,0
9076cad9dbbee73f32fc4098,0,0,1,0,0,1,0,0,1,0,0,0,0,0,0,1
9083682e618619e3e90c039f,0,0,0,1,1,0,0,0,0,0,1,0,0,1,0,0
90852c9b522287d5b6918838,0,0,0,1,0,0,1,0,0,1,0,0,1,0,0,0
909006fc950c8636e33e05a9,1,0,0,0,0,0,1,0,0,0,0,1,0,1,0,0
9095e1139cf39c04b318ceca,0,0,1,0,0,1,0,0,0,0,0,1,1,0,0,0
909768bd77e86b915c9eb99e,0,1,0,0,0,0,1,0,0,0,0,1,1,0,0,0
909950cb4892094ff8db4a0b,0,0,1,0,0,0,0,1,1,0,0,0,0,1,0,0
909e91bb9dbeca7b82445398,0,0,0,1,1,0,0,0,0,0,1,0,0,1,0,0
90a95f24a400065226fc0c15,1,0,0,0,0,0,1,0,0,1,0,0,0,0,0,1
90b122e69a1c86cff2ed7d99,0,0,1,0,0,0,0,1,1,0,0,0,0,1,0,0
90b48b36f7916ac8ee793989,1,0,0,0,0,0,0,1,0,0,1,0,0,1,0,0
90b5c90d9403c6f2e41320e3,0,0,0,1,1,0,0,0,0,1,0,0,0,0,1,0
90b6cf380f84725d57cf530f,0,1,0,0,0,0,0,1,0,0,1,0,1,0,0,0
90bc38c554c528d2c7ede5e0,1,0,0,0,0,0,0,1,0,1,0,0,0,0,1,0
90c0e8cf55d9c55467cd0044,0,1,0,0,1,0,0,0,0,0,0,1,0,0,1,0
90c2bf0ab7ac8208dac8c5b0,0,1,0,0,1,0,0,0,0,0,1,0,0,0,0,1
90cc16ed73821cbe6ee2d33a,0,0,0,1,0,1,0,0,0,0,1,0,1,0,0,0
90ce2328553eb5742032110f,0,0,1,0,0,0,0,1,1,0,0,0,0,1,0,0
90d0004f241e4f0b120801ee,1,0,0,0,0,1,0,0,0,0,0,1,0,0,1,0
90d2a3ab389c605ecc0cdcfe,0,0,1,0,0,0,0,1,0,1,0,0,1,0,0,0
90d68bf67446a9ff2a52353c,0,1,0,0,0,0,0,1,1,0,0,0,0,0,1,0
90e08cb1e69b50529a1607aa,0,1,0,0,1,0,0,0,0,0,1,0,0,0,0,1
90e09cb9d927d468b1415878,0,0,0,1,0,1,0,0,1,0,0,0,0,0,1,0
91046cbf8f418c536ccb8415,0,0,1,0,0,0,0,1,1,0,0,0,0,1,0,0
91068575ecb8e545db272e92,0,0,1,0,1,0,0,0,0,0,0,1,0,1,0,0
91093bd325a0da31d17d59c9,0,0,1,0,0,1,0,0,1,0,0,0,0,0,0,1
91143381b72a23c79d5fc987,1,0,0,0,0,1,0,0,0,0,0,1,0,0,1,0
911f9d9710b3a90f46204832,0,1,0,0,0,0,1,0,1,0,0,0,0,0,0,1
91220c3eb91125b5b1c7e87f,0,0,1,0,0,1,0,0,0,0,0,1,1,0,0,0
9126a03fab4563226dc1c55e,0,1,0,0,1,0,0,0,0,0,0,1,0,0,1,0
9128a1e19f4d7e59a19b45f5,1,0,0,0,0,1,0,0,0,0,1,0,0,0,0,1
912b9d8fa5698a96acd0afd4,0,1,0,0,1,0,0,0,0,0,0,1,0,0,1,0
912f6fea927656a205489c9b,0,0,1,0,0,0,0,1,1,0,0,0,0,1,0,0
91315a143a562055e24a1c6f,0,1,0,0,1,0,0,0,0,0,0,1,0,0,1,0
913ab2bbf6868e61c1f0c0ca,1,0,0,0,0,1,0,0,0,0,1,0,0,0,0,1
913f58151f56c9cf497dfdb3,1,0,0,0,0,0,0,1,0,1,0,0,0,0,1,0
91404c3ff559ea2a216e281b,0,1,0,0,0,0,0,1,0,0,1,0,1,0,0,0
91510a139e1ba7afd6c9f1a3,0,1,0,0,1,0,0,0,0,0,1,0,0,0,0,1
91523623fc3ad6a081c386b8,0,1,0,0,1,0,0,0,0,0,1,0,0,0,0,1
915586d1bb406a7ca537a323,1,0,0,0,0,0,0,1,0,1,0,0,0,0,1,0
915b00d0bf7aead0bfaaafbb,1,0,0,0,0,1,0,0,0,0,1,0,0,0,0,1
915c2a9ed94f6bbd07136645,0,0,0,1,0,0,1,0,1,0,0,0,0,1,0,0
916014625b8b238d22ec1c73,0,1,0,0,0,0,1,0,1,0,0,0,0,0,0,1
91658ba2f31149791193384d,0,1,0,0,0,0,1,0,0,0,0,1,1,0,0,0
916afecf161a611e613b9d5c,0,0,1,0,1,0,0,0,0,1,0,0,0,0,0,1
916eb359d23a58e43d97d6e4,0,1,0,0,0,0,0,1,0,0,1,0,1,0,0,0
917b12870a458b41da673fff,0,0,0,1,0,1,0,0,0,0,1,0,1,0,0,0
917ccc1abb25dab1ed508b3e,0,1,0,0,1,0,0,0,0,0,0,1,0,0,1,0
918166fc06f5981909306bdb,0,0,1,0,1,0,0,0,0,0,0,1,0,1,0,0
918f281ba7f9523b3b10e093,0,0,0,1,0,0,1,0,0,1,0,0,1,0,0,0
91957fb41494b24162149763,0,0,1,0,1,0,0,0,0,1,0,0,0,0,0,1
919a8d151aa888e83be890b6,0,0,0,1,1,0,0,0,0,1,0,0,0,0,1,0
919aa3f5983e9f4fc9ef0920,0,1,0,0,0,0,0,1,0,0,1,0,1,0,0,0
919d9829154175829a977afe,0,0,0,1,0,1,0,0,0,0,1,0,1,0,0,0
919f9c2d89e031cee4068f44,0,0,1,0,0,1,0,0,1,0,0,0,0,0,0,1
91a9e98c0683312a1f418c1e,0,0,1,0,0,1,0,0,1,0,0,0,0,0,0,1
91aeeb234204ada614e1a305,0,0,0,1,1,0,0,0,0,1,0,0,0,0,1,0
91b38c30e6cd525ac26f4ee0,1,0,0,0,0,1,0,0,0,0,1,0,0,0,0,1
91b7c9c91a687a057e2b3702,0,1,0,0,0,0,0,1,1,0,0,0,0,0,1,0
91bf531122f4e392578ac983,0,1,0,0,1,0,0,0,0,0,0,1,0,0,1,0
91c603d71c3b628a1211df74,0,0,0,1,0,0,1,0,1,0,0,0,0,1,0,0
91c74bd81b73824c9c93e751,0,0,0,1,0,0,1,0,1,0,0,0,0,1,0,0
91c7a3034677ce27e19c3b73,0,1,0,0,0,0,0,1,0,0,1,0,1,0,0,0
91ca02cc27458cabe0d08595,0,1,0,0,0,0,1,0,0,0,0,1,1,0,0,0
91ca5636549c2472778c5c6a,0,0,1,0,1,0,0,0,0,0,0,1,0,1,0,0
91d7601ce18f69ad8ea4b98f,1,0,0,0,0,1,0,0,0,0,0,1,0,0,1,0
91de6486a9e991d3bede8fc0,0,1,0,0,0,0,1,0,0,0,0,1,1,0,0,0
91e3088ca9d23cc867b0d63e,1,0,0,0,0,1,0,0,0,0,0,1,0,0,1,0
91e5a7e19b0f33d443c5fc33,0,0,1,0,1,0,0,0,0,0,0,1,0,1,0,0
91e5d3caca5f28e4f0c4c911,0,1,0,0,0,0,0,1,0,0,1,0,1,0,0,0
91e63a9c2d0551acb46018e4,1,0,0,0,0,0,0,1,0,0,1,0,0,1,0,0
91f995e22b9c63206590f320,0,0,0,1,1,0,0,0,0,1,0,0,0,0,1,0
92141a7b1b8a23b31de7157a,0,0,1,0,0,1,0,0,0,0,0,1,1,0,0,0
921432ce630e50aa08f6d6f5,0,0,0,1,0,0,1,0,0,1,0,0,1,0,0,0
921589d150d2f086ea6675c3,0,1,0,0,1,0,0,0,0,0,1,0,0,0,0,1
921bb85d087e663899a877fd,0,1,0,0,1,0,0,0,0,0,0,1,0,0,1,0
9223b49c52750a33caa738ca,0,1,0,0,0,0,0,1,1,0,0,0,0,0,1,0
922c79af8d43ce682010f74a,0,1,0,0,0,0,0,1,1,0,0,0,0,0,1,0
92414d71e74ebd076377eca0,0,0,0,1,0,0,1,0,0,1,0,0,1,0,0,0
924c50c3ef101d44ef508903,1,0,0,0,0,1,0,0,0,0,0,1,0,0,1,0
925546859929856c89d98974,0,0,1,0,0,1,0,0,0,0,0,1,1,0,0,0
9255f72636944957712590a9,0,0,1,0,1,0,0,0,0,0,0,1,0,1,0,0
9258d5f263d7635a38ca31fc,0,0,1,0,0,0,0,1,1,0,0,0,0,1,0,0
925e0716f6d09f3d9434854f,0,1,0,0,0,0,0,1,1,0,0,0,0,0,1,0
92613e4b6bc86ff68056c0ac,0,0,1,0,0,1,0,0,0,0,0,1,1,0,0,0
92655b9ea2fc3dee41543425,0,0,0,1,1,0,0,0,0,1,0,0,0,0,1,0
926b4d767e73c3eacba76f1e,0,1,0,0,0,0,1,0,1,0,0,0,0,0,0,1
926d18a7722b7f0f36a314cb,1,0,0,0,0,0,0,1,0,1,0,0,0,0,1,0
926db57d4c09b0fa88310fb7,0,0,1,0,0,0,0,1,0,1,0,0,1,0,0,0
926e2f40570e129af3ca49ae,0,0,1,0,0,1,0,0,0,0,0,1,1,0,0,0
9271530b5bb1b263f596dce5,0,0,0,1,0,1,0,0,1,0,0,0,0,0,1,0
9274cbae23702a32676cb9d3,1,0,0,0,0,1,0,0,0,0,1,0,0,0,0,1
9274fabb074bfd8889435bbc,0,0,0,1,1,0,0,0,0,0,1,0,0,1,0,0
9278a852983b3f508ecedc19,0,0,0,1,1,0,0,0,0,0,1,0,0,1,0,0
92792dbc5d188989b2c16f0c,0,1,0,0,0,0,0,1,1,0,0,0,0,0,1,0
92839893bbe22d7423cd9b54,0,0,0,1,0,0,1,0,1,0,0,0,0,1,0,0
9287a0ee3ab3e627d7a05226,0,0,1,0,1,0,0,0,0,1,0,0,0,0,0,1
9288113fb7ae789a75076062,1,0,0,0,0,0,1,0,0,0,0,1,0,1,0,0
92886897fe1ab08a8d2b2fde,1,0,0,0,0,1,0,0,0,0,0,1,0,0,1,0
928a057ab08939c89607606a,0,1,0,0,0,0,1,0,0,0,0,1,1,0,0,0
92987579ff942ec4e11f7933,0,0,0,1,1,0,0,0,0,0,1,0,0,1,0,0
929c30217531eabb29c78ba8,0,0,1,0,0,0,0,1,1,0,0,0,0,1,0,0
92a38497d915adac219d2542,0,0,1,0,0,0,0,1,1,0,0,0,0,1,0,0
92a659de15d88907e172c6d0,0,1,0,0,0,0,1,0,1,0,0,0,0,0,0,1
92a673e65091a48b725ae4d1,0,1,0,0,0,0,1,0,0,0,0,1,1,0,0,0
92ae22d30d5fd0a3110745a1,1,0,0,0,0,1,0,0,0,0,0,1,0,0,1,0
92b0ea5029fc21366e8391a7,1,0,0,0,0,1,0,0,0,0,0,1,0,0,1,0
92b3993f29b3ab242dbf1a2d,0,0,1,0,0,1,0,0,1,0,0,0,0,0,0,1
92b93a3b557afd0a78e072b4,1,0,0,0,0,0,0,1,0,1,0,0,0,0,1,0
92bf9e4072497dcc4227d448,0,1,0,0,1,0,0,0,0,0,0,1,0,0,1,0
92c802f172c427723e959acf,0,0,0,1,0,1,0,0,0,0,1,0,1,0,0,0
92ca6f5bc5b13df8e5bb81b7,0,0,1,0,1,0,0,0,0,1,0,0,0,0,0,1
92ced97a7a2db87844ebec81,0,1,0,0,0,0,1,0,1,0,0,0,0,0,0,1
92d09c32a6562d0d6767cfae,0,0,0,1,0,0,1,0,0,1,0,0,1,0,0,0
92de0ea2e8fba3fc7f807ccc,0,0,1,0,0,0,0,1,1,0,0,0,0,1,0,0
92e6c1e83e3f930ea8912d29,1,0,0,0,0,1,0,0,0,0,0,1,0,0,1,0
92f4143db13f3497d86110b7,0,0,0,1,0,0,1,0,1,0,0,0,0,1,0,0
92fb9c22a71e847fb69c903c,1,0,0,0,0,0,1,0,0,1,0,0,0,0,0,1
930642bd934e65a027d3f96b,0,1,0,0,1,0,0,0,0,0,1,0,0,0,0,1
930bd585047c5a7b2d7c9232,0,0,1,0,0,1,0,0,0,0,0,1,1,0,0,0
930e74c08981220a5354da20,0,0,1,0,1,0,0,0,0,0,0,1,0,1,0,0
9311b7facd79b5f11e981497,0,1,0,0,1,0,0,0,0,0,1,0,0,0,0,1
93167aa11abce6f1a6dbf3b2,1,0,0,0,0,0,0,1,0,1,0,0,0,0,1,0
931ad0fb99f646cf41cfc9cf,1,0,0,0,0,0,1,0,0,0,0,1,0,1,0,0
932b598640ec5f5dd202bd07,0,0,1,0,0,1,0,0,0,0,0,1,1,0,0,0
933575706804efb32d946595,0,0,1,0,0,0,0,1,1,0,0,0,0,1,0,0
933db5835d991fa37ea51ef3,0,0,0,1,1,0,0,0,0,0,1,0,0,1,0,0
935294ad2d48dcadade24911,1,0,0,0,0,0,0,1,0,0,1,0,0,1,0,0
935436aaaad669bada5bec27,0,1,0,0,0,0,0,1,1,0,0,0,0,0,1,0
935783ae1bbfab1ec179d0f8,0,1,0,0,1,0,0,0,0,0,0,1,0,0,1,0
9358f61a2ddecc2bf56d5cb1,1,0,0,0,0,0,0,1,0,0,1,0,0,1,0,0
935b5e140d4697b9bd978597,0,0,0,1,0,1,0,0,0,0,1,0,1,0,0,0
935d00ea8d8381a3eaf4d751,1,0,0,0,0,1,0,0,0,0,0,1,0,0,1,0
93653e3bf7b9ce9f753b8768,0,1,0,0,0,0,0,1,1,0,0,0,0,0,1,0
936f91bd5a3ed8335f2ac1ac,0,0,1,0,0,0,0,1,1,0,0,0,0,1,0,0
9376e1a7cde25dfe5113c292,0,1,0,0,0,0,0,1,1,0,0,0,0,0,1,0
9379b728fa79510ebe60e0f2,0,0,1,0,0,0,0,1,0,1,0,0,1,0,0,0
937c26ea3f48185d4946b8c4,0,0,1,0,0,0,0,1,0,1,0,0,1,0,0,0
938406b7a2528b289a6411d2,0,0,0,1,0,1,0,0,1,0,0,0,0,0,1,0
938570a6abbcccf0cbb38c2b,0,0,0,1,0,1,0,0,1,0,0,0,0,0,1,0
938e500ea952f78eeba07764,0,1,0,0,1,0,0,0,0,0,0,1,0,0,1,0
9390fb28a8bd3a931ed4dc92,0,0,1,0,0,1,0,0,1,0,0,0,0,0,0,1
93962537b31b5f516261f588,0,0,0,1,0,0,1,0,0,1,0,0,1,0,0,0
93980e45f38e3ae3645d31d5,0,0,0,1,0,1,0,0,1,0,0,0,0,0,1,0
939e0fdb7c60ff287771ad90,0,0,0,1,0,0,1,0,1,0,0,0,0,1,0,0
939e6f35b168f6e3c968f9d8,0,0,0,1,1,0,0,0,0,1,0,0,0,0,1,0
93ae3f5496eb4612d338b36d,0,0,0,1,1,0,0,0,0,0,1,0,0,1,0,0
93b56c53f881e0ca48f9c4bc,0,0,1,0,0,0,0,1,1,0,0,0,0,1,0,0
93b761bf7a3bf2e5cc7d308c,0,1,0,0,1,0,0,0,0,0,1,0,0,0,0,1
93b9363fefa936fb8f3b7a85,1,0,0,0,0,0,0,1,0,0,1,0,0,1,0,0
93b96771a712db717f5d6cd6,0,0,1,0,0,1,0,0,0,0,0,1,1,0,0,0
93c74da9164f611a34f5af45,0,1,0,0,1,0,0,0,0,0,0,1,0,0,1,0
93c7c24ee33fb441e8206a15,1,0,0,0,0,0,0,1,0,0,1,0,0,1,0,0
93cc9b51f40fa1748e374769,0,0,0,1,0,0,1,0,1,0,0,0,0,1,0,0
93d03369feee3a6d6aea48f0,1,0,0,0,0,0,1,0,0,0,0,1,0,1,0,0
93d48e7c4d0235c47db0f354,1,0,0,0,0,1,0,0,0,0,0,1,0,0,1,0
93d9b25e8df818cfd92653a8,0,0,1,0,0,0,0,1,1,0,0,0,0,1,0,0
93dd0a86426b37f6fc5797b3,1,0,0,0,0,1,0,0,0,0,1,0,0,0,0,1
93e7b71bbe32853faceb8a84,0,1,0,0,0,0,0,1,0,0,1,0,1,0,0,0
93eb1550d0048d1b15442856,0,0,1,0,0,1,0,0,1,0,0,0,0,0,0,1
93f4e69d04c43e3716e95cc1,0,0,0,1,0,1,0,0,0,0,1,0,1,0,0,0
940554eaa648a0acdb915eaf,0,0,1,0,0,1,0,0,1,0,0,0,0,0,0,1
9409e921a0b41bd73f3e036a,0,0,0,1,0,1,0,0,0,0,1,0,1,0,0,0
940a64a9f258bb451d96c1b0,0,1,0,0,1,0,0,0,0,0,1,0,0,0,0,1
940afb423536f76f72a57c17,1,0,0,0,0,1,0,0,0,0,0,1,0,0,1,0
94104203d0faac4f6cc6032d,0,0,0,1,0,0,1,0,0,1,0,0,1,0,0,0
9415c7951694b9f684fd3c53,1,0,0,0,0,1,0,0,0,0,1,0,0,0,0,1
942506497c70905c0e8931af,1,0,0,0,0,0,0,1,0,1,0,0,0,0,1,0
9429cc6ec5d19ea1fd73c3a9,0,1,0,0,0,0,0,1,0,0,1,0,1,0,0,0
94352dc16a5bde58c04de226,0,1,0,0,0,0,1,0,1,0,0,0,0,0,0,1
944323be5eed02be774ded71,1,0,0,0,0,1,0,0,0,0,0,1,0,0,1,0
94451b7344da63706c7c3c54,0,1,0,0,0,0,0,1,1,0,0,0,0,0,1,0
944617c2bfa62d7503595cb2,0,0,1,0,1,0,0,0,0,0,0,1,0,1,0,0
944ae19009a9fd1a0b146eb8,0,0,0,1,1,0,0,0,0,0,1,0,0,1,0,0
944f7b66efd2937374811ff7,0,0,1,0,1,0,0,0,0,0,0,1,0,1,0,0
945080c8b4b3877e893ea7f9,0,0,1,0,0,1,0,0,0,0,0,1,1,0,0,0
94627edfb6bf15f99bb78415,0,1,0,0,0,0,1,0,1,0,0,0,0,0,0,1
946ad2ff3783b9614cc9a172,0,0,1,0,0,0,0,1,1,0,0,0,0,1,0,0
9473c155cda7523c81368bc0,0,1,0,0,1,0,0,0,0,0,1,0,0,0,0,1
94741af76813727a47078c40,0,0,1,0,1,0,0,0,0,1,0,0,0,0,0,1
9486c632c02889e41523c2ec,0,1,0,0,1,0,0,0,0,0,0,1,0,0,1,0
948b2db81fb68691f210fe00,0,1,0,0,1,0,0,0,0,0,0,1,0,0,1,0
9491a5e9e047eee4f04fb5d2,0,0,1,0,0,0,0,1,0,1,0,0,1,0,0,0
94970ab9bd88523ccab0edd4,1,0,0,0,0,0,0,1,0,1,0,0,0,0,1,0
949c61ef2fcdced3e67d6f4c,0,1,0,0,1,0,0,0,0,0,1,0,0,0,0,1
949ce88c961ff33a215fc598,1,0,0,0,0,0,1,0,0,0,0,1,0,1,0,0
949d737a5c05f803d6826179,1,0,0,0,0,1,0,0,0,0,0,1,0,0,1,0
94ae2f0c09c758ea4d587c1e,0,0,0,1,0,1,0,0,1,0,0,0,0,0,1,0
94af69a4d7426d8a0e712b20,0,0,0,1,0,1,0,0,1,0,0,0,0,0,1,0
94bca3d8faac481c8109314e,1,0,0,0,0,0,0,1,0,0,1,0,0,1,0,0
94bde6168874bd52cd70af42,0,0,0,1,0,1,0,0,0,0,1,0,1,0,0,0
94c78b84633d1a7e9ed3484b,0,0,0,1,0,0,1,0,1,0,0,0,0,1,0,0
94c7dcf690138f596a74cb10,0,0,0,1,0,0,1,0,1,0,0,0,0,1,0,0
94ce392d6ff0870e56b085ac,0,1,0,0,0,0,0,1,0,0,1,0,1,0,0,0
94e51a6ada4e619f2219fcac,0,0,1,0,0,1,0,0,0,0,0,1,1,0,0,0
94e66b5c236df33ff81e52e2,1,0,0,0,0,1,0,0,0,0,1,0,0,0,0,1
94e7d3da039c5925f221fb1a,0,0,0,1,0,1,0,0,1,0,0,0,0,0,1,0
94e9d6ae4cbb169f9ee47301,0,0,0,1,0,0,1,0,1,0,0,0,0,1,0,0
94eff4ccb023ceda5f6689d4,0,1,0,0,0,0,1,0,1,0,0,0,0,0,0,1
950237152b8db5c6622490ea,0,1,0,0,0,0,0,1,0,0,1,0,1,0,0,0
951bc5b0d8e60026996e23e3,1,0,0,0,0,0,0,1,0,0,1,0,0,1,0,0
9524b400f2d34eab0d0dd82d,0,0,1,0,0,0,0,1,1,0,0,0,0,1,0,0
9525e2d3bcf83b45bfb86dda,1,0,0,0,0,1,0,0,0,0,1,0,0,0,0,1
9533c4a3c33b012633098b41,0,1,0,0,1,0,0,0,0,0,1,0,0,0,0,1
953e363d1d3a99ecac0aef64,1,0,0,0,0,0,0,1,0,0,1,0,0,1,0,0
954466d76e403b2b140a9dd4,0,0,0,1,0,0,1,0,0,1,0,0,1,0,0,0
954bfe05a81e8c3f3ae773a1,0,0,0,1,1,0,0,0,0,1,0,0,0,0,1,0
955140f3701c5a18696f4986,1,0,0,0,0,0,1,0,0,1,0,0,0,0,0,1
955143581c8c8e6616e743f2,0,0,1,0,0,0,0,1,0,1,0,0,1,0,0,0
9556a8f38c6d6fb1709f9f5f,0,1,0,0,1,0,0,0,0,0,1,0,0,0,0,1
9560f07ff7b624fd6d1aabae,0,0,0,1,1,0,0,0,0,0,1,0,0,1,0,0
9561c06174b04118942b30f5,0,0,1,0,0,0,0,1,0,1,0,0,1,0,0,0
956399a0e69685c7d67d79ad,1,0,0,0,0,1,0,0,0,0,1,0,0,0,0,1
956e0230c021772856f8392f,0,1,0,0,0,0,1,0,1,0,0,0,0,0,0,1
957e5c372d31191707695e76,1,0,0,0,0,1,0,0,0,0,1,0,0,0,0,1
958c231ee2065afe9527ec09,0,1,0,0,0,0,0,1,0,0,1,0,1,0,0,0
959c97ca5753dc6f2d8d4a6b,0,1,0,0,0,0,0,1,1,0,0,0,0,0,1,0
959e094252b4917f466ccf54,1,0,0,0,0,0,1,0,0,1,0,0,0,0,0,1
95a0c7226dc2848387c4545f,0,1,0,0,1,0,0,0,0,0,0,1,0,0,1,0
95ab647a0d8f65b64e6401dc,0,1,0,0,0,0,1,0,1,0,0,0,0,0,0,1
95af260d40a933e614395035,0,0,0,1,0,1,0,0,0,0,1,0,1,0,0,0
95b9dc4f5352e7332bd17818,0,0,1,0,1,0,0,0,0,1,0,0,0,0,0,1
95bd2561424f9ca4d92bfd47,0,0,1,0,0,0,0,1,1,0,0,0,0,1,0,0
95bf22e31b08c54675049568,0,1,0,0,0,0,0,1,1,0,0,0,0,0,1,0
95c14d483ba00c97989654a9,1,0,0,0,0,0,0,1,0,1,0,0,0,0,1,0
95d4cc9ef66b0e2984d6f99b,0,0,0,1,0,1,0,0,1,0,0,0,0,0,1,0
95e6335cfb73f58ef2e1c3bf,0,1,0,0,1,0,0,0,0,0,1,0,0,0,0,1
95f277cbaf5e1b6bf234164a,0,0,0,1,0,0,1,0,0,1,0,0,1,0,0,0
9604e7456f273a42fdd1c96e,0,0,1,0,0,0,0,1,0,1,0,0,1,0,0,0
9612c367564b06b9de8e8ae6,0,0,0,1,1,0,0,0,0,1,0,0,0,0,1,0
9618677603b572435a5f2d15,0,0,0,1,0,0,1,0,1,0,0,0,0,1,0,0
96225fd9204faf8fc31d17f6,0,0,0,1,1,0,0,0,0,0,1,0,0,1,0,0
96229e4410d91fe8734f3fe8,1,0,0,0,0,0,0,1,0,1,0,0,0,0,1,0
96274a8bdaf089c646dc7266,1,0,0,0,0,0,1,0,0,1,0,0,0,0,0,1
963248a2df4538d369f81f88,0,0,1,0,0,1,0,0,1,0,0,0,0,0,0,1
9632e74c50ca365e87bb1088,0,1,0,0,1,0,0,0,0,0,1,0,0,0,0,1
96388de7db3565aca9ce37ec,0,0,0,1,0,1,0,0,1,0,0,0,0,0,1,0
963cc9346db1b00fd3abc8ed,1,0,0,0,0,0,1,0,0,0,0,1,0,1,0,0
963f8adc5696037f07c9abda,0,0,1,0,0,1,0,0,0,0,0,1,1,0,0,0
96419db17e95b52e871643ea,0,0,1,0,0,1,0,0,1,0,0,0,0,0,0,1
9643c5236ca7c925bc4d765c,1,0,0,0,0,1,0,0,0,0,1,0,0,0,0,1
964baeb1297aa1cb4f8eefb0,0,0,0,1,0,1,0,0,0,0,1,0,1,0,0,0
9650afad0cc4eb2f50f7fe30,0,1,0,0,1,0,0,0,0,0,1,0,0,0,0,1
96602f4a6a95eee09cee9b58,0,0,1,0,0,0,0,1,0,1,0,0,1,0,0,0
96648883c0d54a14278c145b,1,0,0,0,0,0,0,1,0,0,1,0,0,1,0,0
96690e3eddf45af8fbde06d8,0,0,1,0,0,0,0,1,1,0,0,0,0,1,0,0
9674d04c59ac85d08e4233f7,0,1,0,0,0,0,0,1,1,0,0,0,0,0,1,0
9679a616ef4ec48664dea3da,0,0,0,1,0,0,1,0,1,0,0,0,0,1,0,0
9690fb3aa51ee73114a2177e,1,0,0,0,0,0,0,1,0,0,1,0,0,1,0,0
96987c0ddc3a07675780b311,0,0,0,1,0,1,0,0,1,0,0,0,0,0,1,0
9698be08161a5f3f465a60ad,0,1,0,0,0,0,1,0,0,0,0,1,1,0,0,0
969bb755cdcd844fcc77d15e,1,0,0,0,0,0,0,1,0,0,1,0,0,1,0,0
969bf4bf81e6c0ba427afb7a,1,0,0,0,0,0,1,0,0,0,0,1,0,1,0,0
96a0606fa8c12900a2f24fc2,0,0,0,1,0,0,1,0,0,1,0,0,1,0,0,0
96a3e471e7f6981adafb54c1,0,0,1,0,0,0,0,1,0,1,0,0,1,0,0,0
96ad63ccb5e9a5e02f0b6d57,0,0,0,1,1,0,0,0,0,0,1,0,0,1,0,0
96b486683533f8ab6398ffc6,0,0,0,1,0,0,1,0,0,1,0,0,1,0,0,0
96b88cf1838ea67d7cf4f045,1,0,0,0,0,1,0,0,0,0,0,1,0,0,1,0
96c01f0ba2e6b9397154d62b,0,0,0,1,0,0,1,0,0,1,0,0,1,0,0,0
96c42429bff04e95d8da2d8d,0,1,0,0,0,0,0,1,0,0,1,0,1,0,0,0
96e3aac6d17a9a1616c2db89,1,0,0,0,0,0,0,1,0,0,1,0,0,1,0,0
96e4f6ae5eef2cbdc7d605b7,1,0,0,0,0,0,0,1,0,0,1,0,0,1,0,0
96e6f02675cee24cc2b6c170,0,0,1,0,0,0,0,1,1,0,0,0,0,1,0,0
96ee950857a9b80a2be16097,0,0,0,1,0,0,1,0,0,1,0,0,1,0,0,0
96fd9e7b5fb7da19ff666f0d,0,1,0,0,0,0,1,0,1,0,0,0,0,0,0,1
9703bf778a2d0fd8107ea232,0,0,1,0,0,0,0,1,1,0,0,0,0,1,0,0
97104755d72372abcb6eecfd,0,0,1,0,1,0,0,0,0,1,0,0,0,0,0,1
971857d540d3a1236d3de25f,0,0,1,0,0,0,0,1,1,0,0,0,0,1,0,0
971dafa6952565448e1cbd38,0,0,0,1,1,0,0,0,0,1,0,0,0,0,1,0
97272d7bf0241e94dfed021f,1,0,0,0,0,0,1,0,0,0,0,1,0,1,0,0
972f8e4d27f2e4a4b6226903,1,0,0,0,0,1,0,0,0,0,0,1,0,0,1,0
973407a9444d0b13d3e3fe24,0,0,1,0,0,1,0,0,1,0,0,0,0,0,0,1
973d97bc134964e19f9ce77f,1,0,0,0,0,0,1,0,0,1,0,0,0,0,0,1
97527ca73b233f253a416c07,1,0,0,0,0,1,0,0,0,0,0,1,0,0,1,0
97546f0a264cc037b9dda906,0,0,0,1,0,0,1,0,0,1,0,0,1,0,0,0
975ce4f52515eb27ada75f63,0,1,0,0,0,0,1,0,1,0,0,0,0,0,0,1
9767e1957c3163f80e3abe1e,0,0,1,0,0,0,0,1,1,0,0,0,0,1,0,0
977eb950d15df3a14880b72e,0,0,0,1,0,0,1,0,1,0,0,0,0,1,0,0
9784e7d1cfb64273c8e47672,0,1,0,0,0,0,0,1,1,0,0,0,0,0,1,0
97900c82bb152a6de780373c,1,0,0,0,0,0,1,0,0,0,0,1,0,1,0,0
9791b787455ee7420f42486d,0,0,1,0,1,0,0,0,0,0,0,1,0,1,0,0
9793ce955b5657d784dfd3a4,1,0,0,0,0,0,0,1,0,0,1,0,0,1,0,0
9794447d8b74ac9e71b66f4f,0,0,0,1,0,0,1,0,0,1,0,0,1,0,0,0
97a4473beaef643e71bfec5a,0,0,1,0,0,0,0,1,0,1,0,0,1,0,0,0
97a44fb07ea7d2dff3435cda,0,1,0,0,1,0,0,0,0,0,1,0,0,0,0,1
97a5b0797340f6b55ef2365e,1,0,0,0,0,1,0,0,0,0,1,0,0,0,0,1
97ad7090aab1e5b58ccad4fd,0,0,0,1,0,1,0,0,1,0,0,0,0,0,1,0
97b8dbaad5fb6458ea861dcb,0,0,0,1,0,1,0,0,1,0,0,0,0,0,1,0
97ba3e95cb8147a2f398e96b,0,0,0,1,0,0,1,0,1,0,0,0,0,1,0,0
97c1dd708e9509ce2c877d1a,0,0,1,0,0,1,0,0,1,0,0,0,0,0,0,1
97cbb6a3fb4f4ac33497d2a7,0,1,0,0,0,0,0,1,1,0,0,0,0,0,1,0
97e4d818dec0b0d7f2c2b9fd,0,0,1,0,0,1,0,0,1,0,0,0,0,0,0,1
97ea165c831a816ff7adbb64,0,1,0,0,0,0,1,0,1,0,0,0,0,0,0,1
98028054fb355282a7fba44f,0,0,0,1,0,0,1,0,1,0,0,0,0,1,0,0
981178898c28f73977874c3a,0,1,0,0,1,0,0,0,0,0,0,1,0,0,1,0
9817a7a61e45ff0900f67f2a,0,1,0,0,0,0,0,1,0,0,1,0,1,0,0,0
981a8490c087e678a32cad79,0,0,0,1,0,0,1,0,1,0,0,0,0,1,0,0
981ce25faafb86604057daf0,1,0,0,0,0,0,0,1,0,1,0,0,0,0,1,0
982081c4167022dab633708b,0,0,0,1,0,1,0,0,1,0,0,0,0,0,1,0
982361eed473f94594a160f1,1,0,0,0,0,1,0,0,0,0,0,1,0,0,1,0
982455ae04f5c5e8ec849596,0,1,0,0,0,0,0,1,1,0,0,0,0,0,1,0
982d678d6f6bb3263d963f92,0,1,0,0,0,0,1,0,0,0,0,1,1,0,0,0
982dc984bfe5fcf168e52351,0,0,1,0,0,0,0,1,1,0,0,0,0,1,0,0
983043b03851377519f6a68b,0,0,0,1,1,0,0,0,0,0,1,0,0,1,0,0
9832cc2fe551967f58f5e1dc,0,0,0,1,1,0,0,0,0,0,1,0,0,1,0,0
9841b2955b712ef0535d1c41,0,0,0,1,0,1,0,0,1,0,0,0,0,0,1,0
9852641ace919b49014a7785,0,0,0,1,0,1,0,0,0,0,1,0,1,0,0,0
9859f9d29744b6bc5347acfc,0,0,1,0,0,1,0,0,0,0,0,1,1,0,0,0
985c304652eef812fe986dff,0,1,0,0,0,0,0,1,1,0,0,0,0,0,1,0
98623bb1ae7076a65768cf88,0,1,0,0,0,0,1,0,1,0,0,0,0,0,0,1
9863d8dd36eb695b13641280,1,0,0,0,0,0,1,0,0,1,0,0,0,0,0,1
98644248ab40293154e17b08,0,0,0,1,0,1,0,0,1,0,0,0,0,0,1,0
98656fffe4f857617bb85465,0,1,0,0,1,0,0,0,0,0,1,0,0,0,0,1
9869afee5957cb77e8ec3169,1,0,0,0,0,1,0,0,0,0,1,0,0,0,0,1
986ac38e4dc4ef3a30b15697,1,0,0,0,0,0,0,1,0,1,0,0,0,0,1,0
986e861df5a99f10d65581fc,0,0,1,0,0,1,0,0,0,0,0,1,1,0,0,0
98735cee6931dc85c4c8b7e6,0,0,0,1,0,0,1,0,1,0,0,0,0,1,0,0
987f2c365f441e4c4c9128a5,0,1,0,0,0,0,0,1,0,0,1,0,1,0,0,0
988949c00f38088474c188d8,1,0,0,0,0,0,0,1,0,0,1,0,0,1,0,0
9899f243b6e6bd194ffde461,1,0,0,0,0,0,1,0,0,0,0,1,0,1,0,0
98a07ad75f423eae4e86a317,0,0,0,1,0,0,1,0,0,1,0,0,1,0,0,0
98a4bd482329cbb384b40acb,0,0,1,0,0,0,0,1,0,1,0,0,1,0,0,0
98a8ba0ae35456eb19701c8b,1,0,0,0,0,1,0,0,0,0,1,0,0,0,0,1
98b4fae731c9969c650ea7cd,0,0,0,1,0,1,0,0,0,0,1,0,1,0,0,0
98b5dfcae309694292af0cc8,0,0,1,0,0,1,0,0,1,0,0,0,0,0,0,1
98b72559934829aaad6e641c,0,0,0,1,0,1,0,0,1,0,0,0,0,0,1,0
98c1bb045c2826b84984d119,1,0,0,0,0,1,0,0,0,0,1,0,0,0,0,1
98cb659d478ee75fafd0cc43,0,0,1,0,1,0,0,0,0,1,0,0,0,0,0,1
98dd971b0778b181ff9ed1ba,0,0,1,0,0,0,0,1,1,0,0,0,0,1,0,0
98dea95f9628563effb7657c,0,0,0,1,0,1,0,0,0,0,1,0,1,0,0,0
98eefb4e7df365e0ace81fd9,1,0,0,0,0,0,0,1,0,1,0,0,0,0,1,0
98facd60c611cb072febd63b,1,0,0,0,0,1,0,0,0,0,1,0,0,0,0,1
990fc62fd6d8e10aa75d3f1a,0,1,0,0,1,0,0,0,0,0,0,1,0,0,1,0
99128fd06f67fc639ccbd683,0,1,0,0,0,0,0,1,0,0,1,0,1,0,0,0
99184c8f221747546ad0f766,0,1,0,0,0,0,0,1,1,0,0,0,0,0,1,0
99233b11b50f308435ff7796,0,0,1,0,1,0,0,0,0,0,0,1,0,1,0,0
992494e8cf0d4ba54a3be904,1,0,0,0,0,1,0,0,0,0,1,0,0,0,0,1
993108320f8c8f1951086844,0,1,0,0,0,0,0,1,1,0,0,0,0,0,1,0
9937e523da8a25b6b4c8b2b5,0,0,1,0,0,1,0,0,1,0,0,0,0,0,0,1
9938ee07362fa9775c81a9ca,0,0,0,1,1,0,0,0,0,1,0,0,0,0,1,0
994c179017693c9b2068bd4f,0,0,1,0,0,1,0,0,0,0,0,1,1,0,0,0
994f7507b7517180bd9c757e,0,0,1,0,1,0,0,0,0,0,0,1,0,1,0,0
994f91ca43dcd477cc012dd9,0,1,0,0,0,0,1,0,0,0,0,1,1,0,0,0
99516ce736bbd6935951732e,0,1,0,0,0,0,0,1,1,0,0,0,0,0,1,0
9951afe13af6709308e61972,0,1,0,0,0,0,1,0,1,0,0,0,0,0,0,1
995b0312549ba4309f728e23,0,0,0,1,1,0,0,0,0,0,1,0,0,1,0,0
99630f0b16555eb351f82f4c,0,0,1,0,0,0,0,1,1,0,0,0,0,1,0,0
9969fab5387fb1b72c4c5fad,1,0,0,0,0,0,1,0,0,0,0,1,0,1,0,0
996d5571ac73ed3316ec0231,0,0,0,1,0,0,1,0,1,0,0,0,0,1,0,0
997e479086b28a76eddc418d,0,0,1,0,1,0,0,0,0,0,0,1,0,1,0,0
9980ba407298541db55430f6,1,0,0,0,0,0,0,1,0,0,1,0,0,1,0,0
9980d9815b9ff2dbe869a912,0,0,1,0,0,0,0,1,0,1,0,0,1,0,0,0
99a38a879ddef30b6fc7fda2,0,0,0,1,0,0,1,0,0,1,0,0,1,0,0,0
99aae5e6421131739a182b51,1,0,0,0,0,1,0,0,0,0,1,0,0,0,0,1
99ac0cdae55510467c91ead9,0,0,0,1,0,0,1,0,1,0,0,0,0,1,0,0
99b2121ab27aa1d12c34f152,1,0,0,0,0,0,0,1,0,1,0,0,0,0,1,0
99b25d4094f39c3386fc78a0,0,0,1,0,0,1,0,0,0,0,0,1,1,0,0,0
99b9f4fe4441b3c89dc2d1e8,1,0,0,0,0,0,1,0,0,1,0,0,0,0,0,1
99c127f09994d4da6dd3aaa5,0,0,1,0,1,0,0,0,0,0,0,1,0,1,0,0
99cce7aa0d3fd43eabf1995f,0,0,0,1,1,0,0,0,0,0,1,0,0,1,0,0
99cefc49713df0f0ba001aaf,0,0,1,0,1,0,0,0,0,1,0,0,0,0,0,1
99dd480efdbb33c5f5b06e5b,0,0,1,0,1,0,0,0,0,1,0,0,0,0,0,1
99ea18227dd2c84d696b380f,1,0,0,0,0,1,0,0,0,0,0,1,0,0,1,0
99ebbf19f5828e7f75cfbc1e,0,1,0,0,0,0,0,1,1,0,0,0,0,0,1,0
99f0824952859fe1ed2c2f32,1,0,0,0,0,0,0,1,0,1,0,0,0,0,1,0
99f10ccfcf5097d085c8d271,1,0,0,0,0,1,0,0,0,0,1,0,0,0,0,1
99faa2265f97c118bae99b76,0,0,1,0,0,1,0,0,1,0,0,0,0,0,0,1
9a06f2f0876412ea1ae62007,0,1,0,0,0,0,1,0,1,0,0,0,0,0,0,1
9a0d85e6febf9600c9548f33,1,0,0,0,0,0,0,1,0,0,1,0,0,1,0,0
9a1c9156cc8af0a8ef827cab,1,0,0,0,0,0,1,0,0,1,0,0,0,0,0,1
9a1fd58bfe6bb33cf2954c4b,0,0,0,1,1,0,0,0,0,1,0,0,0,0,1,0
9a2b8c5d268665cb6c88625d,0,0,1,0,1,0,0,0,0,0,0,1,0,1,0,0
9a3c1862293d973b9f79de5d,0,1,0,0,0,0,1,0,1,0,0,0,0,0,0,1
9a3ccffd5cbef100305f9335,0,0,1,0,1,0,0,0,0,0,0,1,0,1,0,0
9a4351b7190042e4fe9cf3b1,0,0,0,1,0,0,1,0,1,0,0,0,0,1,0,0
9a4d59080b5b26b0bdc68abe,0,0,1,0,0,1,0,0,1,0,0,0,0,0,0,1
9a79ab40fa0bd64fddcb44e2,0,1,0,0,0,0,0,1,0,0,1,0,1,0,0,0
9a7ad192c21c1c7d7c9d264c,1,0,0,0,0,0,0,1,0,1,0,0,0,0,1,0
9a81d3998cd80671d5f11c2e,0,0,1,0,0,0,0,1,1,0,0,0,0,1,0,0
9a84d4ec1ad43f39a04fd207,0,1,0,0,0,0,0,1,1,0,0,0,0,0,1,0
9a8c2915f0d3baee46c60582,0,0,0,1,0,1,0,0,0,0,1,0,1,0,0,0
9a8dc51c03c34c6fad6341d1,0,1,0,0,0,0,1,0,0,0,0,1,1,0,0,0
9a9047b7bac636270fd53eec,1,0,0,0,0,1,0,0,0,0,1,0,0,0,0,1
9a9ab99cd763544541b5bd76,1,0,0,0,0,0,0,1,0,1,0,0,0,0,1,0
9a9d67a8d11e64c54f4536b4,0,1,0,0,0,0,0,1,1,0,0,0,0,0,1,0
9aa80632ced31e6a40252de4,0,0,1,0,0,0,0,1,1,0,0,0,0,1,0,0
9aa8b491245185a4ac839916,0,0,1,0,0,0,0,1,0,1,0,0,1,0,0,0
9ab26732dc9b8f70070825ef,0,1,0,0,1,0,0,0,0,0,1,0,0,0,0,1
9ab67fb989cdbdf184f12ec0,0,1,0,0,0,0,0,1,0,0,1,0,1,0,0,0
9abca0555851e3da197d190b,1,0,0,0,0,0,1,0,0,1,0,0,0,0,0,1
9ac39a656f11e180f8ced3a4,0,0,1,0,0,1,0,0,1,0,0,0,0,0,0,1
9ac692988271aae1bce48882,1,0,0,0,0,1,0,0,0,0,0,1,0,0,1,0
9ad3a4da164aa02551795657,0,1,0,0,0,0,1,0,1,0,0,0,0,0,0,1
9ad760be3e8a1ef6cbd6bcce,0,0,1,0,1,0,0,0,0,0,0,1,0,1,0,0
9ad9bd1e81748f7ca2841a6e,0,0,0,1,0,0,1,0,0,1,0,0,1,0,0,0
9ade8878f5ea6c77cc0aed93,1,0,0,0,0,0,0,1,0,0,1,0,0,1,0,0
9ae1ac437de4c7cf4fcbebd6,0,0,1,0,0,1,0,0,0,0,0,1,1,0,0,0
9ae7245c33b640379b2b03ca,0,1,0,0,0,0,0,1,1,0,0,0,0,0,1,0
9aef556435ef2575143aa732,1,0,0,0,0,0,1,0,0,0,0,1,0,1,0,0
9af203d2937d339abd605bd8,0,0,1,0,1,0,0,0,0,1,0,0,0,0,0,1
9af29e05e884d7b2db900c89,0,0,1,0,0,0,0,1,1,0,0,0,0,1,0,0
9afe68a0bc464d1f8286a480,0,1,0,0,0,0,0,1,1,0,0,0,0,0,1,0
9b0041ef3560ab7351e69286,0,0,0,1,0,0,1,0,0,1,0,0,1,0,0,0
9b01b7cdd9d0454daa58daee,1,0,0,0,0,0,0,1,0,1,0,0,0,0,1,0
9b05d28d796449449f503ffc,0,0,0,1,1,0,0,0,0,1,0,0,0,0,1,0
9b0c5175ec8ac7b3d2f9cd56,1,0,0,0,0,0,0,1,0,0,1,0,0,1,0,0
9b156a074cdfe5517c0595d6,0,0,1,0,0,0,0,1,0,1,0,0,1,0,0,0
9b22970dce2508bca33a3483,0,0,0,1,0,1,0,0,0,0,1,0,1,0,0,0
9b28e4278439e1b0a9f41077,0,0,1,0,0,0,0,1,1,0,0,0,0,1,0,0
9b2f134b1e8bce9eaf64629c,1,0,0,0,0,0,1,0,0,0,0,1,0,1,0,0
9b366fe50521d75a7752dccf,0,0,0,1,1,0,0,0,0,1,0,0,0,0,1,0
9b435a468eaccbdeb161febc,1,0,0,0,0,1,0,0,0,0,0,1,0,0,1,0
9b56b6e4a653b181c1e7a615,0,0,1,0,1,0,0,0,0,1,0,0,0,0,0,1
9b56bc5c60f327c4dc07dcd7,1,0,0,0,0,1,0,0,0,0,0,1,0,0,1,0
9b6731db05740be9f1e4ee29,0,0,1,0,0,0,0,1,0,1,0,0,1,0,0,0
9b6f4b48523579439c21c77a,0,0,1,0,0,1,0,0,1,0,0,0,0,0,0,1
9b7d7990951b2d68fdfc6d72,0,0,1,0,0,1,0,0,0,0,0,1,1,0,0,0
9b8b2876da099b7efb3adbe9,0,0,0,1,0,0,1,0,1,0,0,0,0,1,0,0
9b92696ad1bacdb903bdaf1c,0,0,1,0,0,1,0,0,0,0,0,1,1,0,0,0
9b964c1ad387fa780b53b704,0,1,0,0,0,0,1,0,1,0,0,0,0,0,0,1
9b9e85baa6866dd905be2196,0,0,1,0,0,0,0,1,1,0,0,0,0,1,0,0
9b9f9885aedd0bc663925193,0,0,1,0,0,1,0,0,1,0,0,0,0,0,0,1
9ba8a19b1b40e33487717761,0,0,0,1,0,0,1,0,0,1,0,0,1,0,0,0
9babcf3f637ec90b57b38665,0,0,0,1,0,0,1,0,0,1,0,0,1,0,0,0
9bb92e1584ca6b2c8a0eff01,0,1,0,0,0,0,1,0,0,0,0,1,1,0,0,0
9bbc20cd1a9cc6da87afe11e,0,0,1,0,1,0,0,0,0,1,0,0,0,0,0,1
9bbdb749d76c2057aeb7f940,0,0,0,1,1,0,0,0,0,1,0,0,0,0,1,0
9bc5f197ecb83bee0cdc95cc,0,1,0,0,1,0,0,0,0,0,1,0,0,0,0,1
9bd2c66f5008fa81d6131352,0,1,0,0,0,0,0,1,0,0,1,0,1,0,0,0
9bdb7a6293c8718cddd547af,0,0,1,0,0,0,0,1,1,0,0,0,0,1,0,0
9bde24e7d5dd1c0d19bc3767,0,1,0,0,1,0,0,0,0,0,1,0,0,0,0,1
9be1944f148252f9f676df2e,0,0,0,1,0,0,1,0,1,0,0,0,0,1,0,0
9be2384efc060c2762cc15dd,0,0,1,0,1,0,0,0,0,0,0,1,0,1,0,0
9be53af36df23f0c6921324f,0,0,0,1,0,1,0,0,0,0,1,0,1,0,0,0
9bea12be8dc8c27aa6e0fe1f,1,0,0,0,0,1,0,0,0,0,1,0,0,0,0,1
9bf9c4ceb5f70f8b148828b7,1,0,0,0,0,0,0,1,0,0,1,0,0,1,0,0
9c03b147066e6cd2fffbcfa7,1,0,0,0,0,1,0,0,0,0,1,0,0,0,0,1
9c06fd058f990b10287b3634,0,0,0,1,0,1,0,0,1,0,0,0,0,0,1,0
9c09675a6e589cfdb586778c,0,0,0,1,0,1,0,0,0,0,1,0,1,0,0,0
9c0972663ccb863109f0759d,0,0,0,1,0,1,0,0,0,0,1,0,1,0,0,0
9c09d27e8bc23d70d2f4e633,0,1,0,0,0,0,0,1,1,0,0,0,0,0,1,0
9c107fb677cfcaba635fc973,0,1,0,0,0,0,1,0,1,0,0,0,0,0,0,1
9c1285aa81302514bfe80981,0,0,1,0,1,0,0,0,0,0,0,1,0,1,0,0
9c12a1e237dd1cdfdaa5b87c,0,0,1,0,0,1,0,0,1,0,0,0,0,0,0,1
9c18fe96d410867ab2865808,0,0,0,1,1,0,0,0,0,1,0,0,0,0,1,0
9c1b01315faaab690feabb03,0,0,1,0,1,0,0,0,0,1,0,0,0,0,0,1
9c1e62c96385e17a314bfb9c,0,1,0,0,0,0,0,1,1,0,0,0,0,0,1,0
9c21b1fa4c374c56e448ea59,0,0,1,0,0,0,0,1,1,0,0,0,0,1,0,0
9c26f963dd8792b7a7a81441,0,1,0,0,1,0,0,0,0,0,1,0,0,0,0,1
9c39c214747283ed05f581c0,0,0,0,1,0,0,1,0,0,1,0,0,1,0,0,0
9c3adffe43a6d750bc670a4c,0,0,1,0,1,0,0,0,0,1,0,0,0,0,0,1
9c468a96602bd14577485fde,0,0,0,1,0,1,0,0,1,0,0,0,0,0,1,0
9c4eb3a500002eff7d6939ec,0,0,0,1,1,0,0,0,0,1,0,0,0,0,1,0
9c53fef0ac15050ca58f2c2f,0,0,0,1,0,0,1,0,1,0,0,0,0,1,0,0
9c5434c0a7712cdb844afb58,0,0,1,0,0,0,0,1,1,0,0,0,0,1,0,0
9c5ca745aee5b12923308000,0,0,0,1,0,0,1,0,0,1,0,0,1,0,0,0
9c5dc9ba35149fd2504df361,1,0,0,0,0,0,1,0,0,1,0,0,0,0,0,1
9c5e5525516f02f0c9d5180e,0,0,1,0,0,1,0,0,1,0,0,0,0,0,0,1
9c60c71471389e000ee81bb2,1,0,0,0,0,0,1,0,0,1,0,0,0,0,0,1
9c7e15a4d99a91e2d004c337,0,1,0,0,0,0,1,0,0,0,0,1,1,0,0,0
9c7ef640348463deb8c2e6b1,0,1,0,0,0,0,0,1,0,0,1,0,1,0,0,0
9c8625decc3967dadd4912f2,0,0,0,1,0,1,0,0,1,0,0,0,0,0,1,0
9c89418f906bcd5e71373369,0,0,0,1,0,1,0,0,1,0,0,0,0,0,1,0
9c8abfa148707fdc106ffcfd,0,0,1,0,1,0,0,0,0,1,0,0,0,0,0,1
9c93d2cb594f467c21811de8,0,1,0,0,0,0,0,1,0,0,1,0,1,0,0,0
9c9445edc4985cbfb0304624,1,0,0,0,0,0,0,1,0,1,0,0,0,0,1,0
9c99dba1c834cab8f5be0e95,1,0,0,0,0,0,1,0,0,1,0,0,0,0,0,1
9caf48ee86065dda3c561973,1,0,0,0,0,1,0,0,0,0,0,1,0,0,1,0
9cbdd050362d379fe4536839,0,0,1,0,0,0,0,1,1,0,0,0,0,1,0,0
9cc13c713bcb811c6d7cfab6,1,0,0,0,0,0,0,1,0,1,0,0,0,0,1,0
9cc258cf4145afacc18dea03,0,1,0,0,0,0,0,1,1,0,0,0,0,0,1,0
9cc420f674d02b96fd4d00d3,0,0,1,0,0,0,0,1,1,0,0,0,0,1,0,0
9ccac0091e30f8dc9ce826ac,0,1,0,0,0,0,0,1,0,0,1,0,1,0,0,0
9ccbe3943e8be0584748df7a,0,0,0,1,1,0,0,0,0,0,1,0,0,1,0,0
9ccdda680696881798c5b200,0,1,0,0,0,0,0,1,1,0,0,0,0,0,1,0
9ccea25aa65c586a1cdc9aa2,0,1,0,0,0,0,1,0,0,0,0,1,1,0,0,0
9cd00ee32723e4e2ef7bd5fc,1,0,0,0,0,1,0,0,0,0,0,1,0,0,1,0
9cd0ea7fc676b00b113b3ee8,0,1,0,0,0,0,1,0,0,0,0,1,1,0,0,0
9cd5d074c1702b4f09eaf9ef,0,1,0,0,0,0,1,0,1,0,0,0,0,0,0,1
9cdb3862edf8eba8fb12858e,1,0,0,0,0,1,0,0,0,0,1,0,0,0,0,1
9cdb6d9eea4d244da203cec3,0,1,0,0,1,0,0,0,0,0,0,1,0,0,1,0
9cdf27261952edce6eb5f515,0,0,0,1,1,0,0,0,0,0,1,0,0,1,0,0
9ce6bcf35a9642f6568b6efd,0,1,0,0,0,0,0,1,0,0,1,0,1,0,0,0
9cf7d159851a0b3e78b84ed7,0,0,1,0,0,0,0,1,0,1,0,0,1,0,0,0
9cf9a98d7a2a4a6e7ed8c282,0,0,1,0,0,1,0,0,0,0,0,1,1,0,0,0
9cfe1e6e8b5e6cf1d5489750,1,0,0,0,0,1,0,0,0,0,1,0,0,0,0,1
9d0027afd7bcc524959b3971,1,0,0,0,0,0,1,0,0,0,0,1,0,1,0,0
9d09fc4b18ad27e422a4086e,1,0,0,0,0,1,0,0,0,0,1,0,0,0,0,1
9d0b8908a3d4ddf45baf5b24,0,1,0,0,1,0,0,0,0,0,1,0,0,0,0,1
9d208ac88608421b795b0779,0,0,0,1,0,0,1,0,1,0,0,0,0,1,0,0
9d2c94e275dd517909777dbc,0,0,0,1,0,0,1,0,0,1,0,0,1,0,0,0
9d36fd0e2e3f8762998d9e10,0,0,1,0,1,0,0,0,0,0,0,1,0,1,0,0
9d45452e8b5eb38d5d4fd6bd,0,1,0,0,0,0,1,0,0,0,0,1,1,0,0,0
9d4f8dd06fe43fd1d0b6d97a,0,0,1,0,0,0,0,1,0,1,0,0,1,0,0,0
9d50e6fd54fe220875d8e24d,1,0,0,0,0,0,1,0,0,1,0,0,0,0,0,1
9d5f478e18de451fa96f7b8a,1,0,0,0,0,0,0,1,0,1,0,0,0,0,1,0
9d6affe41a2af66317af7beb,0,1,0,0,1,0,0,0,0,0,1,0,0,0,0,1
9d75d465f1b2d54178e418a7,0,0,1,0,0,0,0,1,1,0,0,0,0,1,0,0
9d828f82f0e92235c941081b,0,0,0,1,1,0,0,0,0,1,0,0,0,0,1,0
9d8945da5fe196da075a298e,0,0,0,1,1,0,0,0,0,1,0,0,0,0,1,0
9d8d8d9062b4b26556fe69f5,1,0,0,0,0,0,1,0,0,0,0,1,0,1,0,0
9d8daa523a8b866140ecc4ec,0,0,0,1,0,1,0,0,0,0,1,0,1,0,0,0
9d94d38fc80c6f81a29c6e33,0,0,0,1,0,0,1,0,0,1,0,0,1,0,0,0
9d9b06dc8b64e70644532e11,0,1,0,0,1,0,0,0,0,0,0,1,0,0,1,0
9d9b49fadd7cf4b37486e900,1,0,0,0,0,0,1,0,0,0,0,1,0,1,0,0
9da6fd65c67a2f5df749dc24,1,0,0,0,0,1,0,0,0,0,0,1,0,0,1,0
9daeb9555403ad94211c2daa,0,0,1,0,0,1,0,0,1,0,0,0,0,0,0,1
9dcb27e9bf64468a6a1cbd4a,0,0,1,0,0,0,0,1,1,0,0,0,0,1,0,0
9dcc6d2456261ddf06b11de4,0,0,1,0,0,1,0,0,0,0,0,1,1,0,0,0
9dda91412825aebacd2874ef,0,0,0,1,0,1,0,0,1,0,0,0,0,0,1,0
9de6654aaef4caa938d3d332,0,0,0,1,1,0,0,0,0,0,1,0,0,1,0,0
9e000d5e64ca2a20d4e59cfc,1,0,0,0,0,0,1,0,0,1,0,0,0,0,0,1
9e0b1077dcdbf14e4a51160d,1,0,0,0,0,0,1,0,0,0,0,1,0,1,0,0
9e0ebae1c4c4d0f80eb06f6c,0,0,1,0,0,1,0,0,1,0,0,0,0,0,0,1
9e16dbec32f2a9e05183e1c5,0,1,0,0,0,0,0,1,1,0,0,0,0,0,1,0
9e185cbb29b63f0eb49baeb4,0,0,0,1,0,0,1,0,1,0,0,0,0,1,0,0
9e2007cd8dfcf82f9706021a,0,1,0,0,0,0,0,1,0,0,1,0,1,0,0,0
9e222febb070fd75a44de29e,0,0,0,1,0,0,1,0,1,0,0,0,0,1,0,0
9e2b9598aa2edbe72c4609c7,0,1,0,0,1,0,0,0,0,0,1,0,0,0,0,1
9e2c513a1c164bf3a0776de5,1,0,0,0,0,1,0,0,0,0,0,1,0,0,1,0
9e55f77b8cb296d528a9b56c,1,0,0,0,0,0,1,0,0,0,0,1,0,1,0,0
9e55fd4c0ba9c855220ae46f,0,1,0,0,0,0,1,0,0,0,0,1,1,0,0,0
9e5b1f76a04b541a46a68ec9,0,0,0,1,0,1,0,0,0,0,1,0,1,0,0,0
9e601ced9531a8f79e1f5063,1,0,0,0,0,1,0,0,0,0,1,0,0,0,0,1
9e60a846b87145cc8e10cb58,0,0,1,0,0,1,0,0,1,0,0,0,0,0,0,1
9e670c2bfb6cf0e507d1c5f2,0,0,1,0,0,1,0,0,0,0,0,1,1,0,0,0
9e6fc7ca6a2d8de8541f9e11,0,1,0,0,0,0,1,0,0,0,0,1,1,0,0,0
9e7be8f10785d602d411a98f,0,0,0,1,0,1,0,0,1,0,0,0,0,0,1,0
9e82516326de8d84930482e2,0,0,1,0,1,0,0,0,0,1,0,0,0,0,0,1
9e82bf011b3e5719aaa8a688,0,0,0,1,0,0,1,0,0,1,0,0,1,0,0,0
9e82dba2cdd0dde61b0fd52e,1,0,0,0,0,1,0,0,0,0,1,0,0,0,0,1
9e876d8632292897d40d54a0,0,0,1,0,1,0,0,0,0,1,0,0,0,0,0,1
9e895485b7f2bcbc6f447b3b,0,1,0,0,0,0,1,0,0,0,0,1,1,0,0,0
9e8a6d4611457c2ab98ee6b7,0,0,0,1,1,0,0,0,0,0,1,0,0,1,0,0
9e98d5b3a5cc570d4cf05489,0,0,1,0,0,1,0,0,1,0,0,0,0,0,0,1
9e99d7ec10030301a6329e1b,0,0,0,1,0,1,0,0,1,0,0,0,0,0,1,0
9e9c0480737037435856493f,0,0,1,0,0,1,0,0,0,0,0,1,1,0,0,0
9ea54e9bcd0e5575557337ed,0,0,0,1,1,0,0,0,0,1,0,0,0,0,1,0
9eac378b5ac16a713c6344d5,0,1,0,0,0,0,1,0,0,0,0,1,1,0,0,0
9eac6368dce24b6810c521b7,0,1,0,0,0,0,1,0,1,0,0,0,0,0,0,1
9ebbbbf90faf396b6fa2a6c4,0,0,0,1,0,0,1,0,1,0,0,0,0,1,0,0
9ed165b9d8eb9e739e0b084d,1,0,0,0,0,0,1,0,0,1,0,0,0,0,0,1
9ed2572f73abb1e64fddaa5f,0,1,0,0,1,0,0,0,0,0,1,0,0,0,0,1
9ed96a615890e54f8763f5d5,0,0,0,1,0,1,0,0,0,0,1,0,1,0,0,0
9edbbe49364d8732195d59ad,0,0,0,1,0,1,0,0,1,0,0,0,0,0,1,0
9edd6a7b1a4bd05b56cb7ed1,0,1,0,0,1,0,0,0,0,0,0,1,0,0,1,0
9ee498d4ed4e6d3926632c62,0,0,1,0,0,0,0,1,0,1,0,0,1,0,0,0
9ee5b1f2aee5986114402a84,0,0,0,1,1,0,0,0,0,0,1,0,0,1,0,0
9ee68e8f2f912b1d41cad77d,0,0,1,0,1,0,0,0,0,1,0,0,0,0,0,1
9eea10c1eb5a65c545e1712d,0,0,1,0,1,0,0,0,0,0,0,1,0,1,0,0
9eebca7534c5f42cd2666fe9,0,0,1,0,1,0,0,0,0,1,0,0,0,0,0,1
9eee3aae011af66bd1fb8531,0,0,0,1,0,0,1,0,0,1,0,0,1,0,0,0
9efd3b25b40fafc93d4f6e13,0,1,0,0,1,0,0,0,0,0,0,1,0,0,1,0
9f04aba8fabb097db01d987b,1,0,0,0,0,1,0,0,0,0,1,0,0,0,0,1
9f04ac8ce850c11c22771656,0,1,0,0,0,0,1,0,0,0,0,1,1,0,0,0
9f04fd47f025ccc321759d4e,0,1,0,0,0,0,1,0,0,0,0,1,1,0,0,0
9f0c5a23ccf40a90fd3d8684,0,0,0,1,1,0,0,0,0,0,1,0,0,1,0,0
9f11aab8f3ba6e63d95f91f1,0,1,0,0,1,0,0,0,0,0,0,1,0,0,1,0
9f2d18a86136dfbabe6844a9,0,0,1,0,0,1,0,0,0,0,0,1,1,0,0,0
9f34c75be94c5e827d2a3c09,0,0,1,0,1,0,0,0,0,1,0,0,0,0,0,1
9f4813b88f18f4e4140b7d9a,1,0,0,0,0,0,0,1,0,1,0,0,0,0,1,0
9f4d88a54a931d87b6cb2442,1,0,0,0,0,0,0,1,0,1,0,0,0,0,1,0
9f5202f5647995cb3fdd1e3a,1,0,0,0,0,0,1,0,0,0,0,1,0,1,0,0
9f567df22d3777e728ee766f,0,0,1,0,0,1,0,0,1,0,0,0,0,0,0,1
9f5cb762542b841577ea12df,0,0,0,1,1,0,0,0,0,0,1,0,0,1,0,0
9f621fbe13cd49fd79235d00,0,1,0,0,0,0,0,1,0,0,1,0,1,0,0,0
9f62f3eef92c6413f4f77652,0,0,1,0,1,0,0,0,0,0,0,1,0,1,0,0
9f6cae0201385dd9ab30bbac,0,0,1,0,1,0,0,0,0,1,0,0,0,0,0,1
9f6fead9c3ccf6310fc7cac1,0,0,1,0,1,0,0,0,0,1,0,0,0,0,0,1
9f761508737e73f352692686,0,1,0,0,0,0,1,0,1,0,0,0,0,0,0,1
9f814e101be315098b9254a8,0,0,0,1,1,0,0,0,0,1,0,0,0,0,1,0
9f84dc53c1c910488cbaf4f9,0,0,0,1,0,0,1,0,1,0,0,0,0,1,0,0
9f8943561f7ac134c2879f95,0,0,0,1,0,0,1,0,0,1,0,0,1,0,0,0
9f897253e7338d8e694eaac1,1,0,0,0,0,0,0,1,0,1,0,0,0,0,1,0
9f974d8fb0d7bedf2bfe102e,0,0,0,1,0,0,1,0,1,0,0,0,0,1,0,0
9fa83ee762b39d1ff2186d98,1,0,0,0,0,0,1,0,0,1,0,0,0,0,0,1
9fa88981b2cd98d3540a2533,0,0,1,0,1,0,0,0,0,1,0,0,0,0,0,1
9fafd8c9294f40231c933305,1,0,0,0,0,1,0,0,0,0,1,0,0,0,0,1
9fafea62f5232631f0f99f3b,0,0,1,0,0,1,0,0,0,0,0,1,1,0,0,0
9fb078f3e93ead5181d9ee59,1,0,0,0,0,0,1,0,0,0,0,1,0,1,0,0
9fb59d36e4f284adbaa2b302,0,1,0,0,1,0,0,0,0,0,1,0,0,0,0,1
9fba0879a390bd2e03bd5f81,0,0,0,1,0,1,0,0,0,0,1,0,1,0,0,0
9fc23ca96b86ceb54f50fa11,0,1,0,0,1,0,0,0,0,0,1,0,0,0,0,1
9fc5efd8ee97e13c022df7d1,0,0,0,1,0,1,0,0,0,0,1,0,1,0,0,0
9fcff1801a318c31141b750d,1,0,0,0,0,1,0,0,0,0,1,0,0,0,0,1
9fd63b51e0cd53b3f8b6d6fe,0,0,0,1,0,1,0,0,1,0,0,0,0,0,1,0
9fd84f58e259bc2cedf31067,0,0,0,1,0,1,0,0,1,0,0,0,0,0,1,0
9fdb4c000b19df87a46a5ff8,1,0,0,0,0,1,0,0,0,0,0,1,0,0,1,0
9fdf6597e45b5853dfb6ca48,0,1,0,0,0,0,0,1,0,0,1,0,1,0,0,0
9fe267022440c053f27dedbd,0,1,0,0,0,0,1,0,1,0,0,0,0,0,0,1
9fe9e801a513cdfb690df1a6,0,0,1,0,1,0,0,0,0,1,0,0,0,0,0,1
9fee91ff282f0a24dfba6d25,0,1,0,0,1,0,0,0,0,0,0,1,0,0,1,0
9ffa702fb1704642fb616360,1,0,0,0,0,0,1,0,0,1,0,0,0,0,0,1
9ffce8260c0961749a6f384c,0,0,1,0,0,0,0,1,1,0,0,0,0,1,0,0
a005aceff3416bc97a9e38fc,0,0,0,1,1,0,0,0,0,1,0,0,0,0,1,0
a00f34cce8cd8fd7c80a8f66,0,0,0,1,1,0,0,0,0,0,1,0,0,1,0,0
a0106e521559f2d1572ce52a,0,0,1,0,0,1,0,0,1,0,0,0,0,0,0,1
a01179f605f8bf53087ce597,0,0,0,1,1,0,0,0,0,0,1,0,0,1,0,0
a0196ba8df72d821430ab9f7,1,0,0,0,0,0,0,1,0,1,0,0,0,0,1,0
a01f6c455333b949a0536dd4,0,0,1,0,0,0,0,1,1,0,0,0,0,1,0,0
a021fa5dadb04475a90543b0,0,0,1,0,0,0,0,1,0,1,0,0,1,0,0,0
a023b83133d7077912376a45,0,1,0,0,1,0,0,0,0,0,0,1,0,0,1,0
a0305708234537f84e891719,0,0,1,0,1,0,0,0,0,0,0,1,0,1,0,0
a03488314875e609eecd62a4,0,1,0,0,0,0,1,0,0,0,0,1,1,0,0,0
a0349522d0521900bf8cfe30,1,0,0,0,0,0,1,0,0,0,0,1,0,1,0,0
a036325066055ba68bd7f42d,0,0,0,1,0,1,0,0,1,0,0,0,0,0,1,0
a039689efec191043b1ec306,0,1,0,0,1,0,0,0,0,0,0,1,0,0,1,0
a03c601a8295d300427cb7ad,0,0,1,0,0,1,0,0,1,0,0,0,0,0,0,1
a03ea2e67883f84d306dbf88,0,0,1,0,1,0,0,0,0,1,0,0,0,0,0,1
a0450408d36e02c06562d68a,0,0,1,0,0,1,0,0,1,0,0,0,0,0,0,1
a050e94014ef5fe0d51a86e9,0,0,0,1,0,1,0,0,0,0,1,0,1,0,0,0
a051880eb01eef99b41ab3dd,1,0,0,0,0,0,1,0,0,0,0,1,0,1,0,0
a052d41111a5429e1f04a6ff,0,1,0,0,1,0,0,0,0,0,1,0,0,0,0,1
a057239bafadc3da06de300d,0,0,1,0,0,1,0,0,1,0,0,0,0,0,0,1
a05fd4c16ff4622c47861626,0,0,0,1,0,0,1,0,1,0,0,0,0,1,0,0
a06d76ca56f25a764f611ade,1,0,0,0,0,1,0,0,0,0,1,0,0,0,0,1
a06e15053abf6800c82d7997,0,1,0,0,0,0,0,1,1,0,0,0,0,0,1,0
a06f016a5b7b064eb6fde73c,0,0,0,1,0,0,1,0,1,0,0,0,0,1,0,0
a070c3f1def8dd3415308ed1,0,0,1,0,0,1,0,0,1,0,0,0,0,0,0,1
a07a7964d5e1c7d80dde97d5,0,0,1,0,0,0,0,1,1,0,0,0,0,1,0,0
a08448f3530dff0a84a9f31d,0,1,0,0,0,0,0,1,0,0,1,0,1,0,0,0
a092ec28019948837e8271e1,0,1,0,0,0,0,1,0,1,0,0,0,0,0,0,1
a098e5aa70a29268a59a9492,0,1,0,0,0,0,0,1,1,0,0,0,0,0,1,0
a099ee82ac417373cd821e4d,0,0,0,1,1,0,0,0,0,1,0,0,0,0,1,0
a0ac874a1bb89599a3e19e57,0,1,0,0,0,0,0,1,1,0,0,0,0,0,1,0
a0adef489e60c91374e98c31,0,0,0,1,0,0,1,0,0,1,0,0,1,0,0,0
a0b55e6789d8698ec329cedb,0,1,0,0,0,0,1,0,0,0,0,1,1,0,0,0
a0b910b17c8b9cc56af6e0f7,0,1,0,0,1,0,0,0,0,0,0,1,0,0,1,0
a0bb7c98a35f64abdb32126e,0,0,0,1,0,1,0,0,0,0,1,0,1,0,0,0
a0c33d5a1b45cee501b491bf,0,0,1,0,0,1,0,0,1,0,0,0,0,0,0,1
a0ce7b563bac004c7eb63431,1,0,0,0,0,0,1,0,0,0,0,1,0,1,0,0
a0dec85d71eec4f2aa365899,0,1,0,0,1,0,0,0,0,0,0,1,0,0,1,0
a0ed0a3dc052204aff42113c,0,1,0,0,0,0,1,0,1,0,0,0,0,0,0,1
a0f61e69b53648122152ac4b,0,1,0,0,0,0,1,0,0,0,0,1,1,0,0,0
a0f7e763da398bdca529b93b,1,0,0,0,0,1,0,0,0,0,0,1,0,0,1,0
a0f7f37759fc807dd85ec53e,0,0,1,0,1,0,0,0,0,1,0,0,0,0,0,1
a0fcd3996d717a28beb946f1,0,0,0,1,0,0,1,0,1,0,0,0,0,1,0,0
a11d70b3526f96c84e05429f,0,0,0,1,1,0,0,0,0,0,1,0,0,1,0,0
a1208a880f3b0feb7ed38881,0,0,0,1,0,0,1,0,1,0,0,0,0,1,0,0
a121b1480a1d7766863b06b9,0,1,0,0,0,0,1,0,0,0,0,1,1,0,0,0
a133f4c4c12021c89b40b5dc,0,0,0,1,0,1,0,0,1,0,0,0,0,0,1,0
a137c47a6fbd8010514ce2df,0,1,0,0,1,0,0,0,0,0,1,0,0,0,0,1
a13ca0a41a6141d19cb677de,0,0,1,0,1,0,0,0,0,1,0,0,0,0,0,1
a144fc18e547c27724b6b736,0,0,1,0,0,0,0,1,0,1,0,0,1,0,0,0
a14536e64610526990fd5dde,1,0,0,0,0,0,1,0,0,1,0,0,0,0,0,1
a14772e61e4e002672309236,0,0,0,1,0,1,0,0,1,0,0,0,0,0,1,0
a14e18742b0463534a882bcd,0,0,1,0,0,1,0,0,1,0,0,0,0,0,0,1
a151d26864890917c05cc3ea,0,0,1,0,1,0,0,0,0,1,0,0,0,0,0,1
a15491382bf76827fe90f099,1,0,0,0,0,1,0,0,0,0,1,0,0,0,0,1
a15aae2504c0b4d024518a24,0,1,0,0,1,0,0,0,0,0,0,1,0,0,1,0
a169bebf9fe7d733d18cb1e2,1,0,0,0,0,0,1,0,0,0,0,1,0,1,0,0
a1774b6c9518780d6d390c85,0,0,1,0,0,0,0,1,0,1,0,0,1,0,0,0
a17a1a286f2d1f02d5d8bbe6,1,0,0,0,0,0,0,1,0,1,0,0,0,0,1,0
a17a9cdc21426209e0f1099a,1,0,0,0,0,0,0,1,0,1,0,0,0,0,1,0
a17aa53ce71af6651ebce2e5,1,0,0,0,0,0,1,0,0,0,0,1,0,1,0,0
a17fbf19a78c9d7f9674f783,0,0,1,0,0,1,0,0,1,0,0,0,0,0,0,1
a17ff6466cf166150fea34f8,1,0,0,0,0,0,0,1,0,0,1,0,0,1,0,0
a1861c6e27cf48a0ebad56e4,0,1,0,0,0,0,1,0,1,0,0,0,0,0,0,1
a189627e7ba90195899cf852,0,0,1,0,0,0,0,1,0,1,0,0,1,0,0,0
a19ff7470bdff3d264a24ec2,0,0,1,0,0,1,0,0,1,0,0,0,0,0,0,1
a1a72e8214e2e4401316c0cf,0,0,0,1,0,0,1,0,0,1,0,0,1,0,0,0
a1bd897c832fd1eb3efd4a64,0,1,0,0,0,0,1,0,1,0,0,0,0,0,0,1
a1c40429a1df77bcbfbf24da,1,0,0,0,0,1,0,0,0,0,0,1,0,0,1,0
a1c4a9594c7243d8ac2d2f96,1,0,0,0,0,0,1,0,0,1,0,0,0,0,0,1
a1c88f41589bc230aa88de0c,0,0,1,0,0,0,0,1,1,0,0,0,0,1,0,0
a1ca41178b58caa458940502,0,0,1,0,1,0,0,0,0,0,0,1,0,1,0,0
a1cbc1f2e9acf01945829c83,0,0,1,0,1,0,0,0,0,0,0,1,0,1,0,0
a1cd7f86740c2ace1fbf2b6c,0,0,0,1,0,1,0,0,0,0,1,0,1,0,0,0
a1d5dde7bd1e7442128752e3,1,0,0,0,0,1,0,0,0,0,1,0,0,0,0,1
a1d98f6d862bed672d0125b0,0,0,1,0,1,0,0,0,0,0,0,1,0,1,0,0
a1ec46a355479bda9e2e2e9b,0,0,1,0,0,1,0,0,0,0,0,1,1,0,0,0
a1f30aa5b07a3c5254c73031,0,1,0,0,0,0,0,1,0,0,1,0,1,0,0,0
a1fcc8f47e642585b329f03d,0,0,1,0,0,0,0,1,0,1,0,0,1,0,0,0
a20d0d7844c10a6052358257,1,0,0,0,0,0,1,0,0,0,0,1,0,1,0,0
a214d46903580fe22c4f821f,1,0,0,0,0,0,0,1,0,1,0,0,0,0,1,0
a21d26fd7189d2f4fad0088c,0,0,1,0,0,1,0,0,1,0,0,0,0,0,0,1
a227dcc4cff597fe9d025442,1,0,0,0,0,1,0,0,0,0,1,0,0,0,0,1
a2283975dcb61ca908b48a43,0,1,0,0,0,0,0,1,1,0,0,0,0,0,1,0
a230db60d757c423a6441e44,0,1,0,0,1,0,0,0,0,0,0,1,0,0,1,0
a232a28bd76d13f54a14bfed,0,0,0,1,0,0,1,0,0,1,0,0,1,0,0,0
a233ec15fdcad01615553347,1,0,0,0,0,1,0,0,0,0,1,0,0,0,0,1
a2416acd84c2dd17d1ee879b,0,1,0,0,0,0,0,1,0,0,1,0,1,0,0,0
a24f9ba0dd4453f97bcdc53d,0,1,0,0,0,0,0,1,1,0,0,0,0,0,1,0
a2511216fdc6175ebeaf6108,0,0,1,0,1,0,0,0,0,1,0,0,0,0,0,1
a25a2b5d4bba8b5079bfcfa7,0,1,0,0,1,0,0,0,0,0,1,0,0,0,0,1
a25e856d51eca42c8b4aa3cd,0,0,0,1,0,0,1,0,1,0,0,0,0,1,0,0
a26419aa594e366edd8a0ca0,0,0,0,1,1,0,0,0,0,0,1,0,0,1,0,0
a2690a9da1442e48b606fc0c,0,0,0,1,1,0,0,0,0,1,0,0,0,0,1,0
a26af1e5283415d0f43954bc,0,0,0,1,0,0,1,0,0,1,0,0,1,0,0,0
a26cd54c9c41a1fa7ee0120e,1,0,0,0,0,1,0,0,0,0,0,1,0,0,1,0
a27191a4c9978de8d1767d2f,1,0,0,0,0,0,0,1,0,1,0,0,0,0,1,0
a2761f6e5bb024b189f84022,1,0,0,0,0,0,0,1,0,1,0,0,0,0,1,0
a27b718671a929da59e4ca56,0,0,1,0,0,0,0,1,0,1,0,0,1,0,0,0
a280b7b545d0d6fee9f4a484,0,0,1,0,0,0,0,1,0,1,0,0,1,0,0,0
a2895cc4cbc985d07199b88b,0,0,0,1,1,0,0,0,0,0,1,0,0,1,0,0
a28e284800751ed92e060e69,0,0,0,1,0,1,0,0,0,0,1,0,1,0,0,0
a29d8cd20f335340f5aaee5e,1,0,0,0,0,0,0,1,0,0,1,0,0,1,0,0
a29e4391a55ac435856c18fe,0,0,1,0,1,0,0,0,0,1,0,0,0,0,0,1
a29ea9dfe8a0ef2291c35152,0,0,0,1,0,0,1,0,1,0,0,0,0,1,0,0
a2b63c119af9fedf1fb5b70e,0,0,1,0,0,0,0,1,0,1,0,0,1,0,0,0
a2bbebcdd6c0e404e816e72b,0,0,1,0,1,0,0,0,0,0,0,1,0,1,0,0
a2bcffbb5fce23493fb45ac8,0,0,0,1,0,0,1,0,1,0,0,0,0,1,0,0
a2d578f446b6980b5f2fce76,0,0,0,1,0,0,1,0,0,1,0,0,1,0,0,0
a2deac3d7a84329a230a00ee,0,0,0,1,0,1,0,0,0,0,1,0,1,0,0,0
a2e847acaa79a4c2b23b7ad7,1,0,0,0,0,0,0,1,0,0,1,0,0,1,0,0
a2e98295f647e9d10a81cf1a,0,0,0,1,0,0,1,0,0,1,0,0,1,0,0,0
a2ee8dd6b040b29aa7c58baa,0,0,0,1,1,0,0,0,0,1,0,0,0,0,1,0
a2f0aefe2aecf84724fcbe17,1,0,0,0,0,1,0,0,0,0,0,1,0,0,1,0
a2f1c10380cbfaa5d7365727,1,0,0,0,0,0,1,0,0,1,0,0,0,0,0,1
a2fc0f2a9c0e277821ad79fb,1,0,0,0,0,1,0,0,0,0,0,1,0,0,1,0
a3062842e2d968797a89c731,0,1,0,0,1,0,0,0,0,0,0,1,0,0,1,0
a3090930a28cc6a94d5a0358,0,1,0,0,1,0,0,0,0,0,1,0,0,0,0,1
a30ed6877c10c52ad5cf7cbe,1,0,0,0,0,1,0,0,0,0,0,1,0,0,1,0
a311d37ef9ba7b57afca3ed6,1,0,0,0,0,1,0,0,0,0,1,0,0,0,0,1
a312a9dc1d8d4aa3c357bd1e,1,0,0,0,0,1,0,0,0,0,1,0,0,0,0,1
a31449020dd97f0255f01596,1,0,0,0,0,0,1,0,0,1,0,0,0,0,0,1
a31dcb246193c3d1ff3b66d3,0,0,1,0,1,0,0,0,0,1,0,0,0,0,0,1
a32591a06869d8d6c9802917,0,0,0,1,1,0,0,0,0,1,0,0,0,0,1,0
a32d3728d5a9db207580e9b1,0,0,0,1,0,0,1,0,0,1,0,0,1,0,0,0
a32fe3c6f074590b511a7fa9,0,0,0,1,0,1,0,0,1,0,0,0,0,0,1,0
a33076b18ee7acea58063cb9,0,1,0,0,0,0,1,0,0,0,0,1,1,0,0,0
a335722b86370271e452b964,0,0,1,0,0,0,0,1,1,0,0,0,0,1,0,0
a337120d991d5b0acf9a0015,0,1,0,0,0,0,1,0,1,0,0,0,0,0,0,1
a341157eccc9661c9e68cdfe,0,0,1,0,0,0,0,1,1,0,0,0,0,1,0,0
a3415d44d52b7763dd62ac33,0,0,0,1,0,0,1,0,0,1,0,0,1,0,0,0
a34612437ffbc4cc70c3d0d0,1,0,0,0,0,0,1,0,0,0,0,1,0,1,0,0
a34d15b2d88d6d3488ea0d93,1,0,0,0,0,1,0,0,0,0,1,0,0,0,0,1
a35488e0c7259f6b78bf1285,1,0,0,0,0,0,0,1,0,1,0,0,0,0,1,0
a36da61c2d836af0b3fc9492,0,1,0,0,0,0,0,1,1,0,0,0,0,0,1,0
a375c2d4bb8e96748c098ab2,1,0,0,0,0,0,0,1,0,0,1,0,0,1,0,0
a378134df356674844184bcc,1,0,0,0,0,0,1,0,0,1,0,0,0,0,0,1
a37844e117758505028267d2,1,0,0,0,0,0,1,0,0,0,0,1,0,1,0,0
a37894a02a66b22ae73c9de3,1,0,0,0,0,1,0,0,0,0,1,0,0,0,0,1
a37b60d7029215002d5f2821,0,1,0,0,1,0,0,0,0,0,0,1,0,0,1,0
a37e2a70d7a7e8c1703b4abf,0,1,0,0,0,0,1,0,0,0,0,1,1,0,0,0
a37eaaa1a4fbade7dfb9d914,0,0,0,1,0,1,0,0,1,0,0,0,0,0,1,0
a380876902db4246bd86f36b,0,0,0,1,0,0,1,0,0,1,0,0,1,0,0,0
a383a4d1138af8862c000a74,1,0,0,0,0,1,0,0,0,0,0,1,0,0,1,0
a38e248a79ccd8e7b1d20598,0,0,1,0,0,1,0,0,1,0,0,0,0,0,0,1
a38f446e73c5b76bfae26f43,0,0,1,0,0,0,0,1,1,0,0,0,0,1,0,0
a397bf06c6b57e67a1ebe4cb,1,0,0,0,0,0,0,1,0,0,1,0,0,1,0,0
a39ff75bd88bf833cdec9eb0,0,0,1,0,1,0,0,0,0,1,0,0,0,0,0,1
a3a66b82fd74bf7fbbe0010b,0,1,0,0,0,0,1,0,1,0,0,0,0,0,0,1
a3ac2d55afdbd5023975f8c3,0,0,0,1,0,1,0,0,0,0,1,0,1,0,0,0
a3acd173a492b89f1eb3acd9,0,0,0,1,1,0,0,0,0,0,1,0,0,1,0,0
a3b2932c626fe966be6b7959,1,0,0,0,0,1,0,0,0,0,1,0,0,0,0,1
a3befb2dbc48a32ffe84ab66,0,0,1,0,1,0,0,0,0,1,0,0,0,0,0,1
a3c6fa6b704d3ebe4454c611,0,1,0,0,0,0,0,1,0,0,1,0,1,0,0,0
a3ca2397a50e68614f7c03a9,0,0,1,0,1,0,0,0,0,1,0,0,0,0,0,1
a3ca836c0de6bf20bcfe6613,0,0,1,0,1,0,0,0,0,1,0,0,0,0,0,1
a3cf037cedba2513d3cdce45,0,1,0,0,0,0,0,1,1,0,0,0,0,0,1,0
a3d310d960bc8a2765866ced,0,1,0,0,0,0,1,0,0,0,0,1,1,0,0,0
a3d77d31aca3df9c334da942,0,0,1,0,0,0,0,1,0,1,0,0,1,0,0,0
a3e196bb86d2c37d34e15a4b,0,0,1,0,0,0,0,1,1,0,0,0,0,1,0,0
a3e70807ab6174b25992e8ec,0,0,0,1,0,1,0,0,0,0,1,0,1,0,0,0
a3ed649c3a3033e2e26d0b5b,0,0,1,0,0,1,0,0,1,0,0,0,0,0,0,1
a3f6a44528b10767aa2fb4cc,0,0,0,1,0,1,0,0,1,0,0,0,0,0,1,0
a3fb839ddcc241672b4c7f8b,0,1,0,0,1,0,0,0,0,0,1,0,0,0,0,1
a4037a941dcf0778e846f0ff,0,0,1,0,0,1,0,0,1,0,0,0,0,0,0,1
a40642fce104c96b8dd88bb6,0,1,0,0,0,0,0,1,0,0,1,0,1,0,0,0
a40962a1b82a189b659ca4bf,0,1,0,0,1,0,0,0,0,0,0,1,0,0,1,0
a40e3ecd069a0ac023d41d0f,0,0,0,1,0,1,0,0,0,0,1,0,1,0,0,0
a413c3fe03a96ec57909b020,0,0,1,0,1,0,0,0,0,0,0,1,0,1,0,0
a4148b672d4404150e7300f1,0,1,0,0,1,0,0,0,0,0,0,1,0,0,1,0
a4241d865920b9cd93196950,0,1,0,0,1,0,0,0,0,0,1,0,0,0,0,1
a4246aff611d00ad21afc27d,0,0,1,0,1,0,0,0,0,0,0,1,0,1,0,0
a42f9d33a2faa9681587de53,0,1,0,0,0,0,1,0,0,0,0,1,1,0,0,0
a430718223534f148078322f,0,1,0,0,0,0,1,0,1,0,0,0,0,0,0,1
a4374268b353bcd5a5e815ac,0,1,0,0,0,0,0,1,1,0,0,0,0,0,1,0
a43eb4c3dd9e0cd9c21b3be8,1,0,0,0,0,0,1,0,0,0,0,1,0,1,0,0
a44281f3268390c70825db14,1,0,0,0,0,1,0,0,0,0,1,0,0,0,0,1
a44adf0bb5a064683aba65d3,1,0,0,0,0,0,0,1,0,1,0,0,0,0,1,0
a45275806672425db78c080c,0,0,1,0,1,0,0,0,0,1,0,0,0,0,0,1
a453379dfb574952df3c7074,1,0,0,0,0,0,1,0,0,1,0,0,0,0,0,1
a457c1466c8aafba9e5c496c,0,0,0,1,0,0,1,0,0,1,0,0,1,0,0,0
a45f3a1e2196142714c111e8,1,0,0,0,0,1,0,0,0,0,0,1,0,0,1,0
a4635519f1f6913219e09545,0,1,0,0,1,0,0,0,0,0,1,0,0,0,0,1
a473974238751797d1c844c2,0,1,0,0,0,0,0,1,0,0,1,0,1,0,0,0
a4741976f6574a9dff87eebb,0,1,0,0,0,0,0,1,1,0,0,0,0,0,1,0
a47aee48ddc22b9d14ca0148,0,0,0,1,0,0,1,0,1,0,0,0,0,1,0,0
a47d2bab45de4b75f6bdfd95,0,0,1,0,0,1,0,0,0,0,0,1,1,0,0,0
a47d55795a611dce85dedd4f,0,1,0,0,1,0,0,0,0,0,0,1,0,0,1,0
a486188410457024249e66ee,1,0,0,0,0,0,0,1,0,0,1,0,0,1,0,0
a48771d6230987d2335273a2,0,0,0,1,0,1,0,0,0,0,1,0,1,0,0,0
a488ca57ee11417bdc0751c6,0,0,1,0,0,0,0,1,0,1,0,0,1,0,0,0
a48e513830b5da90bc8fbc33,1,0,0,0,0,1,0,0,0,0,0,1,0,0,1,0
a48f89a12c1af228a764b358,0,0,1,0,1,0,0,0,0,0,0,1,0,1,0,0
a495227765890bd7f44a0cb0,1,0,0,0,0,0,0,1,0,1,0,0,0,0,1,0
a498a16c37027bde5d0da427,0,0,0,1,0,1,0,0,1,0,0,0,0,0,1,0
a4a3782b02b4654cf7f2afc6,0,0,1,0,1,0,0,0,0,1,0,0,0,0,0,1
a4a59cd30376fe5e9319888e,0,0,1,0,1,0,0,0,0,0,0,1,0,1,0,0
a4b0d771ea763c8acc629492,0,0,1,0,0,0,0,1,0,1,0,0,1,0,0,0
a4b922a517501d6f80e6707f,1,0,0,0,0,0,0,1,0,1,0,0,0,0,1,0
a4ba5c126f0fc9385ce8454e,0,0,0,1,0,1,0,0,1,0,0,0,0,0,1,0
a4c2961b8b0868f4c9dc252f,0,0,1,0,0,1,0,0,0,0,0,1,1,0,0,0
a4c441f6c5d5bf01e6d0d0a0,0,1,0,0,0,0,1,0,1,0,0,0,0,0,0,1
a4c64114b78c80fadf5d51f0,0,1,0,0,1,0,0,0,0,0,1,0,0,0,0,1
a4c675ad9608735613b0de7b,0,1,0,0,1,0,0,0,0,0,0,1,0,0,1,0
a4cb154c8d51fdf65089adc4,1,0,0,0,0,0,0,1,0,1,0,0,0,0,1,0
a4d1d8947522069f6d7aad5a,0,0,0,1,0,0,1,0,0,1,0,0,1,0,0,0
a4d5f8f139896e659efb5539,0,0,1,0,0,1,0,0,1,0,0,0,0,0,0,1
a4e1ed14215370450dc483c0,0,0,0,1,0,1,0,0,1,0,0,0,0,0,1,0
a4e7356da413c7a78b10966f,1,0,0,0,0,0,0,1,0,0,1,0,0,1,0,0
a4e85ae4782c0228c577e693,0,0,1,0,0,1,0,0,0,0,0,1,1,0,0,0
a4eeaeedb8c75100f6f58658,1,0,0,0,0,0,0,1,0,0,1,0,0,1,0,0
a4f5cde004026101e21c471d,0,1,0,0,1,0,0,0,0,0,1,0,0,0,0,1
a4fdaa569894ba324eb21a25,1,0,0,0,0,1,0,0,0,0,1,0,0,0,0,1
a50bb12b516e0fdd3c88ee99,0,1,0,0,0,0,1,0,1,0,0,0,0,0,0,1
a51aba504971fb6724a6009c,0,0,0,1,0,1,0,0,1,0,0,0,0,0,1,0
a5338c8a69e7165bc5223a5b,0,1,0,0,1,0,0,0,0,0,0,1,0,0,1,0
a535ba44e495fa4c063b568f,1,0,0,0,0,1,0,0,0,0,0,1,0,0,1,0
a538f3bf33a6d918cf266e34,0,1,0,0,1,0,0,0,0,0,1,0,0,0,0,1
a539accd913ddb8abc5a35f7,0,0,0,1,1,0,0,0,0,1,0,0,0,0,1,0
a539d9bc68dc2836635185f5,0,0,1,0,0,1,0,0,0,0,0,1,1,0,0,0
a53f02621c5be1a3bfbc3e09,0,1,0,0,1,0,0,0,0,0,0,1,0,0,1,0
a5422e27bef1005c71406848,0,0,1,0,1,0,0,0,0,1,0,0,0,0,0,1
a5437afb554b0d76743e1cb8,0,0,1,0,0,0,0,1,1,0,0,0,0,1,0,0
a548d909b54079dd7e5e34d8,1,0,0,0,0,0,0,1,0,0,1,0,0,1,0,0
a54c61b31baee8269a4d5085,1,0,0,0,0,0,1,0,0,0,0,1,0,1,0,0
a553d886108a8cc827d4a62d,0,0,1,0,0,0,0,1,1,0,0,0,0,1,0,0
a55b0ed40f16bbc5c65046bf,1,0,0,0,0,0,1,0,0,0,0,1,0,1,0,0
a56d248a7f379c5c5b7117b5,1,0,0,0,0,0,0,1,0,1,0,0,0,0,1,0
a5775e8c65c0486b0a3c26cf,1,0,0,0,0,0,1,0,0,0,0,1,0,1,0,0
a58139036f99156d24cecc50,0,0,1,0,0,0,0,1,1,0,0,0,0,1,0,0
a581881a95b33b0707ab1069,0,0,1,0,0,0,0,1,1,0,0,0,0,1,0,0
a582debc9713c2cbd70a0706,0,0,0,1,0,1,0,0,1,0,0,0,0,0,1,0
a59bff0f3b84611e0bc9bc96,0,0,1,0,0,0,0,1,0,1,0,0,1,0,0,0
a5ab2d0101127f5e3604de84,1,0,0,0,0,0,0,1,0,0,1,0,0,1,0,0
a5c346ece5c9ec6852ba6cd3,0,0,1,0,1,0,0,0,0,1,0,0,0,0,0,1
a5c7d886a5701ce510f4758e,1,0,0,0,0,1,0,0,0,0,1,0,0,0,0,1
a5d4e77058e9bc8d8694b5ab,0,0,1,0,0,0,0,1,0,1,0,0,1,0,0,0
a5ee7309cafb3b5b5de72ad9,1,0,0,0,0,1,0,0,0,0,1,0,0,0,0,1
a5efcac1104986b84fa42ff7,0,0,1,0,0,1,0,0,0,0,0,1,1,0,0,0
a5f6012009f94938c18d4eed,1,0,0,0,0,0,0,1,0,0,1,0,0,1,0,0
a5f87a8e220b970d14f1325b,0,0,0,1,0,1,0,0,0,0,1,0,1,0,0,0
a5f8c63b96f8a477bd55ebbd,0,0,0,1,0,1,0,0,0,0,1,0,1,0,0,0
a5fa233aa9f52c0799706d7d,1,0,0,0,0,0,0,1,0,1,0,0,0,0,1,0
a5fad21de27831cb1acf1baf,1,0,0,0,0,1,0,0,0,0,1,0,0,0,0,1
a5fd45bdc696a2ecd6d00405,0,0,1,0,0,0,0,1,1,0,0,0,0,1,0,0
a5fdfa17343462701b26262c,1,0,0,0,0,0,1,0,0,0,0,1,0,1,0,0
a5fe3e8619e4aaa2a3040641,0,0,1,0,0,0,0,1,0,1,0,0,1,0,0,0
a602aa68a7ea725df7021758,0,0,0,1,0,0,1,0,0,1,0,0,1,0,0,0
a60e53366ff741b3f67c6eeb,0,1,0,0,0,0,0,1,1,0,0,0,0,0,1,0
a60ee2a22c0fcd8e5c8dc55b,0,0,1,0,0,0,0,1,0,1,0,0,1,0,0,0
a612f8f258ec1a646258b571,0,0,1,0,0,0,0,1,0,1,0,0,1,0,0,0
a626bba7485ebd8140aa6e95,0,1,0,0,1,0,0,0,0,0,0,1,0,0,1,0
a62a7b174c4999fe4e4f4915,0,0,0,1,0,1,0,0,1,0,0,0,0,0,1,0
a62ab55891f44e3c8fd0759b,1,0,0,0,0,0,0,1,0,1,0,0,0,0,1,0
a63158e64bba77fcff23c0b8,0,0,1,0,0,1,0,0,0,0,0,1,1,0,0,0
a639a3656835ac2e07305157,1,0,0,0,0,0,1,0,0,1,0,0,0,0,0,1
a642316565b5bfca378da460,0,0,1,0,0,0,0,1,1,0,0,0,0,1,0,0
a644671307766bdaf0734836,0,1,0,0,1,0,0,0,0,0,0,1,0,0,1,0
a64478cbb919713898d60a02,0,0,1,0,1,0,0,0,0,1,0,0,0,0,0,1
a648b7524a560686e8af6ee2,0,0,0,1,0,0,1,0,1,0,0,0,0,1,0,0
a6505e6d14ea381dc9472116,0,1,0,0,1,0,0,0,0,0,0,1,0,0,1,0
a655b5426d9bbb573cb999f9,0,1,0,0,1,0,0,0,0,0,1,0,0,0,0,1
a65e0ab0651ef969e94b63ca,1,0,0,0,0,0,1,0,0,1,0,0,0,0,0,1
a66f2a7e3b6df530f1aaafc0,0,1,0,0,0,0,0,1,0,0,1,0,1,0,0,0
a67382b2f59f454343c2c2fa,0,1,0,0,0,0,0,1,1,0,0,0,0,0,1,0
a67888bfc3188327356093ca,0,1,0,0,0,0,1,0,1,0,0,0,0,0,0,1
a6797e0b600b0e1d57b73c4b,1,0,0,0,0,0,0,1,0,0,1,0,0,1,0,0
a67ae081a51927ddadccaf84,1,0,0,0,0,0,0,1,0,1,0,0,0,0,1,0
a67b11e260a57f5cdfc61a80,0,0,0,1,0,1,0,0,0,0,1,0,1,0,0,0
a6834544eb480aac94a96bac,0,0,0,1,0,0,1,0,1,0,0,0,0,1,0,0
a6a2aefaf9c442062acdf5fa,0,0,0,1,0,1,0,0,1,0,0,0,0,0,1,0
a6ab8b8d62128f54d5013352,0,0,0,1,0,0,1,0,1,0,0,0,0,1,0,0
a6c38c5f16d5ed3abf8b3d3e,0,0,1,0,1,0,0,0,0,1,0,0,0,0,0,1
a6d4f22a07f9755954c2afb3,0,0,1,0,0,1,0,0,1,0,0,0,0,0,0,1
a6d77a68ae5a99fa8b93222e,0,1,0,0,1,0,0,0,0,0,0,1,0,0,1,0
a6d8dff76a9cea9ee06c9d8b,0,0,0,1,0,0,1,0,0,1,0,0,1,0,0,0
a6dbe59520057025a2c76596,1,0,0,0,0,0,0,1,0,1,0,0,0,0,1,0
a6dc29a1d6f1014f32303b62,0,1,0,0,0,0,0,1,0,0,1,0,1,0,0,0
a6dd9279e98b017a84880ac4,0,0,0,1,0,0,1,0,1,0,0,0,0,1,0,0
a6df96d1f52679f7256631ca,1,0,0,0,0,0,0,1,0,0,1,0,0,1,0,0
a6e094ac5f6e76518086b73c,0,0,0,1,0,0,1,0,1,0,0,0,0,1,0,0
a6e0e9f27ad845c51e854cf6,0,0,1,0,1,0,0,0,0,1,0,0,0,0,0,1
a6e6004f9d710662eec01a63,0,1,0,0,1,0,0,0,0,0,0,1,0,0,1,0
a6f48760c7577b28acf93bc1,0,1,0,0,0,0,0,1,0,0,1,0,1,0,0,0
a70469dd8b97f12c2ab1aa34,0,1,0,0,1,0,0,0,0,0,1,0,0,0,0,1
a7069075227b4a1806b9d0dd,0,1,0,0,0,0,1,0,1,0,0,0,0,0,0,1
a7073a8bdc21888a9087633c,0,0,1,0,0,1,0,0,1,0,0,0,0,0,0,1
a70922fa46054ff4f56313f7,0,0,0,1,0,1,0,0,0,0,1,0,1,0,0,0
a72c1542ef5aa2fdad3a7cf5,0,1,0,0,0,0,1,0,0,0,0,1,1,0,0,0
a72d35ba5db7205c3997ded5,0,1,0,0,0,0,0,1,0,0,1,0,1,0,0,0
a7396bafddee2a3e200efb46,1,0,0,0,0,0,0,1,0,1,0,0,0,0,1,0
a73a53dbc846d6a273037384,0,0,0,1,0,0,1,0,0,1,0,0,1,0,0,0
a73b2bb8273d0e28d69406d5,0,0,0,1,0,0,1,0,1,0,0,0,0,1,0,0
a73c5ec549c1bf05f790075d,1,0,0,0,0,0,0,1,0,1,0,0,0,0,1,0
a74465587955b901b5f425dc,0,0,0,1,0,0,1,0,1,0,0,0,0,1,0,0
a74a433a98a61ca6118fcbc6,0,1,0,0,1,0,0,0,0,0,1,0,0,0,0,1
a74a8d11c43533a21efc269e,0,0,1,0,1,0,0,0,0,0,0,1,0,1,0,0
a74eabecbe66ac49e0546bc2,0,0,1,0,1,0,0,0,0,0,0,1,0,1,0,0
a7535518fd7bb8f84708db3f,1,0,0,0,0,1,0,0,0,0,1,0,0,0,0,1
a75762e496be46fc8a4a55ee,0,1,0,0,1,0,0,0,0,0,1,0,0,0,0,1
a759b352cd24c76066ed54eb,0,0,0,1,0,1,0,0,1,0,0,0,0,0,1,0
a75a1576cb2a258f70f690af,1,0,0,0,0,1,0,0,0,0,1,0,0,0,0,1
a75e27b3d076d0a105ff0129,1,0,0,0,0,0,1,0,0,0,0,1,0,1,0,0
a779642131e65e80602317c4,1,0,0,0,0,0,1,0,0,1,0,0,0,0,0,1
a77c89841f07e471e69f3417,1,0,0,0,0,0,1,0,0,0,0,1,0,1,0,0
a77d1d8558c655dfb2ac005c,0,0,1,0,1,0,0,0,0,1,0,0,0,0,0,1
a780015c2cfcb11f7365e711,0,1,0,0,0,0,1,0,0,0,0,1,1,0,0,0
a780899e2a39285d8e64abdb,1,0,0,0,0,1,0,0,0,0,0,1,0,0,1,0
a79266617ef4b76f64b34951,1,0,0,0,0,0,1,0,0,0,0,1,0,1,0,0
a7981d66974ab5a46b7f37be,0,0,0,1,1,0,0,0,0,0,1,0,0,1,0,0
a7a412535009a66c522637e3,0,0,1,0,1,0,0,0,0,1,0,0,0,0,0,1
a7ab4b12ff9ed640c5ea51b7,1,0,0,0,0,0,1,0,0,0,0,1,0,1,0,0
a7b39d0673f287c6580d7c99,0,1,0,0,0,0,0,1,1,0,0,0,0,0,1,0
a7bdda067c13ffc47e9d1c0c,0,0,0,1,1,0,0,0,0,1,0,0,0,0,1,0
a7bf60dcac16631042cb715e,1,0,0,0,0,0,1,0,0,1,0,0,0,0,0,1
a7c1a4c2029e4396f0fc07aa,1,0,0,0,0,0,0,1,0,1,0,0,0,0,1,0
a7c3a7d31f8e2055df5a56f9,0,0,1,0,0,1,0,0,1,0,0,0,0,0,0,1
a7c644c9a0c78f85e009c5d1,0,1,0,0,0,0,0,1,1,0,0,0,0,0,1,0
a7c807f60aea6dcb13fa1488,0,1,0,0,0,0,0,1,1,0,0,0,0,0,1,0
a7c90de4f77afcf094407d1d,0,0,1,0,0,0,0,1,1,0,0,0,0,1,0,0
a7cc168cce788a6667858c5c,0,0,0,1,1,0,0,0,0,0,1,0,0,1,0,0
a7cea20aa61658069003d2d5,1,0,0,0,0,0,0,1,0,0,1,0,0,1,0,0
a7cf9bbe923d9a0f38b9243d,0,1,0,0,0,0,0,1,0,0,1,0,1,0,0,0
a7d3c74549c0e5a0721f448e,0,1,0,0,0,0,1,0,1,0,0,0,0,0,0,1
a7dd455301235ba0113f6b6c,0,0,1,0,0,0,0,1,0,1,0,0,1,0,0,0
a7e4baeca6c7869260f6b994,1,0,0,0,0,0,1,0,0,1,0,0,0,0,0,1
a7ed7541d23dacd920523120,0,1,0,0,0,0,0,1,1,0,0,0,0,0,1,0
a7f8792e245ed411242edca6,0,1,0,0,0,0,1,0,0,0,0,1,1,0,0,0
a7fba86daeb257e101e5d5ce,0,0,0,1,1,0,0,0,0,0,1,0,0,1,0,0
a80324a3117342ab6c18aa6b,0,0,1,0,1,0,0,0,0,1,0,0,0,0,0,1
a808e289cc914e3c080e6e12,1,0,0,0,0,0,0,1,0,1,0,0,0,0,1,0
a813bbe1cd8b70624830a5f2,0,0,0,1,0,0,1,0,0,1,0,0,1,0,0,0
a81c8deac6cbdef84bb63ac5,1,0,0,0,0,1,0,0,0,0,1,0,0,0,0,1
a82b540baaef270fdab1d70e,1,0,0,0,0,1,0,0,0,0,1,0,0,0,0,1
a82d2c0fb4899f28ddfc3176,0,0,0,1,0,0,1,0,1,0,0,0,0,1,0,0
a82f816f78ecd149be5b12f6,1,0,0,0,0,0,0,1,0,0,1,0,0,1,0,0
a8354f301801c7776480ce1c,0,1,0,0,1,0,0,0,0,0,1,0,0,0,0,1
a84be56b07cfa9e710c7a895,0,0,0,1,0,1,0,0,1,0,0,0,0,0,1,0
a8581498d3e39f99a1a5afbd,1,0,0,0,0,1,0,0,0,0,0,1,0,0,1,0
a8594fd1ad19f281ecf445df,0,1,0,0,1,0,0,0,0,0,0,1,0,0,1,0
a85d91c20ea0e90c8fedf6e1,0,0,0,1,0,1,0,0,1,0,0,0,0,0,1,0
a861be77be2bc51b72a25b30,0,0,1,0,0,1,0,0,1,0,0,0,0,0,0,1
a8637f66aa39e1646d0ff196,0,1,0,0,1,0,0,0,0,0,1,0,0,0,0,1
a8687cedfca32de8f86c1109,1,0,0,0,0,0,1,0,0,1,0,0,0,0,0,1
a86ed65acf8a94cd03ce4b8e,1,0,0,0,0,0,1,0,0,1,0,0,0,0,0,1
a87aef1fb2f94e2979568b72,1,0,0,0,0,0,1,0,0,1,0,0,0,0,0,1
a881a395e275ed1e4d4e584e,0,1,0,0,1,0,0,0,0,0,1,0,0,0,0,1
a88abfabf2f821876183d376,0,1,0,0,0,0,1,0,1,0,0,0,0,0,0,1
a8929eec47b64c8ce2f6d25a,0,0,0,1,0,1,0,0,1,0,0,0,0,0,1,0
a8a02b966aff2fe7852e7abb,1,0,0,0,0,0,1,0,0,1,0,0,0,0,0,1
a8a4c52e2f9b117fb33a4533,0,0,0,1,1,0,0,0,0,1,0,0,0,0,1,0
a8aaf83fbd69396bee177ec2,0,0,1,0,0,1,0,0,0,0,0,1,1,0,0,0
a8abe28d70eb4724859c84fe,0,1,0,0,1,0,0,0,0,0,0,1,0,0,1,0
a8b1c3075d745fd115da8117,0,0,1,0,0,1,0,0,1,0,0,0,0,0,0,1
a8b52f7f9db189d5ad41d071,0,0,1,0,0,0,0,1,0,1,0,0,1,0,0,0
a8b868002269353411c629c4,1,0,0,0,0,1,0,0,0,0,0,1,0,0,1,0
a8c6c3c4ce659464d1abc9e2,0,0,1,0,0,0,0,1,0,1,0,0,1,0,0,0
a8c81801385c234dbf7a6f9d,0,0,1,0,0,0,0,1,0,1,0,0,1,0,0,0
a8c8ba836912ca8ae2733f18,1,0,0,0,0,0,0,1,0,0,1,0,0,1,0,0
a8ca4f1aa4f0d901d24d91a8,0,0,1,0,0,1,0,0,0,0,0,1,1,0,0,0
a8d01843ae6dbfe62c57012b,0,1,0,0,0,0,0,1,0,0,1,0,1,0,0,0
a8d20760918fe0c94db157ab,0,0,1,0,0,0,0,1,1,0,0,0,0,1,0,0
a8da3552431f6cef0c86518e,1,0,0,0,0,0,1,0,0,1,0,0,0,0,0,1
a8dbe98ea75199d24c478cc8,0,0,0,1,0,0,1,0,0,1,0,0,1,0,0,0
a8dfc13077a9a057bc049d52,0,0,1,0,0,1,0,0,0,0,0,1,1,0,0,0
a8e9ff36cba6ca9d2cea4961,0,1,0,0,0,0,0,1,1,0,0,0,0,0,1,0
a8fc3e905bf5f2949b089e80,0,0,0,1,1,0,0,0,0,0,1,0,0,1,0,0
a909a2be34f138383d21622f,1,0,0,0,0,0,0,1,0,1,0,0,0,0,1,0
a90bfbd99a79aab6ce1ccad5,0,1,0,0,0,0,0,1,1,0,0,0,0,0,1,0
a90dab9a30a64c3edec302ec,1,0,0,0,0,0,1,0,0,0,0,1,0,1,0,0
a90ef26f78c86ccc0017928a,0,0,1,0,0,0,0,1,1,0,0,0,0,1,0,0
a9101136b0de63cb89ffc41e,0,0,0,1,0,1,0,0,0,0,1,0,1,0,0,0
a917c486038aa0a662a61c69,0,0,1,0,1,0,0,0,0,1,0,0,0,0,0,1
a92337f788d19a71a4616497,0,0,0,1,0,0,1,0,1,0,0,0,0,1,0,0
a92824634a480d08bece2fe1,1,0,0,0,0,1,0,0,0,0,0,1,0,0,1,0
a932187de3a09a827fedef01,0,1,0,0,1,0,0,0,0,0,1,0,0,0,0,1
a937ff4df9d266f800c50e18,1,0,0,0,0,0,1,0,0,0,0,1,0,1,0,0
a938ca0a084aacbf7c35aac8,0,1,0,0,0,0,1,0,1,0,0,0,0,0,0,1
a942c2b68511a9321fa4ed58,1,0,0,0,0,0,0,1,0,0,1,0,0,1,0,0
a94546160f070baf83f6d4fa,0,0,1,0,0,0,0,1,1,0,0,0,0,1,0,0
a94faf491f2a3db66d4e806e,0,0,0,1,0,0,1,0,1,0,0,0,0,1,0,0
a950e5242225e9d958164c6f,0,0,1,0,1,0,0,0,0,1,0,0,0,0,0,1
a953daa28f6d4e6d5463dc72,1,0,0,0,0,0,0,1,0,1,0,0,0,0,1,0
a956c244937d49d6761e20de,0,0,0,1,0,1,0,0,1,0,0,0,0,0,1,0
a9587f76f95ff9d453bc6419,1,0,0,0,0,0,1,0,0,0,0,1,0,1,0,0
a95c11b96569b914ac05de78,0,1,0,0,0,0,0,1,0,0,1,0,1,0,0,0
a95c85891edac1975b9ebf28,0,0,1,0,1,0,0,0,0,0,0,1,0,1,0,0
a960704b7ed71f8b3fee4a5b,0,0,0,1,0,1,0,0,1,0,0,0,0,0,1,0
a9639a5470271fdc09cf26c9,0,0,0,1,1,0,0,0,0,1,0,0,0,0,1,0
a965ac1844fb880f0b30f28a,0,0,1,0,0,1,0,0,1,0,0,0,0,0,0,1
a96a812b5b4887be4129253e,1,0,0,0,0,0,1,0,0,1,0,0,0,0,0,1
a98b5b068f77ce6d4bf80276,0,0,0,1,0,0,1,0,1,0,0,0,0,1,0,0
a98b7089fb47324dcd63b1e5,0,1,0,0,0,0,0,1,1,0,0,0,0,0,1,0
a98cd59f29365f97023cf2da,0,0,0,1,0,0,1,0,0,1,0,0,1,0,0,0
a98dd43e8d49acd1b27395f2,0,1,0,0,0,0,1,0,1,0,0,0,0,0,0,1
a99034a5c986f8ad24711684,0,0,0,1,1,0,0,0,0,0,1,0,0,1,0,0
a99258615376aa0b31c7a4d7,0,1,0,0,0,0,0,1,0,0,1,0,1,0,0,0
a992f50f88b60169e20da6d4,1,0,0,0,0,0,0,1,0,1,0,0,0,0,1,0
a9965ab24f7076c20c1e7fc1,1,0,0,0,0,0,0,1,0,1,0,0,0,0,1,0
a998b353302c2d92c3b1eabd,0,0,0,1,0,1,0,0,0,0,1,0,1,0,0,0
a99a19b7968f3a8a74f2361e,1,0,0,0,0,0,0,1,0,0,1,0,0,1,0,0
a99bec67d81ebedef6705243,0,0,0,1,1,0,0,0,0,0,1,0,0,1,0,0
a9a09cefc50221f10797caa1,0,0,1,0,0,0,0,1,1,0,0,0,0,1,0,0
a9a454dc6cc7b6280f80c409,1,0,0,0,0,0,1,0,0,1,0,0,0,0,0,1
a9a9f0ee2e5736c9f70dd3e5,0,0,0,1,0,0,1,0,0,1,0,0,1,0,0,0
a9aaaa10f3e4ee905658b9a4,0,0,0,1,0,0,1,0,0,1,0,0,1,0,0,0
a9ba49e43b6ae30e13e7b3c7,0,1,0,0,0,0,1,0,1,0,0,0,0,0,0,1
a9c71e9c1314b375fb698675,0,1,0,0,0,0,1,0,0,0,0,1,1,0,0,0
a9cc82e7b6e1ef138eb82d1b,0,0,0,1,0,1,0,0,1,0,0,0,0,0,1,0
a9d88b4b06571f3234ce78cb,0,0,1,0,1,0,0,0,0,0,0,1,0,1,0,0
a9eb6415c75266e11e64797c,0,0,1,0,0,1,0,0,0,0,0,1,1,0,0,0
a9f4fa3dce6cda8c7fd5e9cd,0,1,0,0,0,0,1,0,0,0,0,1,1,0,0,0
a9f54b509653b3aa6a4c11f0,0,0,0,1,1,0,0,0,0,1,0,0,0,0,1,0
a9f5b2ddbaf7c5dd3a6d6721,0,0,0,1,0,1,0,0,1,0,0,0,0,0,1,0
a9f9ed6d72624337f9286220,0,1,0,0,1,0,0,0,0,0,1,0,0,0,0,1
a9fb2e514ce54544c8ff7746,0,1,0,0,1,0,0,0,0,0,0,1,0,0,1,0
aa095cc6e47643e2edab5a81,0,0,0,1,1,0,0,0,0,0,1,0,0,1,0,0
aa0f393cf5bcf0b12e61171b,0,0,1,0,0,0,0,1,1,0,0,0,0,1,0,0
aa11bff87eb9242106464ef9,0,0,0,1,1,0,0,0,0,0,1,0,0,1,0,0
aa130b2d88b0ed51bcb81b11,0,0,1,0,0,1,0,0,0,0,0,1,1,0,0,0
aa14a86012c9f9bb59db0e77,0,0,1,0,0,0,0,1,1,0,0,0,0,1,0,0
aa1eb9719750082d33da220c,0,1,0,0,0,0,1,0,1,0,0,0,0,0,0,1
aa299578e554450913d5d9fb,0,0,0,1,0,1,0,0,0,0,1,0,1,0,0,0
aa2d631a5ac1938c3609dd53,1,0,0,0,0,0,0,1,0,0,1,0,0,1,0,0
aa2e6e6c2ef0829b9a6edb7e,0,0,1,0,0,1,0,0,1,0,0,0,0,0,0,1
aa3dd85a7d7f9a562df2ea87,0,1,0,0,0,0,1,0,1,0,0,0,0,0,0,1
aa4cb984e522b67e252e7114,0,1,0,0,1,0,0,0,0,0,0,1,0,0,1,0
aa4f38ab6164215d2c7a0578,0,0,0,1,1,0,0,0,0,1,0,0,0,0,1,0
aa570fc513f67415a9930959,1,0,0,0,0,0,0,1,0,0,1,0,0,1,0,0
aa5e68f1728218034e554c8d,0,0,0,1,1,0,0,0,0,0,1,0,0,1,0,0
aa704b6b6bfeddfa3ace2048,0,0,1,0,0,1,0,0,0,0,0,1,1,0,0,0
aa738e2a3677e007f7f6647e,0,0,0,1,1,0,0,0,0,0,1,0,0,1,0,0
aa742cfe35f880a5ea0473bb,1,0,0,0,0,0,1,0,0,0,0,1,0,1,0,0
aa77890f0835a2b0684037a5,0,0,0,1,1,0,0,0,0,0,1,0,0,1,0,0
aa784fd16ca2e27dafd25ed3,0,0,0,1,0,1,0,0,1,0,0,0,0,0,1,0
aa8346dd80ea627b4bf73297,0,1,0,0,0,0,0,1,0,0,1,0,1,0,0,0
aa84435abbf0a6b50000a922,0,0,1,0,0,1,0,0,0,0,0,1,1,0,0,0
aa85f5649e269e87069055fe,0,0,0,1,0,1,0,0,0,0,1,0,1,0,0,0
aa8b073d56386084474edc94,0,0,0,1,1,0,0,0,0,0,1,0,0,1,0,0
aaa30a4f39bd05df1d4e97e8,0,1,0,0,1,0,0,0,0,0,0,1,0,0,1,0
aaa681d167a855ec2ff1c9a2,0,1,0,0,0,0,1,0,0,0,0,1,1,0,0,0
aaad7d7609cde875f703501f,0,0,1,0,0,0,0,1,1,0,0,0,0,1,0,0
aab08bf397b3a9ac409f8904,0,0,0,1,1,0,0,0,0,1,0,0,0,0,1,0
aab1982882ecc477f64315d0,0,1,0,0,0,0,1,0,1,0,0,0,0,0,0,1
aab6b6736df3cde446f1b95e,0,0,0,1,1,0,0,0,0,1,0,0,0,0,1,0
aab7b7253684b0d77c8b3034,1,0,0,0,0,1,0,0,0,0,1,0,0,0,0,1
aab8df4e75c6e1350a1ca509,0,0,1,0,1,0,0,0,0,0,0,1,0,1,0,0
aabc7a001451472d09a5e74c,1,0,0,0,0,0,1,0,0,0,0,1,0,1,0,0
aad2104a6d8cb0292eff7128,0,1,0,0,0,0,1,0,1,0,0,0,0,0,0,1
aae341d679c22f92b7c0e1e0,1,0,0,0,0,1,0,0,0,0,0,1,0,0,1,0
aaecba89688d791cff230ff0,1,0,0,0,0,1,0,0,0,0,0,1,0,0,1,0
aafeab62f92fb9b16209fcb4,0,1,0,0,0,0,1,0,0,0,0,1,1,0,0,0
aaff7cd386389d16895a1a17,1,0,0,0,0,1,0,0,0,0,1,0,0,0,0,1
ab0b89bbb0547aee9373f0ac,0,0,1,0,0,1,0,0,1,0,0,0,0,0,0,1
ab1120dd1cfe4b624f11dec7,0,0,1,0,0,1,0,0,0,0,0,1,1,0,0,0
ab12ce2c2d4226c6fb275e5e,0,1,0,0,0,0,0,1,1,0,0,0,0,0,1,0
ab1d3e87bd6a6ffd001aa111,1,0,0,0,0,0,1,0,0,1,0,0,0,0,0,1
ab227548a0d593d582654202,0,0,0,1,1,0,0,0,0,1,0,0,0,0,1,0
ab2a587d40f403d18c5e5a66,1,0,0,0,0,0,1,0,0,1,0,0,0,0,0,1
ab2bfffa8efb0f974c00a272,0,0,1,0,0,0,0,1,0,1,0,0,1,0,0,0
ab367eb0c98b867a8f145c9a,1,0,0,0,0,0,0,1,0,0,1,0,0,1,0,0
ab3c38795d6c76da7896c0fb,0,0,1,0,0,0,0,1,0,1,0,0,1,0,0,0
ab3e88f7166969fa583148d7,0,1,0,0,1,0,0,0,0,0,0,1,0,0,1,0
ab47e58f1fb5ce84d2b43139,0,1,0,0,0,0,1,0,1,0,0,0,0,0,0,1
ab4886cf8105638b05a8990d,0,1,0,0,0,0,0,1,0,0,1,0,1,0,0,0
ab4a543bdce72fb9b3a42db4,0,0,1,0,0,0,0,1,0,1,0,0,1,0,0,0
ab52c8bd202407329e6edf88,0,1,0,0,1,0,0,0,0,0,1,0,0,0,0,1
ab52d47cc5adc33e63b87a72,0,0,0,1,0,0,1,0,1,0,0,0,0,1,0,0
ab5692dcdb7597c415e765f3,0,0,0,1,0,1,0,0,1,0,0,0,0,0,1,0
ab6664f1f40b540204d08da3,0,1,0,0,1,0,0,0,0,0,1,0,0,0,0,1
ab6809857528550bdf07d038,0,0,0,1,1,0,0,0,0,1,0,0,0,0,1,0
ab77cc7d3bbe98e089315964,0,0,1,0,0,0,0,1,1,0,0,0,0,1,0,0
ab7bfd40eda6e88028fe2b99,0,0,0,1,0,0,1,0,1,0,0,0,0,1,0,0
ab7efea4acbde0dd845a7c95,0,0,0,1,0,0,1,0,0,1,0,0,1,0,0,0
ab7ff5bb820993ae7d5a833c,0,1,0,0,1,0,0,0,0,0,0,1,0,0,1,0
ab83796b6f771cbce27d6119,0,0,1,0,0,0,0,1,1,0,0,0,0,1,0,0
ab845eb65f0adb89c30b8138,0,1,0,0,0,0,1,0,1,0,0,0,0,0,0,1
ab87bd08123472bd5b0256e4,1,0,0,0,0,1,0,0,0,0,0,1,0,0,1,0
ab9caee5e7a46f27039e4783,0,0,0,1,0,1,0,0,0,0,1,0,1,0,0,0
aba6878a6db68e5c0e070596,0,0,0,1,0,0,1,0,1,0,0,0,0,1,0,0
aba93dec81aff6a284e7678a,1,0,0,0,0,0,1,0,0,1,0,0,0,0,0,1
aba9db19cf64a23594a1ba93,0,0,1,0,1,0,0,0,0,0,0,1,0,1,0,0
abae3c54f8477b898e67d027,0,0,0,1,0,1,0,0,1,0,0,0,0,0,1,0
abaf5fa88aa1cd4ee27b9cf5,1,0,0,0,0,1,0,0,0,0,1,0,0,0,0,1
abbe6d6135962477a2fa0198,0,0,1,0,1,0,0,0,0,0,0,1,0,1,0,0
abc4a0aae3887c1168a21e32,0,0,1,0,1,0,0,0,0,1,0,0,0,0,0,1
abd048a2f29635e4b7ea277f,0,0,1,0,1,0,0,0,0,1,0,0,0,0,0,1
abdf4dbee99f33b82ca77e63,0,0,0,1,0,1,0,0,1,0,0,0,0,0,1,0
abe43e45d888adea65c8d7f2,0,0,1,0,1,0,0,0,0,0,0,1,0,1,0,0
abe5620c3f24726353244e65,0,0,1,0,0,0,0,1,0,1,0,0,1,0,0,0
abeb3bd555ca57b817e511ef,0,0,1,0,1,0,0,0,0,0,0,1,0,1,0,0
abed4416a28d3dd63d2f4491,0,0,0,1,1,0,0,0,0,0,1,0,0,1,0,0
abf638a283b2601d37f055ec,0,0,0,1,1,0,0,0,0,0,1,0,0,1,0,0
abfc5563d4e2f45703b4e487,0,0,1,0,0,0,0,1,0,1,0,0,1,0,0,0
abfdee773396808452566cf6,1,0,0,0,0,0,1,0,0,1,0,0,0,0,0,1
abff894f820e5e1896255302,0,0,1,0,0,1,0,0,0,0,0,1,1,0,0,0
ac004a4cc456ea9e102e4bc6,0,0,1,0,0,1,0,0,1,0,0,0,0,0,0,1
ac01b9ede75158ba81f51722,1,0,0,0,0,1,0,0,0,0,1,0,0,0,0,1
ac18e4003bf7a2e0deedced0,0,1,0,0,1,0,0,0,0,0,0,1,0,0,1,0
ac27303f9fcc0ce3b5fef552,1,0,0,0,0,0,1,0,0,1,0,0,0,0,0,1
ac2ab0399da1d40a22c93001,1,0,0,0,0,0,0,1,0,0,1,0,0,1,0,0
ac2ea46819e28632737e5f52,0,1,0,0,1,0,0,0,0,0,0,1,0,0,1,0
ac3bded4528c58386dd54639,0,0,1,0,0,1,0,0,1,0,0,0,0,0,0,1
ac3e567d7d538da256c89a9d,0,0,1,0,0,0,0,1,1,0,0,0,0,1,0,0
ac3e6a22c55673cf50b081ef,1,0,0,0,0,0,0,1,0,1,0,0,0,0,1,0
ac40ad0ae3658bb870abd658,0,0,0,1,0,1,0,0,1,0,0,0,0,0,1,0
ac4895f978fbd13b9fde7584,0,1,0,0,0,0,1,0,0,0,0,1,1,0,0,0
ac5818dad390b5821d1e5bd2,0,1,0,0,0,0,0,1,0,0,1,0,1,0,0,0
ac6768901083b64f839977ca,0,0,0,1,0,1,0,0,1,0,0,0,0,0,1,0
ac680b1e59848b70201b5d46,0,1,0,0,1,0,0,0,0,0,1,0,0,0,0,1
ac687f13e9edd2d4abb6a9da,0,1,0,0,0,0,0,1,0,0,1,0,1,0,0,0
ac73dd362f65ea7bb2001f15,0,1,0,0,0,0,0,1,1,0,0,0,0,0,1,0
ac75bab3eae892fb5c2e2aca,1,0,0,0,0,0,1,0,0,0,0,1,0,1,0,0
ac87b3180c01308e4b4a938b,0,0,0,1,1,0,0,0,0,1,0,0,0,0,1,0
ac87e609513a4eed9cde9e08,0,1,0,0,0,0,0,1,0,0,1,0,1,0,0,0
ac9521c57a84e08eecb4c58d,0,0,0,1,1,0,0,0,0,0,1,0,0,1,0,0
ac99ef1521a00231d3a5e507,0,0,1,0,1,0,0,0,0,1,0,0,0,0,0,1
ac9b170fc441e3a1c319b5b5,0,1,0,0,1,0,0,0,0,0,0,1,0,0,1,0
ac9d81656532ef33b50025d2,1,0,0,0,0,1,0,0,0,0,0,1,0,0,1,0
aca832aa4565b2c4e356a25f,0,0,1,0,0,1,0,0,1,0,0,0,0,0,0,1
acb6ad8bee012d00bf0e4d0a,0,0,0,1,1,0,0,0,0,0,1,0,0,1,0,0
acb83c20911923fd37137958,0,0,0,1,1,0,0,0,0,0,1,0,0,1,0,0
acbba0636c6785f800b7804f,0,0,0,1,0,0,1,0,0,1,0,0,1,0,0,0
acbc8b4e3a7bac8946a68445,0,0,0,1,1,0,0,0,0,0,1,0,0,1,0,0
acc081ecda70a5bd3f83348d,0,1,0,0,1,0,0,0,0,0,1,0,0,0,0,1
acc1ebaf50c32e9666292abc,0,0,1,0,0,1,0,0,0,0,0,1,1,0,0,0
accdf6e8432f70517e2e6d60,0,0,1,0,0,1,0,0,1,0,0,0,0,0,0,1
acd093d464310f74c3c5413c,0,0,0,1,1,0,0,0,0,1,0,0,0,0,1,0
acddc9d77b1b3686a5a05cbb,0,0,1,0,0,1,0,0,1,0,0,0,0,0,0,1
ace4991a24b08b2eb1b08ff1,0,0,0,1,1,0,0,0,0,0,1,0,0,1,0,0
ace8cb623b3db3836332ba67,0,0,1,0,0,1,0,0,0,0,0,1,1,0,0,0
acf093dc29b200fd85de8e7e,0,0,0,1,0,1,0,0,0,0,1,0,1,0,0,0
acf46d6d54decb899ac3e1a5,1,0,0,0,0,1,0,0,0,0,0,1,0,0,1,0
ad064751d88a8dbb1f1d7b97,0,0,1,0,0,0,0,1,1,0,0,0,0,1,0,0
ad0a923c38c59cef0b62303e,1,0,0,0,0,0,0,1,0,1,0,0,0,0,1,0
ad114a85486db132ab192718,1,0,0,0,0,1,0,0,0,0,0,1,0,0,1,0
ad1512cc8e1b816d754eb002,0,0,1,0,0,1,0,0,1,0,0,0,0,0,0,1
ad156b11ed2b7b499b81b680,0,1,0,0,0,0,1,0,1,0,0,0,0,0,0,1
ad1717b41184d3f1edd7b4ca,1,0,0,0,0,0,0,1,0,1,0,0,0,0,1,0
ad18b63640cf8487bc9c6a3f,0,0,1,0,1,0,0,0,0,1,0,0,0,0,0,1
ad199b7d408bf7d5321e8455,0,1,0,0,0,0,0,1,0,0,1,0,1,0,0,0
ad1c0ec3f9438aa380fb6e17,0,1,0,0,1,0,0,0,0,0,1,0,0,0,0,1
ad21c473e5ade72174d402c9,0,1,0,0,1,0,0,0,0,0,0,1,0,0,1,0
ad2eeb35826a76253422fdf0,0,1,0,0,0,0,1,0,1,0,0,0,0,0,0,1
ad325d861304944f038c42ad,0,1,0,0,0,0,0,1,0,0,1,0,1,0,0,0
ad337defd51d45fad93d8c78,0,0,0,1,1,0,0,0,0,1,0,0,0,0,1,0
ad3520d93109c15528ddb919,0,0,0,1,0,0,1,0,1,0,0,0,0,1,0,0
ad35688a1e97ed47747c9260,1,0,0,0,0,0,1,0,0,1,0,0,0,0,0,1
ad36e7399e0ea6b20f754aa7,0,1,0,0,0,0,1,0,1,0,0,0,0,0,0,1
ad3b347059771281bae1f62b,0,0,0,1,0,0,1,0,1,0,0,0,0,1,0,0
ad3bdb0dcf7c95a587a86c47,0,0,0,1,0,1,0,0,1,0,0,0,0,0,1,0
ad479b05d4315b16b3c702ef,1,0,0,0,0,0,1,0,0,0,0,1,0,1,0,0
ad4ac28a7a3c2e023e7bcc30,0,1,0,0,0,0,0,1,0,0,1,0,1,0,0,0
ad4de457e46de5aacb5a0c37,0,0,1,0,0,1,0,0,0,0,0,1,1,0,0,0
ad4e5b9188b0d2b519b0f1a6,0,0,1,0,1,0,0,0,0,1,0,0,0,0,0,1
ad52a0181a0bb0ddfea90c2e,0,0,0,1,0,0,1,0,1,0,0,0,0,1,0,0
ad6016b034ac1a58793637c8,0,0,0,1,0,1,0,0,1,0,0,0,0,0,1,0
ad643305f9e33c5a043d86af,0,1,0,0,1,0,0,0,0,0,0,1,0,0,1,0
ad69787adf092120faaf1bf1,1,0,0,0,0,0,1,0,0,0,0,1,0,1,0,0
ad6b7a74048f1328e4eace8a,0,0,1,0,0,1,0,0,0,0,0,1,1,0,0,0
ad6c7e04a381cc445adc4cbb,0,0,1,0,0,0,0,1,1,0,0,0,0,1,0,0
ad6ff3559adffedee3ed6154,1,0,0,0,0,0,0,1,0,1,0,0,0,0,1,0
ad75b2105bf4ff8334084d86,1,0,0,0,0,1,0,0,0,0,1,0,0,0,0,1
ad7abbef97b8d87020d4d2e8,0,1,0,0,1,0,0,0,0,0,1,0,0,0,0,1
ad831cd8097b2eb49b1365da,0,0,1,0,0,0,0,1,1,0,0,0,0,1,0,0
ad8ba10dcc8a1e6757a3c0d3,0,0,1,0,0,0,0,1,0,1,0,0,1,0,0,0
ad8c3a40f9c12b70fe603a54,0,0,1,0,1,0,0,0,0,1,0,0,0,0,0,1
ad94832a27214a8bf664e29b,0,0,0,1,0,1,0,0,1,0,0,0,0,0,1,0
ad95aa945720e4ce1ec18380,1,0,0,0,0,0,0,1,0,1,0,0,0,0,1,0
ad97cc337ed5d01cb52936f7,0,0,0,1,0,0,1,0,1,0,0,0,0,1,0,0
ad9c4fb59781ae921983ab45,1,0,0,0,0,0,1,0,0,1,0,0,0,0,0,1
ada39a35a9a9fa720787cd69,1,0,0,0,0,0,0,1,0,0,1,0,0,1,0,0
adb8ad82347a96ae0d69a891,1,0,0,0,0,0,0,1,0,1,0,0,0,0,1,0
adc81a0fedca07ec4d1f9460,1,0,0,0,0,0,1,0,0,0,0,1,0,1,0,0
adcbcf62c44328bbb2cc420f,0,0,1,0,1,0,0,0,0,1,0,0,0,0,0,1
adcd6da2dc52290f8deffaa7,1,0,0,0,0,1,0,0,0,0,1,0,0,0,0,1
add3bb1f892a3c67308b6f0a,0,0,0,1,0,1,0,0,0,0,1,0,1,0,0,0
add52f8501a8f980ee0c71a4,0,0,1,0,1,0,0,0,0,0,0,1,0,1,0,0
adf33d37d5c53ff587c69918,1,0,0,0,0,1,0,0,0,0,1,0,0,0,0,1
adf389d12fe012d079f9fa8a,0,0,0,1,1,0,0,0,0,1,0,0,0,0,1,0
adf7ce091984f923eda4c8eb,0,0,0,1,1,0,0,0,0,0,1,0,0,1,0,0
adfb31e9e67a18944698527c,1,0,0,0,0,0,1,0,0,1,0,0,0,0,0,1
adfcc035f812f32bc356b2e6,0,0,0,1,1,0,0,0,0,1,0,0,0,0,1,0
adff5894778b2a5b22a65cf9,0,0,1,0,0,0,0,1,1,0,0,0,0,1,0,0
ae072cae341cd5c6d9c7e75b,0,0,1,0,0,0,0,1,0,1,0,0,1,0,0,0
ae0cdf9ba9a144cbeb0d0e3f,0,0,1,0,0,0,0,1,1,0,0,0,0,1,0,0
ae0d7a0cbc6ade35cd30b0d8,0,1,0,0,0,0,1,0,1,0,0,0,0,0,0,1
ae0e003867eb0c5aa7462760,0,0,1,0,1,0,0,0,0,1,0,0,0,0,0,1
ae11a9520c70f2ed6d30acbf,0,0,1,0,1,0,0,0,0,1,0,0,0,0,0,1
ae1703a38406b796ae9d522c,1,0,0,0,0,0,0,1,0,1,0,0,0,0,1,0
ae2002ed1fc3b2376f0bc89c,0,0,0,1,0,0,1,0,0,1,0,0,1,0,0,0
ae3244898444e800adca018f,0,1,0,0,1,0,0,0,0,0,0,1,0,0,1,0
ae436c00b1384a1f774af679,0,1,0,0,1,0,0,0,0,0,1,0,0,0,0,1
ae4c3492898ec4b99879452c,0,0,0,1,0,0,1,0,0,1,0,0,1,0,0,0
ae4deb438f31287c52f09592,0,0,1,0,0,0,0,1,1,0,0,0,0,1,0,0
ae64bd502014c88a0552f5bc,0,1,0,0,0,0,1,0,1,0,0,0,0,0,0,1
ae6c712fda91c7cf98d314c0,1,0,0,0,0,0,1,0,0,1,0,0,0,0,0,1
ae7071d668878ba3ecf43c3a,0,0,0,1,0,1,0,0,0,0,1,0,1,0,0,0
ae737a7e404903a1d23d170f,0,1,0,0,0,0,1,0,1,0,0,0,0,0,0,1
ae7dd4348f2d44a8aa502fa3,0,1,0,0,0,0,1,0,1,0,0,0,0,0,0,1
ae8fce9c78465fdc1ea47f2c,0,1,0,0,0,0,1,0,1,0,0,0,0,0,0,1
ae90b60d0b0fb2220a0038e7,1,0,0,0,0,1,0,0,0,0,0,1,0,0,1,0
ae94de1df18611aa7762b126,0,0,1,0,0,1,0,0,1,0,0,0,0,0,0,1
ae97b08071785806f2641e99,1,0,0,0,0,0,1,0,0,1,0,0,0,0,0,1
ae9c18d1bac1677811562d98,0,0,1,0,1,0,0,0,0,0,0,1,0,1,0,0
aea478601e08a0b45be33478,0,0,0,1,0,0,1,0,0,1,0,0,1,0,0,0
aeb6390a2ba64958360d2124,0,1,0,0,0,0,1,0,1,0,0,0,0,0,0,1
aeb93c6f4963c2e78d360ffe,0,0,0,1,0,1,0,0,0,0,1,0,1,0,0,0
aeccc1198e0ae6df83f8cb37,0,1,0,0,0,0,0,1,1,0,0,0,0,0,1,0
aed0abe177865a69784b4ff7,0,1,0,0,0,0,1,0,0,0,0,1,1,0,0,0
aeec9fe0b2b0b72995b6994f,1,0,0,0,0,1,0,0,0,0,0,1,0,0,1,0
aeef2412dde90b2fc97023bb,1,0,0,0,0,1,0,0,0,0,1,0,0,0,0,1
aefb9952b9b169360c55ddf6,0,1,0,0,1,0,0,0,0,0,0,1,0,0,1,0
af03433c6ea75159c54bc615,0,0,1,0,0,0,0,1,0,1,0,0,1,0,0,0
af14bee996285227de1b3627,0,0,1,0,0,1,0,0,0,0,0,1,1,0,0,0
af2d7ea70462de3645521ee5,0,0,1,0,0,0,0,1,0,1,0,0,1,0,0,0
af35bd3298233efda9950bc9,0,1,0,0,0,0,1,0,0,0,0,1,1,0,0,0
af38a326902b810b4171dd7c,1,0,0,0,0,1,0,0,0,0,0,1,0,0,1,0
af3dbe13e90613cb79206d79,0,0,1,0,0,0,0,1,0,1,0,0,1,0,0,0
af47148e8cc41913329aa836,0,0,0,1,0,1,0,0,0,0,1,0,1,0,0,0
af4d1920a2ed7b291bf6eeff,0,0,1,0,0,0,0,1,1,0,0,0,0,1,0,0
af5433224e9233221c1dcd9a,0,0,0,1,0,0,1,0,1,0,0,0,0,1,0,0
af5b4a18373b25ffa7622d99,0,1,0,0,0,0,1,0,1,0,0,0,0,0,0,1
af5cfe006877abe80fc93aa8,0,0,0,1,0,0,1,0,1,0,0,0,0,1,0,0
af69861cebc0540d42550673,1,0,0,0,0,0,1,0,0,1,0,0,0,0,0,1
af6c127450baa3cd1d96fff1,0,1,0,0,0,0,0,1,1,0,0,0,0,0,1,0
af6f9e4b6f9d32d7eed945f5,0,1,0,0,0,0,0,1,0,0,1,0,1,0,0,0
af72a340f024fbf249c2c6a0,1,0,0,0,0,0,1,0,0,1,0,0,0,0,0,1
af7ce3e291dcec824f6ec3bc,1,0,0,0,0,0,1,0,0,0,0,1,0,1,0,0
af823933d97816ea0a4b17e1,0,1,0,0,0,0,1,0,1,0,0,0,0,0,0,1
af8305d6c98bc0d36dc109f9,0,0,1,0,1,0,0,0,0,0,0,1,0,1,0,0
af8711d6975428475044b6f2,0,0,1,0,0,0,0,1,1,0,0,0,0,1,0,0
af872c95ae3ce704a07a9efe,0,0,1,0,1,0,0,0,0,1,0,0,0,0,0,1
af9c64bb96b8a8d1f1ec03d2,0,0,0,1,1,0,0,0,0,0,1,0,0,1,0,0
afaa4c6094a9838ff1551a49,0,0,0,1,0,1,0,0,0,0,1,0,1,0,0,0
afad8db6073a6a5b7be2167f,0,1,0,0,0,0,1,0,0,0,0,1,1,0,0,0
afb6e540fe46602afe41f6e4,0,1,0,0,1,0,0,0,0,0,1,0,0,0,0,1
afb7bd353842a7b27d1c1441,0,0,0,1,1,0,0,0,0,0,1,0,0,1,0,0
afb866c256763e94d65ebb76,0,1,0,0,1,0,0,0,0,0,1,0,0,0,0,1
afc2992e0cdd2eb954e16f1e,0,1,0,0,0,0,1,0,1,0,0,0,0,0,0,1
afcb567233cc4bfec5d18935,0,0,1,0,1,0,0,0,0,0,0,1,0,1,0,0
afcf4d65a05f875920a3dd8b,1,0,0,0,0,0,0,1,0,1,0,0,0,0,1,0
afd6fe4d6e41621934f3b44b,0,0,1,0,0,1,0,0,0,0,0,1,1,0,0,0
afde6c43cc804d932b56756f,1,0,0,0,0,0,0,1,0,0,1,0,0,1,0,0
afe4147ae46e7cb5e3f4a4fa,0,1,0,0,0,0,1,0,0,0,0,1,1,0,0,0
afe5960bea26c5c519a9ffbb,0,0,0,1,0,1,0,0,0,0,1,0,1,0,0,0
afea819df4e60720acaa4dd5,1,0,0,0,0,0,1,0,0,0,0,1,0,1,0,0
afebcb32cb164aa12cc6dfa6,0,0,0,1,0,1,0,0,1,0,0,0,0,0,1,0
afed29eaa007d28fbbfe986c,0,1,0,0,1,0,0,0,0,0,1,0,0,0,0,1
aff9b9848f0d6ff09a8807c5,0,0,0,1,0,0,1,0,0,1,0,0,1,0,0,0
b005f124ac195b772087d69e,1,0,0,0,0,0,0,1,0,0,1,0,0,1,0,0
b007a4a88a5dc087d262a5de,1,0,0,0,0,0,1,0,0,1,0,0,0,0,0,1
b00b313e5d920b931d38b77e,0,0,1,0,1,0,0,0,0,0,0,1,0,1,0,0
b00fb8f2f69d4178ce802745,1,0,0,0,0,1,0,0,0,0,0,1,0,0,1,0
b013e7665cb3885235adc79e,0,0,1,0,0,1,0,0,0,0,0,1,1,0,0,0
b016a54857b3bb869b9891db,1,0,0,0,0,1,0,0,0,0,0,1,0,0,1,0
b020f691430ccc4ae7997e1f,1,0,0,0,0,1,0,0,0,0,1,0,0,0,0,1
b028c65cea8694a9e2c2590b,1,0,0,0,0,1,0,0,0,0,1,0,0,0,0,1
b02f6a949b1f3dc44de7abbc,0,0,1,0,1,0,0,0,0,0,0,1,0,1,0,0
b032c0c1c520713881edbb16,0,0,0,1,1,0,0,0,0,1,0,0,0,0,1,0
b044d04e0b7b7488fd539542,0,1,0,0,0,0,0,1,1,0,0,0,0,0,1,0
b04bb0abce613d41865f9d64,0,0,1,0,0,0,0,1,0,1,0,0,1,0,0,0
b05636241989571acd63f00e,0,1,0,0,0,0,1,0,1,0,0,0,0,0,0,1
b059f730b0f51650a93f4b71,0,0,1,0,1,0,0,0,0,1,0,0,0,0,0,1
b05d6f87d98ecf26f766ca84,0,0,0,1,0,1,0,0,1,0,0,0,0,0,1,0
b0678b659c668e2b5fb452ec,0,0,0,1,0,0,1,0,1,0,0,0,0,1,0,0
b0722b7ac062195e1cba9dac,0,0,0,1,1,0,0,0,0,1,0,0,0,0,1,0
b0737eb5578667ea055e0164,1,0,0,0,0,1,0,0,0,0,0,1,0,0,1,0
b07782cc4d27d4e2b36a766a,0,1,0,0,1,0,0,0,0,0,0,1,0,0,1,0
b07bd09e82075172e4063339,0,1,0,0,1,0,0,0,0,0,0,1,0,0,1,0
b080dffa350b56ba4e1d91a3,0,0,1,0,0,0,0,1,1,0,0,0,0,1,0,0
b081bfa85f659c4ff8a352cd,0,0,1,0,0,0,0,1,1,0,0,0,0,1,0,0
b086c3accacfad96a0bb7e3c,0,0,0,1,0,0,1,0,0,1,0,0,1,0,0,0
b087bf3fc040e43b6615d85c,0,0,1,0,1,0,0,0,0,0,0,1,0,1,0,0
b08aba8ccc3f2694c9c3ae94,1,0,0,0,0,0,1,0,0,1,0,0,0,0,0,1
b090adf86ddb9335f3a6afac,1,0,0,0,0,0,0,1,0,0,1,0,0,1,0,0
b0948c7f85cd915f88ee840b,1,0,0,0,0,1,0,0,0,0,0,1,0,0,1,0
b097731e8b19367957fbd5b9,1,0,0,0,0,0,1,0,0,1,0,0,0,0,0,1
b097de6556b3f9a334b109ee,0,0,0,1,0,0,1,0,0,1,0,0,1,0,0,0
b0a2c9a0deb598765125b6c4,0,0,0,1,0,1,0,0,0,0,1,0,1,0,0,0
b0a84fd48209e317480f118e,0,0,1,0,1,0,0,0,0,0,0,1,0,1,0,0
b0b12b6c3259007719cea79c,1,0,0,0,0,1,0,0,0,0,0,1,0,0,1,0
b0b5212aa62ec5cda3519a8b,0,0,0,1,0,1,0,0,1,0,0,0,0,0,1,0
b0b9107461ba51208c804b8f,0,0,0,1,0,0,1,0,0,1,0,0,1,0,0,0
b0c8cf6f3a0efe9370f77c3c,1,0,0,0,0,0,1,0,0,0,0,1,0,1,0,0
b0cc5e41b0f91e7db67e441e,0,1,0,0,0,0,0,1,0,0,1,0,1,0,0,0
b0cc8a477e7ea133212318b9,0,0,0,1,1,0,0,0,0,1,0,0,0,0,1,0
b0cd99d54efc1237a08b4916,0,0,0,1,0,0,1,0,0,1,0,0,1,0,0,0
b0d00b16dd5accecf553881b,1,0,0,0,0,0,0,1,0,1,0,0,0,0,1,0
b0dbbc41ad7e9039c7a67423,0,1,0,0,0,0,0,1,1,0,0,0,0,0,1,0
b0e88925b3ff17b9a6a5e150,0,1,0,0,1,0,0,0,0,0,1,0,0,0,0,1
b0fba8b37cab9d888cb768d0,0,0,1,0,0,0,0,1,1,0,0,0,0,1,0,0
b0fe37c20a1816b0e2df6f1f,0,1,0,0,0,0,0,1,1,0,0,0,0,0,1,0
b0ff58aa10c73acb9bd633e1,0,0,1,0,0,0,0,1,1,0,0,0,0,1,0,0
b100ffc9065189ccd7fbc0eb,1,0,0,0,0,0,0,1,0,1,0,0,0,0,1,0
b104ceb6043164990b149535,0,1,0,0,0,0,1,0,1,0,0,0,0,0,0,1
b10a36382d4fc88fc4e6ecde,0,1,0,0,0,0,1,0,1,0,0,0,0,0,0,1
b10f12bbef68d642fc9e1f0e,0,0,1,0,0,1,0,0,1,0,0,0,0,0,0,1
b112151fb42c30cd4a54fc94,0,0,1,0,0,0,0,1,0,1,0,0,1,0,0,0
b121b154199a3ef619eeca88,0,0,1,0,0,1,0,0,0,0,0,1,1,0,0,0
b126dfc6bc5700c33cabccd0,1,0,0,0,0,0,1,0,0,1,0,0,0,0,0,1
b12869961ba50a7ead6da61d,0,0,1,0,1,0,0,0,0,1,0,0,0,0,0,1
b149c0e7b0731de0cca6460b,0,0,1,0,0,1,0,0,1,0,0,0,0,0,0,1
b14a8c08172712fbddc3141b,0,1,0,0,1,0,0,0,0,0,0,1,0,0,1,0
b14aa0043d4cac1837a8a20c,0,1,0,0,0,0,0,1,0,0,1,0,1,0,0,0
b151a6b920e6610ff7a31b13,0,1,0,0,1,0,0,0,0,0,1,0,0,0,0,1
b157c04432ac40b07332f5fc,0,1,0,0,0,0,0,1,0,0,1,0,1,0,0,0
b15a53c2cc5cc7e275131c83,0,0,0,1,1,0,0,0,0,0,1,0,0,1,0,0
b15c9f8b99d740b7bd5bb945,0,0,1,0,0,0,0,1,0,1,0,0,1,0,0,0
b16be2a0eaffd30090e2ad6e,0,0,1,0,0,1,0,0,1,0,0,0,0,0,0,1
b170eef85331f5daa38bb1ae,0,1,0,0,0,0,1,0,0,0,0,1,1,0,0,0
b173480e5d3e1b747854c8c7,0,1,0,0,0,0,1,0,0,0,0,1,1,0,0,0
b173e8038f60c5de01ea90ec,0,0,0,1,0,0,1,0,1,0,0,0,0,1,0,0
b17512b88691eaf28c7c753a,1,0,0,0,0,0,0,1,0,0,1,0,0,1,0,0
b17f28cd4606c373cd1369c6,0,1,0,0,1,0,0,0,0,0,0,1,0,0,1,0
b18168d2feab4f1340e5ced5,0,1,0,0,1,0,0,0,0,0,1,0,0,0,0,1
b18dde01cbbea4177f30e78e,0,0,0,1,0,0,1,0,0,1,0,0,1,0,0,0
b190583756a63976222832ae,0,0,0,1,0,1,0,0,1,0,0,0,0,0,1,0
b194dcdce8aafba838afb0c8,0,1,0,0,0,0,1,0,1,0,0,0,0,0,0,1
b19843a4ee5e6e7c3d82fb13,1,0,0,0,0,1,0,0,0,0,1,0,0,0,0,1
b1a9facc23d12a676642943d,0,0,0,1,0,0,1,0,0,1,0,0,1,0,0,0
b1b54f817866af0a1bc8ea1c,0,1,0,0,0,0,0,1,0,0,1,0,1,0,0,0
b1c07624b6010e5926d4a79a,1,0,0,0,0,1,0,0,0,0,0,1,0,0,1,0
b1c2ce4dfd7eef9ad6c734a5,0,1,0,0,0,0,1,0,1,0,0,0,0,0,0,1
b1c465309277611b0215bdce,1,0,0,0,0,0,1,0,0,0,0,1,0,1,0,0
b1cc45047ba65328b6af642b,1,0,0,0,0,0,0,1,0,1,0,0,0,0,1,0
b1dbde4ce59cd2ec3a6c3534,0,1,0,0,1,0,0,0,0,0,1,0,0,0,0,1
b1e2421cc71e216455d4699d,0,1,0,0,0,0,1,0,1,0,0,0,0,0,0,1
b1e360d0b8302fe32cf332b0,0,0,0,1,0,1,0,0,0,0,1,0,1,0,0,0
b1f180021b831295a772aa58,1,0,0,0,0,1,0,0,0,0,0,1,0,0,1,0
b211bd207ba65ae8fae033a4,0,1,0,0,0,0,1,0,1,0,0,0,0,0,0,1
b2189a64b9c3588356742523,0,0,0,1,0,1,0,0,0,0,1,0,1,0,0,0
b223be9bb3b3e384e70aec6f,0,0,0,1,1,0,0,0,0,1,0,0,0,0,1,0
b2276396c2ebccd16c909c60,0,0,0,1,0,1,0,0,0,0,1,0,1,0,0,0
b22e873a1d6bfa211f662473,1,0,0,0,0,0,0,1,0,1,0,0,0,0,1,0
b247de128e6cd1a61f0fdc1b,1,0,0,0,0,0,1,0,0,1,0,0,0,0,0,1
b24b80ba38b5a2202120abd2,0,0,0,1,0,0,1,0,1,0,0,0,0,1,0,0
b25568954cd5413ccdb46c91,0,0,0,1,0,1,0,0,1,0,0,0,0,0,1,0
b2589978a4e167ce228d2b86,0,1,0,0,0,0,0,1,0,0,1,0,1,0,0,0
b26478a1a2dede5e013525f2,1,0,0,0,0,0,0,1,0,0,1,0,0,1,0,0
b264c180d56f874f7bb90e9a,1,0,0,0,0,0,1,0,0,1,0,0,0,0,0,1
b268b9742aa9a1c889e80892,0,0,0,1,0,0,1,0,0,1,0,0,1,0,0,0
b269855016cb59077e72503d,0,1,0,0,0,0,1,0,1,0,0,0,0,0,0,1
b27709eadbd0a87590b13b29,0,1,0,0,0,0,1,0,0,0,0,1,1,0,0,0
b27fef29f6499e6909dfd833,1,0,0,0,0,1,0,0,0,0,0,1,0,0,1,0
b2816921a1c5e2be178fa4ce,0,0,0,1,1,0,0,0,0,1,0,0,0,0,1,0
b2817871fecd6e1bc1f92627,0,1,0,0,0,0,0,1,1,0,0,0,0,0,1,0
b28800eae094762cd6d52727,0,0,1,0,0,1,0,0,1,0,0,0,0,0,0,1
b28a7e8f9d1e5272a0409423,0,0,0,1,1,0,0,0,0,1,0,0,0,0,1,0
b298e5ad71ff6aa5caf98388,0,0,1,0,0,0,0,1,1,0,0,0,0,1,0,0
b2a1cf29d97445458b2192db,0,0,0,1,0,1,0,0,1,0,0,0,0,0,1,0
b2b1d4f83828023fb93600e5,0,0,1,0,0,1,0,0,1,0,0,0,0,0,0,1
b2bfe6fae4aa6cc65f5c99af,0,0,1,0,0,1,0,0,1,0,0,0,0,0,0,1
b2c97f98018bfcbaf74f110d,1,0,0,0,0,1,0,0,0,0,0,1,0,0,1,0
b2cb75b5060aafdb9d13f387,0,1,0,0,0,0,1,0,1,0,0,0,0,0,0,1
b2cd4cfc75f47f1bb4260815,0,1,0,0,1,0,0,0,0,0,0,1,0,0,1,0
b2d33236d0c9d27bdc0f8575,0,0,1,0,1,0,0,0,0,1,0,0,0,0,0,1
b2d88a1685d17db9bf9a63e1,0,1,0,0,1,0,0,0,0,0,0,1,0,0,1,0
b2dec380fce95918d19dea0e,0,0,0,1,1,0,0,0,0,1,0,0,0,0,1,0
b2e2390876f9e598aec65751,0,1,0,0,0,0,1,0,0,0,0,1,1,0,0,0
b2ecd3eb60ed068657567979,0,0,0,1,0,0,1,0,0,1,0,0,1,0,0,0
b2eea404b7c452a54ce0494d,0,1,0,0,0,0,0,1,0,0,1,0,1,0,0,0
b2f4d460619fc96cde7a37bd,0,0,1,0,1,0,0,0,0,1,0,0,0,0,0,1
b2f73697832161600e6aa03d,0,0,1,0,0,1,0,0,0,0,0,1,1,0,0,0
b2f98c9786b156d6200ff546,1,0,0,0,0,0,0,1,0,0,1,0,0,1,0,0
b2ff66a8693d13e1bfc8119f,1,0,0,0,0,0,0,1,0,1,0,0,0,0,1,0
b30d71ba355a295ba00eb2d3,0,1,0,0,1,0,0,0,0,0,0,1,0,0,1,0
b310cfaa1389d0c9961c5abe,1,0,0,0,0,1,0,0,0,0,0,1,0,0,1,0
b3169b12ae0c8cdbbb2aa0de,0,1,0,0,0,0,0,1,0,0,1,0,1,0,0,0
b31bd107a2bd180d0044fdc1,1,0,0,0,0,0,1,0,0,0,0,1,0,1,0,0
b32440e52ded3793db158ce2,0,0,1,0,1,0,0,0,0,0,0,1,0,1,0,0
b3287358fa2123957087a284,0,0,1,0,0,0,0,1,1,0,0,0,0,1,0,0
b328ae33096b40afea5611f6,0,1,0,0,0,0,0,1,1,0,0,0,0,0,1,0
b32d04ba0d2ab36e4055ce80,0,0,1,0,0,0,0,1,0,1,0,0,1,0,0,0
b32f80d98a61cf9d3626bddf,1,0,0,0,0,0,1,0,0,1,0,0,0,0,0,1
b33209275e9bbbc41d15eaf1,0,0,0,1,0,0,1,0,0,1,0,0,1,0,0,0
b3351989123a3a0f2b220b0b,1,0,0,0,0,0,1,0,0,0,0,1,0,1,0,0
b33cd6b4293075b4c608cd58,1,0,0,0,0,1,0,0,0,0,0,1,0,0,1,0
b33ecc102f6b85509c41e8e4,1,0,0,0,0,1,0,0,0,0,0,1,0,0,1,0
b345372e09b0c570f26ad050,0,0,0,1,1,0,0,0,0,1,0,0,0,0,1,0
b34967ef296593b8aa64c937,0,0,1,0,1,0,0,0,0,1,0,0,0,0,0,1
b34b337c00a4bb055d9ad77d,0,0,1,0,0,1,0,0,0,0,0,1,1,0,0,0
b34ed02048dafa8d2f928a68,1,0,0,0,0,0,1,0,0,0,0,1,0,1,0,0
b35f289546dd1ff50202ba68,1,0,0,0,0,0,1,0,0,1,0,0,0,0,0,1
b36b075f8c44addc3e4b9c43,1,0,0,0,0,1,0,0,0,0,0,1,0,0,1,0
b36fbb625cb19fcc7cf58998,0,0,0,1,0,1,0,0,1,0,0,0,0,0,1,0
b38cad0f15a9a1c7e2ab8bf3,0,0,0,1,1,0,0,0,0,1,0,0,0,0,1,0
b38df1f3852a9d5e0db90535,0,1,0,0,1,0,0,0,0,0,0,1,0,0,1,0
b3984b7bab8cdd791948430b,1,0,0,0,0,0,0,1,0,0,1,0,0,1,0,0
b3a0a5cf945ce517b54b6488,0,0,1,0,0,1,0,0,0,0,0,1,1,0,0,0
b3a4d57db54bcb88ad11235f,0,0,0,1,0,1,0,0,0,0,1,0,1,0,0,0
b3a7bd920a14207f8989fcef,0,0,1,0,1,0,0,0,0,1,0,0,0,0,0,1
b3a7f81c621cf8062ec5a611,0,1,0,0,1,0,0,0,0,0,1,0,0,0,0,1
b3a90715f3dcf26dcb780ab1,0,1,0,0,0,0,0,1,0,0,1,0,1,0,0,0
b3af9adde6a77f437032047d,1,0,0,0,0,1,0,0,0,0,0,1,0,0,1,0
b3b5f3b175b403cf9eed4f7c,0,0,1,0,1,0,0,0,0,1,0,0,0,0,0,1
b3ba7bce4204e0574e53dd9b,0,1,0,0,0,0,0,1,1,0,0,0,0,0,1,0
b3c4b343f4e61cb8ea0894d7,0,1,0,0,0,0,0,1,0,0,1,0,1,0,0,0
b3c67a5e50b2b322e4110f44,0,0,0,1,1,0,0,0,0,1,0,0,0,0,1,0
b3c9db60cf15fdf10bbba187,0,0,1,0,0,0,0,1,0,1,0,0,1,0,0,0
b3d38e6c8b0493b213579408,0,0,1,0,1,0,0,0,0,1,0,0,0,0,0,1
b3d72230226e3f6af67eed97,0,0,1,0,0,0,0,1,1,0,0,0,0,1,0,0
b3dc137b3c76c9c9967c691d,0,0,1,0,0,1,0,0,0,0,0,1,1,0,0,0
b3f0d6a4ad9bccf203fd6c23,0,1,0,0,1,0,0,0,0,0,1,0,0,0,0,1
b3f2028aba0365921180b7ac,0,0,0,1,1,0,0,0,0,0,1,0,0,1,0,0
b3f39b52af1815136f4b60bf,1,0,0,0,0,0,1,0,0,1,0,0,0,0,0,1
b3f7e2f70cdbc23a1d8b0981,0,0,0,1,0,0,1,0,1,0,0,0,0,1,0,0
b40f6226c34d6316477dd5ac,1,0,0,0,0,1,0,0,0,0,1,0,0,0,0,1
b40ff4c27e15d96661ccd548,0,1,0,0,1,0,0,0,0,0,1,0,0,0,0,1
b412bcc5ac4c17d1312b5390,0,0,1,0,0,0,0,1,1,0,0,0,0,1,0,0
b416b6c48374772072bf5766,0,1,0,0,0,0,0,1,0,0,1,0,1,0,0,0
b41c3636e59955031a8c37e3,0,1,0,0,0,0,0,1,1,0,0,0,0,0,1,0
b423884d85bf310e60a8052f,0,0,0,1,0,1,0,0,0,0,1,0,1,0,0,0
b423d1f563aee0dc1a10c26f,0,0,0,1,1,0,0,0,0,1,0,0,0,0,1,0
b42554ab44a825ab87e7aafb,0,0,0,1,0,0,1,0,1,0,0,0,0,1,0,0
b42644703e17e00e5ac4975a,0,1,0,0,1,0,0,0,0,0,1,0,0,0,0,1
b4282c09d1ed401b0a202409,0,0,1,0,0,0,0,1,0,1,0,0,1,0,0,0
b43002be4f8a7d71da1ea8d8,1,0,0,0,0,0,0,1,0,1,0,0,0,0,1,0
b43a2527cdf1e2be5da4461a,0,1,0,0,0,0,1,0,1,0,0,0,0,0,0,1
b44e4d394ac5bfda8d5d3ec3,0,0,0,1,0,0,1,0,1,0,0,0,0,1,0,0
b46bb141a0d01061aed5bdcf,0,1,0,0,0,0,0,1,1,0,0,0,0,0,1,0
b46e4a4f099c3e54518c2326,0,0,1,0,1,0,0,0,0,0,0,1,0,1,0,0
b4741330d127286d19c0dd39,0,0,1,0,0,1,0,0,0,0,0,1,1,0,0,0
b477ab7ef1b6480c73a6e9a7,0,0,1,0,0,1,0,0,0,0,0,1,1,0,0,0
b479c5575a43c379d6a3c0a8,0,1,0,0,0,0,1,0,0,0,0,1,1,0,0,0
b47b5a7d6ad79bc3721f6b7d,0,1,0,0,0,0,1,0,1,0,0,0,0,0,0,1
b48e9c0de63b1feff82a7af7,0,0,0,1,0,0,1,0,0,1,0,0,1,0,0,0
b48ea8cff7b7be8adf3a7365,0,1,0,0,1,0,0,0,0,0,1,0,0,0,0,1
b4951af70efb9d562be0abb9,0,0,0,1,1,0,0,0,0,0,1,0,0,1,0,0
b49c268f15c465e1f2169154,0,0,0,1,0,1,0,0,1,0,0,0,0,0,1,0
b49d382a14687bcc9933cb45,0,0,1,0,0,0,0,1,0,1,0,0,1,0,0,0
b49fe08ec6dd56f92dd46ddf,0,1,0,0,0,0,0,1,0,0,1,0,1,0,0,0
b4a13c3df25493f271437394,0,0,0,1,0,1,0,0,0,0,1,0,1,0,0,0
b4a1ed1b431a981ad14db027,1,0,0,0,0,1,0,0,0,0,0,1,0,0,1,0
b4a531ac7bbd8ca229a7ee66,0,0,1,0,0,0,0,1,0,1,0,0,1,0,0,0
b4a7a0e44c2c8d3afefa6070,0,0,0,1,1,0,0,0,0,1,0,0,0,0,1,0
b4b302a90dbf90b29ebf568a,0,0,0,1,1,0,0,0,0,0,1,0,0,1,0,0
b4b385f0891706bf679fbd81,1,0,0,0,0,0,0,1,0,0,1,0,0,1,0,0
b4b42b5e5f5c19d97e9e4ce7,0,0,0,1,0,0,1,0,1,0,0,0,0,1,0,0
b4bb6e4031b8fa91d5ddb06e,0,0,1,0,0,0,0,1,0,1,0,0,1,0,0,0
b4bb7940caa7db3af49391f4,0,0,1,0,1,0,0,0,0,0,0,1,0,1,0,0
b4c13da74479f074c24d9f56,0,0,1,0,0,1,0,0,1,0,0,0,0,0,0,1
b4d82e8a0e8c8fe8641c8904,0,0,1,0,1,0,0,0,0,0,0,1,0,1,0,0
b4ddbfe6b5fcf0d56b78540d,1,0,0,0,0,0,0,1,0,0,1,0,0,1,0,0
b4e313de3b24f313d99cb247,0,1,0,0,0,0,1,0,1,0,0,0,0,0,0,1
b4e9c1512306f68c657e0874,0,0,1,0,0,1,0,0,0,0,0,1,1,0,0,0
b4ee0a478cecf161821855d4,0,1,0,0,0,0,0,1,0,0,1,0,1,0,0,0
b4f6a9f7d7d11417709257d7,0,1,0,0,0,0,0,1,1,0,0,0,0,0,1,0
b4f7fb37539add119359f308,0,0,0,1,0,1,0,0,1,0,0,0,0,0,1,0
b50c04d40c6eda3f17723191,0,1,0,0,1,0,0,0,0,0,1,0,0,0,0,1
b520dbaaa802f958852091ee,0,0,1,0,1,0,0,0,0,1,0,0,0,0,0,1
b524a335914f7565a3ff058c,1,0,0,0,0,0,1,0,0,0,0,1,0,1,0,0
b524c7a014f14aa738b7863a,0,1,0,0,0,0,1,0,1,0,0,0,0,0,0,1
b526aa71356f58829f0d8ae1,0,0,1,0,0,1,0,0,0,0,0,1,1,0,0,0
b529b72ae0abeb4a17297dfd,0,0,0,1,0,0,1,0,1,0,0,0,0,1,0,0
b53d63e012444de687978dd0,0,0,1,0,0,0,0,1,1,0,0,0,0,1,0,0
b5499b66944d1a9efbbe13c6,1,0,0,0,0,0,0,1,0,1,0,0,0,0,1,0
b5528f75767967271e9c2026,1,0,0,0,0,1,0,0,0,0,0,1,0,0,1,0
b55429c2dfcf684697b23ed8,0,0,1,0,0,0,0,1,0,1,0,0,1,0,0,0
b55d6fa733bbe7d89dd4cc89,0,0,1,0,0,0,0,1,1,0,0,0,0,1,0,0
b55dc9b21f380ca9a8da4ab1,0,1,0,0,1,0,0,0,0,0,0,1,0,0,1,0
b567f958a78253ee8bacc2db,0,1,0,0,0,0,0,1,1,0,0,0,0,0,1,0
b56fe886cfe409c202b3f584,1,0,0,0,0,1,0,0,0,0,1,0,0,0,0,1
b571c36c8cb06f3efdada79b,0,1,0,0,0,0,1,0,0,0,0,1,1,0,0,0
b577c2ea0a9608a2965c1348,0,1,0,0,0,0,0,1,1,0,0,0,0,0,1,0
b582c4a4b263e2082dba2223,0,0,0,1,0,1,0,0,0,0,1,0,1,0,0,0
b5903215b3610951feb36109,0,1,0,0,0,0,0,1,1,0,0,0,0,0,1,0
b592d73e83e434a3c44664da,0,0,1,0,0,1,0,0,1,0,0,0,0,0,0,1
b59413bf16847ef711ea0558,0,0,0,1,1,0,0,0,0,1,0,0,0,0,1,0
b597edfffc801df10b6d6207,0,0,0,1,0,1,0,0,1,0,0,0,0,0,1,0
b59fd596a0f836ec452e5741,0,0,0,1,1,0,0,0,0,1,0,0,0,0,1,0
b5a0135baf7428025769842c,1,0,0,0,0,0,0,1,0,0,1,0,0,1,0,0
b5c04bfd68da76d92842edce,0,1,0,0,0,0,1,0,1,0,0,0,0,0,0,1
b5c9510b2e744a1f9256fefe,1,0,0,0,0,0,1,0,0,1,0,0,0,0,0,1
b5ce010a8f67297fdfaff2da,0,0,1,0,0,0,0,1,0,1,0,0,1,0,0,0
b5deb8eecbb03519ae65a39a,0,1,0,0,1,0,0,0,0,0,0,1,0,0,1,0
b5eb1698fe7e44cb9bcc711d,1,0,0,0,0,1,0,0,0,0,0,1,0,0,1,0
b5f2a1a1b7744d9e525fc5ce,1,0,0,0,0,0,1,0,0,1,0,0,0,0,0,1
b5f32cfe68ba93aedee70016,1,0,0,0,0,1,0,0,0,0,0,1,0,0,1,0
b5f6ab1e26ee0daed606e2c6,0,1,0,0,0,0,1,0,0,0,0,1,1,0,0,0
b5f854d0b0e1f9d9acb84a80,0,0,0,1,0,0,1,0,1,0,0,0,0,1,0,0
b5fbf1039093e22d0ebc3398,0,0,1,0,1,0,0,0,0,1,0,0,0,0,0,1
b5fc3a7c2896efb093478e22,0,0,0,1,0,1,0,0,0,0,1,0,1,0,0,0
b5fdd3f83b26191f14d8b984,0,0,0,1,1,0,0,0,0,1,0,0,0,0,1,0
b60fd2a3019e77eb990aee33,1,0,0,0,0,0,0,1,0,0,1,0,0,1,0,0
b618044f15a83168819382bb,1,0,0,0,0,0,1,0,0,0,0,1,0,1,0,0
b625956608a459b5aa3809ee,0,0,1,0,1,0,0,0,0,1,0,0,0,0,0,1
b6296880e2b88c38d491373d,0,0,1,0,0,1,0,0,1,0,0,0,0,0,0,1
b638b3a8927819a52f7710bf,1,0,0,0,0,0,1,0,0,1,0,0,0,0,0,1
b6394046aa9c538f785b0c23,1,0,0,0,0,0,1,0,0,0,0,1,0,1,0,0
b6398181c8efc45dc0e7ecaa,0,0,1,0,0,1,0,0,0,0,0,1,1,0,0,0
b63bd2a82f2f87b01669d71e,0,1,0,0,1,0,0,0,0,0,0,1,0,0,1,0
b63eb764d0524827a7d2ac81,0,0,0,1,0,1,0,0,1,0,0,0,0,0,1,0
b644ee977fc2b6c6d1ba441d,0,0,0,1,0,0,1,0,1,0,0,0,0,1,0,0
b6457890014d428268ab9567,0,0,1,0,0,1,0,0,1,0,0,0,0,0,0,1
b6470dbf1895ff6f2b40c827,0,1,0,0,1,0,0,0,0,0,1,0,0,0,0,1
b647155aeed4cb9afc92fe4f,0,0,0,1,1,0,0,0,0,0,1,0,0,1,0,0
b64f44eb91b524d13e36b321,0,1,0,0,1,0,0,0,0,0,0,1,0,0,1,0
b6590028b75550c27c83fdb3,0,0,0,1,0,1,0,0,1,0,0,0,0,0,1,0
b662c7f8544b4be659fb4625,0,1,0,0,1,0,0,0,0,0,0,1,0,0,1,0
b667a2c03b56e6d8bd33517f,0,1,0,0,0,0,0,1,0,0,1,0,1,0,0,0
b66eeef0a02ed064495bfcb3,0,0,1,0,0,0,0,1,0,1,0,0,1,0,0,0
b675c4ffb2133babc2004d25,1,0,0,0,0,1,0,0,0,0,0,1,0,0,1,0
b681c0049836044fd34e3f46,1,0,0,0,0,1,0,0,0,0,1,0,0,0,0,1
b6836d0dc40da0eabc47694a,0,1,0,0,0,0,0,1,0,0,1,0,1,0,0,0
b684652d218312ceb1f3067a,0,0,0,1,1,0,0,0,0,1,0,0,0,0,1,0
b689326562674ac53607df98,1,0,0,0,0,1,0,0,0,0,0,1,0,0,1,0
b689beefe9a284c9bbd7f09c,1,0,0,0,0,0,0,1,0,1,0,0,0,0,1,0
b68a3d815d0a28aa7a8a9800,0,1,0,0,0,0,1,0,1,0,0,0,0,0,0,1
b69d3fe434e6c782baf8d96b,1,0,0,0,0,0,0,1,0,0,1,0,0,1,0,0
b6a97feb2842745ac920aa34,0,1,0,0,0,0,0,1,0,0,1,0,1,0,0,0
b6afbe3451947026ea3844bf,0,1,0,0,0,0,1,0,1,0,0,0,0,0,0,1
b6afe191cbfd257c40615da8,0,1,0,0,0,0,0,1,0,0,1,0,1,0,0,0
b6b03d2c3e99ce08b7f2a5b5,0,1,0,0,1,0,0,0,0,0,1,0,0,0,0,1
b6b28a2f5f8967cb98a0a8f0,0,0,0,1,1,0,0,0,0,0,1,0,0,1,0,0
b6b35a1c9b771d1f583af65a,1,0,0,0,0,0,0,1,0,0,1,0,0,1,0,0
b6b6fb618a89f85098aafb40,0,0,0,1,0,0,1,0,0,1,0,0,1,0,0,0
b6baaa73fe2cafc6007da10f,0,1,0,0,0,0,0,1,0,0,1,0,1,0,0,0
b6c134e2edd6ddc162f7694d,1,0,0,0,0,1,0,0,0,0,1,0,0,0,0,1
b6d003740f7f110bc60c6fd2,0,0,1,0,1,0,0,0,0,0,0,1,0,1,0,0
b6e388919354c6961cf6bc78,0,1,0,0,1,0,0,0,0,0,1,0,0,0,0,1
b6e73cef9509fe4b513a95c2,0,1,0,0,1,0,0,0,0,0,0,1,0,0,1,0
b6e8e3b5fe81ef54d70feea9,0,0,0,1,0,1,0,0,0,0,1,0,1,0,0,0
b6eeb4b11a2029512b3f6f37,0,0,1,0,1,0,0,0,0,0,0,1,0,1,0,0
b6f4688ad657c5ec9c9e6754,0,0,0,1,1,0,0,0,0,0,1,0,0,1,0,0
b6f618d2266071171a4a42d6,0,0,1,0,0,0,0,1,0,1,0,0,1,0,0,0
b6f90bcde070f01bf5b2d468,0,0,0,1,1,0,0,0,0,0,1,0,0,1,0,0
b6faa04e0491985b408239b5,0,1,0,0,0,0,0,1,1,0,0,0,0,0,1,0
b703a3d0712968ffa19b0935,0,1,0,0,0,0,0,1,1,0,0,0,0,0,1,0
b706dc10a5b734a476961f5b,0,1,0,0,0,0,0,1,1,0,0,0,0,0,1,0
b70779fab4ec37035b43c7a1,1,0,0,0,0,0,1,0,0,0,0,1,0,1,0,0
b7108cc815857ef531683119,0,0,1,0,0,1,0,0,0,0,0,1,1,0,0,0
b7130f36534c4bd773631dd7,0,0,1,0,0,0,0,1,0,1,0,0,1,0,0,0
b714e0b7494c72b8f46a1040,0,1,0,0,0,0,0,1,1,0,0,0,0,0,1,0
b71698d92abb34d2be7eef6a,0,1,0,0,0,0,0,1,1,0,0,0,0,0,1,0
b71c190e14e0c57ed197036b,0,1,0,0,0,0,1,0,0,0,0,1,1,0,0,0
b71e481402944d6f891c9a07,0,1,0,0,1,0,0,0,0,0,1,0,0,0,0,1
b7284d4ce7db5994e4c05ed8,1,0,0,0,0,1,0,0,0,0,1,0,0,0,0,1
b736ae7bc7961d2656c50fb6,0,0,1,0,1,0,0,0,0,1,0,0,0,0,0,1
b73b99643ac42511f6917fc8,0,0,0,1,0,1,0,0,0,0,1,0,1,0,0,0
b73cbb880b34dad1b39c72c8,0,1,0,0,1,0,0,0,0,0,1,0,0,0,0,1
b74025a3441d60537bd150c0,0,0,0,1,1,0,0,0,0,1,0,0,0,0,1,0
b7410da98dbd01f67cd8176a,0,0,1,0,0,0,0,1,1,0,0,0,0,1,0,0
b742f665afba4cbffed79d84,0,0,1,0,0,0,0,1,1,0,0,0,0,1,0,0
b745c9b0641b5ce8dfa4ff3b,0,0,0,1,0,1,0,0,0,0,1,0,1,0,0,0
b75a8c7d6358d9cff62b1f0c,0,0,1,0,1,0,0,0,0,1,0,0,0,0,0,1
b760d4bf3369fad1e93d05f9,0,0,0,1,0,0,1,0,0,1,0,0,1,0,0,0
b765b32d44448d2f6e2c7f9e,0,0,1,0,0,1,0,0,0,0,0,1,1,0,0,0
b766b756fb746f058dd10b3b,0,0,0,1,0,1,0,0,1,0,0,0,0,0,1,0
b76ad44664ce27360404d120,0,0,0,1,1,0,0,0,0,1,0,0,0,0,1,0
b76c7d4cfc1fd674cf84ceb6,1,0,0,0,0,0,1,0,0,1,0,0,0,0,0,1
b76ea5b850fccab08e0179c0,1,0,0,0,0,0,0,1,0,0,1,0,0,1,0,0
b7737c040f5145fefcb8ce24,1,0,0,0,0,0,1,0,0,1,0,0,0,0,0,1
b774f872ba20d0c1624158f9,0,0,0,1,1,0,0,0,0,0,1,0,0,1,0,0
b7757eca9e365f6fdca82edd,0,0,1,0,0,1,0,0,1,0,0,0,0,0,0,1
b77ac7853bfdcb0fe9a2fe00,0,0,1,0,1,0,0,0,0,0,0,1,0,1,0,0
b782b80eaba3be8e9a1f4215,0,1,0,0,1,0,0,0,0,0,0,1,0,0,1,0
b784b26b164e9b1d572c35a0,0,1,0,0,0,0,1,0,1,0,0,0,0,0,0,1
b78827a10c77ddcd450844b0,1,0,0,0,0,1,0,0,0,0,0,1,0,0,1,0
b7938bd452cd2b9f0b1b0b88,0,1,0,0,1,0,0,0,0,0,0,1,0,0,1,0
b794334270083232e2f50995,0,0,0,1,0,0,1,0,1,0,0,0,0,1,0,0
b79a35a3a46aa29de46615a5,0,0,0,1,0,1,0,0,1,0,0,0,0,0,1,0
b7a4dad2ae3441552b8131bb,1,0,0,0,0,1,0,0,0,0,1,0,0,0,0,1
b7af05b30780e95f7c2c097c,0,0,0,1,0,1,0,0,1,0,0,0,0,0,1,0
b7b324b072595f81e7e7fa32,1,0,0,0,0,0,1,0,0,0,0,1,0,1,0,0
b7beaf9f4656d87adc3a85b2,0,1,0,0,0,0,1,0,1,0,0,0,0,0,0,1
b7c3c7dd110df53ce3eb315a,0,0,0,1,0,0,1,0,1,0,0,0,0,1,0,0
b7d4b1d96c17045d3c3c89d1,0,0,1,0,0,0,0,1,0,1,0,0,1,0,0,0
b7d6b5b8326351114048f46b,0,0,1,0,0,1,0,0,1,0,0,0,0,0,0,1
b7f43d36b1ffb0bc4de56f7c,0,1,0,0,0,0,0,1,0,0,1,0,1,0,0,0
b7fbfe740077a6e3387be703,0,1,0,0,0,0,0,1,0,0,1,0,1,0,0,0
b7fd6ae85421eef13464a106,0,0,1,0,1,0,0,0,0,0,0,1,0,1,0,0
b801c3a944477edd6622b133,0,1,0,0,0,0,1,0,1,0,0,0,0,0,0,1
b804d73689a24dd4a62771de,0,0,1,0,0,0,0,1,1,0,0,0,0,1,0,0
b807888781e70797ad963ac8,0,1,0,0,1,0,0,0,0,0,1,0,0,0,0,1
b8172dad5547899735dcd62a,1,0,0,0,0,1,0,0,0,0,1,0,0,0,0,1
b818d5ba3ce7a445bfd5ec96,0,0,0,1,0,0,1,0,1,0,0,0,0,1,0,0
b83157735fcee4f5d27af845,0,0,1,0,0,1,0,0,1,0,0,0,0,0,0,1
b86636b5452c8faed83ded89,0,0,1,0,1,0,0,0,0,1,0,0,0,0,0,1
b870c5dfced15af48259b931,1,0,0,0,0,0,0,1,0,1,0,0,0,0,1,0
b87f992f63c5b421fc8440a6,0,0,0,1,0,0,1,0,0,1,0,0,1,0,0,0
b8852a77adce7d233cc5bb07,1,0,0,0,0,0,0,1,0,1,0,0,0,0,1,0
b886c5bda2d7e942dc25dba3,0,0,0,1,0,0,1,0,1,0,0,0,0,1,0,0
b888fe73872d4ab85a270c87,1,0,0,0,0,0,0,1,0,0,1,0,0,1,0,0
b88b1096363e189c489d920c,0,0,1,0,1,0,0,0,0,0,0,1,0,1,0,0
b89b04bf17b397a78945e8be,0,0,0,1,1,0,0,0,0,0,1,0,0,1,0,0
b8acff1c70b25a42f65167de,0,0,1,0,1,0,0,0,0,1,0,0,0,0,0,1
b8afd24f9290e9cc09512c74,0,0,0,1,0,1,0,0,0,0,1,0,1,0,0,0
b8b5de295ccf4626d7ddaebb,1,0,0,0,0,0,1,0,0,1,0,0,0,0,0,1
b8b92308894c88969805769b,1,0,0,0,0,1,0,0,0,0,0,1,0,0,1,0
b8c064d61fd18762c1a06a1c,1,0,0,0,0,0,1,0,0,1,0,0,0,0,0,1
b8ccc0ff9dc1082ca3e93369,0,0,1,0,0,1,0,0,1,0,0,0,0,0,0,1
b8d4e09a85c3144cdaa1b561,0,0,1,0,0,0,0,1,1,0,0,0,0,1,0,0
b8dae82ab5c4bc95b7027f3e,0,1,0,0,0,0,1,0,1,0,0,0,0,0,0,1
b8de9a9e04cb30af52811ba2,0,0,0,1,0,1,0,0,1,0,0,0,0,0,1,0
b8e08f856b3cff773fa778dd,0,0,0,1,0,1,0,0,0,0,1,0,1,0,0,0
b8ec224ead292f8b8badcb6f,1,0,0,0,0,0,1,0,0,1,0,0,0,0,0,1
b8ec6e7b244cceebafb4bc05,0,1,0,0,1,0,0,0,0,0,0,1,0,0,1,0
b8f917948cf83929a93de2da,1,0,0,0,0,0,1,0,0,1,0,0,0,0,0,1
b8ffdacffe72aa0381199ba7,1,0,0,0,0,0,0,1,0,1,0,0,0,0,1,0
b901fe41eb66da81643e06a9,1,0,0,0,0,0,1,0,0,0,0,1,0,1,0,0
b90d2a285fa79ed9c2bd03c0,1,0,0,0,0,0,1,0,0,0,0,1,0,1,0,0
b9128a3967029a901c1a71fe,0,0,1,0,0,0,0,1,0,1,0,0,1,0,0,0
b912ee6067eece72aafb8ace,0,0,0,1,0,1,0,0,0,0,1,0,1,0,0,0
b91adacacdb1c2e4ee4286ec,0,1,0,0,0,0,0,1,1,0,0,0,0,0,1,0
b91be348da4096847094ca12,1,0,0,0,0,1,0,0,0,0,1,0,0,0,0,1
b92663677c547a1bb054ed97,0,0,1,0,0,1,0,0,0,0,0,1,1,0,0,0
b929fad068e5d67c377a380b,0,0,0,1,0,0,1,0,1,0,0,0,0,1,0,0
b93121a2bcc14390f83d0947,1,0,0,0,0,0,1,0,0,0,0,1,0,1,0,0
b934e29a5f73f1162065360c,0,1,0,0,0,0,1,0,0,0,0,1,1,0,0,0
b9366cb1c9baea40d7a7ffb6,0,1,0,0,1,0,0,0,0,0,0,1,0,0,1,0
b93eb55a7e33bac8255d5e9d,1,0,0,0,0,1,0,0,0,0,1,0,0,0,0,1
b94c7e58eedb07b02903965e,0,0,1,0,0,0,0,1,1,0,0,0,0,1,0,0
b94cff41bc96ff99f2451ead,0,0,0,1,0,1,0,0,0,0,1,0,1,0,0,0
b94df38e27fca211121bbb88,1,0,0,0,0,0,0,1,0,1,0,0,0,0,1,0
b94e552f94cb9cb3aee0e0b8,0,0,0,1,0,1,0,0,1,0,0,0,0,0,1,0
b9553a97f738d05c7ced5219,0,0,1,0,1,0,0,0,0,1,0,0,0,0,0,1
b9685afecc9f3f666b407bf6,0,0,0,1,1,0,0,0,0,1,0,0,0,0,1,0
b97441d6ef881bd2d12fc451,0,0,1,0,1,0,0,0,0,1,0,0,0,0,0,1
b9759066520c8aced968c7aa,0,0,1,0,0,1,0,0,1,0,0,0,0,0,0,1
b9767b05b638aa7d038dc14a,0,1,0,0,0,0,0,1,0,0,1,0,1,0,0,0
b97800ec8abcadc9e4ace45f,0,1,0,0,0,0,1,0,0,0,0,1,1,0,0,0
b97b42979dbb04dde15b475a,0,0,0,1,0,1,0,0,0,0,1,0,1,0,0,0
b97b861b368330e3216f7667,0,1,0,0,1,0,0,0,0,0,1,0,0,0,0,1
b97b9889b02805e8b0e51de7,0,0,0,1,0,1,0,0,0,0,1,0,1,0,0,0
b97f870375ef45d850999b17,0,0,1,0,1,0,0,0,0,1,0,0,0,0,0,1
b98e5a5984cd018fbea96032,0,1,0,0,1,0,0,0,0,0,1,0,0,0,0,1
b99633b58cb7c2e8d2417466,1,0,0,0,0,0,0,1,0,0,1,0,0,1,0,0
b996ecb0ab9704629e990d36,0,0,0,1,0,0,1,0,1,0,0,0,0,1,0,0
b99aba2e1c2f7b1845c9011b,0,1,0,0,0,0,1,0,0,0,0,1,1,0,0,0
b99ac81af3d7d387763b39d8,1,0,0,0,0,1,0,0,0,0,0,1,0,0,1,0
b99e5a2f52285f96c2bd66a8,0,0,1,0,1,0,0,0,0,1,0,0,0,0,0,1
b9a12e80de0bee0339a479f2,0,1,0,0,0,0,0,1,0,0,1,0,1,0,0,0
b9ad19c426006e553b770a53,1,0,0,0,0,0,0,1,0,1,0,0,0,0,1,0
b9ba7ef37a4cfd9aebfd0988,0,0,1,0,0,1,0,0,1,0,0,0,0,0,0,1
b9c4353e39d6b85aa8c9bb31,0,0,1,0,1,0,0,0,0,0,0,1,0,1,0,0
b9c5a26eadb2e58586f418a0,0,0,0,1,0,1,0,0,0,0,1,0,1,0,0,0
b9c8e2828bd601310b09c8ca,0,0,1,0,1,0,0,0,0,1,0,0,0,0,0,1
b9cb171019a24a93d477faa4,0,1,0,0,0,0,0,1,1,0,0,0,0,0,1,0
b9d10179de8e75a253e65c39,0,1,0,0,1,0,0,0,0,0,0,1,0,0,1,0
b9d198433ba451f0e8e7d2b1,0,0,0,1,1,0,0,0,0,0,1,0,0,1,0,0
b9db8cbe6a257732aecbf677,0,1,0,0,1,0,0,0,0,0,1,0,0,0,0,1
b9de85f865e896995da42aec,0,0,0,1,1,0,0,0,0,1,0,0,0,0,1,0
b9e6c46c1bb9f5f5ab8ffb27,1,0,0,0,0,0,0,1,0,0,1,0,0,1,0,0
b9e6e14f138d6c8c2373b436,1,0,0,0,0,0,1,0,0,0,0,1,0,1,0,0
b9ebdf28540e39a97b34f7d1,0,0,1,0,0,1,0,0,0,0,0,1,1,0,0,0
b9fd9c44fe706fd66cbe4ebc,1,0,0,0,0,1,0,0,0,0,0,1,0,0,1,0
b9ff8ad82e784cb5d3c65edf,1,0,0,0,0,0,0,1,0,0,1,0,0,1,0,0
ba03f1ac961e872528fc4608,0,0,1,0,1,0,0,0,0,1,0,0,0,0,0,1
ba30d03001de82e3e3b6ce0b,1,0,0,0,0,1,0,0,0,0,0,1,0,0,1,0
ba351a79635f9ea98e5824bd,0,1,0,0,0,0,1,0,1,0,0,0,0,0,0,1
ba36071d37c86ab4f2394b9c,0,1,0,0,0,0,1,0,0,0,0,1,1,0,0,0
ba475fee7339bdc33fdf2aed,1,0,0,0,0,1,0,0,0,0,1,0,0,0,0,1
ba4afe234d23cbe648086a7a,0,0,0,1,1,0,0,0,0,0,1,0,0,1,0,0
ba56c26dc3a1ec5c39470d31,0,0,0,1,0,0,1,0,0,1,0,0,1,0,0,0
ba570711602be0eddd7e6a9e,0,0,0,1,0,0,1,0,1,0,0,0,0,1,0,0
ba571e637e1eba8bb01f9dfb,0,0,1,0,0,0,0,1,1,0,0,0,0,1,0,0
ba60dc9cd4a2c0edb9fe4564,0,0,1,0,0,0,0,1,1,0,0,0,0,1,0,0
ba65e35f55a1ab145517e413,0,1,0,0,0,0,0,1,0,0,1,0,1,0,0,0
ba6e51a2e1cab6738fc0b899,0,1,0,0,0,0,0,1,0,0,1,0,1,0,0,0
ba72256a80594c9043c6921f,1,0,0,0,0,0,0,1,0,0,1,0,0,1,0,0
ba77ae96e000a3fe65fe6469,0,1,0,0,0,0,1,0,1,0,0,0,0,0,0,1
ba7e1706b14e720b2d91f91b,0,1,0,0,0,0,1,0,0,0,0,1,1,0,0,0
ba82ec2cf9be186e4b1c1f02,0,1,0,0,1,0,0,0,0,0,1,0,0,0,0,1
ba85fd6db7d1c1f56b524da3,0,0,1,0,0,1,0,0,0,0,0,1,1,0,0,0
ba8bcb106665e1d8519c86e9,0,0,0,1,0,1,0,0,0,0,1,0,1,0,0,0
ba8fa437c6e8e30676d4020f,0,0,1,0,1,0,0,0,0,1,0,0,0,0,0,1
ba907a73acf686dca7996c5d,0,1,0,0,0,0,0,1,1,0,0,0,0,0,1,0
ba90d00a8619ae5d990275b4,0,0,0,1,1,0,0,0,0,1,0,0,0,0,1,0
ba9f2a19e0907a8036b4b3d2,0,0,1,0,1,0,0,0,0,0,0,1,0,1,0,0
baa256fe25755f5399f877a7,0,1,0,0,1,0,0,0,0,0,0,1,0,0,1,0
babb2805c9aaa6771533270b,0,1,0,0,0,0,1,0,1,0,0,0,0,0,0,1
babdec8184fc82bb8f2170dc,0,1,0,0,1,0,0,0,0,0,0,1,0,0,1,0
bacbbe8914c3e7fc376a1340,1,0,0,0,0,0,0,1,0,0,1,0,0,1,0,0
bad97bf2f2763062be33602d,0,0,1,0,0,1,0,0,1,0,0,0,0,0,0,1
badc9aad0a329f09612ae4ba,0,0,0,1,0,0,1,0,1,0,0,0,0,1,0,0
bae03513bf126c96e91692a8,0,1,0,0,0,0,1,0,1,0,0,0,0,0,0,1
bae125ae0aedccb977e4f2da,0,0,0,1,1,0,0,0,0,1,0,0,0,0,1,0
bae4bd19915ab6dd6d3a688f,0,0,1,0,0,1,0,0,1,0,0,0,0,0,0,1
bae65c47bcf77e6510d07f36,0,0,1,0,0,1,0,0,0,0,0,1,1,0,0,0
baf2fd8d043fa261a7a4ea29,1,0,0,0,0,0,0,1,0,0,1,0,0,1,0,0
bafbd86046058ecd6b74b1c5,0,0,0,1,0,1,0,0,1,0,0,0,0,0,1,0
bafd5aba350053abf8864183,0,0,1,0,0,0,0,1,1,0,0,0,0,1,0,0
bb0245ff9b93af49121854ae,0,1,0,0,0,0,1,0,1,0,0,0,0,0,0,1
bb12447c7ca03eb6363448ea,0,1,0,0,1,0,0,0,0,0,1,0,0,0,0,1
bb175e65a635af953523f66c,0,0,1,0,0,0,0,1,1,0,0,0,0,1,0,0
bb1a6fbc5f7c8a4a14eae223,0,1,0,0,1,0,0,0,0,0,0,1,0,0,1,0
bb23b8c5da03e69048426cdb,1,0,0,0,0,0,1,0,0,1,0,0,0,0,0,1
bb2a157c6211261cd22d7b08,0,0,1,0,0,0,0,1,0,1,0,0,1,0,0,0
bb3903979dd3059955417a51,0,0,1,0,1,0,0,0,0,1,0,0,0,0,0,1
bb448ed50b87f68d000b23c1,0,1,0,0,0,0,0,1,0,0,1,0,1,0,0,0
bb45eb1688e9e6b1eca18d15,0,1,0,0,0,0,1,0,0,0,0,1,1,0,0,0
bb531fb9b882ef03f3d93363,1,0,0,0,0,1,0,0,0,0,0,1,0,0,1,0
bb539be7d7345ae8baad84ba,0,0,0,1,1,0,0,0,0,1,0,0,0,0,1,0
bb5cd0911393e0698c9b49e4,1,0,0,0,0,1,0,0,0,0,0,1,0,0,1,0
bb74338afa79060d61739e39,1,0,0,0,0,1,0,0,0,0,1,0,0,0,0,1
bb7520caa6669cc8ca9761b6,0,0,0,1,0,0,1,0,1,0,0,0,0,1,0,0
bb778e6f684c0b38970dcd3b,1,0,0,0,0,0,0,1,0,1,0,0,0,0,1,0
bb872e7e1ff4c221caf8bbf3,0,0,1,0,0,0,0,1,1,0,0,0,0,1,0,0
bb87ba2298d8f1e905a6af91,1,0,0,0,0,0,0,1,0,0,1,0,0,1,0,0
bb96e84722f8b26ed14c7759,0,0,0,1,1,0,0,0,0,1,0,0,0,0,1,0
bb9bbc03ac557905ac7cf23d,0,1,0,0,0,0,1,0,1,0,0,0,0,0,0,1
bb9f04d612f3ea14262de5ee,0,0,1,0,0,1,0,0,1,0,0,0,0,0,0,1
bbaefbb7c7a1c39d0c66c680,0,0,1,0,0,0,0,1,0,1,0,0,1,0,0,0
bbbc762447d5e359f9a31a1a,1,0,0,0,0,1,0,0,0,0,1,0,0,0,0,1
bbbe4cb02433e262133323da,0,0,0,1,1,0,0,0,0,0,1,0,0,1,0,0
bbbefe88cd5ed51839547fbe,0,1,0,0,1,0,0,0,0,0,0,1,0,0,1,0
bbc920ad1aa5b0d5baef04ce,0,0,0,1,1,0,0,0,0,0,1,0,0,1,0,0
bbce9f94bd52b1183fa5076d,0,0,0,1,1,0,0,0,0,1,0,0,0,0,1,0
bbd475a7691f26bc40401812,0,0,1,0,0,1,0,0,1,0,0,0,0,0,0,1
bbdafebaa5a0d248dd52ca3f,1,0,0,0,0,0,1,0,0,0,0,1,0,1,0,0
bbe44548282c1e90002dbee2,0,0,0,1,0,0,1,0,0,1,0,0,1,0,0,0
bbe5cae21d111cf32c85e5ff,0,0,0,1,1,0,0,0,0,1,0,0,0,0,1,0
bbe9d07e81ea854bdb1ec010,0,0,1,0,1,0,0,0,0,0,0,1,0,1,0,0
bbec219f7a788e6a287b6c88,0,0,0,1,1,0,0,0,0,0,1,0,0,1,0,0
bbecdd56994ca633369cc3e3,1,0,0,0,0,1,0,0,0,0,1,0,0,0,0,1
bbed14f9ae425454641a9b2a,0,0,0,1,1,0,0,0,0,0,1,0,0,1,0,0
bbf171c5c40b9ec324052466,0,1,0,0,0,0,1,0,0,0,0,1,1,0,0,0
bbf94feeaf90a691910038cb,0,0,1,0,0,1,0,0,1,0,0,0,0,0,0,1
bbfbe53790ee6da8c753d5bd,0,1,0,0,0,0,0,1,1,0,0,0,0,0,1,0
bc03f513c25e9b3db3bbe483,0,1,0,0,0,0,1,0,0,0,0,1,1,0,0,0
bc05384aee096e52b97c3005,0,0,0,1,0,0,1,0,0,1,0,0,1,0,0,0
bc06401a7c29f8fd4ee36371,1,0,0,0,0,0,1,0,0,0,0,1,0,1,0,0
bc08c1570a818be44df79887,0,0,1,0,1,0,0,0,0,0,0,1,0,1,0,0
bc0bdb2edf2be20f7ac03c15,0,0,1,0,0,1,0,0,0,0,0,1,1,0,0,0
bc10042b6a06fbf3580ed217,0,0,1,0,0,1,0,0,1,0,0,0,0,0,0,1
bc104f42544399eb5061b9ca,0,1,0,0,0,0,0,1,1,0,0,0,0,0,1,0
bc19f18e1053522942ae9437,0,1,0,0,1,0,0,0,0,0,1,0,0,0,0,1
bc257afbdd41270d660c4709,0,0,1,0,0,1,0,0,1,0,0,0,0,0,0,1
bc2a02ca8da0fef4a4f5e301,0,0,1,0,0,0,0,1,1,0,0,0,0,1,0,0
bc33397a15f08ddc3c2d38f7,0,0,0,1,1,0,0,0,0,1,0,0,0,0,1,0
bc44f8c3370f29cb830c03ae,0,0,1,0,0,1,0,0,0,0,0,1,1,0,0,0
bc599cf09cc9a916e6537a05,0,0,0,1,0,1,0,0,0,0,1,0,1,0,0,0
bc682e23785000602dbe5f7d,0,1,0,0,0,0,0,1,1,0,0,0,0,0,1,0
bc765ab6963eee7428cf2fee,0,0,1,0,0,0,0,1,0,1,0,0,1,0,0,0
bc771968c728d09cba34d9d2,0,1,0,0,0,0,1,0,0,0,0,1,1,0,0,0
bc7f468ecf09a4a04676d2ac,0,1,0,0,0,0,0,1,1,0,0,0,0,0,1,0
bc8ec89cf56d976d33bf1ebc,1,0,0,0,0,0,0,1,0,0,1,0,0,1,0,0
bc90e26af9138924e47d02aa,0,1,0,0,0,0,1,0,0,0,0,1,1,0,0,0
bca7e41d9e674e12800490f9,0,0,0,1,0,0,1,0,1,0,0,0,0,1,0,0
bca87aeb03b2e37db5c1a16f,1,0,0,0,0,0,0,1,0,0,1,0,0,1,0,0
bcab428e54017263d3d50b0d,1,0,0,0,0,1,0,0,0,0,0,1,0,0,1,0
bcc09255f286468ff82226f3,1,0,0,0,0,1,0,0,0,0,0,1,0,0,1,0
bcc931c441a7c74dcfc2e0cd,0,1,0,0,0,0,0,1,1,0,0,0,0,0,1,0
bcca90113df93d47e2c1e54f,0,0,0,1,0,1,0,0,1,0,0,0,0,0,1,0
bccbc59bdaa571e0fdd2d479,0,0,1,0,0,1,0,0,1,0,0,0,0,0,0,1
bce151c87e69d9092d4c84bc,0,0,1,0,0,1,0,0,0,0,0,1,1,0,0,0
bce718f0c5a1cd6a263cd76f,1,0,0,0,0,0,0,1,0,0,1,0,0,1,0,0
bce8d948f439953fd26bb73e,0,0,1,0,0,0,0,1,1,0,0,0,0,1,0,0
bced5a99caa4032970a32f55,0,0,1,0,1,0,0,0,0,1,0,0,0,0,0,1
bcedda8218b8fade9bd6955e,1,0,0,0,0,0,0,1,0,0,1,0,0,1,0,0
bcf3b7c20b3a0c64180315df,0,0,1,0,0,1,0,0,1,0,0,0,0,0,0,1
bcf5cde9d0bba6a779b339e4,0,0,1,0,1,0,0,0,0,0,0,1,0,1,0,0
bcfb3286ea5f0ef1128fe69c,1,0,0,0,0,0,1,0,0,0,0,1,0,1,0,0
bcfc92f5945478fcb671440b,0,0,0,1,0,0,1,0,0,1,0,0,1,0,0,0
bd03bb596d608711c24b27d6,1,0,0,0,0,0,0,1,0,1,0,0,0,0,1,0
bd0598d61911ded29bfd7593,1,0,0,0,0,1,0,0,0,0,0,1,0,0,1,0
bd093e9863ef55777e0490f8,0,1,0,0,0,0,0,1,1,0,0,0,0,0,1,0
bd132b1ada8210fba33870c7,0,0,1,0,0,0,0,1,0,1,0,0,1,0,0,0
bd146a9a68f9ad6a3bbdb634,1,0,0,0,0,0,0,1,0,0,1,0,0,1,0,0
bd182069568f42e2a2950289,0,1,0,0,0,0,1,0,1,0,0,0,0,0,0,1
bd20d3b62fe15b9a92a5762d,0,0,1,0,1,0,0,0,0,0,0,1,0,1,0,0
bd2385631757aa93d0aa7dd2,0,0,1,0,1,0,0,0,0,0,0,1,0,1,0,0
bd259bfaa3ab2996df983242,0,0,1,0,0,0,0,1,1,0,0,0,0,1,0,0
bd27bc3bb42ee08453fd7032,0,0,0,1,1,0,0,0,0,0,1,0,0,1,0,0
bd318466a58b3f7db3690d79,0,0,1,0,0,0,0,1,1,0,0,0,0,1,0,0
bd334ca658d2d6f6dd7c231a,1,0,0,0,0,1,0,0,0,0,1,0,0,0,0,1
bd33f5337480b4a422b1bb9e,1,0,0,0,0,0,0,1,0,0,1,0,0,1,0,0
bd3ea2afa4549abe5bdf1bea,0,0,1,0,0,1,0,0,1,0,0,0,0,0,0,1
bd3ff5f25db4afe81ffef2d8,0,0,0,1,1,0,0,0,0,0,1,0,0,1,0,0
bd418333130209e8e28bb4af,1,0,0,0,0,0,1,0,0,1,0,0,0,0,0,1
bd41c3f63f98a2d091d37d9c,0,0,1,0,0,1,0,0,1,0,0,0,0,0,0,1
bd41c9e25aa7cdfb79af3267,0,1,0,0,1,0,0,0,0,0,1,0,0,0,0,1
bd4ab16bc1802cdd0fc41904,0,0,0,1,0,0,1,0,0,1,0,0,1,0,0,0
bd4d8ee2df059d0bd678131b,0,1,0,0,0,0,1,0,0,0,0,1,1,0,0,0
bd511106660d32e45725e839,0,1,0,0,0,0,0,1,0,0,1,0,1,0,0,0
bd60e4efed57a473041c3a87,0,1,0,0,0,0,0,1,0,0,1,0,1,0,0,0
bd622e2fb865884129586ccd,0,1,0,0,0,0,0,1,0,0,1,0,1,0,0,0
bd73325d84d9338e486f5cbd,0,1,0,0,0,0,1,0,0,0,0,1,1,0,0,0
bd769d011808b77401843efb,0,0,0,1,1,0,0,0,0,1,0,0,0,0,1,0
bd7e05458e0a5f828378fcfa,0,0,0,1,1,0,0,0,0,0,1,0,0,1,0,0
bd7f66dd49f29dce5edad247,0,0,1,0,0,0,0,1,0,1,0,0,1,0,0,0
bd80a28d661dab46a9bcb944,1,0,0,0,0,0,0,1,0,1,0,0,0,0,1,0
bd883308c47e48bdfead2901,1,0,0,0,0,0,0,1,0,1,0,0,0,0,1,0
bd886b663f2eae6428bec8f6,1,0,0,0,0,1,0,0,0,0,0,1,0,0,1,0
bd8af947618f8fce3a126dda,0,0,0,1,0,1,0,0,0,0,1,0,1,0,0,0
bd92caf4b6d740d0e3ecc447,1,0,0,0,0,0,1,0,0,0,0,1,0,1,0,0
bd9df4323a777df2efa8ce62,1,0,0,0,0,0,1,0,0,0,0,1,0,1,0,0
bd9e643409b91a32f37f56d4,0,0,1,0,0,1,0,0,1,0,0,0,0,0,0,1
bdad2a4eb700b4ef48554926,1,0,0,0,0,0,1,0,0,0,0,1,0,1,0,0
bdae6e212d0c167581809e81,1,0,0,0,0,0,0,1,0,1,0,0,0,0,1,0
bdb7979c8a5d2c31a120ffcd,1,0,0,0,0,0,0,1,0,0,1,0,0,1,0,0
bdbd40c9fd0bef11bb5d49ca,0,0,1,0,0,0,0,1,0,1,0,0,1,0,0,0
bdbdd2f68f94bd0dd5ae18bc,0,1,0,0,1,0,0,0,0,0,0,1,0,0,1,0
bdc2ee2f81070706e6285d79,1,0,0,0,0,0,1,0,0,0,0,1,0,1,0,0
bdc3347f28a3f7300ad80df8,0,1,0,0,1,0,0,0,0,0,0,1,0,0,1,0
bdd94d5b705a4a1c54f5c8a0,1,0,0,0,0,1,0,0,0,0,1,0,0,0,0,1
bde1d6a24a45269de5c1fe50,1,0,0,0,0,1,0,0,0,0,0,1,0,0,1,0
bded962c10df26b9bd82f280,0,0,1,0,0,1,0,0,1,0,0,0,0,0,0,1
bdf342604b056c85adc2f161,1,0,0,0,0,1,0,0,0,0,1,0,0,0,0,1
bdfe79a9b4bb67f34f0d58ab,0,1,0,0,0,0,1,0,1,0,0,0,0,0,0,1
be0e1aacaee8f8954d69911a,0,1,0,0,0,0,0,1,1,0,0,0,0,0,1,0
be135825f8c9d7f189e89c03,0,1,0,0,0,0,0,1,0,0,1,0,1,0,0,0
be1f5fb74e5318f34aa5a793,1,0,0,0,0,1,0,0,0,0,0,1,0,0,1,0
be24e1bc0c8450528e05356d,1,0,0,0,0,1,0,0,0,0,1,0,0,0,0,1
be267b85f524aaf77ee93eff,0,0,1,0,1,0,0,0,0,0,0,1,0,1,0,0
be2872e16bf51982e0518b40,0,0,1,0,0,0,0,1,0,1,0,0,1,0,0,0
be33f6764fbf44023d6b42cc,0,0,0,1,1,0,0,0,0,0,1,0,0,1,0,0
be5247bd547411893d5a8e52,0,1,0,0,0,0,0,1,1,0,0,0,0,0,1,0
be52495dc753a2e5c359ec80,1,0,0,0,0,0,0,1,0,0,1,0,0,1,0,0
be553f0dbdb9da78a190f2af,1,0,0,0,0,1,0,0,0,0,1,0,0,0,0,1
be5b1d7340bce765dd3b5f1e,1,0,0,0,0,1,0,0,0,0,0,1,0,0,1,0
be65f85ac6270c2db46e0c9b,1,0,0,0,0,0,0,1,0,0,1,0,0,1,0,0
be67455b483afe84e098e5c1,0,0,1,0,0,1,0,0,1,0,0,0,0,0,0,1
be69350bd4737a4015ea6529,0,0,1,0,0,0,0,1,0,1,0,0,1,0,0,0
be6a789ff9a987d9353c41d2,0,0,1,0,1,0,0,0,0,0,0,1,0,1,0,0
be7ff5e9701102363b59bbcb,1,0,0,0,0,1,0,0,0,0,0,1,0,0,1,0
be8a3c39dcaca805358ce5f9,0,0,1,0,0,0,0,1,1,0,0,0,0,1,0,0
be954c318b1b25aa75a4fb3f,0,0,0,1,0,1,0,0,0,0,1,0,1,0,0,0
be9af547edeb0f3ccc25a857,0,1,0,0,1,0,0,0,0,0,1,0,0,0,0,1
bea58b026854e4a6200f7885,1,0,0,0,0,1,0,0,0,0,0,1,0,0,1,0
beb0b86a1830124363260bf6,0,0,1,0,0,0,0,1,0,1,0,0,1,0,0,0
beb32a8f46157d36cd2a1e85,0,0,1,0,1,0,0,0,0,0,0,1,0,1,0,0
beb8f38fe3ff7d973c89149c,0,1,0,0,0,0,1,0,0,0,0,1,1,0,0,0
bed73c92918c909207827f12,0,1,0,0,0,0,1,0,1,0,0,0,0,0,0,1
bedd6cd700663f59f3eec6c0,0,0,1,0,0,1,0,0,0,0,0,1,1,0,0,0
bedec50c534450c996d510dc,0,1,0,0,0,0,1,0,1,0,0,0,0,0,0,1
bee73267c8b9c7a2b34deff0,0,1,0,0,0,0,1,0,0,0,0,1,1,0,0,0
bee87d888de8d965bfd7fd04,0,0,0,1,1,0,0,0,0,1,0,0,0,0,1,0
beebb3f76c815f2758055806,0,0,0,1,1,0,0,0,0,1,0,0,0,0,1,0
beecdcde69af5c5baec5cbe8,0,0,1,0,1,0,0,0,0,1,0,0,0,0,0,1
beeedb3025ca9a93279688fe,0,0,1,0,0,1,0,0,1,0,0,0,0,0,0,1
bef13cb47be3b9079e765f2e,1,0,0,0,0,0,0,1,0,0,1,0,0,1,0,0
bef72c63f5ca51e5bc1d8c0e,0,0,1,0,0,0,0,1,1,0,0,0,0,1,0,0
bef7615c8e725347f4df40fa,0,0,1,0,1,0,0,0,0,0,0,1,0,1,0,0
befb6973388eb00e22680c29,0,0,1,0,0,1,0,0,0,0,0,1,1,0,0,0
befe0e5c50981799c6708e1f,1,0,0,0,0,0,0,1,0,0,1,0,0,1,0,0
bf0109134e76f37fcb09c2a6,0,0,0,1,0,0,1,0,1,0,0,0,0,1,0,0
bf06c4fff67300fb2aee1fb1,0,0,1,0,0,1,0,0,1,0,0,0,0,0,0,1
bf0d08270ec018552840742b,1,0,0,0,0,0,1,0,0,0,0,1,0,1,0,0
bf0f075be2a74a9108dffab6,0,1,0,0,0,0,1,0,0,0,0,1,1,0,0,0
bf1ac38c9034b4c74c14bd71,0,0,0,1,0,1,0,0,0,0,1,0,1,0,0,0
bf1ef4f735e1d49a450d5120,0,0,1,0,0,0,0,1,0,1,0,0,1,0,0,0
bf29f0c64de53caca5eb570a,0,1,0,0,1,0,0,0,0,0,1,0,0,0,0,1
bf2f287e7994f84b7ac25182,0,0,0,1,0,1,0,0,1,0,0,0,0,0,1,0
bf2fb933a37df6c0c31ef582,0,1,0,0,0,0,1,0,0,0,0,1,1,0,0,0
bf31302ebd49280d4a328834,0,0,0,1,0,1,0,0,0,0,1,0,1,0,0,0
bf383a016ad4754310c7be83,0,0,0,1,0,0,1,0,1,0,0,0,0,1,0,0
bf39d196f4f453c9ea1e2c77,0,0,1,0,1,0,0,0,0,1,0,0,0,0,0,1
bf3aeec6d79134cce5f531dd,0,1,0,0,1,0,0,0,0,0,0,1,0,0,1,0
bf3cb94625761118e0ed55be,0,0,0,1,0,1,0,0,0,0,1,0,1,0,0,0
bf460074806c0b902e1bb0db,0,0,0,1,0,0,1,0,1,0,0,0,0,1,0,0
bf51f17e297c168b81f03e2d,0,0,1,0,0,1,0,0,1,0,0,0,0,0,0,1
bf55fc4faf3d172ca104bfe6,0,0,1,0,1,0,0,0,0,0,0,1,0,1,0,0
bf59948640f1a02ec1fe2152,1,0,0,0,0,1,0,0,0,0,0,1,0,0,1,0
bf5af6fdd96e6159101ad7b5,0,0,0,1,0,0,1,0,1,0,0,0,0,1,0,0
bf652bb5114f42ea7cf2dc12,0,0,0,1,1,0,0,0,0,1,0,0,0,0,1,0
bf6e0ca9953c4e4ee16ee0c9,1,0,0,0,0,1,0,0,0,0,1,0,0,0,0,1
bf7262c9e97c0d0667be86cf,1,0,0,0,0,0,1,0,0,0,0,1,0,1,0,0
bf79cee63c7f7ecc3ff95bd2,0,1,0,0,1,0,0,0,0,0,1,0,0,0,0,1
bf80091255421e04d7b5203d,0,1,0,0,0,0,0,1,1,0,0,0,0,0,1,0
bf81aabc82e085075d6a2378,1,0,0,0,0,0,0,1,0,0,1,0,0,1,0,0
bf81ed19c1aefb34a073d06c,0,1,0,0,1,0,0,0,0,0,1,0,0,0,0,1
bf82bf427062b37cc8a90550,1,0,0,0,0,0,0,1,0,1,0,0,0,0,1,0
bf830bb4fc0d2ecb4a83b5a6,1,0,0,0,0,0,1,0,0,0,0,1,0,1,0,0
bf84ec6de340594c40c88ba5,1,0,0,0,0,0,1,0,0,0,0,1,0,1,0,0
bf85551b0446a7dce5ffdfa5,0,0,0,1,1,0,0,0,0,0,1,0,0,1,0,0
bf905ae19450aded579f4e60,0,0,1,0,0,0,0,1,1,0,0,0,0,1,0,0
bf90dbb84c0f0711052fb514,0,0,0,1,0,0,1,0,1,0,0,0,0,1,0,0
bfa0d0b685ed5674bedc6d96,0,0,1,0,0,1,0,0,1,0,0,0,0,0,0,1
bfad5b5c60d1ba5cec8c4d7c,0,0,0,1,0,1,0,0,0,0,1,0,1,0,0,0
bfaea248e054381ee8a26325,0,1,0,0,0,0,1,0,1,0,0,0,0,0,0,1
bfb67f9730c6cd0d2a36040c,0,0,1,0,0,0,0,1,0,1,0,0,1,0,0,0
bfbf16085829f663f4ded302,0,0,1,0,1,0,0,0,0,1,0,0,0,0,0,1
bfc9a5c05387b88551dc17c1,1,0,0,0,0,1,0,0,0,0,1,0,0,0,0,1
bfd7157b40c3ebb1a105e582,0,1,0,0,0,0,1,0,1,0,0,0,0,0,0,1
bfd7420d852f3f122add9e93,0,0,1,0,1,0,0,0,0,0,0,1,0,1,0,0
bfd8f476738104d7037cc5f1,0,0,0,1,0,1,0,0,1,0,0,0,0,0,1,0
bfd968f8585f40f6673ece49,0,1,0,0,0,0,0,1,1,0,0,0,0,0,1,0
bfdea0db2d8282f12042cd4c,1,0,0,0,0,1,0,0,0,0,0,1,0,0,1,0
bfe3091e7e5ce4e40a63330d,0,0,1,0,0,0,0,1,0,1,0,0,1,0,0,0
bfe3f4126b83b62b16bced62,1,0,0,0,0,1,0,0,0,0,0,1,0,0,1,0
bfe45ed65b4b15bf3588bcba,0,0,0,1,0,1,0,0,1,0,0,0,0,0,1,0
bfead38cc9c4e488489b7056,0,1,0,0,0,0,1,0,1,0,0,0,0,0,0,1
bfebc787af3b54d13984769e,1,0,0,0,0,0,0,1,0,1,0,0,0,0,1,0
c002a40bfc82bc8fd6ac908f,0,0,0,1,1,0,0,0,0,1,0,0,0,0,1,0
c002e18dae399051a139a4ea,0,1,0,0,1,0,0,0,0,0,1,0,0,0,0,1
c0031d9f7a39bd021d9812bc,0,1,0,0,0,0,1,0,0,0,0,1,1,0,0,0
c0089d5b9343a35cb23cae8f,0,0,0,1,1,0,0,0,0,1,0,0,0,0,1,0
c00bc6022db113d3ff4fbe6e,1,0,0,0,0,0,1,0,0,0,0,1,0,1,0,0
c0129ae42b729f96f2830468,0,0,1,0,1,0,0,0,0,0,0,1,0,1,0,0
c01777507a83f97487fc9b80,1,0,0,0,0,0,1,0,0,0,0,1,0,1,0,0
c0204cc9a01192c361a4a28f,0,1,0,0,0,0,0,1,0,0,1,0,1,0,0,0
c036152ae07d5a56ac931d29,0,0,1,0,0,0,0,1,1,0,0,0,0,1,0,0
c03783ace0b29d79ff694710,0,1,0,0,1,0,0,0,0,0,1,0,0,0,0,1
c03897e097423b5b52d47bb1,0,1,0,0,0,0,1,0,0,0,0,1,1,0,0,0
c03e69a3a7fe7f41da7f3834,0,1,0,0,0,0,0,1,0,0,1,0,1,0,0,0
c0527c4c0b6a6db9da8a2ea7,0,0,0,1,1,0,0,0,0,0,1,0,0,1,0,0
c05420b05f11421bcaab98e6,0,1,0,0,0,0,1,0,1,0,0,0,0,0,0,1
c05d1a58e1d3f47505876bd1,0,0,1,0,1,0,0,0,0,1,0,0,0,0,0,1
c063e98e7486b80f203f0086,0,1,0,0,1,0,0,0,0,0,1,0,0,0,0,1
c065c11eebb36e183500aa5b,0,0,1,0,0,0,0,1,0,1,0,0,1,0,0,0
c06bd5253251615b86b1bd4a,0,1,0,0,0,0,0,1,0,0,1,0,1,0,0,0
c072a59af486ee6e0b47ce34,0,1,0,0,0,0,0,1,0,0,1,0,1,0,0,0
c073c993149bbe5d7beba08b,1,0,0,0,0,0,0,1,0,0,1,0,0,1,0,0
c076f8a564c4c287c3f628ca,0,0,1,0,0,0,0,1,0,1,0,0,1,0,0,0
c07e0d784047f54c5a818ab1,0,1,0,0,1,0,0,0,0,0,1,0,0,0,0,1
c087f5700ad6a913ba56f50f,1,0,0,0,0,1,0,0,0,0,1,0,0,0,0,1
c08b58c1c9fcfd58acc12b9b,0,1,0,0,0,0,0,1,0,0,1,0,1,0,0,0
c08da682227ea4bf3521c954,1,0,0,0,0,1,0,0,0,0,1,0,0,0,0,1
c09b590c0e6bbf704f920541,0,0,0,1,0,1,0,0,0,0,1,0,1,0,0,0
c0b1deda3320d5d5633980cc,0,0,0,1,0,0,1,0,0,1,0,0,1,0,0,0
c0b620ec266522e8ae01d951,0,0,1,0,1,0,0,0,0,1,0,0,0,0,0,1
c0c527a8c7ca77c06de0c9a3,0,0,1,0,0,1,0,0,0,0,0,1,1,0,0,0
c0c814e44fc772aaa5121a16,0,1,0,0,0,0,1,0,0,0,0,1,1,0,0,0
c0d05282e436c155327e67a0,0,1,0,0,1,0,0,0,0,0,0,1,0,0,1,0
c0d246e6120ba1ae546ee831,1,0,0,0,0,0,1,0,0,1,0,0,0,0,0,1
c0d819fe2cc05a1c99a148c3,0,1,0,0,1,0,0,0,0,0,0,1,0,0,1,0
c0daa7626ce476630e49ff1c,1,0,0,0,0,0,1,0,0,0,0,1,0,1,0,0
c0dc160abd5efbd480a4b9d4,0,1,0,0,1,0,0,0,0,0,0,1,0,0,1,0
c0dd3ddc5ed3446050c59519,0,0,1,0,1,0,0,0,0,0,0,1,0,1,0,0
c0de8facb14a331c99a8e7a1,0,0,0,1,0,1,0,0,0,0,1,0,1,0,0,0
c0ea210079ee73f21074155d,0,0,0,1,0,0,1,0,0,1,0,0,1,0,0,0
c0eac8da42516379d9b642ed,0,1,0,0,0,0,0,1,0,0,1,0,1,0,0,0
c0eb49acb0e622407ccd18e1,0,1,0,0,0,0,0,1,1,0,0,0,0,0,1,0
c0ecdbd3ab81dd84f1039d96,0,1,0,0,1,0,0,0,0,0,1,0,0,0,0,1
c0f6ce9c30d37a482892f95a,0,1,0,0,0,0,0,1,1,0,0,0,0,0,1,0
c0f898c456ac68dffe03071b,1,0,0,0,0,0,1,0,0,1,0,0,0,0,0,1
c0fa96e696a97267d92f6163,1,0,0,0,0,0,1,0,0,0,0,1,0,1,0,0
c105bc2f9d290447084d08c3,0,1,0,0,1,0,0,0,0,0,1,0,0,0,0,1
c10892047f8d8e642fca06a2,0,0,0,1,0,1,0,0,1,0,0,0,0,0,1,0
c10f757f461a7c565347bf83,0,1,0,0,0,0,1,0,1,0,0,0,0,0,0,1
c11031062f46d8a40e260681,0,1,0,0,0,0,0,1,0,0,1,0,1,0,0,0
c114d4d903409f0b6c49c657,0,1,0,0,0,0,1,0,0,0,0,1,1,0,0,0
c11ee2dd22ad3248a053b5ac,0,1,0,0,0,0,0,1,0,0,1,0,1,0,0,0
c11f86e4bcf536e6917e3519,0,0,0,1,0,0,1,0,0,1,0,0,1,0,0,0
c1341364fc5044f63f8d9394,0,0,0,1,0,1,0,0,0,0,1,0,1,0,0,0
c13b4a8c1f3025fac7cab401,0,0,1,0,1,0,0,0,0,0,0,1,0,1,0,0
c143044c36ecd62c86fc2545,0,0,1,0,1,0,0,0,0,1,0,0,0,0,0,1
c146b49a3eb6860facb0ee5b,1,0,0,0,0,1,0,0,0,0,1,0,0,0,0,1
c14bb32183b4a430a10578ea,1,0,0,0,0,1,0,0,0,0,1,0,0,0,0,1
c14c32902efd1afcea639102,1,0,0,0,0,1,0,0,0,0,0,1,0,0,1,0
c14fff9b8fcf0435346fcf21,1,0,0,0,0,1,0,0,0,0,1,0,0,0,0,1
c16559620643e29e651292c6,0,0,1,0,0,1,0,0,1,0,0,0,0,0,0,1
c167be56812488372518f4a2,1,0,0,0,0,0,0,1,0,0,1,0,0,1,0,0
c17be938a7c9c850e8b8d7de,0,0,0,1,0,1,0,0,0,0,1,0,1,0,0,0
c17d2a5056ec81d6154ab68b,0,1,0,0,1,0,0,0,0,0,0,1,0,0,1,0
c17e757e46faa6e96f5dc516,1,0,0,0,0,1,0,0,0,0,0,1,0,0,1,0
c17fa9faa47fee4e2a46e523,0,0,1,0,1,0,0,0,0,1,0,0,0,0,0,1
c188e3ff5737e1aaa7de91fc,0,0,1,0,0,1,0,0,1,0,0,0,0,0,0,1
c18d6d0276d53fc9da0b3727,0,0,1,0,0,1,0,0,1,0,0,0,0,0,0,1
c194cfd9aa305a3d1a28aa46,0,1,0,0,0,0,0,1,0,0,1,0,1,0,0,0
c19aaeb0928f2faa6f6676c1,0,1,0,0,0,0,1,0,0,0,0,1,1,0,0,0
c19d47f2820b72118d4dad69,0,0,1,0,0,0,0,1,1,0,0,0,0,1,0,0
c19f5d2501947fcbc50b16af,0,0,1,0,1,0,0,0,0,1,0,0,0,0,0,1
c19fe8721dd64fa8b5259fac,0,0,0,1,1,0,0,0,0,0,1,0,0,1,0,0
c1a6ed230a2a781156961dd8,0,0,0,1,0,1,0,0,0,0,1,0,1,0,0,0
c1ce7b3c41fb3a32cd7b8e3a,0,1,0,0,0,0,1,0,0,0,0,1,1,0,0,0
c1e578ef3a3097149d7e36cd,1,0,0,0,0,0,1,0,0,1,0,0,0,0,0,1
c1e9c290a0a7b05d2194234f,0,1,0,0,0,0,1,0,1,0,0,0,0,0,0,1
c1eb2219a68cc5da6a11667c,0,1,0,0,0,0,1,0,1,0,0,0,0,0,0,1
c1eb4478c2ea1010b447b669,0,1,0,0,0,0,0,1,1,0,0,0,0,0,1,0
c1ee37103c5c8f2007611407,0,0,0,1,1,0,0,0,0,1,0,0,0,0,1,0
c1f2fb55a806052231930ae8,1,0,0,0,0,1,0,0,0,0,0,1,0,0,1,0
c1f5201ac3908e02f4c6c18d,0,1,0,0,1,0,0,0,0,0,1,0,0,0,0,1
c1f878e0184c83f16dd9cd1c,0,1,0,0,1,0,0,0,0,0,0,1,0,0,1,0
c1f94e9b70a581c2e35d2c37,0,0,1,0,0,1,0,0,0,0,0,1,1,0,0,0
c201dbc5c789cc04a06c35a7,0,0,1,0,0,0,0,1,1,0,0,0,0,1,0,0
c2106327771369c741bba417,0,0,1,0,0,0,0,1,1,0,0,0,0,1,0,0
c228a466441a739edc4a9a0b,0,1,0,0,0,0,0,1,1,0,0,0,0,0,1,0
c22c23a8a458dd1d58e37dc6,1,0,0,0,0,0,0,1,0,0,1,0,0,1,0,0
c234678dc9d13fb1536b0682,0,1,0,0,0,0,1,0,1,0,0,0,0,0,0,1
c2384850227f07b78f8e15ab,1,0,0,0,0,1,0,0,0,0,1,0,0,0,0,1
c23a673600435dc37385feb6,0,1,0,0,1,0,0,0,0,0,0,1,0,0,1,0
c23a942f3d67602578d94806,0,0,1,0,0,1,0,0,0,0,0,1,1,0,0,0
c2404aeb90d8a6011baeba53,0,1,0,0,1,0,0,0,0,0,1,0,0,0,0,1
c247526293bc6cf269800a7b,0,0,1,0,0,1,0,0,0,0,0,1,1,0,0,0
c24b5c246f7ca848b4c213df,0,0,1,0,0,1,0,0,1,0,0,0,0,0,0,1
c24f6eb3ca71d71968d00f7a,0,0,0,1,0,1,0,0,0,0,1,0,1,0,0,0
c25286b89fe7bc8d0e651ccb,0,0,1,0,0,0,0,1,0,1,0,0,1,0,0,0
c2587d41355ed3790c47199f,0,0,0,1,1,0,0,0,0,0,1,0,0,1,0,0
c25fe90b1875a6cbe30c2051,0,0,0,1,0,0,1,0,1,0,0,0,0,1,0,0
c25ffc8d2d8a381ef338ae9d,0,0,0,1,0,1,0,0,0,0,1,0,1,0,0,0
c26172222efc98766fac19b1,0,1,0,0,1,0,0,0,0,0,1,0,0,0,0,1
c26a22a076ec022fe1ce46fa,0,0,1,0,0,1,0,0,1,0,0,0,0,0,0,1
c27042239605cff22e5b91d7,0,0,1,0,1,0,0,0,0,0,0,1,0,1,0,0
c279666c39b88ee8a03d9d88,0,1,0,0,1,0,0,0,0,0,1,0,0,0,0,1
c27df80d27932d77471a3901,0,0,0,1,0,1,0,0,1,0,0,0,0,0,1,0
c2841df586a62bbb19daed56,1,0,0,0,0,0,1,0,0,1,0,0,0,0,0,1
c285d48014cdaf5f032e6d6a,1,0,0,0,0,0,1,0,0,1,0,0,0,0,0,1
c29196a09ffb367ff4990f34,0,0,1,0,0,1,0,0,1,0,0,0,0,0,0,1
c2943055dc95c42fa9c235a7,0,1,0,0,0,0,0,1,1,0,0,0,0,0,1,0
c29d1f3f9a3ae5960152f6c9,1,0,0,0,0,1,0,0,0,0,0,1,0,0,1,0
c2a572ab6441801c0c1cf8f3,0,1,0,0,0,0,0,1,1,0,0,0,0,0,1,0
c2b05a87168388d751321e61,1,0,0,0,0,1,0,0,0,0,0,1,0,0,1,0
c2b5311771e277127ac85195,1,0,0,0,0,0,0,1,0,1,0,0,0,0,1,0
c2ba10cff214aef83fd11c90,1,0,0,0,0,0,0,1,0,0,1,0,0,1,0,0
c2c4fbd4f9dba5f91fa57242,1,0,0,0,0,1,0,0,0,0,1,0,0,0,0,1
c2d4472eb0b26e2b76b264ae,0,0,0,1,1,0,0,0,0,0,1,0,0,1,0,0
c2de1a297f96add3749eff08,0,0,0,1,0,0,1,0,0,1,0,0,1,0,0,0
c2e10315bbfbf1dab913a7ea,1,0,0,0,0,1,0,0,0,0,1,0,0,0,0,1
c2f1dd9a3f0ba0e15b57b01e,0,1,0,0,0,0,0,1,0,0,1,0,1,0,0,0
c3007b7868dabdacfdcee3af,0,0,0,1,1,0,0,0,0,0,1,0,0,1,0,0
c306b71cbde4ff889a7f595c,1,0,0,0,0,0,0,1,0,0,1,0,0,1,0,0
c307ed0ad91f7cea7416364b,0,0,1,0,0,0,0,1,1,0,0,0,0,1,0,0
c30d9cfcae9bf0bb08ba3ecb,0,1,0,0,0,0,1,0,0,0,0,1,1,0,0,0
c313792a7a8fd157ff6fdfa3,0,0,0,1,0,0,1,0,0,1,0,0,1,0,0,0
c319cd8e68bf79d1a7bbb03c,0,1,0,0,0,0,0,1,1,0,0,0,0,0,1,0
c31c4a7f9f7fb4c463ff72ef,0,1,0,0,0,0,0,1,0,0,1,0,1,0,0,0
c31da898e677ec20e47ecf2c,1,0,0,0,0,0,0,1,0,0,1,0,0,1,0,0
c32249d57a8ca9c85f808912,0,0,1,0,0,1,0,0,0,0,0,1,1,0,0,0
c3275febabbe922e9621da71,0,0,1,0,0,0,0,1,1,0,0,0,0,1,0,0
c329381faf4087cfac2e44f8,0,1,0,0,1,0,0,0,0,0,0,1,0,0,1,0
c32bcf0c06eea49e9ce61f0e,0,1,0,0,0,0,1,0,1,0,0,0,0,0,0,1
c331762967e00099623d03d3,0,1,0,0,0,0,0,1,1,0,0,0,0,0,1,0
c33b1cbe15db2e60105d8d06,0,0,0,1,0,0,1,0,1,0,0,0,0,1,0,0
c33b35ee6d6bc3ac5de8b6ba,0,1,0,0,0,0,0,1,0,0,1,0,1,0,0,0
c340612104f72c59c8478204,0,0,0,1,0,1,0,0,0,0,1,0,1,0,0,0
c350a79ca16a550476a2aace,0,0,0,1,0,0,1,0,0,1,0,0,1,0,0,0
c35169203c3693d28584b004,0,0,1,0,1,0,0,0,0,0,0,1,0,1,0,0
c3526b640033599f34a74f84,0,0,0,1,0,1,0,0,1,0,0,0,0,0,1,0
c352d79610798edc594c72ce,0,0,0,1,0,0,1,0,1,0,0,0,0,1,0,0
c3543e8e53b23e8c7ac06e1f,1,0,0,0,0,0,0,1,0,0,1,0,0,1,0,0
c35ea1bbe9498102e9fb2677,0,0,1,0,1,0,0,0,0,0,0,1,0,1,0,0
c360b3914cb22c29cd8d2d86,0,0,1,0,0,1,0,0,0,0,0,1,1,0,0,0
c37313d4428f3422bf4fed16,1,0,0,0,0,0,1,0,0,1,0,0,0,0,0,1
c376a6b51501bc8d766bf002,1,0,0,0,0,0,1,0,0,0,0,1,0,1,0,0
c37bf0d035a0a04cc41b747b,0,0,1,0,0,0,0,1,0,1,0,0,1,0,0,0
c393d63aa2f44b0480047f6c,0,1,0,0,0,0,0,1,1,0,0,0,0,0,1,0
c397e26d4f7895adb6a68024,1,0,0,0,0,1,0,0,0,0,0,1,0,0,1,0
c3a15ab2d4a7cc5620791b65,1,0,0,0,0,1,0,0,0,0,1,0,0,0,0,1
c3a9f01963bf06ba3511bfcc,0,1,0,0,0,0,0,1,1,0,0,0,0,0,1,0
c3ba108c43147d97e0ab9c31,1,0,0,0,0,0,1,0,0,1,0,0,0,0,0,1
c3c145b58355d5efe4f44040,0,0,1,0,0,0,0,1,0,1,0,0,1,0,0,0
c3c7baabb8bbe152e6cd9755,1,0,0,0,0,1,0,0,0,0,0,1,0,0,1,0
c3e361a86ef43660a5b8a612,0,0,1,0,0,0,0,1,0,1,0,0,1,0,0,0
c3e9fe5050d1f519dbc4a25e,0,0,1,0,0,0,0,1,1,0,0,0,0,1,0,0
c3ebbf8d2ddb602e8d6ec867,0,0,1,0,1,0,0,0,0,0,0,1,0,1,0,0
c3f7c25df34f6d4a78fd2ec0,0,0,1,0,0,1,0,0,1,0,0,0,0,0,0,1
c3fb889cfccbaaefe9cd0ff8,0,0,0,1,1,0,0,0,0,1,0,0,0,0,1,0
c4078e299d9dc749f5373b7a,0,0,0,1,1,0,0,0,0,1,0,0,0,0,1,0
c4111b4a078a668844d4f2f2,0,0,1,0,0,1,0,0,0,0,0,1,1,0,0,0
c421ab26d839a46afc653d9e,0,0,1,0,1,0,0,0,0,0,0,1,0,1,0,0
c42a20adb7ec2b4115f68bb7,0,0,1,0,0,0,0,1,1,0,0,0,0,1,0,0
c43b960b05433ad7d8a9509b,0,0,1,0,1,0,0,0,0,1,0,0,0,0,0,1
c4440bbc3d9d179e7b6079c2,0,0,1,0,1,0,0,0,0,1,0,0,0,0,0,1
c44749a84e5ae1f71c0e66f8,0,0,1,0,1,0,0,0,0,0,0,1,0,1,0,0
c44756396711da73c358ba71,0,1,0,0,1,0,0,0,0,0,0,1,0,0,1,0
c44b8616e79736936bb8a402,0,1,0,0,0,0,0,1,0,0,1,0,1,0,0,0
c45905acd6c74971842edf6e,0,0,0,1,0,0,1,0,1,0,0,0,0,1,0,0
c4668e55b4bd3cbb8a241fb6,1,0,0,0,0,0,0,1,0,0,1,0,0,1,0,0
c469893dd89d8f11fa9086b3,1,0,0,0,0,0,0,1,0,0,1,0,0,1,0,0
c4722abbd06a5dd5158efd22,0,0,0,1,1,0,0,0,0,0,1,0,0,1,0,0
c47997c6c35d363aa8ff7ca8,0,0,0,1,0,0,1,0,0,1,0,0,1,0,0,0
c47d5447ef539f6771851523,0,0,1,0,0,0,0,1,1,0,0,0,0,1,0,0
c484edaf86716c35c1b46e3d,0,0,0,1,0,0,1,0,0,1,0,0,1,0,0,0
c48791bf19258b5f0ade4816,0,1,0,0,0,0,1,0,1,0,0,0,0,0,0,1
c488a94ddc22e5aa3a63f0a3,0,0,1,0,1,0,0,0,0,0,0,1,0,1,0,0
c48cbbcd143da88d949d602c,0,0,0,1,0,0,1,0,1,0,0,0,0,1,0,0
c496c891c34b716db440da52,0,1,0,0,0,0,1,0,0,0,0,1,1,0,0,0
c49ec9144b3c1ee5fe18438c,0,0,1,0,0,0,0,1,1,0,0,0,0,1,0,0
c4a5e13e860acee79befb1ff,1,0,0,0,0,1,0,0,0,0,1,0,0,0,0,1
c4a65693319db2fcfc221742,0,0,1,0,0,0,0,1,0,1,0,0,1,0,0,0
c4a7b3df6cc2a8ead79f6b27,0,0,0,1,0,0,1,0,1,0,0,0,0,1,0,0
c4b0827e324e6fb60cdecfd9,0,0,1,0,1,0,0,0,0,1,0,0,0,0,0,1
c4b4ee55e3dce9dc400ae144,0,0,1,0,1,0,0,0,0,1,0,0,0,0,0,1
c4b6fb4a8485da7a7e74aacd,0,0,0,1,0,1,0,0,0,0,1,0,1,0,0,0
c4bf5337c69d24fc3a90db4b,0,0,1,0,0,0,0,1,0,1,0,0,1,0,0,0
c4c4872324ec037a53d6a9dd,1,0,0,0,0,0,0,1,0,1,0,0,0,0,1,0
c4cb3ac4df2a1cacf18b0630,0,1,0,0,0,0,0,1,1,0,0,0,0,0,1,0
c4d07fc0047673fb6dc0d9e8,1,0,0,0,0,1,0,0,0,0,1,0,0,0,0,1
c4d13dbdd51d85e2614ca3eb,0,1,0,0,0,0,0,1,0,0,1,0,1,0,0,0
c4d2372fe8a746fe958c0bf7,0,1,0,0,0,0,0,1,0,0,1,0,1,0,0,0
c4d2471df8ffc5a97a1795dc,0,1,0,0,1,0,0,0,0,0,0,1,0,0,1,0
c4d3d73d5137d6c0253cbd72,0,0,0,1,1,0,0,0,0,0,1,0,0,1,0,0
c4d8d9a01d2f5dac317a7127,0,0,1,0,0,0,0,1,0,1,0,0,1,0,0,0
c4ef5769a5151b6f5d775985,0,0,1,0,0,0,0,1,1,0,0,0,0,1,0,0
c4f85986f39c9b414827a284,0,0,0,1,0,0,1,0,1,0,0,0,0,1,0,0
c501941cf1b81243dc5ab0bc,1,0,0,0,0,0,0,1,0,1,0,0,0,0,1,0
c504c8e6bbb10cb330eda6fd,0,0,1,0,0,0,0,1,1,0,0,0,0,1,0,0
c509117e8922e699c5e93444,0,0,1,0,0,1,0,0,1,0,0,0,0,0,0,1
c50e87a7a7e250e2ee99123d,0,0,1,0,1,0,0,0,0,1,0,0,0,0,0,1
c5162b7d676515e8b8552ee3,1,0,0,0,0,0,0,1,0,0,1,0,0,1,0,0
c518eb4b7c1921fb139281a7,0,0,1,0,0,1,0,0,1,0,0,0,0,0,0,1
c523338ec2f4963525aa45d9,1,0,0,0,0,0,1,0,0,0,0,1,0,1,0,0
c5293123b7bdc7264c11bf5f,0,0,0,1,0,1,0,0,1,0,0,0,0,0,1,0
c52ebb542c7d826b414949de,0,0,0,1,0,1,0,0,1,0,0,0,0,0,1,0
c5322a233d361ee9f8d905e1,0,1,0,0,0,0,1,0,1,0,0,0,0,0,0,1
c537e01c6b3c3c727535ce50,0,0,1,0,0,1,0,0,1,0,0,0,0,0,0,1
c5444ee856af1e0ea39bb97d,0,0,1,0,0,1,0,0,1,0,0,0,0,0,0,1
c54817550f9308bf5da0261a,0,1,0,0,0,0,1,0,0,0,0,1,1,0,0,0
c55bfcb52f6a228f662e521c,0,0,0,1,0,1,0,0,1,0,0,0,0,0,1,0
c55d13819b45cb1bc5ace468,0,0,0,1,1,0,0,0,0,0,1,0,0,1,0,0
c55d50231b2992f63fbe6581,0,0,0,1,0,1,0,0,0,0,1,0,1,0,0,0
c563263fbc4f543b44aa3201,0,1,0,0,1,0,0,0,0,0,1,0,0,0,0,1
c563ce71d60279bf9a47b138,0,0,1,0,0,1,0,0,1,0,0,0,0,0,0,1
c5777033bbe42f203707ff19,1,0,0,0,0,1,0,0,0,0,0,1,0,0,1,0
c57ce034b8187fe4d17e39a6,0,0,1,0,0,0,0,1,0,1,0,0,1,0,0,0
c5841a7d5c1ca8a62ad6cd4b,0,0,1,0,1,0,0,0,0,0,0,1,0,1,0,0
c58d26108b8fd7ef61174e00,1,0,0,0,0,0,1,0,0,0,0,1,0,1,0,0
c58ec47042993057285a9c5e,1,0,0,0,0,0,0,1,0,1,0,0,0,0,1,0
c590e8628b2dda5bd75dbc35,0,1,0,0,0,0,0,1,0,0,1,0,1,0,0,0
c5958bdc417f2196f50d06cc,0,1,0,0,1,0,0,0,0,0,0,1,0,0,1,0
c597a09b9c2c2de9b4c01d0d,0,0,1,0,0,1,0,0,1,0,0,0,0,0,0,1
c5a05d46699a2b928101bfca,0,0,1,0,0,0,0,1,1,0,0,0,0,1,0,0
c5a064eadd71f36de3911a09,0,0,0,1,0,0,1,0,1,0,0,0,0,1,0,0
c5a53ded8ef37047392b6e33,1,0,0,0,0,0,0,1,0,0,1,0,0,1,0,0
c5c6a75e867f4f42fcb09ebd,0,1,0,0,1,0,0,0,0,0,0,1,0,0,1,0
c5c970d573b21dbb9279cf90,0,1,0,0,0,0,1,0,1,0,0,0,0,0,0,1
c5ce3a8bef429a375bc94597,0,1,0,0,0,0,0,1,0,0,1,0,1,0,0,0
c5cf5f0a7a3726e06cec3406,0,1,0,0,0,0,1,0,0,0,0,1,1,0,0,0
c5d1637a451529baffc2bdcc,0,1,0,0,0,0,1,0,0,0,0,1,1,0,0,0
c5d39ccc942e46d3658960c7,1,0,0,0,0,0,0,1,0,0,1,0,0,1,0,0
c5da9ef8a252e2023e662048,0,0,0,1,0,0,1,0,0,1,0,0,1,0,0,0
c5e4aa68b13e4725db54516e,0,1,0,0,0,0,1,0,1,0,0,0,0,0,0,1
c5e5ce7afa18a2f4f1f2ac9a,0,1,0,0,0,0,1,0,0,0,0,1,1,0,0,0
c5e7654d5147ad49f69ae98b,0,0,1,0,0,1,0,0,1,0,0,0,0,0,0,1
c5ee8d5926e47f92b97ff507,1,0,0,0,0,0,1,0,0,1,0,0,0,0,0,1
c5f672e70d637cfe2eec4011,0,0,1,0,1,0,0,0,0,0,0,1,0,1,0,0
c6040abc68b3148841de55a2,1,0,0,0,0,0,0,1,0,0,1,0,0,1,0,0
c604178cb9a7858b21e31cda,0,0,1,0,0,0,0,1,0,1,0,0,1,0,0,0
c60d8a899cded020667c6b51,0,1,0,0,0,0,0,1,1,0,0,0,0,0,1,0
c617109c58f4d6416b1b64ef,1,0,0,0,0,1,0,0,0,0,1,0,0,0,0,1
c619edf87688733c47c51345,1,0,0,0,0,0,1,0,0,1,0,0,0,0,0,1
c62745517330a22fd99579bf,0,0,0,1,0,0,1,0,0,1,0,0,1,0,0,0
c6282b42e8890c17490d4220,0,0,1,0,0,0,0,1,1,0,0,0,0,1,0,0
c629ec23fb30ded9bcc96e8a,0,1,0,0,0,0,0,1,1,0,0,0,0,0,1,0
c6379e6b9816cabf0a72a338,0,0,0,1,0,0,1,0,0,1,0,0,1,0,0,0
c63931dbd68a8b6dee73a837,0,0,1,0,1,0,0,0,0,1,0,0,0,0,0,1
c63c81dd0ef5160cac7234d6,0,0,1,0,0,0,0,1,0,1,0,0,1,0,0,0
c641701ab44c91965caf3d81,0,0,1,0,0,0,0,1,0,1,0,0,1,0,0,0
c6423768af9b93a2c331bec6,1,0,0,0,0,1,0,0,0,0,0,1,0,0,1,0
c6449e071ddaae4e31666973,0,0,1,0,1,0,0,0,0,1,0,0,0,0,0,1
c644c93bfdb782f05605608d,0,0,0,1,0,1,0,0,1,0,0,0,0,0,1,0
c64815e402b9512f59a015ac,0,0,0,1,1,0,0,0,0,1,0,0,0,0,1,0
c648bd14e8a1a12015d027c7,0,0,0,1,0,0,1,0,1,0,0,0,0,1,0,0
c64bd20c4f87cd0853e6507a,0,0,0,1,0,1,0,0,0,0,1,0,1,0,0,0
c64f137f9d59a18651b9fb7c,0,0,1,0,0,1,0,0,1,0,0,0,0,0,0,1
c652726847665e7baa7411f2,0,1,0,0,0,0,0,1,0,0,1,0,1,0,0,0
c65319b081e47ae51fb1e857,0,1,0,0,0,0,1,0,0,0,0,1,1,0,0,0
c65528c3abd84c492903e42a,0,0,1,0,0,1,0,0,1,0,0,0,0,0,0,1
c65604289632251559a0dd43,0,0,0,1,0,1,0,0,0,0,1,0,1,0,0,0
c659b0ae984b44a7d743de16,0,1,0,0,0,0,0,1,0,0,1,0,1,0,0,0
c660324cb43e7dafcd9ffe2f,1,0,0,0,0,0,0,1,0,0,1,0,0,1,0,0
c6643dc65c970ba8e4cc99ef,0,0,0,1,1,0,0,0,0,1,0,0,0,0,1,0
c6656630dadcad6459106f42,0,0,0,1,1,0,0,0,0,1,0,0,0,0,1,0
c677cf31352e375afef1d204,0,1,0,0,1,0,0,0,0,0,0,1,0,0,1,0
c67827722c30bec6cdb33a3b,0,0,1,0,0,0,0,1,0,1,0,0,1,0,0,0
c67bbc91aef01aaf204542f2,1,0,0,0,0,0,0,1,0,0,1,0,0,1,0,0
c68113c38213c89e5dd5b911,1,0,0,0,0,0,1,0,0,0,0,1,0,1,0,0
c6857b4e2c0a5bf3c2eea8d6,0,0,0,1,0,0,1,0,0,1,0,0,1,0,0,0
c686d82963a0211a5fa49aa8,0,0,0,1,0,1,0,0,1,0,0,0,0,0,1,0
c6941d127f152e5aa5a6bfd8,0,0,1,0,1,0,0,0,0,0,0,1,0,1,0,0
c69b7c50b78936ac0e70da79,0,0,1,0,0,1,0,0,0,0,0,1,1,0,0,0
c6a4e72531308dba370704f5,0,0,1,0,0,1,0,0,1,0,0,0,0,0,0,1
c6a6f953171107822cea82a9,0,1,0,0,0,0,1,0,0,0,0,1,1,0,0,0
c6aad37dfc511d41dae904a2,0,1,0,0,0,0,1,0,0,0,0,1,1,0,0,0
c6ae65c8749fc4558d27a5ef,0,0,0,1,1,0,0,0,0,0,1,0,0,1,0,0
c6af04db351870ce3572a0e2,0,0,0,1,0,0,1,0,1,0,0,0,0,1,0,0
c6b28d81756d3f365960621c,0,0,0,1,0,1,0,0,0,0,1,0,1,0,0,0
c6c20c25485d09a7bbc83fc6,0,0,0,1,0,1,0,0,1,0,0,0,0,0,1,0
c6c901ead4dc258d50c8c49c,0,0,1,0,1,0,0,0,0,0,0,1,0,1,0,0
c6ccc0fb7e84c53d7f4ab4d6,1,0,0,0,0,1,0,0,0,0,0,1,0,0,1,0
c6d6ad8e8755277b6809b2d6,0,0,1,0,0,1,0,0,1,0,0,0,0,0,0,1
c6d7da93e616950f478e4b02,1,0,0,0,0,0,1,0,0,1,0,0,0,0,0,1
c6d953966a84243bf6ed5b62,0,0,1,0,0,1,0,0,0,0,0,1,1,0,0,0
c6daa7ec421e2b5f1b867a40,0,0,0,1,1,0,0,0,0,0,1,0,0,1,0,0
c6ddad6e425317db07374f92,0,1,0,0,0,0,1,0,1,0,0,0,0,0,0,1
c6de205c6ae1c8067211914f,0,0,1,0,0,1,0,0,0,0,0,1,1,0,0,0
c6e7cc1842c5ab29d497096a,0,0,0,1,0,1,0,0,1,0,0,0,0,0,1,0
c6ec29fdb62063e9ef447cc2,0,1,0,0,0,0,1,0,1,0,0,0,0,0,0,1
c6ec9cdadc874355e4002dbb,0,0,1,0,1,0,0,0,0,1,0,0,0,0,0,1
c6eef291bda98599e3c4fbb5,1,0,0,0,0,0,0,1,0,0,1,0,0,1,0,0
c6ffd7be0344c23541cbef45,0,0,1,0,0,0,0,1,0,1,0,0,1,0,0,0
c70ba9c625f59dbab55897bc,0,1,0,0,0,0,1,0,1,0,0,0,0,0,0,1
c70de15438c30c0f8458ce2b,0,0,1,0,0,1,0,0,0,0,0,1,1,0,0,0
c7148463ea51bc067a866236,0,1,0,0,1,0,0,0,0,0,1,0,0,0,0,1
c7185ea99b84aa6de55f302c,0,1,0,0,0,0,0,1,1,0,0,0,0,0,1,0
c71e173412fca854b7ab3a07,1,0,0,0,0,0,1,0,0,0,0,1,0,1,0,0
c7265b7b9ae4e41f8a3b6995,0,1,0,0,0,0,0,1,1,0,0,0,0,0,1,0
c7298ca7c8497cf5ea137d51,1,0,0,0,0,1,0,0,0,0,0,1,0,0,1,0
c736c9a5a441ef2929926fa1,1,0,0,0,0,0,0,1,0,0,1,0,0,1,0,0
c7412101bcf01d65c1f6df8c,0,1,0,0,1,0,0,0,0,0,1,0,0,0,0,1
c742f9d16074469f15647aea,0,0,0,1,0,0,1,0,1,0,0,0,0,1,0,0
c7458c025b57070503d3f56a,0,0,1,0,0,1,0,0,1,0,0,0,0,0,0,1
c74d41091535c062bf4af463,1,0,0,0,0,1,0,0,0,0,1,0,0,0,0,1
c750a7f4f46f6e6cdbfe1762,0,0,1,0,0,0,0,1,1,0,0,0,0,1,0,0
c75360d69e6c46f4fc0477f0,0,0,1,0,0,0,0,1,1,0,0,0,0,1,0,0
c7537c6cbe1a13deb6c07411,0,0,1,0,0,1,0,0,0,0,0,1,1,0,0,0
c7580eb1a556b798349c6bdf,1,0,0,0,0,1,0,0,0,0,1,0,0,0,0,1
c75afc9aa7f221ce2b5af39e,0,1,0,0,0,0,1,0,0,0,0,1,1,0,0,0
c75b115501899a2b616dd475,0,1,0,0,0,0,0,1,1,0,0,0,0,0,1,0
c75c2d5835939dbca682b9ee,1,0,0,0,0,0,1,0,0,1,0,0,0,0,0,1
c763738e06fdf39135b27d34,0,1,0,0,1,0,0,0,0,0,0,1,0,0,1,0
c76ef18916cbf008d48cf54d,0,0,1,0,0,1,0,0,1,0,0,0,0,0,0,1
c776073373417074a59b383c,1,0,0,0,0,1,0,0,0,0,1,0,0,0,0,1
c779708443167180f3fd85f5,0,0,0,1,0,0,1,0,0,1,0,0,1,0,0,0
c77c45c9f11373ecf452f304,1,0,0,0,0,0,0,1,0,0,1,0,0,1,0,0
c78cb73e1de2c5f174aaed81,0,1,0,0,0,0,0,1,0,0,1,0,1,0,0,0
c7b416432d4f0152cb14800a,1,0,0,0,0,1,0,0,0,0,1,0,0,0,0,1
c7b5f300f158f6d89886fedb,1,0,0,0,0,0,1,0,0,0,0,1,0,1,0,0
c7bb9e177bd67bdfc699dfba,0,0,1,0,0,0,0,1,1,0,0,0,0,1,0,0
c7c796574f12d03a66cba80b,0,0,0,1,0,1,0,0,0,0,1,0,1,0,0,0
c7ca852a755872195547f2e8,0,0,1,0,0,1,0,0,1,0,0,0,0,0,0,1
c7cb455514f354b7cd29d460,0,1,0,0,1,0,0,0,0,0,1,0,0,0,0,1
c7d6b0e1ba57f7e2024919ab,0,0,1,0,0,1,0,0,1,0,0,0,0,0,0,1
c7dcbb5ccdf79e585fc86776,0,0,0,1,0,0,1,0,1,0,0,0,0,1,0,0
c7fa8a336a475267bdd21892,1,0,0,0,0,0,1,0,0,1,0,0,0,0,0,1
c8001962dab547699abc05f0,0,0,1,0,1,0,0,0,0,1,0,0,0,0,0,1
c8076d832feffc6a18e65691,0,0,0,1,1,0,0,0,0,0,1,0,0,1,0,0
c80bddcfcb16692130bf8a4b,0,0,0,1,0,1,0,0,0,0,1,0,1,0,0,0
c80e04d46ceb6af1abf1e1ef,0,0,0,1,0,1,0,0,1,0,0,0,0,0,1,0
c8111ce990bb6954e600f273,1,0,0,0,0,1,0,0,0,0,1,0,0,0,0,1
c81f482c3d51dbb3fb51e75d,0,1,0,0,1,0,0,0,0,0,0,1,0,0,1,0
c826eca8a9756ea2f5229c2e,1,0,0,0,0,1,0,0,0,0,1,0,0,0,0,1
c827b72e81c4f09f45adba6d,0,1,0,0,1,0,0,0,0,0,1,0,0,0,0,1
c829465ec9dcf7a6c0c697c5,0,0,1,0,0,1,0,0,1,0,0,0,0,0,0,1
c82d5408f49af554c2e12bfc,0,0,0,1,1,0,0,0,0,1,0,0,0,0,1,0
c82e46f33a9cc529e6e492b1,1,0,0,0,0,0,1,0,0,0,0,1,0,1,0,0
c8306c3816ac97c207536308,0,0,1,0,0,1,0,0,1,0,0,0,0,0,0,1
c832075d0ac9093dd5921c9a,0,1,0,0,1,0,0,0,0,0,1,0,0,0,0,1
c83982f223572017b82143b0,0,0,1,0,0,1,0,0,1,0,0,0,0,0,0,1
c83ae2055c3bbfa100faaf0e,0,0,1,0,1,0,0,0,0,1,0,0,0,0,0,1
c8412bb1e750492283dfd936,1,0,0,0,0,1,0,0,0,0,0,1,0,0,1,0
c85d999f96cb692c2af87073,0,1,0,0,0,0,0,1,1,0,0,0,0,0,1,0
c863ef2a81e1eef6a6a931a8,0,1,0,0,0,0,0,1,1,0,0,0,0,0,1,0
c86447641d81213cdd646e1f,0,0,0,1,0,1,0,0,0,0,1,0,1,0,0,0
c864991bef2b9eb8f9744221,0,0,0,1,1,0,0,0,0,1,0,0,0,0,1,0
c86bf988c37a38604d407afd,1,0,0,0,0,0,0,1,0,0,1,0,0,1,0,0
c870ac2476a8d7ff654f6a9b,0,0,0,1,1,0,0,0,0,1,0,0,0,0,1,0
c879224faeaedb583b659163,1,0,0,0,0,0,1,0,0,0,0,1,0,1,0,0
c87c99d8bf1373b15c4dfd34,0,1,0,0,0,0,1,0,0,0,0,1,1,0,0,0
c880c38071a854a2ec57708a,1,0,0,0,0,1,0,0,0,0,1,0,0,0,0,1
c88b5ca4626483d8be4e4c67,0,1,0,0,0,0,1,0,1,0,0,0,0,0,0,1
c88cc9ba62ed6af539512f4b,0,0,1,0,0,0,0,1,0,1,0,0,1,0,0,0
c89361b1df0cf47061e77fe5,0,1,0,0,0,0,1,0,1,0,0,0,0,0,0,1
c898d50925e9836b7068ac59,0,0,0,1,1,0,0,0,0,1,0,0,0,0,1,0
c8992f315e7ec11a91a54533,1,0,0,0,0,1,0,0,0,0,0,1,0,0,1,0
c8a4174dda638a399756be36,0,1,0,0,1,0,0,0,0,0,0,1,0,0,1,0
c8af1528d2f2c744dcd6fb50,0,0,0,1,0,1,0,0,1,0,0,0,0,0,1,0
c8b04f37b797773e28c323de,0,0,1,0,0,0,0,1,0,1,0,0,1,0,0,0
c8b50c943cb25a38362cdf40,1,0,0,0,0,0,1,0,0,0,0,1,0,1,0,0
c8b72c433ea44ec2b937065e,0,0,1,0,0,1,0,0,0,0,0,1,1,0,0,0
c8c8a793aa5dbd65031bdd01,1,0,0,0,0,0,0,1,0,1,0,0,0,0,1,0
c8ca19e05e19a1000143faba,1,0,0,0,0,1,0,0,0,0,0,1,0,0,1,0
c8d0d2b448bb4bf44ec64501,1,0,0,0,0,1,0,0,0,0,0,1,0,0,1,0
c8d22854e08a3b47875ecd9f,0,0,0,1,0,1,0,0,1,0,0,0,0,0,1,0
c8e0a549a49ffc9630356295,1,0,0,0,0,1,0,0,0,0,1,0,0,0,0,1
c8e113719f50745ec4196e47,0,0,0,1,1,0,0,0,0,0,1,0,0,1,0,0
c8e615105487084600d97023,0,0,1,0,0,0,0,1,0,1,0,0,1,0,0,0
c8ebe6692c2cb0568260f209,0,0,0,1,0,0,1,0,1,0,0,0,0,1,0,0
c8f3ee4627459052d3af193e,0,0,0,1,0,1,0,0,1,0,0,0,0,0,1,0
c8f4f6f5bccea1df11990f3b,1,0,0,0,0,0,0,1,0,0,1,0,0,1,0,0
c8f8ec53daf4bfae2fd6ae2a,0,1,0,0,0,0,0,1,1,0,0,0,0,0,1,0
c8fc2a1795c8cceb341d78cb,0,0,0,1,0,1,0,0,1,0,0,0,0,0,1,0
c90c9d8ff6520ee5d58f1a22,1,0,0,0,0,0,1,0,0,0,0,1,0,1,0,0
c912381c1b6b77c4aa1198f4,1,0,0,0,0,0,1,0,0,1,0,0,0,0,0,1
c9254221106b173d28e66913,0,0,0,1,0,1,0,0,0,0,1,0,1,0,0,0
c92c4c122c7a5dd1099077f4,1,0,0,0,0,0,1,0,0,0,0,1,0,1,0,0
c934bdd1ba12f914d35573e6,1,0,0,0,0,0,0,1,0,0,1,0,0,1,0,0
c9413c2b5475ebe1f4419ffb,0,0,1,0,0,0,0,1,0,1,0,0,1,0,0,0
c943b19ec2a8f30a5763c2df,0,0,1,0,0,1,0,0,0,0,0,1,1,0,0,0
c94874b9b0b581b92481c3ca,1,0,0,0,0,0,1,0,0,0,0,1,0,1,0,0
c949b1e9acc478648a3fb9a8,0,0,0,1,0,0,1,0,0,1,0,0,1,0,0,0
c94cdbb7f616f15ad50bd3f6,0,0,0,1,0,0,1,0,0,1,0,0,1,0,0,0
c94fea7c32dbcbf144358356,1,0,0,0,0,0,1,0,0,1,0,0,0,0,0,1
c95436a32bc46fedf2f48e09,0,0,1,0,0,1,0,0,0,0,0,1,1,0,0,0
c95648c690fa5877807dfa84,0,1,0,0,1,0,0,0,0,0,1,0,0,0,0,1
c956c751ef468a68297da293,0,0,0,1,1,0,0,0,0,0,1,0,0,1,0,0
c95c2f64a4ecc8ecac20cdd0,0,0,1,0,0,0,0,1,0,1,0,0,1,0,0,0
c96683233fcd31254b86e26d,0,0,1,0,0,0,0,1,1,0,0,0,0,1,0,0
c96fa5af459b0bc235f6de8e,1,0,0,0,0,0,0,1,0,1,0,0,0,0,1,0
c9755c2a1de75faf27af5ff5,0,0,1,0,1,0,0,0,0,0,0,1,0,1,0,0
c97f708ff312d1c8971d6532,0,0,1,0,0,1,0,0,1,0,0,0,0,0,0,1
c9820f21423139ef314cc52e,0,1,0,0,0,0,1,0,1,0,0,0,0,0,0,1
c985bdd83798fc0758688e4f,0,0,1,0,1,0,0,0,0,1,0,0,0,0,0,1
c98b2fae486a7fe6040cfb69,0,0,0,1,1,0,0,0,0,0,1,0,0,1,0,0
c98d161906ea90b8757dba96,0,1,0,0,0,0,0,1,1,0,0,0,0,0,1,0
c98f848d6d75033defac4089,1,0,0,0,0,0,1,0,0,0,0,1,0,1,0,0
c99187c72810c24ac65b4ba7,1,0,0,0,0,1,0,0,0,0,0,1,0,0,1,0
c9932ff9d4f8527b1445f5a8,0,0,1,0,1,0,0,0,0,1,0,0,0,0,0,1
c99e393be8b2b5a5b68b52b2,0,1,0,0,0,0,1,0,0,0,0,1,1,0,0,0
c9a42f538209d6b53cbe7b35,0,0,0,1,1,0,0,0,0,1,0,0,0,0,1,0
c9a4c181a2e028dd3e196bbc,0,1,0,0,0,0,1,0,1,0,0,0,0,0,0,1
c9abcf9ecad76069ac1b750c,0,1,0,0,0,0,0,1,1,0,0,0,0,0,1,0
c9abfb2e94d94a9651eca6f8,0,0,0,1,1,0,0,0,0,1,0,0,0,0,1,0
c9b36a8669e1b69fca5c97fe,1,0,0,0,0,0,1,0,0,0,0,1,0,1,0,0
c9b3ccb9531555aab9bfb770,0,1,0,0,1,0,0,0,0,0,0,1,0,0,1,0
c9b48b1f0865f6e84cb62b1d,0,0,1,0,0,0,0,1,0,1,0,0,1,0,0,0
c9b9bb97c09b48de0cd2688a,1,0,0,0,0,0,1,0,0,0,0,1,0,1,0,0
c9bf7a4def1f3d3bd96ab4b8,0,0,1,0,1,0,0,0,0,1,0,0,0,0,0,1
c9d53d4573b56c98ac0ce3f8,1,0,0,0,0,0,1,0,0,1,0,0,0,0,0,1
c9d58d81201bd6f43525c0c4,0,0,0,1,0,0,1,0,0,1,0,0,1,0,0,0
c9dc8b950e3062b8284300b4,0,0,0,1,0,1,0,0,0,0,1,0,1,0,0,0
c9eff85d158d62942e134ae2,0,1,0,0,1,0,0,0,0,0,0,1,0,0,1,0
c9fdcdf0861a87d081eb66eb,0,0,0,1,0,0,1,0,1,0,0,0,0,1,0,0
ca0e88aa31cde740eef5fccd,0,1,0,0,1,0,0,0,0,0,0,1,0,0,1,0
ca13008c3ad270983a8702ac,0,1,0,0,0,0,0,1,1,0,0,0,0,0,1,0
ca1ae948dd0576fbdc1a7500,0,0,1,0,1,0,0,0,0,1,0,0,0,0,0,1
ca200614425b37eb9746f635,0,0,0,1,0,0,1,0,0,1,0,0,1,0,0,0
ca20ed53285258cd04d2a62e,1,0,0,0,0,0,0,1,0,1,0,0,0,0,1,0
ca27bc89110c002bb204af93,1,0,0,0,0,1,0,0,0,0,1,0,0,0,0,1
ca3282c0dbab3ee20501c7d4,0,0,0,1,1,0,0,0,0,1,0,0,0,0,1,0
ca38faedeb103854fa6e48e9,1,0,0,0,0,1,0,0,0,0,0,1,0,0,1,0
ca3904c9806c7bbdbe4c4c41,0,0,0,1,1,0,0,0,0,0,1,0,0,1,0,0
ca3b37185b25704fe8a2fc17,0,0,1,0,0,1,0,0,0,0,0,1,1,0,0,0
ca45561ba693d94dc71dc701,0,1,0,0,1,0,0,0,0,0,1,0,0,0,0,1
ca4e6b812456c8de1301bc6e,0,0,0,1,1,0,0,0,0,1,0,0,0,0,1,0
ca5b19da3bc2eeac00ee1418,0,0,1,0,0,0,0,1,1,0,0,0,0,1,0,0
ca667a7a7bf2023c6fe481c1,1,0,0,0,0,0,0,1,0,1,0,0,0,0,1,0
ca67e823b64158fd8e6cd542,1,0,0,0,0,1,0,0,0,0,1,0,0,0,0,1
ca74cdb6249089c554d889be,1,0,0,0,0,0,0,1,0,0,1,0,0,1,0,0
ca801c61c3e424e35339d51f,0,0,0,1,0,0,1,0,1,0,0,0,0,1,0,0
ca80ec017e124876ea20e1c3,0,0,1,0,0,1,0,0,1,0,0,0,0,0,0,1
ca84ada24c015d0ba638a745,0,1,0,0,0,0,1,0,0,0,0,1,1,0,0,0
ca8f37bedbde499f45566e13,0,0,0,1,0,0,1,0,1,0,0,0,0,1,0,0
ca9292aa8ba8933d0962a2d0,0,0,1,0,0,0,0,1,0,1,0,0,1,0,0,0
ca92b84586a4970346c3b9ae,0,0,0,1,1,0,0,0,0,0,1,0,0,1,0,0
ca988689eda6302ff38e0d23,0,1,0,0,0,0,0,1,1,0,0,0,0,0,1,0
caa8a52be3d0ac5307630f90,0,1,0,0,1,0,0,0,0,0,0,1,0,0,1,0
caacf3968d441099df385e97,0,0,0,1,0,0,1,0,0,1,0,0,1,0,0,0
caad568ceca4e08cf46d5f76,0,0,0,1,0,0,1,0,1,0,0,0,0,1,0,0
caaf37c6f249665434cfcf98,0,0,1,0,0,1,0,0,1,0,0,0,0,0,0,1
cab036c3c4a1ae6db26d7f76,0,0,0,1,0,1,0,0,0,0,1,0,1,0,0,0
cab31c2c01a85f01b26df2e9,0,0,0,1,0,1,0,0,1,0,0,0,0,0,1,0
cab888b5a934dac2b7df2578,0,0,0,1,0,1,0,0,1,0,0,0,0,0,1,0
cac776b1d0ff6bf5d821df44,0,1,0,0,0,0,0,1,0,0,1,0,1,0,0,0
cac8377a07ffac7ba5786626,0,0,0,1,1,0,0,0,0,0,1,0,0,1,0,0
cacfc3ccc539f6bf15a0e4f2,1,0,0,0,0,1,0,0,0,0,0,1,0,0,1,0
cad0c901a56fb9adb0deccf4,0,0,0,1,1,0,0,0,0,0,1,0,0,1,0,0
cad32ab018fd1d550801904e,1,0,0,0,0,0,1,0,0,0,0,1,0,1,0,0
cad9080c48b8afe8c0bc38b5,1,0,0,0,0,0,1,0,0,0,0,1,0,1,0,0
cadc95e6e832af4efe30fe5d,0,0,1,0,1,0,0,0,0,0,0,1,0,1,0,0
cade6c895611547f949aa588,1,0,0,0,0,1,0,0,0,0,1,0,0,0,0,1
cae0eae89cacb0202accf059,0,0,1,0,0,0,0,1,1,0,0,0,0,1,0,0
caee04fd87b8312a8b982920,1,0,0,0,0,0,1,0,0,1,0,0,0,0,0,1
caf2647aeddf88547863b74b,0,0,0,1,0,0,1,0,1,0,0,0,0,1,0,0
cafc7f5ff3f4d47861080d9a,0,0,0,1,0,0,1,0,0,1,0,0,1,0,0,0
cafc93ad7aafb2430a566a1d,0,0,0,1,1,0,0,0,0,1,0,0,0,0,1,0
cb09f3779ea6e308ac43155a,0,1,0,0,1,0,0,0,0,0,1,0,0,0,0,1
cb0a98b296bab8050cdbc581,0,0,1,0,1,0,0,0,0,1,0,0,0,0,0,1
cb0ec0aad7cc409b04ed1d35,0,1,0,0,1,0,0,0,0,0,1,0,0,0,0,1
cb115d504681f2d69a959119,0,0,1,0,0,0,0,1,1,0,0,0,0,1,0,0
cb1b7dbb3430ff2aa4200427,0,1,0,0,1,0,0,0,0,0,1,0,0,0,0,1
cb1ecf1578ba3365855c302c,1,0,0,0,0,0,0,1,0,1,0,0,0,0,1,0
cb2a283d5d51542687664628,0,0,0,1,1,0,0,0,0,1,0,0,0,0,1,0
cb2c6d64dc7814abe02cfb75,1,0,0,0,0,0,1,0,0,0,0,1,0,1,0,0
cb2fa302a95479b518c2074e,0,1,0,0,1,0,0,0,0,0,1,0,0,0,0,1
cb31d2f9d5c597803e2cac85,0,1,0,0,0,0,0,1,0,0,1,0,1,0,0,0
cb37378781c24b34e6cdf850,0,0,0,1,0,0,1,0,0,1,0,0,1,0,0,0
cb37a466060e8c69e5008a25,0,0,0,1,0,1,0,0,0,0,1,0,1,0,0,0
cb3c022f25981487888699d8,0,0,1,0,0,0,0,1,1,0,0,0,0,1,0,0
cb3f35cdf774785d9c2c3b16,0,1,0,0,0,0,1,0,0,0,0,1,1,0,0,0
cb3f7031d2649cc8fc90a0fa,0,0,1,0,0,1,0,0,0,0,0,1,1,0,0,0
cb4349c5e6d07b462ba29afa,0,0,1,0,0,0,0,1,0,1,0,0,1,0,0,0
cb48b800cb2888b1de2f7692,1,0,0,0,0,1,0,0,0,0,1,0,0,0,0,1
cb5a305ae0754a8a34b63984,0,0,0,1,1,0,0,0,0,1,0,0,0,0,1,0
cb5b587388bdf959345d15a2,0,0,0,1,0,0,1,0,0,1,0,0,1,0,0,0
cb5c9228f60db88971f71fb3,0,0,0,1,0,1,0,0,0,0,1,0,1,0,0,0
cb66703ad4f3a400982dffbc,1,0,0,0,0,1,0,0,0,0,1,0,0,0,0,1
cb696b04073a4ed753be0979,0,0,1,0,0,0,0,1,1,0,0,0,0,1,0,0
cb69769612b980296980edc5,0,0,1,0,0,1,0,0,0,0,0,1,1,0,0,0
cb6d848180b713e1910b1b6f,0,0,0,1,0,1,0,0,0,0,1,0,1,0,0,0
cb7080e0955e79dadc425c50,0,1,0,0,0,0,1,0,1,0,0,0,0,0,0,1
cb72562ff0b7443c19234124,0,0,0,1,1,0,0,0,0,0,1,0,0,1,0,0
cb7eea921970f759a3b0a709,1,0,0,0,0,0,1,0,0,0,0,1,0,1,0,0
cb7fde2f61b4283bdcb39237,0,0,1,0,0,0,0,1,0,1,0,0,1,0,0,0
cb83a70cc478887169f74763,1,0,0,0,0,0,0,1,0,0,1,0,0,1,0,0
cb93d0d256c48de65307caac,1,0,0,0,0,0,1,0,0,0,0,1,0,1,0,0
cb94edb5bf93053d381a0a1d,0,1,0,0,0,0,1,0,0,0,0,1,1,0,0,0
cb96744f734539a1821a4c83,0,1,0,0,0,0,0,1,1,0,0,0,0,0,1,0
cb98968b52d1ac50e4a04e39,1,0,0,0,0,0,1,0,0,1,0,0,0,0,0,1
cb9baac41f4a2265f742dd67,0,1,0,0,1,0,0,0,0,0,0,1,0,0,1,0
cb9e5a03b4e9d0ed84232401,1,0,0,0,0,0,1,0,0,0,0,1,0,1,0,0
cba7e3999cd785aec086cbc8,1,0,0,0,0,1,0,0,0,0,0,1,0,0,1,0
cbb3e45d5d50cf683864d942,0,1,0,0,1,0,0,0,0,0,1,0,0,0,0,1
cbb7bd9c55a9e3d1fcd52016,0,1,0,0,0,0,0,1,0,0,1,0,1,0,0,0
cbbe790244bbca683fa4deb3,1,0,0,0,0,1,0,0,0,0,0,1,0,0,1,0
cbc117b56737abffbb02accd,0,0,1,0,0,0,0,1,0,1,0,0,1,0,0,0
cbc1cad43b390f62227301f1,0,1,0,0,0,0,0,1,1,0,0,0,0,0,1,0
cbc8a4e82456ff569b868115,0,1,0,0,0,0,0,1,0,0,1,0,1,0,0,0
cbc95f412a895f3ab48f08cc,0,0,1,0,1,0,0,0,0,0,0,1,0,1,0,0
cbcddf0a1ababc5a49fd558e,0,0,0,1,0,0,1,0,1,0,0,0,0,1,0,0
cbce077d16694268c44f62f8,0,0,0,1,0,1,0,0,0,0,1,0,1,0,0,0
cbd57eb6d0cea2d9b2337d9a,0,0,1,0,1,0,0,0,0,0,0,1,0,1,0,0
cbdf095da48bafdc750bb79f,0,0,0,1,0,0,1,0,0,1,0,0,1,0,0,0
cbec032d314cb132afc77607,0,0,0,1,0,0,1,0,1,0,0,0,0,1,0,0
cbefd0a3a4fd2a9864ea7e2d,0,0,0,1,0,0,1,0,0,1,0,0,1,0,0,0
cbf0b91950973d397438aec5,0,0,1,0,1,0,0,0,0,1,0,0,0,0,0,1
cc030c74d431afc4dc753e75,1,0,0,0,0,0,1,0,0,0,0,1,0,1,0,0
cc0e02269a0265ca32d6385f,1,0,0,0,0,0,0,1,0,1,0,0,0,0,1,0
cc0f3dfaf913e9497ba09bc9,0,0,1,0,0,0,0,1,1,0,0,0,0,1,0,0
cc22622768d875b036948b9a,0,0,0,1,0,0,1,0,0,1,0,0,1,0,0,0
cc2cd8e36477c5c0e7618356,0,0,1,0,0,1,0,0,1,0,0,0,0,0,0,1
cc4578e243c89196e628d780,0,0,0,1,1,0,0,0,0,0,1,0,0,1,0,0
cc4db5cf176e1ae31ade88d7,0,0,0,1,0,0,1,0,1,0,0,0,0,1,0,0
cc50ddd9df7e57adbf8a0cb1,0,1,0,0,0,0,0,1,1,0,0,0,0,0,1,0
cc5116c410423ad2714dfa9f,1,0,0,0,0,0,1,0,0,0,0,1,0,1,0,0
cc53a3d2c7c06edb69135e8e,0,0,1,0,0,0,0,1,0,1,0,0,1,0,0,0
cc55597c5216894bdf85d63c,1,0,0,0,0,1,0,0,0,0,1,0,0,0,0,1
cc573a7b78cdde2a763d4aa9,0,0,0,1,1,0,0,0,0,0,1,0,0,1,0,0
cc575b119ea3398a75c0e19c,0,1,0,0,0,0,1,0,0,0,0,1,1,0,0,0
cc5a02f6e5f5e32d604eeced,1,0,0,0,0,0,1,0,0,0,0,1,0,1,0,0
cc66f3e44bf5257f89bbd7da,0,0,1,0,0,0,0,1,0,1,0,0,1,0,0,0
cc6bde3855366840f999f428,0,1,0,0,0,0,0,1,0,0,1,0,1,0,0,0
cc6cba5c6cb75efcdd8acc2e,0,1,0,0,1,0,0,0,0,0,1,0,0,0,0,1
cc6d408c86f6256a7a84febe,0,0,0,1,0,0,1,0,1,0,0,0,0,1,0,0
cc6dc8ce6d9caaf155e27df7,0,1,0,0,1,0,0,0,0,0,1,0,0,0,0,1
cc7486de2c7549786ed45a19,0,0,0,1,0,1,0,0,1,0,0,0,0,0,1,0
cc7600fd99e4981900e6b475,0,0,1,0,1,0,0,0,0,0,0,1,0,1,0,0
cc81b1be46162b91fbc16b2b,0,1,0,0,0,0,1,0,0,0,0,1,1,0,0,0
cc81cc5e7ce5216a4ecc56a4,0,0,0,1,1,0,0,0,0,0,1,0,0,1,0,0
cc862e1c6e74dbcdea21b0e8,1,0,0,0,0,0,1,0,0,0,0,1,0,1,0,0
cc9194ca991e64b8f77f66b1,1,0,0,0,0,0,1,0,0,1,0,0,0,0,0,1
cc9295b28f561b9769f47923,1,0,0,0,0,1,0,0,0,0,0,1,0,0,1,0
cc9b0d6c0f9c204d132ed3fe,1,0,0,0,0,0,0,1,0,1,0,0,0,0,1,0
cc9ffe4d3c146d5cc5c17ff0,0,0,1,0,0,1,0,0,0,0,0,1,1,0,0,0
cca1bf4c8c3abcc7751288c3,0,0,1,0,0,1,0,0,0,0,0,1,1,0,0,0
cca1f7280351dafa3402bde8,0,0,0,1,1,0,0,0,0,1,0,0,0,0,1,0
cca39919a1edf588d10d54c3,0,0,0,1,0,1,0,0,1,0,0,0,0,0,1,0
cca50fe0b786a1b02b22152f,0,0,0,1,0,0,1,0,1,0,0,0,0,1,0,0
ccb5ac978469604e277af5b7,1,0,0,0,0,0,1,0,0,0,0,1,0,1,0,0
ccb6cedfa66b226a3bf0798e,0,0,1,0,0,0,0,1,0,1,0,0,1,0,0,0
ccc952aba75220274211be12,1,0,0,0,0,0,0,1,0,0,1,0,0,1,0,0
cccedd9d9e1cf9516cb86927,0,1,0,0,0,0,1,0,1,0,0,0,0,0,0,1
cccf569b24c5658ba8a9b241,0,0,0,1,1,0,0,0,0,0,1,0,0,1,0,0
ccdee8a98ae59439caea89f3,1,0,0,0,0,0,0,1,0,1,0,0,0,0,1,0
cce3f6167f6633494eb827ac,0,0,0,1,0,0,1,0,0,1,0,0,1,0,0,0
ccecaada6d4ed17d550ac394,0,0,0,1,0,0,1,0,1,0,0,0,0,1,0,0
ccf7278fe26da4e5137375b4,1,0,0,0,0,0,0,1,0,0,1,0,0,1,0,0
ccf8497e79e047b1fe0a6209,0,0,1,0,0,0,0,1,1,0,0,0,0,1,0,0
ccfd452b0c269e3d8ef593b5,0,0,1,0,0,1,0,0,1,0,0,0,0,0,0,1
cd07858521b1d4da2cece3f5,0,1,0,0,0,0,0,1,0,0,1,0,1,0,0,0
cd0e40afc1eabe3b95ff021d,1,0,0,0,0,1,0,0,0,0,0,1,0,0,1,0
cd117d9fe1bbf943f60c7d0f,0,0,0,1,0,1,0,0,0,0,1,0,1,0,0,0
cd13b8cda15e6b647af495b6,0,0,1,0,0,1,0,0,0,0,0,1,1,0,0,0
cd1781e171fa30e96e1b2868,1,0,0,0,0,0,0,1,0,1,0,0,0,0,1,0
cd1c24ade9d58c9cfca0cb20,0,1,0,0,1,0,0,0,0,0,1,0,0,0,0,1
cd1eba2807a781a49ad5d396,1,0,0,0,0,0,1,0,0,0,0,1,0,1,0,0
cd21449c9fd4e037ed8f61ba,0,0,1,0,0,1,0,0,1,0,0,0,0,0,0,1
cd226f3eca9f9ffd036030af,0,0,1,0,1,0,0,0,0,1,0,0,0,0,0,1
cd250fc3e26f4318b0581198,1,0,0,0,0,1,0,0,0,0,1,0,0,0,0,1
cd276b017594b11e063f0a30,0,1,0,0,0,0,0,1,1,0,0,0,0,0,1,0
cd2a7a50bf0c4894a35c27aa,0,0,0,1,1,0,0,0,0,1,0,0,0,0,1,0
cd38bf5f7b7f0628e9a4048d,0,0,1,0,0,1,0,0,0,0,0,1,1,0,0,0
cd3c30f91d48ed59d2d16a6b,0,1,0,0,1,0,0,0,0,0,0,1,0,0,1,0
cd3febcfde7e415681dff0fc,0,0,1,0,1,0,0,0,0,0,0,1,0,1,0,0
cd4958630fb66127ce8e543e,1,0,0,0,0,0,0,1,0,0,1,0,0,1,0,0
cd56bb90a292cdca9fb5bd25,0,1,0,0,1,0,0,0,0,0,1,0,0,0,0,1
cd57611ea62131bd05f8ffac,0,1,0,0,1,0,0,0,0,0,0,1,0,0,1,0
cd592deaa925660831b1a53e,0,0,0,1,0,1,0,0,0,0,1,0,1,0,0,0
cd5ca69da194e36786f949f8,0,1,0,0,0,0,1,0,1,0,0,0,0,0,0,1
cd613f68c2dd1f4f8e1ff4cb,0,1,0,0,0,0,1,0,0,0,0,1,1,0,0,0
cd6bb5e0d390bc2791237549,0,1,0,0,1,0,0,0,0,0,0,1,0,0,1,0
cd6e91551d1b9635071c25c7,0,1,0,0,1,0,0,0,0,0,0,1,0,0,1,0
cd78e1128ecc6a145be41ce6,0,0,0,1,1,0,0,0,0,0,1,0,0,1,0,0
cd796cf036a1d59a284b349e,0,1,0,0,0,0,1,0,1,0,0,0,0,0,0,1
cd7b235ba4eb5974c071dc4d,0,0,1,0,0,0,0,1,1,0,0,0,0,1,0,0
cd858467eb1aa9394da6c943,0,0,1,0,0,0,0,1,1,0,0,0,0,1,0,0
cd862ad303a7000d05597b80,0,0,1,0,1,0,0,0,0,1,0,0,0,0,0,1
cda09cd5219f7662bd09f006,0,1,0,0,1,0,0,0,0,0,1,0,0,0,0,1
cda3eea02f94ef804098285a,0,0,0,1,0,0,1,0,0,1,0,0,1,0,0,0
cda5a10ca63059ae79911cba,0,1,0,0,0,0,1,0,0,0,0,1,1,0,0,0
cdb9cbd105d86a6aed7e882f,1,0,0,0,0,1,0,0,0,0,0,1,0,0,1,0
cdc94beb0f92b01bdb959bf7,0,0,1,0,1,0,0,0,0,0,0,1,0,1,0,0
cdca512d1f63322c73551a5c,0,0,1,0,1,0,0,0,0,1,0,0,0,0,0,1
cdcdc5adcdff10fe80dc352e,0,0,0,1,0,1,0,0,1,0,0,0,0,0,1,0
cdcfdd133e91389e9d5edf88,0,0,0,1,0,1,0,0,0,0,1,0,1,0,0,0
cde2c7b0f13af345433c211e,0,0,1,0,1,0,0,0,0,1,0,0,0,0,0,1
cde66d92621e38529039ece4,0,0,0,1,0,1,0,0,0,0,1,0,1,0,0,0
cde985e4fb7f80d4e4ff4c19,0,1,0,0,0,0,0,1,0,0,1,0,1,0,0,0
cdee93910cde81fba3eed4a2,0,0,1,0,1,0,0,0,0,1,0,0,0,0,0,1
cdf5f34ed214a8697973dd09,0,0,1,0,0,1,0,0,0,0,0,1,1,0,0,0
ce087839fa8ec5c77a779c84,1,0,0,0,0,0,0,1,0,1,0,0,0,0,1,0
ce107db79585820848ffbfc2,0,0,0,1,0,0,1,0,0,1,0,0,1,0,0,0
ce1230fce711c2ccc5894058,0,1,0,0,0,0,1,0,1,0,0,0,0,0,0,1
ce126864c099dbb958f44b9c,0,1,0,0,1,0,0,0,0,0,1,0,0,0,0,1
ce14d881abef2d8fb016272e,0,1,0,0,0,0,0,1,1,0,0,0,0,0,1,0
ce1dae592e33b659dafb9882,0,0,0,1,0,1,0,0,0,0,1,0,1,0,0,0
ce1dd64e753297851c619f17,0,1,0,0,1,0,0,0,0,0,1,0,0,0,0,1
ce21cbb75967c22eee54729a,1,0,0,0,0,0,1,0,0,0,0,1,0,1,0,0
ce28c43f10cd549d0abe9ed2,0,0,0,1,1,0,0,0,0,1,0,0,0,0,1,0
ce32eed9c11dbd4d5cb736d6,0,1,0,0,1,0,0,0,0,0,1,0,0,0,0,1
ce38518f2a6dae27ef50c12a,0,1,0,0,0,0,0,1,1,0,0,0,0,0,1,0
ce3edae3c2293dc8ca6d73f4,1,0,0,0,0,0,1,0,0,0,0,1,0,1,0,0
ce49886826bd61de00391bd0,0,0,0,1,0,1,0,0,1,0,0,0,0,0,1,0
ce4e5c60cb56aae6b286c54b,1,0,0,0,0,1,0,0,0,0,0,1,0,0,1,0
ce57f87ff3292d2c5dae55da,0,1,0,0,0,0,1,0,0,0,0,1,1,0,0,0
ce581d46e8d0bb20cd8e1abc,0,0,1,0,1,0,0,0,0,1,0,0,0,0,0,1
ce5b16d0fda50febe4125ddc,0,0,1,0,0,0,0,1,1,0,0,0,0,1,0,0
ce638bebdec4d99710e6e3c6,0,0,1,0,0,0,0,1,0,1,0,0,1,0,0,0
ce73f329771075f9a5956b2b,1,0,0,0,0,0,1,0,0,0,0,1,0,1,0,0
ce7f7651066d2ba76929fee6,0,1,0,0,1,0,0,0,0,0,1,0,0,0,0,1
ce84bce94c8444f2a0ffe2c3,1,0,0,0,0,1,0,0,0,0,1,0,0,0,0,1
ce85830846d6053e7fa62dbb,1,0,0,0,0,0,0,1,0,1,0,0,0,0,1,0
ce8ca36e049cafc66e895b97,0,0,0,1,1,0,0,0,0,1,0,0,0,0,1,0
ce8ca7f0931a6c4c96e7684c,0,0,0,1,0,1,0,0,0,0,1,0,1,0,0,0
ce9008240c4c15c9cec8ea8b,1,0,0,0,0,0,1,0,0,1,0,0,0,0,0,1
ce9745c5b6c8870d28364952,0,0,1,0,0,1,0,0,1,0,0,0,0,0,0,1
ce9d4476bb9294074bafd06a,0,0,0,1,0,1,0,0,1,0,0,0,0,0,1,0
ce9d57e9cd8e649c21829a59,0,0,1,0,1,0,0,0,0,0,0,1,0,1,0,0
cea09c552ec6809365482eb6,0,1,0,0,1,0,0,0,0,0,1,0,0,0,0,1
cea0c13fbad59f436b883f92,0,0,1,0,0,1,0,0,1,0,0,0,0,0,0,1
cea8b1499da4f067f52f47d3,1,0,0,0,0,0,1,0,0,1,0,0,0,0,0,1
cead3649790d72ba13033809,1,0,0,0,0,1,0,0,0,0,1,0,0,0,0,1
ceaeb243a55c0a9e30aff0eb,0,1,0,0,1,0,0,0,0,0,1,0,0,0,0,1
ceb101dc1b78d44a9c7e7752,0,0,1,0,0,0,0,1,1,0,0,0,0,1,0,0
ceb2c8de74638bed6731213e,0,0,0,1,1,0,0,0,0,1,0,0,0,0,1,0
ceb538756707fc13b2b752bc,0,0,1,0,0,1,0,0,0,0,0,1,1,0,0,0
ceb6f23ece5e15085c396e1a,0,1,0,0,0,0,1,0,0,0,0,1,1,0,0,0
cebcb2ead39dc7dc0b4f68de,0,1,0,0,0,0,1,0,0,0,0,1,1,0,0,0
cec17229379020dec555a68b,1,0,0,0,0,0,0,1,0,1,0,0,0,0,1,0
cec1bee613ecafa5b55dfabe,0,1,0,0,1,0,0,0,0,0,1,0,0,0,0,1
cec8b9e0893929c7c6c41e48,0,1,0,0,1,0,0,0,0,0,0,1,0,0,1,0
cec8fdedd61e1903f60fc630,0,0,0,1,0,1,0,0,1,0,0,0,0,0,1,0
ceccba8d04ca29f9c6a4a64a,0,1,0,0,0,0,1,0,0,0,0,1,1,0,0,0
ced884f44b8a452856ddecf1,1,0,0,0,0,1,0,0,0,0,1,0,0,0,0,1
cedb8287ed7122a45a139141,0,1,0,0,0,0,0,1,0,0,1,0,1,0,0,0
cedd77876ae49d99b8c2fd62,1,0,0,0,0,0,0,1,0,0,1,0,0,1,0,0
cee0e4919756e02d74a99871,0,0,0,1,1,0,0,0,0,1,0,0,0,0,1,0
ceeb098159c0be10e122f8dc,1,0,0,0,0,0,0,1,0,0,1,0,0,1,0,0
ceed36303434981df4b0d6d0,0,0,0,1,0,1,0,0,0,0,1,0,1,0,0,0
cef1831a424235a636249a82,0,1,0,0,0,0,0,1,0,0,1,0,1,0,0,0
cefac86851fd788126238a39,1,0,0,0,0,0,0,1,0,1,0,0,0,0,1,0
cf04c921fe27090943652f3b,0,1,0,0,0,0,0,1,1,0,0,0,0,0,1,0
cf1a5fb2b375122fbcf71a71,1,0,0,0,0,0,1,0,0,0,0,1,0,1,0,0
cf213c1535a829ccf84779d7,1,0,0,0,0,1,0,0,0,0,0,1,0,0,1,0
cf21c873906b244a2bbdf7aa,1,0,0,0,0,1,0,0,0,0,0,1,0,0,1,0
cf27064d008b52bd4062a22e,1,0,0,0,0,1,0,0,0,0,1,0,0,0,0,1
cf2f7da766265010856c0fcd,0,1,0,0,0,0,1,0,1,0,0,0,0,0,0,1
cf3ab5b96b04162af496beef,0,0,0,1,0,1,0,0,0,0,1,0,1,0,0,0
cf494d262887be1ad0bcf36f,1,0,0,0,0,0,0,1,0,1,0,0,0,0,1,0
cf4bc5e168e97cbb406db467,0,0,0,1,1,0,0,0,0,0,1,0,0,1,0,0
cf53199dc2dedccdca1048a3,1,0,0,0,0,0,0,1,0,1,0,0,0,0,1,0
cf627170406acb36a0ce7125,0,0,1,0,0,1,0,0,0,0,0,1,1,0,0,0
cf637d164a1013340fceffbe,0,0,0,1,0,0,1,0,1,0,0,0,0,1,0,0
cf70b19473ac7855ac5349dc,0,0,0,1,0,0,1,0,1,0,0,0,0,1,0,0
cf7480a038c20437b6b9da1f,0,0,0,1,1,0,0,0,0,1,0,0,0,0,1,0
cf888d485a87d5a4eaf69699,0,1,0,0,0,0,1,0,0,0,0,1,1,0,0,0
cf8b1cb3ab864ce400fb7fc9,0,1,0,0,1,0,0,0,0,0,1,0,0,0,0,1
cf9513dd3f59e1b42c167ea4,0,1,0,0,1,0,0,0,0,0,1,0,0,0,0,1
cf95f7aff169e04a946b8c82,0,0,1,0,0,0,0,1,0,1,0,0,1,0,0,0
cfa925598347de72bd92cb9e,0,0,0,1,0,0,1,0,0,1,0,0,1,0,0,0
cfa968b741afc80c0be506f2,1,0,0,0,0,0,1,0,0,1,0,0,0,0,0,1
cfa9c712d8dba5e2c0859a05,0,0,1,0,0,0,0,1,1,0,0,0,0,1,0,0
cfb84e96d0dcb7d2a43fe1d5,0,1,0,0,1,0,0,0,0,0,0,1,0,0,1,0
cfb9d966a920547c0666d708,0,0,0,1,0,1,0,0,0,0,1,0,1,0,0,0
cfbf17ae3d0f4b28834b1345,0,0,1,0,0,1,0,0,0,0,0,1,1,0,0,0
cfdae44bc08f098b129f195f,0,0,1,0,0,0,0,1,1,0,0,0,0,1,0,0
cff0a68b86861f24242e8bd1,0,0,1,0,0,1,0,0,1,0,0,0,0,0,0,1
cff25dc9e4fc09fbef27eaef,0,0,0,1,1,0,0,0,0,1,0,0,0,0,1,0
cff28a8815ef0ef32c396aff,1,0,0,0,0,1,0,0,0,0,0,1,0,0,1,0
cff32f57351d91cfa27a942f,1,0,0,0,0,1,0,0,0,0,0,1,0,0,1,0
cffc228e68c8393b534f6fe9,0,0,0,1,1,0,0,0,0,1,0,0,0,0,1,0
cffcbf03b0ec4e135a548320,1,0,0,0,0,0,0,1,0,0,1,0,0,1,0,0
d0016f8ba1bf033ae1c026b5,1,0,0,0,0,1,0,0,0,0,0,1,0,0,1,0
d003701e71f379f9c5feed28,0,0,0,1,1,0,0,0,0,0,1,0,0,1,0,0
d009210a5f77fcca7806b4fc,0,0,1,0,0,1,0,0,1,0,0,0,0,0,0,1
d0135b44e927b0870b808125,0,0,1,0,0,0,0,1,1,0,0,0,0,1,0,0
d0199098adcc362e465f21cd,0,1,0,0,0,0,0,1,1,0,0,0,0,0,1,0
d020cc588b2b095d9b2db09b,0,1,0,0,0,0,0,1,1,0,0,0,0,0,1,0
d022c2db0c68d67769cb6767,1,0,0,0,0,0,1,0,0,0,0,1,0,1,0,0
d02b50e5d84117d13f6a1d78,0,0,0,1,0,1,0,0,0,0,1,0,1,0,0,0
d02f7d5eaf0638ec9a00e616,0,1,0,0,0,0,0,1,0,0,1,0,1,0,0,0
d0380582de1a074cbb66a5e2,0,0,0,1,0,1,0,0,0,0,1,0,1,0,0,0
d03c83acd38096c5cd40d280,0,1,0,0,0,0,0,1,0,0,1,0,1,0,0,0
d04034d5c675e395a6d38985,0,1,0,0,0,0,0,1,1,0,0,0,0,0,1,0
d0403eebd5569f73513487d1,0,0,0,1,0,1,0,0,0,0,1,0,1,0,0,0
d042b03d79c236e6a92be39c,0,0,0,1,1,0,0,0,0,1,0,0,0,0,1,0
d047aeba2e28bc0da486bb65,0,0,1,0,1,0,0,0,0,0,0,1,0,1,0,0
d053ce8f51f23c65562febf9,1,0,0,0,0,0,1,0,0,1,0,0,0,0,0,1
d0545b419a6c3182edfc2655,0,0,1,0,0,0,0,1,0,1,0,0,1,0,0,0
d05aeb87706932c07ec36945,0,0,1,0,0,0,0,1,0,1,0,0,1,0,0,0
d068f40c8dc14da7e3f126e5,1,0,0,0,0,0,1,0,0,1,0,0,0,0,0,1
d06da529d51695a01031ac41,0,0,0,1,1,0,0,0,0,1,0,0,0,0,1,0
d0744012bfb259ccd9d0892d,0,0,1,0,0,0,0,1,0,1,0,0,1,0,0,0
d07e343705cb6dee3e1cbd3b,1,0,0,0,0,1,0,0,0,0,1,0,0,0,0,1
d083c7fe47985fd6d7b219dd,1,0,0,0,0,0,0,1,0,0,1,0,0,1,0,0
d0857deb82e3fab1e1bb7a99,0,1,0,0,1,0,0,0,0,0,1,0,0,0,0,1
d08cc5414ca508c1ce877025,0,0,1,0,1,0,0,0,0,0,0,1,0,1,0,0
d08fa1a842318c05f3cfcead,1,0,0,0,0,1,0,0,0,0,1,0,0,0,0,1
d0932607b7d557b0151abb7a,1,0,0,0,0,1,0,0,0,0,1,0,0,0,0,1
d09577e87280c8166de021a9,0,0,1,0,0,0,0,1,1,0,0,0,0,1,0,0
d096407894f7e9ba531633f7,0,0,1,0,0,0,0,1,0,1,0,0,1,0,0,0
d09693d8220d511fb1f67ac0,0,0,1,0,0,0,0,1,0,1,0,0,1,0,0,0
d09bb2d535c1b3560930a2c6,0,1,0,0,1,0,0,0,0,0,1,0,0,0,0,1
d09bdf13c128bee84c984076,0,0,1,0,0,0,0,1,0,1,0,0,1,0,0,0
d09de52776dc9b37874ffc61,0,1,0,0,0,0,0,1,1,0,0,0,0,0,1,0
d0b71b68684b37961000d391,0,0,1,0,0,1,0,0,1,0,0,0,0,0,0,1
d0bb3c2d1903258f561db21e,0,1,0,0,0,0,0,1,1,0,0,0,0,0,1,0
d0bd34da2ba93316db94df28,1,0,0,0,0,1,0,0,0,0,0,1,0,0,1,0
d0befeb57217dcedc88308d2,1,0,0,0,0,0,0,1,0,0,1,0,0,1,0,0
d0c6ab6e6e1b41980903c14c,0,1,0,0,1,0,0,0,0,0,1,0,0,0,0,1
d0c924f78b84cfb38ea13da8,0,1,0,0,0,0,1,0,0,0,0,1,1,0,0,0
d0dcd1680df858da3ff8648b,0,0,0,1,0,0,1,0,0,1,0,0,1,0,0,0
d0e093ea481be0fb1612dbaf,0,0,1,0,0,1,0,0,1,0,0,0,0,0,0,1
d0ea86c59b22d7089a6755f8,0,1,0,0,0,0,0,1,0,0,1,0,1,0,0,0
d0f7f0f6ace710d7e10608e3,0,1,0,0,0,0,0,1,0,0,1,0,1,0,0,0
d0fad3122458535af3128dca,1,0,0,0,0,0,0,1,0,0,1,0,0,1,0,0
d0fc737aed561427c0c7eff0,1,0,0,0,0,0,0,1,0,1,0,0,0,0,1,0
d0fe87359059dcdb2ea9225d,0,0,0,1,0,0,1,0,1,0,0,0,0,1,0,0
d10b660672e0575cc5175a0e,0,0,0,1,1,0,0,0,0,0,1,0,0,1,0,0
d10f0b275d24c64b33340d00,0,0,1,0,0,1,0,0,1,0,0,0,0,0,0,1
d11a1da90b5c504c8f9bfc88,0,0,1,0,0,0,0,1,0,1,0,0,1,0,0,0
d12139d60866746c879ba9c1,0,1,0,0,1,0,0,0,0,0,0,1,0,0,1,0
d12209600030459cf9fa00fc,0,0,1,0,0,0,0,1,1,0,0,0,0,1,0,0
d1266c3d6e8dd0fc0c9622af,0,0,1,0,1,0,0,0,0,0,0,1,0,1,0,0
d1309955ddcb5a78fab453af,0,0,0,1,0,0,1,0,0,1,0,0,1,0,0,0
d132bc2f01f7476bce520796,0,0,1,0,0,1,0,0,1,0,0,0,0,0,0,1
d13a9b85d9f1d9df2d433830,0,0,0,1,0,1,0,0,1,0,0,0,0,0,1,0
d14000281ecf30bc300f4898,0,0,1,0,1,0,0,0,0,0,0,1,0,1,0,0
d143a3ec19aae199a373a8ca,0,1,0,0,0,0,1,0,0,0,0,1,1,0,0,0
d146d5746c6d59d0dd5663f8,1,0,0,0,0,0,1,0,0,1,0,0,0,0,0,1
d14eef5e4c95b1ff084286c6,1,0,0,0,0,0,1,0,0,1,0,0,0,0,0,1
d1558ba827901bcbfa3e5d81,0,1,0,0,0,0,1,0,0,0,0,1,1,0,0,0
d161ca9926ada97bf48384f8,1,0,0,0,0,1,0,0,0,0,1,0,0,0,0,1
d1621571995141c9f5eb3003,0,0,1,0,1,0,0,0,0,0,0,1,0,1,0,0
d1632318384a7dcb76e269c4,0,0,0,1,1,0,0,0,0,1,0,0,0,0,1,0
d164dff019ad83f760612111,0,0,0,1,1,0,0,0,0,0,1,0,0,1,0,0
d16a0fa40bdb47b5d8309ddf,0,0,1,0,0,0,0,1,1,0,0,0,0,1,0,0
d16c374efea51dd8c4fc0238,1,0,0,0,0,0,1,0,0,1,0,0,0,0,0,1
d1753fca0a498e6760d256f8,1,0,0,0,0,1,0,0,0,0,1,0,0,0,0,1
d186196ba3437ba385729beb,1,0,0,0,0,1,0,0,0,0,1,0,0,0,0,1
d18a8f626352c3783c2d9ff0,1,0,0,0,0,0,0,1,0,1,0,0,0,0,1,0
d18c160e11f7275c71eafa62,1,0,0,0,0,0,1,0,0,1,0,0,0,0,0,1
d18cd1d26294f4fd62769d73,1,0,0,0,0,0,1,0,0,1,0,0,0,0,0,1
d18d7b7d4c457b1266f31596,0,0,1,0,0,1,0,0,1,0,0,0,0,0,0,1
d18d9631fa18f968a0b8eaa6,0,1,0,0,0,0,0,1,0,0,1,0,1,0,0,0
d1aa2b329ce48c38c601df23,0,0,0,1,1,0,0,0,0,0,1,0,0,1,0,0
d1ae258a9b5e0e1641bc65af,1,0,0,0,0,0,1,0,0,0,0,1,0,1,0,0
d1aeeca2d7281a48e68ae498,1,0,0,0,0,1,0,0,0,0,0,1,0,0,1,0
d1b29f8fb7b388a44907d874,0,0,0,1,1,0,0,0,0,0,1,0,0,1,0,0
d1b5cdc488c7ca64eab3453f,0,0,0,1,1,0,0,0,0,0,1,0,0,1,0,0
d1ba74718fbe0be77f30e03e,0,0,1,0,0,1,0,0,0,0,0,1,1,0,0,0
d1c253d27ac47c7d930b4f20,0,1,0,0,0,0,0,1,1,0,0,0,0,0,1,0
d1c2c95eb36193d231732e51,1,0,0,0,0,0,0,1,0,1,0,0,0,0,1,0
d1c3ca11c06722be7e524941,0,1,0,0,0,0,0,1,1,0,0,0,0,0,1,0
d1d53b9b7ad58828c67b650d,0,0,0,1,0,0,1,0,0,1,0,0,1,0,0,0
d1d83e27b930c9b76e874c89,1,0,0,0,0,0,0,1,0,0,1,0,0,1,0,0
d1dc31b46027b1f6788e15b0,1,0,0,0,0,1,0,0,0,0,0,1,0,0,1,0
d1e13b4fcfb3e21c541114f4,0,0,1,0,0,0,0,1,0,1,0,0,1,0,0,0
d1e21d4d2dd4c7c1485be121,1,0,0,0,0,1,0,0,0,0,0,1,0,0,1,0
d1f3b1e73bff471202ffd427,1,0,0,0,0,0,1,0,0,0,0,1,0,1,0,0
d1f45d53ca0153f4939cf186,1,0,0,0,0,1,0,0,0,0,1,0,0,0,0,1
d1fde783f7b72640c15de65e,0,0,1,0,0,0,0,1,1,0,0,0,0,1,0,0
d20589da7600365a42aab5b4,1,0,0,0,0,1,0,0,0,0,1,0,0,0,0,1
d206ea21e91439b21a011284,0,0,0,1,1,0,0,0,0,1,0,0,0,0,1,0
d20c3c37e1893d3783b4c611,0,1,0,0,1,0,0,0,0,0,0,1,0,0,1,0
d211366f032b208ac8cd674e,0,1,0,0,0,0,1,0,0,0,0,1,1,0,0,0
d216f1f526e93b66dd27d366,1,0,0,0,0,1,0,0,0,0,1,0,0,0,0,1
d22328d28c1d2b13865fb444,0,1,0,0,0,0,0,1,1,0,0,0,0,0,1,0
d24e363c0799c91303317f8d,1,0,0,0,0,0,1,0,0,1,0,0,0,0,0,1
d25a2347ad62e20f5050720c,0,1,0,0,1,0,0,0,0,0,1,0,0,0,0,1
d262cee70d3ff388f1cfdb51,1,0,0,0,0,0,1,0,0,0,0,1,0,1,0,0
d2983febed8112de24f1fe60,0,1,0,0,0,0,0,1,1,0,0,0,0,0,1,0
d29debbd6e3a7928d65e32b9,1,0,0,0,0,0,0,1,0,1,0,0,0,0,1,0
d2a559ff4982709b57d2f303,0,0,1,0,1,0,0,0,0,1,0,0,0,0,0,1
d2cddc84346d8e8280e51af2,0,1,0,0,0,0,1,0,1,0,0,0,0,0,0,1
d2d3eea0131821163a02fc82,0,1,0,0,0,0,0,1,0,0,1,0,1,0,0,0
d2d4683ebaed21f179a879c2,1,0,0,0,0,1,0,0,0,0,0,1,0,0,1,0
d2d5e0dcfde60402b45f3cde,1,0,0,0,0,1,0,0,0,0,1,0,0,0,0,1
d2dc2ac15efdb05262a08df3,0,0,1,0,1,0,0,0,0,0,0,1,0,1,0,0
d2e2cf31afa63eef38787efa,0,1,0,0,0,0,0,1,1,0,0,0,0,0,1,0
d2e5f4254697bca702238758,0,0,1,0,0,1,0,0,0,0,0,1,1,0,0,0
d2e65752cbd3c531e8cb3390,0,0,0,1,1,0,0,0,0,1,0,0,0,0,1,0
d2ec59231ec2bff3f1808b63,0,0,1,0,0,1,0,0,1,0,0,0,0,0,0,1
d2f117117bf7bb38e0d18ccd,0,1,0,0,0,0,1,0,1,0,0,0,0,0,0,1
d2f7615554cd48b1bc37a2c8,0,0,0,1,0,1,0,0,1,0,0,0,0,0,1,0
d303000db9764f4934e8cdad,0,0,0,1,0,1,0,0,1,0,0,0,0,0,1,0
d305798ee4b39661f0ef9b54,0,0,0,1,0,1,0,0,1,0,0,0,0,0,1,0
d307410b9437bfae0f41076a,1,0,0,0,0,1,0,0,0,0,0,1,0,0,1,0
d3145033727ccb6638421f56,1,0,0,0,0,0,1,0,0,0,0,1,0,1,0,0
d324451ad68baa5e8b29501b,0,0,0,1,0,1,0,0,0,0,1,0,1,0,0,0
d3296ce23965265ac4c2b545,0,0,0,1,0,1,0,0,1,0,0,0,0,0,1,0
d32bbe25ad5d960797a8bef6,0,1,0,0,0,0,0,1,1,0,0,0,0,0,1,0
d3351d96352e31a6df980079,0,1,0,0,0,0,0,1,1,0,0,0,0,0,1,0
d338c6141685b19ae1cdd19a,1,0,0,0,0,1,0,0,0,0,1,0,0,0,0,1
d33b45617b869b8c5c03d3e4,0,0,1,0,0,1,0,0,0,0,0,1,1,0,0,0
d341d276177e958ec353c637,1,0,0,0,0,1,0,0,0,0,1,0,0,0,0,1
d34427c37813f36753ccf12b,1,0,0,0,0,0,1,0,0,1,0,0,0,0,0,1
d34d5af270ec29e3ed884ef2,0,0,1,0,0,1,0,0,1,0,0,0,0,0,0,1
d35448589a8e9ffc31f936d5,0,1,0,0,1,0,0,0,0,0,0,1,0,0,1,0
d35a09aa3fa3a20601200387,0,0,0,1,0,1,0,0,0,0,1,0,1,0,0,0
d35b886c0e7284d706b5df08,0,1,0,0,0,0,1,0,1,0,0,0,0,0,0,1
d35dc3349c88d59ca0003caf,0,1,0,0,0,0,0,1,0,0,1,0,1,0,0,0
d36ba852cda94b98fa8251dd,0,1,0,0,0,0,1,0,0,0,0,1,1,0,0,0
d373d18565d72f83ec30dc88,0,0,0,1,0,1,0,0,0,0,1,0,1,0,0,0
d379d1ce3b91c7441ba69410,0,0,1,0,0,1,0,0,0,0,0,1,1,0,0,0
d38622f08805808f85dd9e83,0,0,0,1,0,0,1,0,0,1,0,0,1,0,0,0
d387e9a00105d6502879735d,1,0,0,0,0,1,0,0,0,0,1,0,0,0,0,1
d38a592fe0f7dc53ea2c970d,0,0,0,1,1,0,0,0,0,0,1,0,0,1,0,0
d38aba138a3511b608a7cacc,1,0,0,0,0,0,0,1,0,0,1,0,0,1,0,0
d38eb232a7a15f261804d6a5,0,1,0,0,1,0,0,0,0,0,1,0,0,0,0,1
d3a3e8e00c61ba9651491176,1,0,0,0,0,0,1,0,0,0,0,1,0,1,0,0
d3a5283f668bc52b8836bb51,0,0,1,0,0,1,0,0,0,0,0,1,1,0,0,0
d3a66d4bbf3a944d39ffde6e,1,0,0,0,0,0,0,1,0,0,1,0,0,1,0,0
d3ab01a62e8e1228fcc5da67,0,0,1,0,1,0,0,0,0,1,0,0,0,0,0,1
d3abe42d1f3e8ddde240ebe6,0,0,1,0,1,0,0,0,0,0,0,1,0,1,0,0
d3b4559e700ad11a29cfdfd3,0,0,0,1,0,1,0,0,1,0,0,0,0,0,1,0
d3b465726b3434e4a0f435bc,0,0,0,1,0,1,0,0,1,0,0,0,0,0,1,0
d3b9794a5027d9855318d7ee,1,0,0,0,0,1,0,0,0,0,0,1,0,0,1,0
d3becbb6b74fbabe635f9f24,0,0,1,0,0,0,0,1,0,1,0,0,1,0,0,0
d3c12ab95121c296dc5aafbb,1,0,0,0,0,1,0,0,0,0,1,0,0,0,0,1
d3d1ee9104e7b7b59939872c,0,1,0,0,0,0,0,1,0,0,1,0,1,0,0,0
d3d2b049da4cb5ca0647ac23,0,1,0,0,0,0,0,1,1,0,0,0,0,0,1,0
d3d9571e96c52c25ea2dcae3,0,1,0,0,0,0,1,0,0,0,0,1,1,0,0,0
d3e8d5078c73eae3259baee6,1,0,0,0,0,1,0,0,0,0,0,1,0,0,1,0
d3e9f8e737aa10650608345c,0,1,0,0,0,0,1,0,1,0,0,0,0,0,0,1
d3ef352a5b93ff25109b4c5e,0,0,0,1,0,0,1,0,1,0,0,0,0,1,0,0
d3f6e39483463121a08cfeb1,0,0,0,1,0,1,0,0,0,0,1,0,1,0,0,0
d3fd0139a2e2343a9e839397,1,0,0,0,0,0,0,1,0,1,0,0,0,0,1,0
d403d420e08a2ae70fe5bceb,1,0,0,0,0,0,0,1,0,1,0,0,0,0,1,0
d40fdddf5e91a2362c879c24,0,1,0,0,1,0,0,0,0,0,0,1,0,0,1,0
d41b1b2eeb4da94dd45d782d,0,1,0,0,0,0,0,1,0,0,1,0,1,0,0,0
d41fea305711d6b910e93a87,0,1,0,0,0,0,0,1,1,0,0,0,0,0,1,0
d4260697d50809fd41957306,1,0,0,0,0,1,0,0,0,0,1,0,0,0,0,1
d42867924c0e63aebe98475a,1,0,0,0,0,0,1,0,0,0,0,1,0,1,0,0
d42a44388a7f303c96bf2e9e,0,0,1,0,1,0,0,0,0,0,0,1,0,1,0,0
d42f355e0016195b775635b8,0,0,0,1,1,0,0,0,0,0,1,0,0,1,0,0
d437c9fa2fccc450614cad64,0,1,0,0,0,0,1,0,0,0,0,1,1,0,0,0
d44218df341edd8e9642579d,0,0,1,0,0,0,0,1,0,1,0,0,1,0,0,0
d44e26f5f074d3ab55c4f447,0,1,0,0,0,0,0,1,1,0,0,0,0,0,1,0
d451abb842567900ef1f3145,0,0,1,0,0,1,0,0,0,0,0,1,1,0,0,0
d45683e8af2090425f9c522d,0,0,0,1,0,0,1,0,0,1,0,0,1,0,0,0
d458b8622ff169e55328f1f8,0,0,1,0,0,1,0,0,1,0,0,0,0,0,0,1
d45c866949bcbcacae8ddddb,0,0,1,0,0,1,0,0,1,0,0,0,0,0,0,1
d477658bb6c1812e8cad3130,1,0,0,0,0,0,0,1,0,0,1,0,0,1,0,0
d47dcca73aeeed2558d537b5,0,1,0,0,0,0,1,0,1,0,0,0,0,0,0,1
d480b472d977e925be4bdbe8,0,1,0,0,1,0,0,0,0,0,1,0,0,0,0,1
d48270adc857fec6cbd4f082,0,1,0,0,0,0,1,0,1,0,0,0,0,0,0,1
d487d90d9d74fa940bed1905,1,0,0,0,0,1,0,0,0,0,0,1,0,0,1,0
d49115fa3d775572775e4e9c,0,1,0,0,1,0,0,0,0,0,0,1,0,0,1,0
d493efbf1c87a97033218477,0,0,0,1,1,0,0,0,0,0,1,0,0,1,0,0
d49c6c2ef6d58c688cbd4186,0,0,1,0,0,0,0,1,1,0,0,0,0,1,0,0
d4a7ab7cd32006bed2248daa,1,0,0,0,0,1,0,0,0,0,0,1,0,0,1,0
d4aa2f1866efa21bc0f973a7,0,1,0,0,0,0,0,1,0,0,1,0,1,0,0,0
d4aa8f77afe91851b097e9a9,1,0,0,0,0,0,1,0,0,0,0,1,0,1,0,0
d4b6c7ac3ee812c72478f30e,1,0,0,0,0,1,0,0,0,0,1,0,0,0,0,1
d4b6c819d5a8fa72e92a0a6c,1,0,0,0,0,0,0,1,0,0,1,0,0,1,0,0
d4bfac381748d730f7deb423,0,1,0,0,1,0,0,0,0,0,0,1,0,0,1,0
d4c256bdb6f5138e7ddf54b3,0,0,0,1,1,0,0,0,0,1,0,0,0,0,1,0
d4cb9a7c4c84ea0bd0030c49,0,0,0,1,0,0,1,0,1,0,0,0,0,1,0,0
d4d6d35c9147aa4462c5b521,0,0,1,0,0,0,0,1,1,0,0,0,0,1,0,0
d4dfa388fb706095a765c0d6,0,1,0,0,0,0,1,0,0,0,0,1,1,0,0,0
d4e1bfcfe8486ded5a71e498,1,0,0,0,0,0,0,1,0,1,0,0,0,0,1,0
d4e7822d20ea76a807820a05,0,1,0,0,1,0,0,0,0,0,1,0,0,0,0,1
d4f7dae92c955ac37f843c70,0,0,1,0,0,0,0,1,1,0,0,0,0,1,0,0
d5006bf9d89997db84a3b746,0,0,0,1,0,0,1,0,1,0,0,0,0,1,0,0
d50325a9639cc6d1504ab2e1,1,0,0,0,0,1,0,0,0,0,0,1,0,0,1,0
d50e2d0ec71d5e625d9fde94,0,0,1,0,1,0,0,0,0,1,0,0,0,0,0,1
d512a6dbfc35a97374e2da0b,0,0,0,1,0,1,0,0,0,0,1,0,1,0,0,0
d5190089ce3d1ced787db198,0,0,0,1,0,0,1,0,0,1,0,0,1,0,0,0
d51c2421dd2a88e3439c1b42,0,0,1,0,0,1,0,0,1,0,0,0,0,0,0,1
d521ebbbb53f3856a0418025,1,0,0,0,0,1,0,0,0,0,1,0,0,0,0,1
d525ad328e1afc78154785b1,0,1,0,0,1,0,0,0,0,0,1,0,0,0,0,1
d528f7219b95a206fb5c6906,0,0,1,0,0,1,0,0,0,0,0,1,1,0,0,0
d531b085b23d385dc4faf8ea,0,0,0,1,1,0,0,0,0,1,0,0,0,0,1,0
d53355f52ec0d50a6be3ce30,0,0,1,0,0,1,0,0,0,0,0,1,1,0,0,0
d535551dc022f8110d5573ad,0,0,1,0,0,0,0,1,0,1,0,0,1,0,0,0
d53a39adae7bf9ecb93e5acc,0,0,1,0,1,0,0,0,0,0,0,1,0,1,0,0
d542242a037233d919a4d0b1,0,0,1,0,0,1,0,0,0,0,0,1,1,0,0,0
d54a6b5f63a3198430ab813d,0,1,0,0,0,0,1,0,1,0,0,0,0,0,0,1
d54e104e10f4a9d2c3e1e34a,0,0,0,1,0,0,1,0,1,0,0,0,0,1,0,0
d555298dc05882b6f6439091,0,1,0,0,0,0,0,1,1,0,0,0,0,0,1,0
d5610040bcdae308bc0d0a82,0,0,0,1,0,0,1,0,0,1,0,0,1,0,0,0
d56349600d8e20e2d2ac63c4,0,0,0,1,0,0,1,0,0,1,0,0,1,0,0,0
d56f0aaf109c517e8a6173b5,0,1,0,0,1,0,0,0,0,0,1,0,0,0,0,1
d57195d8739538edeab52391,0,0,0,1,1,0,0,0,0,1,0,0,0,0,1,0
d574e3d36e2772b4d9e489b2,0,0,0,1,1,0,0,0,0,1,0,0,0,0,1,0
d585cc8857c485ddea641888,0,0,0,1,0,1,0,0,1,0,0,0,0,0,1,0
d58f45aef2002c0a401d63ac,0,1,0,0,1,0,0,0,0,0,1,0,0,0,0,1
d59383e01a63e0749b577333,1,0,0,0,0,1,0,0,0,0,1,0,0,0,0,1
d59c6532cd63de32506d092a,0,1,0,0,0,0,0,1,0,0,1,0,1,0,0,0
d5a70a6786396414e72c62fc,0,0,0,1,1,0,0,0,0,0,1,0,0,1,0,0
d5b1b48168e4ce47b13112f7,1,0,0,0,0,0,0,1,0,1,0,0,0,0,1,0
d5b5b643f713ab56062fc884,0,0,0,1,1,0,0,0,0,0,1,0,0,1,0,0
d5baf0340fca97eb7c715b9d,0,1,0,0,1,0,0,0,0,0,0,1,0,0,1,0
d5bc273107040ae93c06fa62,0,1,0,0,0,0,1,0,0,0,0,1,1,0,0,0
d5c72fc14b1376ebf64517c6,0,0,1,0,0,0,0,1,0,1,0,0,1,0,0,0
d5cab0111e99dd7955a82202,0,1,0,0,0,0,1,0,1,0,0,0,0,0,0,1
d5d66d97f8e6f8ca7942a512,0,0,1,0,1,0,0,0,0,0,0,1,0,1,0,0
d5dbe6f2f4326dcfe08afe2d,0,1,0,0,0,0,0,1,1,0,0,0,0,0,1,0
d5e27b7153e4f3baad6ea895,1,0,0,0,0,0,1,0,0,0,0,1,0,1,0,0
d5e9884e25cff615b99e1cdc,0,0,0,1,1,0,0,0,0,0,1,0,0,1,0,0
d5f8d0817254f5beadc8c0e2,0,0,1,0,0,1,0,0,1,0,0,0,0,0,0,1
d5fcc1d0f2fdcbd30f4cf234,1,0,0,0,0,0,0,1,0,1,0,0,0,0,1,0
d5fe7a224ee4f084a4d254de,0,0,0,1,0,1,0,0,0,0,1,0,1,0,0,0
d6006b3b237c852ef6bc47d3,0,1,0,0,0,0,1,0,0,0,0,1,1,0,0,0
d600bfb9eebe606d56c75725,0,0,1,0,0,0,0,1,1,0,0,0,0,1,0,0
d60707750f717821b9d2ce5d,1,0,0,0,0,0,1,0,0,1,0,0,0,0,0,1
d60b036b38c055c7a0338c86,0,0,0,1,1,0,0,0,0,0,1,0,0,1,0,0
d614e2a5b09dff651f9c407a,0,0,1,0,1,0,0,0,0,1,0,0,0,0,0,1
d6155c50248b13d0a27f66a6,0,0,0,1,0,1,0,0,1,0,0,0,0,0,1,0
d6165d681e49be760b58ca5c,0,1,0,0,1,0,0,0,0,0,0,1,0,0,1,0
d61a6bbfd992c13b0f07b524,1,0,0,0,0,1,0,0,0,0,1,0,0,0,0,1
d61e99c67aec523ad576871d,0,0,1,0,1,0,0,0,0,0,0,1,0,1,0,0
d62bddb64e9f0b22abacbc6a,0,1,0,0,0,0,1,0,0,0,0,1,1,0,0,0
d62fde5b322517d53ef3134d,0,1,0,0,0,0,0,1,0,0,1,0,1,0,0,0
d6307c574773b941d1958cbf,0,1,0,0,0,0,0,1,1,0,0,0,0,0,1,0
d63b084a27ce6ca15083effb,1,0,0,0,0,0,0,1,0,0,1,0,0,1,0,0
d64405ecf088848ab0322653,0,0,0,1,0,0,1,0,1,0,0,0,0,1,0,0
d64c2495fe1d3b2636b390a5,1,0,0,0,0,1,0,0,0,0,0,1,0,0,1,0
d6585f8cf649b756be85ac16,0,0,0,1,1,0,0,0,0,0,1,0,0,1,0,0
d658aa02945f770293012311,0,0,0,1,1,0,0,0,0,0,1,0,0,1,0,0
d66c9a2d848c033da368808c,0,1,0,0,0,0,0,1,1,0,0,0,0,0,1,0
d671315aa80ff4ff960741a6,1,0,0,0,0,0,0,1,0,0,1,0,0,1,0,0
d676d6c5796af0ea7f12960d,1,0,0,0,0,0,1,0,0,0,0,1,0,1,0,0
d6780f38096f19a77af3576e,1,0,0,0,0,0,1,0,0,1,0,0,0,0,0,1
d67cde153bfcb826fb6c7015,0,0,1,0,0,0,0,1,0,1,0,0,1,0,0,0
d687003547fac3e3592049da,1,0,0,0,0,0,1,0,0,1,0,0,0,0,0,1
d689c97a0f530d35446a4b89,0,0,0,1,1,0,0,0,0,0,1,0,0,1,0,0
d6925f68954c156e797161a5,1,0,0,0,0,0,0,1,0,1,0,0,0,0,1,0
d692d6872161f1aa0b200620,0,0,0,1,0,1,0,0,0,0,1,0,1,0,0,0
d6943c33f524e45cd3e28a9d,1,0,0,0,0,1,0,0,0,0,1,0,0,0,0,1
d69a9e8723337a1720e66843,0,1,0,0,1,0,0,0,0,0,0,1,0,0,1,0
d69f1dc1256d0069cafc8085,0,0,1,0,0,1,0,0,1,0,0,0,0,0,0,1
d6a0adb52ea2754f34ebd493,1,0,0,0,0,0,1,0,0,0,0,1,0,1,0,0
d6aa3119431ac62430f336e0,0,0,0,1,0,1,0,0,1,0,0,0,0,0,1,0
d6ac0aaaff3e9925fedb9a8b,0,0,1,0,0,1,0,0,0,0,0,1,1,0,0,0
d6ac191b539803c5ad149813,0,1,0,0,1,0,0,0,0,0,0,1,0,0,1,0
d6acb9157155872683d617f6,0,0,0,1,1,0,0,0,0,1,0,0,0,0,1,0
d6b37a693f4d43811bbc4325,0,1,0,0,1,0,0,0,0,0,0,1,0,0,1,0
d6b8510034ad6336577905c6,0,1,0,0,0,0,0,1,1,0,0,0,0,0,1,0
d6b87c021356117dfcfcbccf,0,0,1,0,0,0,0,1,0,1,0,0,1,0,0,0
d6c705872c2049519000bed7,0,0,0,1,0,0,1,0,0,1,0,0,1,0,0,0
d6cd5a1d60c77b8702f1f97b,0,0,1,0,0,0,0,1,0,1,0,0,1,0,0,0
d6d492db333f8d53303f1f79,0,0,1,0,1,0,0,0,0,1,0,0,0,0,0,1
d6deaabde1eb2b55742e3e0e,1,0,0,0,0,0,0,1,0,1,0,0,0,0,1,0
d6e05b331f949a6579732a16,0,1,0,0,1,0,0,0,0,0,1,0,0,0,0,1
d6e5314bae84162b11f6c4d0,0,0,0,1,1,0,0,0,0,1,0,0,0,0,1,0
d6e54b1a79b2a6ca02c623b4,0,0,1,0,0,1,0,0,1,0,0,0,0,0,0,1
d6e7e245055e3cff7456876d,1,0,0,0,0,0,0,1,0,0,1,0,0,1,0,0
d6f827983344d731fc2ac041,0,0,0,1,0,0,1,0,1,0,0,0,0,1,0,0
d6ff9dc17a7b449237d1a71e,0,1,0,0,0,0,1,0,0,0,0,1,1,0,0,0
d702e4cdb3ac9088ea81351f,0,1,0,0,1,0,0,0,0,0,1,0,0,0,0,1
d707182ae1205fc5dfe43dff,1,0,0,0,0,0,1,0,0,1,0,0,0,0,0,1
d70a0dcfdef750edbfe02b36,0,0,0,1,0,0,1,0,0,1,0,0,1,0,0,0
d70b76c5d1af7fbc00d028f4,0,0,0,1,0,1,0,0,1,0,0,0,0,0,1,0
d726db878ff4a57deb29ff82,0,1,0,0,0,0,0,1,0,0,1,0,1,0,0,0
d72b038d1e0efc528206fa84,1,0,0,0,0,0,0,1,0,0,1,0,0,1,0,0
d72d70cf478ef26667b52279,0,0,1,0,1,0,0,0,0,1,0,0,0,0,0,1
d74093434c56f2f702aedd83,0,0,1,0,0,1,0,0,0,0,0,1,1,0,0,0
d7428124010549888e0ef108,0,0,1,0,0,0,0,1,1,0,0,0,0,1,0,0
d748e4944efca8ad1599fff0,0,0,0,1,0,1,0,0,1,0,0,0,0,0,1,0
d74fbcfa676932c972b3cd8c,0,1,0,0,1,0,0,0,0,0,0,1,0,0,1,0
d7543c92da363045e1044e49,1,0,0,0,0,0,1,0,0,1,0,0,0,0,0,1
d75f11a6bae90afff652c630,0,1,0,0,1,0,0,0,0,0,0,1,0,0,1,0
d75fba492026e0c59129329d,0,0,0,1,1,0,0,0,0,1,0,0,0,0,1,0
d760ef523e0b80881165e257,0,0,1,0,1,0,0,0,0,1,0,0,0,0,0,1
d761d4ed59a0d08e40117280,0,0,1,0,1,0,0,0,0,0,0,1,0,1,0,0
d76e55f4d3d4125171b2896d,0,0,0,1,1,0,0,0,0,0,1,0,0,1,0,0
d776cfcb308c5d65b2ac26d7,0,0,1,0,1,0,0,0,0,1,0,0,0,0,0,1
d779aad59c13ee7753136fdc,0,1,0,0,0,0,0,1,0,0,1,0,1,0,0,0
d7850bf2a20a34c9639576d8,0,1,0,0,0,0,1,0,1,0,0,0,0,0,0,1
d7851a74149e40ba60c739ca,1,0,0,0,0,0,1,0,0,1,0,0,0,0,0,1
d795f2f7a34d34e001aaf28d,0,1,0,0,0,0,1,0,0,0,0,1,1,0,0,0
d79a79266f7b93a98fe96d4d,0,0,0,1,1,0,0,0,0,1,0,0,0,0,1,0
d79d59b454835873d39e274b,0,0,0,1,0,0,1,0,0,1,0,0,1,0,0,0
d7aa4e9370d73b1e6a478e3c,1,0,0,0,0,1,0,0,0,0,1,0,0,0,0,1
d7ac0ca1f00167204f39afdf,0,0,1,0,0,0,0,1,0,1,0,0,1,0,0,0
d7ae0bc71adc611417c1f6d3,0,0,1,0,0,0,0,1,1,0,0,0,0,1,0,0
d7bf70592201da31ecd5cf7c,0,0,0,1,0,0,1,0,1,0,0,0,0,1,0,0
d7c5fe3fb80ac0617491ee6e,1,0,0,0,0,1,0,0,0,0,1,0,0,0,0,1
d7cde2db87b59a0a6090022f,0,0,0,1,0,1,0,0,0,0,1,0,1,0,0,0
d7d450521db2dfa7842f7aa8,0,0,0,1,0,1,0,0,1,0,0,0,0,0,1,0
d7d50e4568a1322ef0c9450b,0,0,0,1,0,1,0,0,1,0,0,0,0,0,1,0
d7d60a76a039825732dbc36f,1,0,0,0,0,0,1,0,0,1,0,0,0,0,0,1
d7e139bf0e38a4697e3f679e,0,1,0,0,1,0,0,0,0,0,1,0,0,0,0,1
d7e20dc9aeda5d25e7f15927,0,0,1,0,0,0,0,1,1,0,0,0,0,1,0,0
d7e29372db1bf8307efb8b9b,0,1,0,0,0,0,1,0,0,0,0,1,1,0,0,0
d7e63dd27544e7483d9d856a,1,0,0,0,0,0,1,0,0,0,0,1,0,1,0,0
d7f14fae9897418ef70c8e90,0,0,0,1,0,1,0,0,0,0,1,0,1,0,0,0
d7f299d55ade9b5726e4af0b,0,0,1,0,0,1,0,0,1,0,0,0,0,0,0,1
d7f56d5bd45cb0a2a0a4615b,0,0,0,1,0,0,1,0,0,1,0,0,1,0,0,0
d7f70fbd3b243c9848e06681,0,1,0,0,0,0,1,0,0,0,0,1,1,0,0,0
d7f86b3322aaaab9f67872cc,0,0,0,1,0,1,0,0,0,0,1,0,1,0,0,0
d80177457caf061b0eb4e335,0,1,0,0,0,0,1,0,1,0,0,0,0,0,0,1
d804ee8c5d2be68d9b36e770,0,0,1,0,0,0,0,1,0,1,0,0,1,0,0,0
d817d6c2c0266623abe5400b,0,1,0,0,1,0,0,0,0,0,0,1,0,0,1,0
d81bb5377a4a650ff0ebd312,0,1,0,0,1,0,0,0,0,0,1,0,0,0,0,1
d820a1817045b0d3a49dd46d,1,0,0,0,0,0,0,1,0,1,0,0,0,0,1,0
d823cbd267b7d9e9146c5e58,0,0,0,1,0,0,1,0,0,1,0,0,1,0,0,0
d8270f3aab94af33790bcb7c,1,0,0,0,0,0,0,1,0,0,1,0,0,1,0,0
d82c9c22ec0a2b6c1ce89c64,1,0,0,0,0,0,0,1,0,0,1,0,0,1,0,0
d83a54d16392e42af887d9ab,1,0,0,0,0,0,0,1,0,1,0,0,0,0,1,0
d83b944823396a0e284fda6f,0,0,0,1,0,0,1,0,0,1,0,0,1,0,0,0
d83d1565066a08962c4437c2,0,0,1,0,1,0,0,0,0,1,0,0,0,0,0,1
d8405c2e4cfa7a6a80b6a8a2,1,0,0,0,0,0,0,1,0,1,0,0,0,0,1,0
d84128ae2adefbb86814f08a,0,0,0,1,0,1,0,0,1,0,0,0,0,0,1,0
d844259fe0122e3698516f96,0,0,0,1,0,1,0,0,0,0,1,0,1,0,0,0
d8597405aee8cd524dd76e3c,0,0,1,0,0,0,0,1,0,1,0,0,1,0,0,0
d85a74bb8e3f4dc7183d4f53,0,0,0,1,0,0,1,0,0,1,0,0,1,0,0,0
d85e1fd7139b3c89fcc838dd,0,0,0,1,0,0,1,0,0,1,0,0,1,0,0,0
d8644f2c8d61d62e1e2bf72d,1,0,0,0,0,0,1,0,0,1,0,0,0,0,0,1
d869fa7a150bf83f0b07d399,1,0,0,0,0,1,0,0,0,0,0,1,0,0,1,0
d874bf9a592449b5714178a5,0,1,0,0,0,0,0,1,1,0,0,0,0,0,1,0
d88be691addd2a9434b91a0b,0,0,0,1,0,1,0,0,0,0,1,0,1,0,0,0
d891866c23d2cbced41d89a2,0,1,0,0,0,0,0,1,0,0,1,0,1,0,0,0
d89bf18df98ae2237a401c2a,0,0,1,0,0,0,0,1,1,0,0,0,0,1,0,0
d8c47798aafe9d4bd0f9c380,0,1,0,0,0,0,0,1,1,0,0,0,0,0,1,0
d8c677e22da8910d5fe8bcba,0,0,0,1,0,0,1,0,1,0,0,0,0,1,0,0
d8d426421b02a54f98644022,1,0,0,0,0,0,0,1,0,1,0,0,0,0,1,0
d8db854af5564b1ea1045f04,0,1,0,0,1,0,0,0,0,0,0,1,0,0,1,0
d8df424fbf4b1dcc68041f1c,0,1,0,0,0,0,0,1,0,0,1,0,1,0,0,0
d8e387db64bc2ee8cd6f1769,0,1,0,0,0,0,1,0,1,0,0,0,0,0,0,1
d8ea444561668575e73c551a,1,0,0,0,0,0,1,0,0,1,0,0,0,0,0,1
d8f680daf9db20beb9e57037,0,1,0,0,0,0,1,0,1,0,0,0,0,0,0,1
d8fa8a57f32ee0257ad21613,1,0,0,0,0,0,1,0,0,0,0,1,0,1,0,0
d902cff5faad5a697119985b,1,0,0,0,0,0,1,0,0,1,0,0,0,0,0,1
d902f85a93b9a63594c06122,0,0,1,0,0,0,0,1,0,1,0,0,1,0,0,0
d9059ef2f85fc527b3ab5061,1,0,0,0,0,0,0,1,0,1,0,0,0,0,1,0
d90ccf0825838009a119bc4f,0,0,1,0,0,1,0,0,0,0,0,1,1,0,0,0
d919404d45b62dc66ef47c31,0,1,0,0,0,0,0,1,0,0,1,0,1,0,0,0
d92cb8c7e7744e7aa05c1935,0,0,1,0,1,0,0,0,0,0,0,1,0,1,0,0
d93c75167fd4371ff17e2b51,1,0,0,0,0,1,0,0,0,0,0,1,0,0,1,0
d9400cdc0a58df322301ed7a,0,0,1,0,1,0,0,0,0,1,0,0,0,0,0,1
d9480bda80db3421353fda39,0,1,0,0,0,0,0,1,1,0,0,0,0,0,1,0
d94b86736178c7063fa93985,0,1,0,0,1,0,0,0,0,0,1,0,0,0,0,1
d95b1f06af66b9b782b83891,1,0,0,0,0,0,0,1,0,0,1,0,0,1,0,0
d95c703f63d2ad1a653b2eb8,0,0,0,1,1,0,0,0,0,0,1,0,0,1,0,0
d96efb0c4c5f79b4dc587271,1,0,0,0,0,0,0,1,0,1,0,0,0,0,1,0
d972be2ed23fad43d7c6468f,1,0,0,0,0,0,1,0,0,0,0,1,0,1,0,0
d974e7c28cec8ec51157f971,0,1,0,0,0,0,1,0,1,0,0,0,0,0,0,1
d9765ceba395f76eeff9b5e0,0,0,0,1,0,1,0,0,0,0,1,0,1,0,0,0
d98035d4c3c179908a93f510,0,0,0,1,0,1,0,0,0,0,1,0,1,0,0,0
d9897283b59af8fa8b17d15a,0,1,0,0,0,0,0,1,1,0,0,0,0,0,1,0
d99a2b408c7d1185d85e6448,0,0,0,1,0,0,1,0,0,1,0,0,1,0,0,0
d99c25698a9f420d18437c13,0,1,0,0,0,0,0,1,1,0,0,0,0,0,1,0
d99c6ad1fd6c8f3dd1f8df91,0,0,0,1,0,1,0,0,0,0,1,0,1,0,0,0
d9a17151060defd5a68a9f48,0,1,0,0,0,0,1,0,0,0,0,1,1,0,0,0
d9a1c49025ba31f0302651c0,0,0,0,1,1,0,0,0,0,1,0,0,0,0,1,0
d9a222111a5e175166f49830,0,1,0,0,0,0,1,0,1,0,0,0,0,0,0,1
d9b226ea1235e615912bc080,0,0,0,1,0,1,0,0,1,0,0,0,0,0,1,0
d9b6c9d4e70e1b207396122c,1,0,0,0,0,0,1,0,0,0,0,1,0,1,0,0
d9c01cece3b32084d0692748,0,1,0,0,0,0,0,1,0,0,1,0,1,0,0,0
d9d38d5b9320d352b94354c9,0,0,0,1,0,1,0,0,0,0,1,0,1,0,0,0
d9dd7b352ef9561e5539c4d8,0,0,1,0,1,0,0,0,0,1,0,0,0,0,0,1
d9e2f4e0d9a0cf59ae84b171,0,1,0,0,0,0,0,1,0,0,1,0,1,0,0,0
da006757713544109449b06a,0,0,1,0,1,0,0,0,0,1,0,0,0,0,0,1
da04eac72dcdec077b8440bd,0,1,0,0,0,0,0,1,1,0,0,0,0,0,1,0
da05836494e058040bc412b1,0,0,0,1,0,1,0,0,0,0,1,0,1,0,0,0
da0a5f97708372a6c4c86ced,0,0,1,0,1,0,0,0,0,0,0,1,0,1,0,0
da0bae743c9f4f3f4ffa579f,0,1,0,0,0,0,1,0,1,0,0,0,0,0,0,1
da14666cd3e927b7dbefef50,1,0,0,0,0,0,1,0,0,1,0,0,0,0,0,1
da2b3c9fc01a6e79985a67d7,1,0,0,0,0,1,0,0,0,0,0,1,0,0,1,0
da3245802cfe408ac94df477,0,1,0,0,0,0,1,0,1,0,0,0,0,0,0,1
da327c3a2e36ed67cc024991,0,0,0,1,0,0,1,0,0,1,0,0,1,0,0,0
da349d38516e0c1a91cdc510,0,0,0,1,0,1,0,0,0,0,1,0,1,0,0,0
da4f34551520807cedf0850e,1,0,0,0,0,0,0,1,0,0,1,0,0,1,0,0
da533b15d663b7596a58402b,1,0,0,0,0,1,0,0,0,0,0,1,0,0,1,0
da5898fada706ad672817ba5,1,0,0,0,0,0,1,0,0,0,0,1,0,1,0,0
da666b9516e0d5ca55114aec,0,0,0,1,0,1,0,0,0,0,1,0,1,0,0,0
da66bc6dd4e81daab44d108f,0,0,1,0,0,0,0,1,1,0,0,0,0,1,0,0
da66d5004c4f9d1af03af189,0,0,0,1,1,0,0,0,0,0,1,0,0,1,0,0
da6b83c027199528586e455e,0,0,1,0,0,0,0,1,1,0,0,0,0,1,0,0
da6f072ed25587075a3bb8e2,0,0,0,1,1,0,0,0,0,0,1,0,0,1,0,0
da71adf6d46811a8028e96ba,0,0,1,0,0,1,0,0,1,0,0,0,0,0,0,1
da721926304f26fb2db8e200,0,0,1,0,0,0,0,1,1,0,0,0,0,1,0,0
da87504b38b08a2a9655c45c,0,0,1,0,1,0,0,0,0,0,0,1,0,1,0,0
da8c7144955cdb3c14912dcd,0,1,0,0,1,0,0,0,0,0,0,1,0,0,1,0
da9d7ba8bf0af7a2d6b86487,0,0,0,1,1,0,0,0,0,0,1,0,0,1,0,0
daa3d35de2a0029853774579,0,0,1,0,0,0,0,1,1,0,0,0,0,1,0,0
daa5d1327a45d502915fc368,0,0,0,1,0,1,0,0,1,0,0,0,0,0,1,0
daabc9ca0c3a3ea1567f6481,1,0,0,0,0,1,0,0,0,0,1,0,0,0,0,1
daaf575cbb55ce9fce0d9d56,0,1,0,0,0,0,1,0,1,0,0,0,0,0,0,1
dab81bd225a6279fd1c2502f,0,1,0,0,1,0,0,0,0,0,1,0,0,0,0,1
dabf6f6f2eb665cd955219b0,0,1,0,0,1,0,0,0,0,0,1,0,0,0,0,1
dac7e414573b3b532074e9f1,0,0,1,0,0,0,0,1,0,1,0,0,1,0,0,0
dad20df8dd01a6e68fe5ae18,0,0,1,0,0,0,0,1,1,0,0,0,0,1,0,0
dad2cbfe6f97155d483d1720,0,1,0,0,1,0,0,0,0,0,0,1,0,0,1,0
dad82fe1d7b3a0939978bbf1,0,1,0,0,0,0,0,1,1,0,0,0,0,0,1,0
dada57fe7ce488e085394c7c,0,1,0,0,0,0,0,1,1,0,0,0,0,0,1,0
dada99c6e566bcc34a882d48,0,0,0,1,0,1,0,0,1,0,0,0,0,0,1,0
dadad0a5e1dfb6b06bc535dc,0,0,1,0,0,0,0,1,1,0,0,0,0,1,0,0
dadb7290faab43cec886261c,0,0,0,1,0,0,1,0,0,1,0,0,1,0,0,0
dae379ec119c3d4d6cc7337e,0,0,1,0,0,0,0,1,0,1,0,0,1,0,0,0
dae37f696a30ac20068a6cd7,0,0,0,1,1,0,0,0,0,1,0,0,0,0,1,0
daebd83e36b9cc36f2109e04,0,1,0,0,0,0,1,0,1,0,0,0,0,0,0,1
db0bcf8217674175a2897ca4,0,0,1,0,0,1,0,0,0,0,0,1,1,0,0,0
db0d841e2697d4d03af93683,0,1,0,0,0,0,0,1,0,0,1,0,1,0,0,0
db114ccc38f6aa47a38c1778,0,0,0,1,1,0,0,0,0,0,1,0,0,1,0,0
db11fb595d6d31c34cb7c94d,0,0,0,1,0,1,0,0,1,0,0,0,0,0,1,0
db132a43c2d5fe920f093486,0,0,0,1,1,0,0,0,0,1,0,0,0,0,1,0
db14cdcd1c4e5480caf49c58,0,1,0,0,0,0,1,0,0,0,0,1,1,0,0,0
db20f9c0d017e7560cb00682,1,0,0,0,0,1,0,0,0,0,1,0,0,0,0,1
db276a649a55b45ddb513a9e,0,1,0,0,0,0,1,0,0,0,0,1,1,0,0,0
db2afba810a0a904f28c3860,0,0,0,1,0,1,0,0,0,0,1,0,1,0,0,0
db2b289aa4247e7428151b36,0,1,0,0,0,0,1,0,1,0,0,0,0,0,0,1
db32eb752cf537bdd25767dc,0,1,0,0,0,0,1,0,0,0,0,1,1,0,0,0
db343d6a5fefb1c1293d1bc1,0,0,1,0,1,0,0,0,0,1,0,0,0,0,0,1
db42be720a24a58e889ef6b5,0,0,0,1,0,1,0,0,1,0,0,0,0,0,1,0
db48227e1ef4871a22b7d09a,1,0,0,0,0,1,0,0,0,0,1,0,0,0,0,1
db486b243788efee8d26acd3,0,1,0,0,0,0,1,0,1,0,0,0,0,0,0,1
db488520da9a61bab064e7e6,1,0,0,0,0,1,0,0,0,0,0,1,0,0,1,0
db561a4e069e1abdc001ae7c,0,1,0,0,0,0,1,0,0,0,0,1,1,0,0,0
db5c0a335b60eadfb3360876,1,0,0,0,0,0,1,0,0,1,0,0,0,0,0,1
db63166953b2925f83cbb680,1,0,0,0,0,1,0,0,0,0,0,1,0,0,1,0
db64be283cdad4d764a6a008,0,0,1,0,0,1,0,0,0,0,0,1,1,0,0,0
db762c9569c5b1b02e6d3929,0,1,0,0,0,0,0,1,0,0,1,0,1,0,0,0
db780b0755b7bfcd3a2e75e5,0,0,1,0,1,0,0,0,0,1,0,0,0,0,0,1
db7b0e9928640d91766c3e36,0,0,1,0,0,0,0,1,0,1,0,0,1,0,0,0
db8523ae110221b07c4a55b9,0,1,0,0,0,0,1,0,1,0,0,0,0,0,0,1
db8b275344d1039997382964,0,1,0,0,1,0,0,0,0,0,1,0,0,0,0,1
db90047badec417b4dcec745,0,0,0,1,1,0,0,0,0,0,1,0,0,1,0,0
dba122f83547175166985487,0,0,1,0,1,0,0,0,0,0,0,1,0,1,0,0
dba1ea39013839fb0a2d576f,1,0,0,0,0,0,0,1,0,0,1,0,0,1,0,0
dbaa07b6b3ce3e60b0ce053e,0,1,0,0,0,0,1,0,1,0,0,0,0,0,0,1
dbb10a1bd82baaccbe58339a,0,1,0,0,1,0,0,0,0,0,1,0,0,0,0,1
dbb1c4d9442cf6b9c9424c53,0,1,0,0,1,0,0,0,0,0,1,0,0,0,0,1
dbb4488723251c0efc98c86b,0,0,1,0,1,0,0,0,0,0,0,1,0,1,0,0
dbb4c3d633ea07121634c5ee,0,0,0,1,0,1,0,0,0,0,1,0,1,0,0,0
dbb6fa8881f2e0a857d482b2,0,0,0,1,0,1,0,0,1,0,0,0,0,0,1,0
dbb88fe30dff8f3f38946b00,0,0,0,1,0,0,1,0,1,0,0,0,0,1,0,0
dbbc89318aac3836d1def829,1,0,0,0,0,0,1,0,0,0,0,1,0,1,0,0
dbbf553e98848ba2cdbf3755,0,0,0,1,0,0,1,0,1,0,0,0,0,1,0,0
dbbfe2f025194f747b7b2fbc,1,0,0,0,0,0,0,1,0,0,1,0,0,1,0,0
dbc0a3c8bbfb524e664c5ad2,0,0,1,0,0,0,0,1,1,0,0,0,0,1,0,0
dbc7b5c9da0cc593cbf9e6a5,1,0,0,0,0,1,0,0,0,0,0,1,0,0,1,0
dbca51fd0cede94670af92fc,0,0,1,0,0,0,0,1,1,0,0,0,0,1,0,0
dbdaaa753d70143d619f5074,0,0,0,1,0,1,0,0,0,0,1,0,1,0,0,0
dbdc80b00bbe6c8f6b20c614,0,0,1,0,0,0,0,1,1,0,0,0,0,1,0,0
dbe0ee3d7f03b97c5717514f,0,0,1,0,1,0,0,0,0,1,0,0,0,0,0,1
dbe4de39627847f181653a48,0,1,0,0,0,0,0,1,1,0,0,0,0,0,1,0
dbe6f743d325c87995445150,0,1,0,0,0,0,0,1,0,0,1,0,1,0,0,0
dbf3f0a46cc944eef2b8db4c,0,0,0,1,1,0,0,0,0,0,1,0,0,1,0,0
dc010f73e9da8f80f0f856d4,0,0,0,1,1,0,0,0,0,1,0,0,0,0,1,0
dc09531685911e889bcea37e,0,0,1,0,1,0,0,0,0,0,0,1,0,1,0,0
dc0ef8c9d833804369a70d54,0,0,1,0,0,0,0,1,1,0,0,0,0,1,0,0
dc1161cef10191092baf0f5f,0,1,0,0,0,0,0,1,1,0,0,0,0,0,1,0
dc2acb9f5f52925f0bc13180,0,1,0,0,1,0,0,0,0,0,1,0,0,0,0,1
dc335652fb7fbbe81b810eee,0,0,1,0,0,1,0,0,1,0,0,0,0,0,0,1
dc345e809cd058da0b2ecfb8,0,0,1,0,0,1,0,0,0,0,0,1,1,0,0,0
dc348f231def6becb3f3533f,1,0,0,0,0,1,0,0,0,0,0,1,0,0,1,0
dc47f516060738f33818693b,0,0,1,0,0,1,0,0,0,0,0,1,1,0,0,0
dc4b0932efc5e0977513e034,0,1,0,0,0,0,1,0,1,0,0,0,0,0,0,1
dc4d3cebcffcca584c233d00,1,0,0,0,0,1,0,0,0,0,1,0,0,0,0,1
dc50abc08d90da778d8308e9,0,0,0,1,0,0,1,0,1,0,0,0,0,1,0,0
dc53988c3e6fc7426f9cae87,0,1,0,0,0,0,1,0,0,0,0,1,1,0,0,0
dc57a8a964c7497e3416b989,1,0,0,0,0,1,0,0,0,0,1,0,0,0,0,1
dc5a6f3280130296f9def8a8,0,1,0,0,0,0,0,1,0,0,1,0,1,0,0,0
dc5ab94afce6e69df95eb9e2,1,0,0,0,0,0,1,0,0,1,0,0,0,0,0,1
dc5b3d2d918de27ae4dd3d2a,0,0,0,1,1,0,0,0,0,0,1,0,0,1,0,0
dc5d3f1acd994e1856623305,0,1,0,0,0,0,0,1,0,0,1,0,1,0,0,0
dc617a2c232e7e51e97ded27,1,0,0,0,0,1,0,0,0,0,0,1,0,0,1,0
dc6470bcfbde0624b42c8ff6,1,0,0,0,0,1,0,0,0,0,1,0,0,0,0,1
dc655ba319b836957728fa9e,0,0,0,1,1,0,0,0,0,1,0,0,0,0,1,0
dc6773a163af11f8c75eedff,0,0,0,1,1,0,0,0,0,1,0,0,0,0,1,0
dc6f2d7cd86cb2dcbe2791a7,0,0,1,0,0,0,0,1,0,1,0,0,1,0,0,0
dc6f9ecb058bdc54a191ce0b,0,1,0,0,1,0,0,0,0,0,1,0,0,0,0,1
dc7c237f491f8f8492a41d57,0,0,0,1,0,1,0,0,0,0,1,0,1,0,0,0
dc7c31cfb57658d50d343230,0,0,0,1,1,0,0,0,0,1,0,0,0,0,1,0
dc8f5831183311f6753d4a88,0,0,1,0,0,1,0,0,1,0,0,0,0,0,0,1
dc8f84c4f9f9bd48cdd15e14,0,0,0,1,0,0,1,0,0,1,0,0,1,0,0,0
dc8fef7c3995ed6e11e501bd,0,0,0,1,0,1,0,0,0,0,1,0,1,0,0,0
dc9e8a2b7b7e806b437dc015,1,0,0,0,0,0,0,1,0,0,1,0,0,1,0,0
dca3102dfa7d9bbc1a08a1ae,0,0,1,0,0,0,0,1,0,1,0,0,1,0,0,0
dca9df5c061229c6975cbde1,0,1,0,0,1,0,0,0,0,0,1,0,0,0,0,1
dcb00fd1c503b45becc8437e,1,0,0,0,0,0,1,0,0,0,0,1,0,1,0,0
dcb53579d819cfb1845ffb00,0,1,0,0,0,0,1,0,0,0,0,1,1,0,0,0
dcbb25c17442fdaf1e91b9e6,0,0,1,0,0,0,0,1,1,0,0,0,0,1,0,0
dcbdd73bebc5e8b85a4fa8a0,0,0,1,0,0,1,0,0,0,0,0,1,1,0,0,0
dccba2ae208730d3a89e2ee0,0,0,1,0,0,1,0,0,1,0,0,0,0,0,0,1
dccd3b3b86c9858a1788442f,0,1,0,0,1,0,0,0,0,0,0,1,0,0,1,0
dccdb4333771714703ee9ca5,1,0,0,0,0,1,0,0,0,0,1,0,0,0,0,1
dcce0b7007232bb9b2093562,0,0,0,1,0,1,0,0,1,0,0,0,0,0,1,0
dcce79fc5ff56db4dc225a72,0,0,1,0,0,1,0,0,0,0,0,1,1,0,0,0
dcd0ff1941d9818a41f662eb,1,0,0,0,0,1,0,0,0,0,1,0,0,0,0,1
dcdc37e13417f3d643d06c3f,0,1,0,0,1,0,0,0,0,0,0,1,0,0,1,0
dcdd7a777e70c757097b24f7,0,0,1,0,1,0,0,0,0,1,0,0,0,0,0,1
dce9d00361e99f8fcfe95117,0,1,0,0,0,0,1,0,0,0,0,1,1,0,0,0
dce9e73635bca33f6d81bab0,0,0,0,1,1,0,0,0,0,1,0,0,0,0,1,0
dceebab1a779ebcf08fbc6c5,1,0,0,0,0,1,0,0,0,0,1,0,0,0,0,1
dcf4cfcc4e46ddfa7c29b0dc,1,0,0,0,0,0,0,1,0,1,0,0,0,0,1,0
dcf58e450f8b620c1ccb980e,0,1,0,0,0,0,1,0,0,0,0,1,1,0,0,0
dd02142fbfe5b62b213bcce2,0,0,0,1,0,0,1,0,1,0,0,0,0,1,0,0
dd058850485715f4cd547936,1,0,0,0,0,0,1,0,0,1,0,0,0,0,0,1
dd07c8b3505c942390b0890a,0,0,1,0,0,1,0,0,1,0,0,0,0,0,0,1
dd1264050d491ad268e5e0e7,0,1,0,0,0,0,1,0,0,0,0,1,1,0,0,0
dd18999f16a223164e563010,0,1,0,0,0,0,1,0,0,0,0,1,1,0,0,0
dd18e355c6a640bf6200ee96,0,0,0,1,0,0,1,0,1,0,0,0,0,1,0,0
dd1cef6966bf78922b1442bd,0,0,0,1,0,1,0,0,0,0,1,0,1,0,0,0
dd1da8df66f24adde25e5122,0,0,1,0,1,0,0,0,0,1,0,0,0,0,0,1
dd20c779d673565bd0b3b348,0,1,0,0,0,0,1,0,1,0,0,0,0,0,0,1
dd22738b0b5fec403968f583,0,0,0,1,1,0,0,0,0,0,1,0,0,1,0,0
dd24fc9c8300869adfac0c5e,0,1,0,0,0,0,0,1,0,0,1,0,1,0,0,0
dd27b300506ef9916c94489c,1,0,0,0,0,1,0,0,0,0,1,0,0,0,0,1
dd2b6a78e10681a889027eec,0,0,0,1,0,1,0,0,1,0,0,0,0,0,1,0
dd495e3cc4608ea8dcdb1223,0,0,0,1,0,0,1,0,1,0,0,0,0,1,0,0
dd549aa8d30bf00452d92140,0,0,1,0,1,0,0,0,0,0,0,1,0,1,0,0
dd5a497e60899c720a8c45e9,0,1,0,0,1,0,0,0,0,0,1,0,0,0,0,1
dd5bd20e710f93c53f2dd537,0,0,0,1,0,1,0,0,1,0,0,0,0,0,1,0
dd5ee41c9b03a3ae62a68c02,0,1,0,0,0,0,1,0,1,0,0,0,0,0,0,1
dd68586a791d289477c531f5,1,0,0,0,0,1,0,0,0,0,1,0,0,0,0,1
dd6a2e723a11f7a80a0d94ec,0,0,0,1,1,0,0,0,0,0,1,0,0,1,0,0
dd789fdd3db62ee7eae3516a,0,1,0,0,1,0,0,0,0,0,0,1,0,0,1,0
dd79401631d520be69dfbfb6,0,0,1,0,0,0,0,1,0,1,0,0,1,0,0,0
dd794e51c15b3512910de166,0,1,0,0,0,0,0,1,0,0,1,0,1,0,0,0
dd8c73cf1d22ece482f7ad34,0,1,0,0,0,0,0,1,0,0,1,0,1,0,0,0
dd8f89fb4ef7d4bf6613f2fb,0,0,1,0,0,1,0,0,0,0,0,1,1,0,0,0
dd936cd311d80dd3fb161d79,0,0,0,1,0,1,0,0,1,0,0,0,0,0,1,0
dd9402e00aaa4be61b05f00b,0,0,0,1,0,0,1,0,0,1,0,0,1,0,0,0
dd9632f6eb8ea396624cbf2a,0,0,0,1,0,0,1,0,0,1,0,0,1,0,0,0
dd964a983590edaf5372a88c,0,0,1,0,0,0,0,1,1,0,0,0,0,1,0,0
dd9b57ccd86b1ff3c613ce85,0,0,1,0,1,0,0,0,0,0,0,1,0,1,0,0
dda2ffd49a2c9e6e4ca037c2,0,1,0,0,1,0,0,0,0,0,0,1,0,0,1,0
dda4916941ffcbe851f4d84f,0,0,0,1,1,0,0,0,0,1,0,0,0,0,1,0
dda78185e99e4c5f5c15db65,0,1,0,0,0,0,1,0,0,0,0,1,1,0,0,0
ddad9398f96e2a593b2f50de,0,0,1,0,0,1,0,0,1,0,0,0,0,0,0,1
ddb633b90234066b215d9fc7,0,0,1,0,0,1,0,0,0,0,0,1,1,0,0,0
ddc6e242af10dfd8b720c72b,0,1,0,0,0,0,1,0,1,0,0,0,0,0,0,1
ddca559bf396a688fde73ec9,0,1,0,0,0,0,1,0,0,0,0,1,1,0,0,0
ddd38d5f7a035aed9aa49e15,0,0,1,0,1,0,0,0,0,0,0,1,0,1,0,0
ddd6e7a96b4384559a88b830,0,0,0,1,0,1,0,0,0,0,1,0,1,0,0,0
dddbf7baf7aea4f1d58f85e1,1,0,0,0,0,0,1,0,0,1,0,0,0,0,0,1
dde513f87903d9e703ea5e0c,0,1,0,0,0,0,1,0,1,0,0,0,0,0,0,1
ddf0d5940e1399c12d0d1379,1,0,0,0,0,0,1,0,0,0,0,1,0,1,0,0
ddf3ed994ce93b2a73e37009,0,1,0,0,1,0,0,0,0,0,1,0,0,0,0,1
ddf96248dc27fe688859f44c,0,0,0,1,0,0,1,0,1,0,0,0,0,1,0,0
ddf98edc4c5d660ae345bad3,0,0,1,0,0,1,0,0,1,0,0,0,0,0,0,1
ddfb763dc859bcd7dfbaaf6a,0,1,0,0,1,0,0,0,0,0,0,1,0,0,1,0
de063e937826c0d7a258c1ec,0,0,1,0,1,0,0,0,0,1,0,0,0,0,0,1
de12bb60ba46ee13cfdae376,1,0,0,0,0,0,1,0,0,1,0,0,0,0,0,1
de1a443b906c4878936e78e9,0,0,1,0,1,0,0,0,0,0,0,1,0,1,0,0
de1cade948448723ffcde7f2,0,0,1,0,0,0,0,1,0,1,0,0,1,0,0,0
de2424d25f87f9212f4dd328,0,1,0,0,0,0,0,1,1,0,0,0,0,0,1,0
de24f9244e4a8c87d3cc6fb1,0,0,1,0,1,0,0,0,0,0,0,1,0,1,0,0
de2c8c80c1622cac2ed976dd,0,0,1,0,1,0,0,0,0,1,0,0,0,0,0,1
de309480b3494ad2d06d53f9,0,0,1,0,0,1,0,0,0,0,0,1,1,0,0,0
de30b5f7108489a1f512dcf0,1,0,0,0,0,0,1,0,0,0,0,1,0,1,0,0
de31fba43b763bf5058782b6,0,1,0,0,0,0,0,1,1,0,0,0,0,0,1,0
de332fd67863a66dec624fbd,0,0,1,0,0,0,0,1,1,0,0,0,0,1,0,0
de361ec8898f944a2a3e0cc7,0,0,1,0,0,0,0,1,1,0,0,0,0,1,0,0
de3c3561bb8bee37c1ea2831,0,0,0,1,1,0,0,0,0,0,1,0,0,1,0,0
de3e1f3aa5ef54d2b636d78e,0,1,0,0,0,0,0,1,0,0,1,0,1,0,0,0
de4128e1f800fab4b7909399,0,0,1,0,1,0,0,0,0,1,0,0,0,0,0,1
de46faa81453a5682a613f44,0,1,0,0,1,0,0,0,0,0,1,0,0,0,0,1
de51dd5a3ef016f883911c35,0,0,1,0,1,0,0,0,0,1,0,0,0,0,0,1
de7318d27ef0837a23f84923,0,1,0,0,1,0,0,0,0,0,1,0,0,0,0,1
de792a91a0acd35d08a0c3a8,1,0,0,0,0,1,0,0,0,0,0,1,0,0,1,0
de7ac92759e8f1d5b2fc29d1,0,1,0,0,0,0,0,1,0,0,1,0,1,0,0,0
de8dd0fbc25de5b739f40cd7,0,0,1,0,1,0,0,0,0,0,0,1,0,1,0,0
de9aa571976f30c04448c78b,0,0,0,1,0,1,0,0,0,0,1,0,1,0,0,0
de9af27796ffb904e05011ee,0,0,0,1,0,0,1,0,0,1,0,0,1,0,0,0
de9e4d67a0d68f9328f126af,0,1,0,0,0,0,0,1,1,0,0,0,0,0,1,0
deb05a368f469fd44379a55b,0,0,0,1,1,0,0,0,0,1,0,0,0,0,1,0
deb8011b0e681e3c0855824c,0,0,0,1,0,0,1,0,0,1,0,0,1,0,0,0
dec09170f0d816f095e0cc06,1,0,0,0,0,0,0,1,0,1,0,0,0,0,1,0
dec22176ef5005171a1da576,0,0,0,1,0,1,0,0,1,0,0,0,0,0,1,0
dec5c4ffeacbd8f508084120,0,0,1,0,1,0,0,0,0,0,0,1,0,1,0,0
dec7c87b2f55371a10037d51,0,0,1,0,0,0,0,1,0,1,0,0,1,0,0,0
dec95437eece7f22b94d21b6,0,0,1,0,0,1,0,0,0,0,0,1,1,0,0,0
decc19730e508b758f3db890,0,0,0,1,0,1,0,0,0,0,1,0,1,0,0,0
decd60748f97efe7ea244f17,0,1,0,0,1,0,0,0,0,0,1,0,0,0,0,1
ded04d1327c190c40bff8c2a,0,1,0,0,0,0,0,1,0,0,1,0,1,0,0,0
dee3c1cc9c953f8de3a2cd52,0,0,0,1,0,1,0,0,0,0,1,0,1,0,0,0
dee8ee1d21bc7620049d9bfe,1,0,0,0,0,1,0,0,0,0,1,0,0,0,0,1
def28ac144f28ca564d8ef77,0,1,0,0,1,0,0,0,0,0,0,1,0,0,1,0
defb188cb4ca1a9b2be5774a,1,0,0,0,0,1,0,0,0,0,0,1,0,0,1,0
defb2a34471bcf0874cc98aa,0,0,0,1,0,0,1,0,1,0,0,0,0,1,0,0
defcaea3b3d3dcfb3e3f3f61,0,0,1,0,1,0,0,0,0,0,0,1,0,1,0,0
defcc90c3a4e2273ccc8c54c,0,0,0,1,0,1,0,0,0,0,1,0,1,0,0,0
df16ac785b6d17ad9c434b38,0,0,1,0,0,0,0,1,0,1,0,0,1,0,0,0
df1761bf378acc32e826be2a,1,0,0,0,0,0,1,0,0,1,0,0,0,0,0,1
df2f08cc1e3fff459360ac17,0,1,0,0,0,0,0,1,1,0,0,0,0,0,1,0
df30a13c3bb89322aa3f4d7d,0,0,1,0,0,1,0,0,0,0,0,1,1,0,0,0
df3a250760c64d820facf232,0,0,0,1,0,0,1,0,0,1,0,0,1,0,0,0
df44427bd2813eeaf8180849,0,0,1,0,1,0,0,0,0,1,0,0,0,0,0,1
df49f48f67c645e33c325c3f,0,1,0,0,0,0,1,0,0,0,0,1,1,0,0,0
df4bd85b15df1b9c60f8a642,1,0,0,0,0,1,0,0,0,0,0,1,0,0,1,0
df5b1a6993eaed47d253baf6,0,0,1,0,0,1,0,0,0,0,0,1,1,0,0,0
df5cbad66489b02630a8954c,0,0,1,0,0,1,0,0,0,0,0,1,1,0,0,0
df6f20dd54ad956106687540,0,0,1,0,0,1,0,0,0,0,0,1,1,0,0,0
df723154ca65d94335c2ce07,0,0,1,0,0,1,0,0,0,0,0,1,1,0,0,0
df75d2ce5ab26ed94589398c,1,0,0,0,0,0,0,1,0,1,0,0,0,0,1,0
df7cfd6fbbdb8ca7afda3e73,0,0,0,1,0,0,1,0,1,0,0,0,0,1,0,0
df7e0fec291f8235349a3134,1,0,0,0,0,1,0,0,0,0,1,0,0,0,0,1
df9bfe68040f977a5a6c9a56,0,1,0,0,1,0,0,0,0,0,0,1,0,0,1,0
dfa5d79c9feee220e503e237,0,0,0,1,0,0,1,0,1,0,0,0,0,1,0,0
dfac8c68239f2308c3aadaec,0,0,0,1,0,0,1,0,0,1,0,0,1,0,0,0
dfb23b5075d681e50f79ba75,1,0,0,0,0,0,1,0,0,0,0,1,0,1,0,0
dfbd556e31af43b548455750,1,0,0,0,0,0,0,1,0,0,1,0,0,1,0,0
dfd0d588eb6451e56b4de914,0,0,1,0,0,0,0,1,0,1,0,0,1,0,0,0
dfd3270b6314ff0f78a992a8,0,0,1,0,0,0,0,1,0,1,0,0,1,0,0,0
dfdf22d33e5a5532b1851e1f,0,0,1,0,1,0,0,0,0,0,0,1,0,1,0,0
dfe636583bd40c01bf694258,1,0,0,0,0,0,0,1,0,1,0,0,0,0,1,0
dfea8933dc596cb29d6b1ebd,0,0,1,0,0,1,0,0,0,0,0,1,1,0,0,0
dfedbbc71b3916b1e4274afa,0,1,0,0,0,0,1,0,1,0,0,0,0,0,0,1
dff575f9a993c96b48078660,0,0,0,1,0,0,1,0,1,0,0,0,0,1,0,0
dff7ab940cb677a9617e94fd,0,0,0,1,0,0,1,0,0,1,0,0,1,0,0,0
dffbab2428aa1b1912494a85,0,0,0,1,0,1,0,0,0,0,1,0,1,0,0,0
e0001e474d55d1630d19cc2d,0,0,1,0,0,1,0,0,0,0,0,1,1,0,0,0
e0013302843aa2259834a817,0,0,0,1,0,0,1,0,0,1,0,0,1,0,0,0
e003b19af0d9989e98d55ec1,1,0,0,0,0,1,0,0,0,0,1,0,0,0,0,1
e00b0c775ba3606e6e2f8dfd,0,0,1,0,1,0,0,0,0,0,0,1,0,1,0,0
e01458ad020d80a88fd88863,0,0,1,0,0,1,0,0,0,0,0,1,1,0,0,0
e018fdf2c768f6b268434473,0,1,0,0,1,0,0,0,0,0,0,1,0,0,1,0
e01c66ffcefc0e1c77f080d5,0,0,1,0,1,0,0,0,0,1,0,0,0,0,0,1
e01ee5f299826cbde7153a4e,0,0,1,0,1,0,0,0,0,0,0,1,0,1,0,0
e02072f72e28699334359296,0,1,0,0,0,0,0,1,0,0,1,0,1,0,0,0
e022dc66da69dc47b2a22edf,0,0,1,0,0,1,0,0,0,0,0,1,1,0,0,0
e027724c43ee19a5757f23f9,0,0,1,0,0,1,0,0,0,0,0,1,1,0,0,0
e028fe0a24926f50ecff5705,0,0,1,0,0,0,0,1,0,1,0,0,1,0,0,0
e029b4cb17ca9ce4f49a6442,0,1,0,0,0,0,0,1,1,0,0,0,0,0,1,0
e02acc6a13a68ca6d18fd8e8,1,0,0,0,0,0,1,0,0,0,0,1,0,1,0,0
e0326d238d83b9e1c1a36f95,0,1,0,0,0,0,0,1,0,0,1,0,1,0,0,0
e03af32ee792f7bfd1ff2017,0,0,0,1,0,0,1,0,1,0,0,0,0,1,0,0
e0405e868c80f089018bbd38,1,0,0,0,0,0,0,1,0,0,1,0,0,1,0,0
e04614af7e99e4b323e0dc2a,0,0,1,0,0,1,0,0,0,0,0,1,1,0,0,0
e04ffbb90e49150ec41d51a5,0,0,1,0,0,0,0,1,1,0,0,0,0,1,0,0
e05075bec01ff7c3a6f101d9,1,0,0,0,0,0,0,1,0,1,0,0,0,0,1,0
e0547a2b91c767ff82b58255,0,0,0,1,0,1,0,0,0,0,1,0,1,0,0,0
e05bb74b06818c9564bd4deb,0,1,0,0,0,0,0,1,1,0,0,0,0,0,1,0
e06c163db44b5ffea0db1676,1,0,0,0,0,0,1,0,0,0,0,1,0,1,0,0
e07c988c84d0e83df315e27b,0,0,0,1,0,0,1,0,1,0,0,0,0,1,0,0
e080ed2139423955d7a225e3,0,0,1,0,0,1,0,0,0,0,0,1,1,0,0,0
e08314899fef3a2a0f4cfa84,1,0,0,0,0,0,1,0,0,0,0,1,0,1,0,0
e086b1e3e35d011f1ac9f37b,0,0,0,1,0,1,0,0,0,0,1,0,1,0,0,0
e08ae17e0ced0e77986e5f51,1,0,0,0,0,0,0,1,0,0,1,0,0,1,0,0
e09018d6723dff06b69eaa17,0,1,0,0,0,0,1,0,1,0,0,0,0,0,0,1
e0906936b9cb086596dfdb1a,0,0,1,0,0,0,0,1,0,1,0,0,1,0,0,0
e0950e50ae06bc96157ae5e8,0,1,0,0,0,0,1,0,0,0,0,1,1,0,0,0
e09c0a63c34d3136bb960b38,1,0,0,0,0,0,0,1,0,1,0,0,0,0,1,0
e09db6867dc9dd71fb6f10b7,0,0,0,1,0,1,0,0,1,0,0,0,0,0,1,0
e0ab8b4e765f1f26dfb580aa,0,0,1,0,0,1,0,0,0,0,0,1,1,0,0,0
e0ace680ea707be5d4d81323,1,0,0,0,0,1,0,0,0,0,1,0,0,0,0,1
e0b3ddf599b2f9c0182c4afb,0,0,1,0,0,0,0,1,0,1,0,0,1,0,0,0
e0b89643956e33ba8887646d,0,0,0,1,0,0,1,0,0,1,0,0,1,0,0,0
e0bad97d8aa7b10e85308cc0,0,0,0,1,1,0,0,0,0,1,0,0,0,0,1,0
e0c3090e9f73812566aa5005,0,1,0,0,0,0,1,0,1,0,0,0,0,0,0,1
e0cd3c1a453cfc8943fe5fbe,1,0,0,0,0,0,0,1,0,1,0,0,0,0,1,0
e0e826706cc27bba31bc9f45,0,0,0,1,1,0,0,0,0,1,0,0,0,0,1,0
e0f6f1a38e26a1df61b0ca23,1,0,0,0,0,0,0,1,0,1,0,0,0,0,1,0
e0f87ae5ea774eae2495148c,1,0,0,0,0,0,1,0,0,1,0,0,0,0,0,1
e0f8adc23e5b5879a294e0f4,0,0,0,1,0,1,0,0,0,0,1,0,1,0,0,0
e0fd92eecae83fe7275017f9,0,0,1,0,0,0,0,1,0,1,0,0,1,0,0,0
e106b8a20f6a5b14ccf0be7a,1,0,0,0,0,0,0,1,0,0,1,0,0,1,0,0
e1188b86dd96e0502cd3bfea,0,0,1,0,0,0,0,1,1,0,0,0,0,1,0,0
e11ce4834b992dda5fe73274,0,0,1,0,0,1,0,0,0,0,0,1,1,0,0,0
e12aa0529ef71e445e8dbe9a,1,0,0,0,0,0,1,0,0,1,0,0,0,0,0,1
e12b770998d240c6c0a0d870,1,0,0,0,0,1,0,0,0,0,0,1,0,0,1,0
e12bc9c6d973279f67d99ca3,0,0,1,0,1,0,0,0,0,0,0,1,0,1,0,0
e12f5b2a167d3d8448007b01,1,0,0,0,0,1,0,0,0,0,0,1,0,0,1,0
e1322a2f3b8a1f10ad3069e4,0,0,0,1,0,0,1,0,1,0,0,0,0,1,0,0
e135ec635f890c22c220a439,0,0,0,1,1,0,0,0,0,1,0,0,0,0,1,0
e13ceebd85f6f3c90d058446,1,0,0,0,0,1,0,0,0,0,1,0,0,0,0,1
e14195b7dd716c3dda656ef6,0,0,1,0,0,0,0,1,1,0,0,0,0,1,0,0
e14771fe7a10c0b6fe7f9a6c,0,0,0,1,0,0,1,0,1,0,0,0,0,1,0,0
e154e5516c175bf4db40ab40,0,0,1,0,0,1,0,0,0,0,0,1,1,0,0,0
e156dc7ba7b26ed89a90c41d,0,0,1,0,1,0,0,0,0,1,0,0,0,0,0,1
e15ac3b434ad177bea5b0aec,0,1,0,0,1,0,0,0,0,0,1,0,0,0,0,1
e16a6e65b0bf248ed706e52d,0,0,0,1,0,1,0,0,1,0,0,0,0,0,1,0
e170adff7822851fa2cee525,0,0,0,1,0,1,0,0,0,0,1,0,1,0,0,0
e1755fc0a77e1fcab7166f80,0,0,1,0,0,0,0,1,1,0,0,0,0,1,0,0
e183361203f76e7ce76370d2,0,0,0,1,0,1,0,0,1,0,0,0,0,0,1,0
e183b036a2a6fbd0f7c4aa01,0,1,0,0,0,0,1,0,1,0,0,0,0,0,0,1
e185c4e6b1e030c56750bb7b,0,0,0,1,1,0,0,0,0,0,1,0,0,1,0,0
e1876d952d4e1df52877bb07,0,0,1,0,0,0,0,1,0,1,0,0,1,0,0,0
e18e3e6b0c4c2264cf6df28c,0,0,1,0,0,0,0,1,0,1,0,0,1,0,0,0
e19516ff20d690fb339c7d3b,0,0,0,1,0,1,0,0,1,0,0,0,0,0,1,0
e19bcfef4636cebb2f9008a3,1,0,0,0,0,0,0,1,0,1,0,0,0,0,1,0
e19ecc70dab1dc74f0951ddd,0,0,1,0,0,0,0,1,1,0,0,0,0,1,0,0
e1a25af73feacd6448d1201d,1,0,0,0,0,0,1,0,0,1,0,0,0,0,0,1
e1a83210c5a3886ce77e7dc5,1,0,0,0,0,0,0,1,0,1,0,0,0,0,1,0
e1a9f370f1d6eff5c3e738d9,0,0,0,1,1,0,0,0,0,0,1,0,0,1,0,0
e1aab44fed518020c40c7294,0,0,0,1,1,0,0,0,0,1,0,0,0,0,1,0
e1b02772027b05206b528480,0,1,0,0,1,0,0,0,0,0,1,0,0,0,0,1
e1b1126a37408b88e4dc376b,0,0,0,1,0,1,0,0,0,0,1,0,1,0,0,0
e1b41addd31f0ee6b04b647e,1,0,0,0,0,0,1,0,0,1,0,0,0,0,0,1
e1b6be3cc4bf4b44f6b3b1f4,0,1,0,0,1,0,0,0,0,0,1,0,0,0,0,1
e1bef121c34433695a64c166,0,0,0,1,0,0,1,0,0,1,0,0,1,0,0,0
e1c377ce635c53135673fd7e,0,0,0,1,0,0,1,0,0,1,0,0,1,0,0,0
e1c727ee7499fb5e52269a74,1,0,0,0,0,0,0,1,0,0,1,0,0,1,0,0
e1c89bdb129cbbabdbdcf3a0,0,1,0,0,0,0,0,1,0,0,1,0,1,0,0,0
e1d5afa230c403ee31e44cf2,0,0,0,1,0,0,1,0,0,1,0,0,1,0,0,0
e1d85ea1c057777619bb82fe,0,0,1,0,0,1,0,0,1,0,0,0,0,0,0,1
e1e56c8fd7956a7410c4bf9f,0,1,0,0,0,0,1,0,1,0,0,0,0,0,0,1
e1ec6ddd2f30cd017192ec4b,0,0,0,1,1,0,0,0,0,0,1,0,0,1,0,0
e1f48b55803f145d4d4dfff0,0,1,0,0,0,0,1,0,0,0,0,1,1,0,0,0
e1f66b6830d371dad443d67e,0,1,0,0,1,0,0,0,0,0,0,1,0,0,1,0
e1f69212ff0f748ec7a0b799,0,0,1,0,0,1,0,0,0,0,0,1,1,0,0,0
e1f85fc1bec138162a4ee5a7,1,0,0,0,0,0,1,0,0,1,0,0,0,0,0,1
e1fc3cab8c75f99098974b24,0,0,0,1,0,0,1,0,1,0,0,0,0,1,0,0
e209305e8cd727e341fdab1b,1,0,0,0,0,0,1,0,0,0,0,1,0,1,0,0
e21361cf4acb0c902ba9481e,0,0,1,0,0,0,0,1,1,0,0,0,0,1,0,0
e215335b463e79986fb3b1c0,0,0,0,1,0,1,0,0,1,0,0,0,0,0,1,0
e21a6033af5d4480500ef4fd,0,0,0,1,1,0,0,0,0,0,1,0,0,1,0,0
e221a950f65c300525520857,0,0,0,1,1,0,0,0,0,0,1,0,0,1,0,0
e227a7b27cc941626b199487,0,0,1,0,0,0,0,1,1,0,0,0,0,1,0,0
e22857cb2eaac6ebf8329783,1,0,0,0,0,1,0,0,0,0,1,0,0,0,0,1
e22f2c3e75e8a4652376b773,0,1,0,0,0,0,0,1,0,0,1,0,1,0,0,0
e2309890b929b585f3bec8e3,0,1,0,0,0,0,0,1,1,0,0,0,0,0,1,0
e23c848e50f300210a931355,1,0,0,0,0,1,0,0,0,0,1,0,0,0,0,1
e2431c4accf787144e74e5aa,0,1,0,0,0,0,1,0,0,0,0,1,1,0,0,0
e24989dfe22578979e8de78f,0,0,0,1,1,0,0,0,0,0,1,0,0,1,0,0
e24d2200aab1c7d2ccb12141,1,0,0,0,0,0,1,0,0,0,0,1,0,1,0,0
e250052912f0880f40600e0a,0,0,0,1,0,0,1,0,0,1,0,0,1,0,0,0
e25754bd360bd398a0270f59,0,0,1,0,0,1,0,0,1,0,0,0,0,0,0,1
e25ffede0a52682f47bcd542,1,0,0,0,0,0,0,1,0,1,0,0,0,0,1,0
e268c9058074d1296048ff2a,0,0,1,0,0,0,0,1,0,1,0,0,1,0,0,0
e26ab4b03524b7ee29ca44a9,1,0,0,0,0,0,1,0,0,1,0,0,0,0,0,1
e26cfd6138fc198ba964b707,1,0,0,0,0,0,1,0,0,1,0,0,0,0,0,1
e2727f201d30008498442613,1,0,0,0,0,0,0,1,0,1,0,0,0,0,1,0
e272f5baf2f01849c0ad84bc,1,0,0,0,0,0,1,0,0,0,0,1,0,1,0,0
e27bac29d84698da768f09f4,1,0,0,0,0,0,0,1,0,1,0,0,0,0,1,0
e282bedf5980c7644dd86e53,1,0,0,0,0,0,1,0,0,0,0,1,0,1,0,0
e2858af72205def72d46816e,0,0,1,0,0,1,0,0,1,0,0,0,0,0,0,1
e2902b3800bd95ec23717fbc,1,0,0,0,0,0,0,1,0,0,1,0,0,1,0,0
e2974ae061703ebab41a4e98,0,0,1,0,0,0,0,1,0,1,0,0,1,0,0,0
e29a7b6d7e72d84dada3c8b6,0,1,0,0,0,0,1,0,0,0,0,1,1,0,0,0
e29e88ee49dedbfdf9299aed,0,0,1,0,0,0,0,1,1,0,0,0,0,1,0,0
e2a18ef15f43c55e3d11864d,0,1,0,0,0,0,0,1,0,0,1,0,1,0,0,0
e2a1aa4132b06928c986f428,0,1,0,0,0,0,0,1,1,0,0,0,0,0,1,0
e2a43c960fd24746a9a33c12,0,0,0,1,1,0,0,0,0,0,1,0,0,1,0,0
e2ae35b02f7d336df2270e72,0,0,1,0,0,1,0,0,0,0,0,1,1,0,0,0
e2afb3b058b539d83fa18095,0,0,1,0,1,0,0,0,0,1,0,0,0,0,0,1
e2b15f8a6d2c9f2032e4166f,0,0,0,1,0,1,0,0,0,0,1,0,1,0,0,0
e2b6c5bf56bade590af1bb58,0,0,1,0,0,0,0,1,1,0,0,0,0,1,0,0
e2baa1c2444fc6a82abb296f,0,1,0,0,1,0,0,0,0,0,1,0,0,0,0,1
e2bde071536fbcce0f614a89,1,0,0,0,0,0,0,1,0,1,0,0,0,0,1,0
e2ccb35813224d532196cb27,0,0,1,0,0,1,0,0,0,0,0,1,1,0,0,0
e2d6d274fe0edcd3c3200e72,1,0,0,0,0,1,0,0,0,0,1,0,0,0,0,1
e2e7c87604a5949b4b69e9cf,0,0,1,0,0,0,0,1,1,0,0,0,0,1,0,0
e2ebd60ff6c26f063d891005,1,0,0,0,0,0,1,0,0,0,0,1,0,1,0,0
e2ec2a481deb7bee16d7c22e,0,1,0,0,1,0,0,0,0,0,1,0,0,0,0,1
e2ec9e29cd16dc1b66bec5af,1,0,0,0,0,0,1,0,0,0,0,1,0,1,0,0
e2f39c3c630cb8b63a8ad3e3,0,0,1,0,1,0,0,0,0,1,0,0,0,0,0,1
e2fb26186580a2f0301ea0dc,0,0,1,0,0,0,0,1,0,1,0,0,1,0,0,0
e2fedf57bd513c8754887410,1,0,0,0,0,0,1,0,0,1,0,0,0,0,0,1
e2ffb90ff62529f8f4c83630,0,0,1,0,0,0,0,1,1,0,0,0,0,1,0,0
e302011221a83498db92bdcf,1,0,0,0,0,1,0,0,0,0,0,1,0,0,1,0
e302fe138fba2a7eb788c2f1,1,0,0,0,0,0,0,1,0,0,1,0,0,1,0,0
e307bce597bb286f189fe8b9,0,0,0,1,0,1,0,0,0,0,1,0,1,0,0,0
e30cbedbe7d6bf78b0af6f55,0,1,0,0,0,0,0,1,1,0,0,0,0,0,1,0
e30ecdb6a34d4ba7196e51d4,0,1,0,0,0,0,0,1,0,0,1,0,1,0,0,0
e3158a03d57c195e653de790,0,1,0,0,0,0,1,0,0,0,0,1,1,0,0,0
e31690b974a6a6b290e799f4,0,0,0,1,0,0,1,0,1,0,0,0,0,1,0,0
e318dccd2cfe324f334dd5e6,0,0,1,0,1,0,0,0,0,1,0,0,0,0,0,1
e319e0957803ad7d3673d51b,0,0,1,0,0,1,0,0,0,0,0,1,1,0,0,0
e321021963f7f85907ada4f4,0,0,1,0,0,1,0,0,1,0,0,0,0,0,0,1
e32803a77f8f3ef94f9eb51e,1,0,0,0,0,0,0,1,0,1,0,0,0,0,1,0
e3299e2d60dfbb7b5a51b86b,0,0,0,1,1,0,0,0,0,0,1,0,0,1,0,0
e32de421c5443ad88642070f,0,1,0,0,1,0,0,0,0,0,1,0,0,0,0,1
e33210fd84edda4ac7f6e78e,0,0,0,1,0,0,1,0,0,1,0,0,1,0,0,0
e337dd162be914de66e9699f,0,0,1,0,0,1,0,0,0,0,0,1,1,0,0,0
e3415d02d9800f82db30c77f,0,1,0,0,1,0,0,0,0,0,1,0,0,0,0,1
e3491e25f46b45107d2ec464,0,1,0,0,1,0,0,0,0,0,1,0,0,0,0,1
e34c45aa07c5a723ff9789eb,0,0,0,1,1,0,0,0,0,0,1,0,0,1,0,0
e357ed68ec7a42d80450295a,0,1,0,0,0,0,1,0,1,0,0,0,0,0,0,1
e365a73eb913f1de7d264874,0,1,0,0,1,0,0,0,0,0,1,0,0,0,0,1
e36e32667ec3802b008aa955,0,1,0,0,0,0,0,1,0,0,1,0,1,0,0,0
e3710b21de8c570b537aab57,1,0,0,0,0,0,0,1,0,0,1,0,0,1,0,0
e375a03136c9b9f17c753d8a,1,0,0,0,0,0,0,1,0,0,1,0,0,1,0,0
e37f53bab4ea0713b86e7799,0,0,1,0,0,0,0,1,0,1,0,0,1,0,0,0
e380995612086d6f1d3ccbc2,0,0,0,1,1,0,0,0,0,1,0,0,0,0,1,0
e384584d78162ebc3eef4bd1,1,0,0,0,0,0,1,0,0,1,0,0,0,0,0,1
e3848c84cd22a04103b59d0d,0,0,1,0,1,0,0,0,0,0,0,1,0,1,0,0
e39f5fcde4e930feaf787558,0,0,0,1,0,0,1,0,0,1,0,0,1,0,0,0
e3b2bea6bc64cb1361421a05,0,1,0,0,1,0,0,0,0,0,1,0,0,0,0,1
e3c02e1cdf4659ef8f70b2fc,0,1,0,0,0,0,0,1,0,0,1,0,1,0,0,0
e3c5761d9bbd8b8068fdbe32,0,0,1,0,0,1,0,0,1,0,0,0,0,0,0,1
e3dff0bc0ec58eacaf90b88e,0,1,0,0,0,0,1,0,0,0,0,1,1,0,0,0
e3e8f190640a5a96534f7b68,0,0,1,0,0,0,0,1,0,1,0,0,1,0,0,0
e3f3f834d70c52709638e61b,0,1,0,0,1,0,0,0,0,0,0,1,0,0,1,0
e3f499c515af568d53fb124a,1,0,0,0,0,0,1,0,0,0,0,1,0,1,0,0
e3f5c33217a71808c6833251,0,0,0,1,0,0,1,0,1,0,0,0,0,1,0,0
e4064cd28ff7188c999ed78c,0,0,0,1,1,0,0,0,0,0,1,0,0,1,0,0
e40f9eeb512a7b419833bc83,0,0,0,1,0,1,0,0,1,0,0,0,0,0,1,0
e41798148819285d55c5673d,0,0,0,1,1,0,0,0,0,0,1,0,0,1,0,0
e424771cd2085de49f67fad6,0,0,1,0,0,0,0,1,1,0,0,0,0,1,0,0
e42626a90b5286632decf279,0,0,0,1,1,0,0,0,0,1,0,0,0,0,1,0
e43578dfe5e282a5a2fd40ee,0,0,0,1,0,1,0,0,1,0,0,0,0,0,1,0
e4426b0c9335e509a300f4c2,0,1,0,0,1,0,0,0,0,0,1,0,0,0,0,1
e4446a1b0180b544b7294743,0,0,1,0,0,0,0,1,1,0,0,0,0,1,0,0
e447362686b0b6e70be0f8e6,1,0,0,0,0,1,0,0,0,0,1,0,0,0,0,1
e454801b07a8bba85ab3743e,0,1,0,0,0,0,1,0,1,0,0,0,0,0,0,1
e455b562ac8aa649df44b285,0,1,0,0,1,0,0,0,0,0,1,0,0,0,0,1
e45fcd45fda0116ffcfea919,0,0,1,0,0,1,0,0,1,0,0,0,0,0,0,1
e460a5225572ed789a6fe76e,0,0,0,1,0,0,1,0,1,0,0,0,0,1,0,0
e4650f5154e06116bf40c955,0,0,1,0,0,1,0,0,0,0,0,1,1,0,0,0
e46865f874278a71a3735122,0,0,0,1,0,1,0,0,0,0,1,0,1,0,0,0
e46e2aa6e1a4c8a41e72ddcf,0,0,1,0,0,1,0,0,1,0,0,0,0,0,0,1
e46f5956fc361eabde45b74d,0,0,1,0,0,0,0,1,0,1,0,0,1,0,0,0
e47ac314444067a82c2a3f39,0,0,1,0,1,0,0,0,0,1,0,0,0,0,0,1
e47c7aea4c042f2c77e21e0b,0,1,0,0,1,0,0,0,0,0,1,0,0,0,0,1
e48ab104cea97c7c5b1316e5,0,0,0,1,0,0,1,0,1,0,0,0,0,1,0,0
e48b2f6c411241742a6517e8,0,0,0,1,0,0,1,0,0,1,0,0,1,0,0,0
e49790504b3dbe40288d9322,1,0,0,0,0,0,0,1,0,0,1,0,0,1,0,0
e49976df1870c62dc9529563,0,1,0,0,0,0,0,1,1,0,0,0,0,0,1,0
e499bbe38393c10668087a7c,0,0,0,1,1,0,0,0,0,0,1,0,0,1,0,0
e4aa68eca8e838b0e7643a22,0,0,0,1,0,1,0,0,1,0,0,0,0,0,1,0
e4b7f50809e2179c0861ae05,0,1,0,0,0,0,1,0,1,0,0,0,0,0,0,1
e4b87e15ba40f399494466ff,1,0,0,0,0,0,0,1,0,1,0,0,0,0,1,0
e4babf6ca26fa8cbc3c94608,1,0,0,0,0,0,1,0,0,1,0,0,0,0,0,1
e4bd5bf2d1d72ac32d5c3312,1,0,0,0,0,1,0,0,0,0,0,1,0,0,1,0
e4c3fde3ebbb02d28b0a5ece,0,0,0,1,0,1,0,0,1,0,0,0,0,0,1,0
e4c51bd1527fc29a08a4b9d4,0,0,1,0,0,1,0,0,0,0,0,1,1,0,0,0
e4d432f40c301e77ea153d7b,0,0,1,0,0,1,0,0,1,0,0,0,0,0,0,1
e4d8797fa17dc7c87944cf9a,0,1,0,0,0,0,1,0,1,0,0,0,0,0,0,1
e4e62a3c2fe4f4ec18bdee26,0,0,0,1,1,0,0,0,0,1,0,0,0,0,1,0
e4e892592d578e885b846aad,0,0,1,0,0,0,0,1,1,0,0,0,0,1,0,0
e4f18b34ffd045b8afcb3ba9,0,1,0,0,0,0,1,0,0,0,0,1,1,0,0,0
e4f9e37824fcefea8c224d2a,0,0,1,0,1,0,0,0,0,1,0,0,0,0,0,1
e4ff3bef1e14b6365cd30481,0,0,0,1,0,0,1,0,1,0,0,0,0,1,0,0
e50aebb26722c1df5fc0ae59,1,0,0,0,0,0,0,1,0,1,0,0,0,0,1,0
e5110f944028699db4d8c06b,0,1,0,0,1,0,0,0,0,0,0,1,0,0,1,0
e51ab2c0f714d7766624ece5,0,0,1,0,0,1,0,0,0,0,0,1,1,0,0,0
e52206a247c8390fe31f4eb8,0,1,0,0,0,0,0,1,0,0,1,0,1,0,0,0
e5239bca0473fa75af08de0d,0,0,1,0,1,0,0,0,0,1,0,0,0,0,0,1
e52c5e75ab3d513513c54649,1,0,0,0,0,0,0,1,0,1,0,0,0,0,1,0
e53552745271516be58e21b0,0,0,0,1,1,0,0,0,0,1,0,0,0,0,1,0
e538d9ef299cf970fb24bf76,1,0,0,0,0,1,0,0,0,0,1,0,0,0,0,1
e53cb1b030af0b6263f14329,0,0,0,1,1,0,0,0,0,0,1,0,0,1,0,0
e540e5c187b92936d7ecad4f,0,1,0,0,0,0,1,0,0,0,0,1,1,0,0,0
e54d5c229d1a94502f464547,0,1,0,0,0,0,0,1,0,0,1,0,1,0,0,0
e568e9566f550429346c5cfd,0,0,1,0,1,0,0,0,0,1,0,0,0,0,0,1
e57325353a7bd1a7a8a884d4,1,0,0,0,0,1,0,0,0,0,0,1,0,0,1,0
e576d1e05e54b723574f516b,0,0,1,0,0,0,0,1,1,0,0,0,0,1,0,0
e577c4ff71d29101d5b62eaa,1,0,0,0,0,0,0,1,0,1,0,0,0,0,1,0
e583e75b5074999dea487c63,1,0,0,0,0,0,0,1,0,1,0,0,0,0,1,0
e588387ebec3d8b04bf89c60,1,0,0,0,0,1,0,0,0,0,1,0,0,0,0,1
e5907246faee8432e39c260a,1,0,0,0,0,0,1,0,0,0,0,1,0,1,0,0
e5914bf1ab76a680f7f5547f,1,0,0,0,0,1,0,0,0,0,0,1,0,0,1,0
e5990eee27f989db8fbf2edb,1,0,0,0,0,1,0,0,0,0,1,0,0,0,0,1
e5a3320ef14090a300cc23c9,0,1,0,0,0,0,0,1,1,0,0,0,0,0,1,0
e5a55e1347c944f96b31f7b1,1,0,0,0,0,1,0,0,0,0,0,1,0,0,1,0
e5ac3b9e6d67ff27c4e0a368,0,0,1,0,1,0,0,0,0,1,0,0,0,0,0,1
e5b6dab931d20b1325c2c9f1,0,0,1,0,0,1,0,0,0,0,0,1,1,0,0,0
e5b9214417e684dcbfbd0c70,0,0,1,0,1,0,0,0,0,1,0,0,0,0,0,1
e5c4c8d04e075faf439a5ab5,0,1,0,0,1,0,0,0,0,0,0,1,0,0,1,0
e5cab52c4bd0d1c7d766f836,0,0,0,1,0,0,1,0,1,0,0,0,0,1,0,0
e5d463d91124d876707471bb,1,0,0,0,0,1,0,0,0,0,0,1,0,0,1,0
e5d6cd4d12025883f3f9a188,0,1,0,0,0,0,0,1,0,0,1,0,1,0,0,0
e5d865f25dda1a17a25206af,0,0,1,0,1,0,0,0,0,0,0,1,0,1,0,0
e5d8787f35f813c5814d9e46,1,0,0,0,0,1,0,0,0,0,1,0,0,0,0,1
e5e855e8635d94a3877fe0ef,0,0,0,1,0,1,0,0,0,0,1,0,1,0,0,0
e5eed7f74d5d920185ed906f,0,1,0,0,1,0,0,0,0,0,1,0,0,0,0,1
e5f012239d795feff165675e,0,0,0,1,1,0,0,0,0,1,0,0,0,0,1,0
e5f2cf0167ad6f8fa9d66047,0,1,0,0,0,0,0,1,0,0,1,0,1,0,0,0
e5f2da495a3dae259aa4928c,1,0,0,0,0,0,0,1,0,1,0,0,0,0,1,0
e5fe121bacb292c99f9ea0b7,0,0,0,1,0,1,0,0,0,0,1,0,1,0,0,0
e600aa630c54710203d761f1,0,1,0,0,0,0,0,1,1,0,0,0,0,0,1,0
e601cbf19d4c807ad74213bf,0,0,0,1,0,0,1,0,0,1,0,0,1,0,0,0
e601d0e7c8ffe84287ec3d2f,1,0,0,0,0,1,0,0,0,0,1,0,0,0,0,1
e6036c98586b2398a9d5b042,0,0,1,0,0,0,0,1,1,0,0,0,0,1,0,0
e605a72a51cc7c2b69734bd5,0,0,1,0,1,0,0,0,0,1,0,0,0,0,0,1
e6080adf89502c8f9d2a2040,0,0,1,0,0,1,0,0,0,0,0,1,1,0,0,0
e624a5de7e5ffb8d44ae6953,1,0,0,0,0,0,0,1,0,1,0,0,0,0,1,0
e6260fd56b46be431a57a601,1,0,0,0,0,0,0,1,0,0,1,0,0,1,0,0
e62cff558d4607d39cb9b879,1,0,0,0,0,0,0,1,0,1,0,0,0,0,1,0
e637faac25edee29aab6c7e4,0,0,0,1,1,0,0,0,0,0,1,0,0,1,0,0
e6394501c7aa695067493c8f,0,0,0,1,0,0,1,0,0,1,0,0,1,0,0,0
e639894a23ed822d5f570b0d,0,0,0,1,0,1,0,0,0,0,1,0,1,0,0,0
e643bc2d12af8c4e89d96ff6,0,1,0,0,0,0,1,0,0,0,0,1,1,0,0,0
e64dfed92c0ce6dc38349850,1,0,0,0,0,1,0,0,0,0,0,1,0,0,1,0
e64ec819702dc22569df326b,1,0,0,0,0,1,0,0,0,0,1,0,0,0,0,1
e650e8fe37f6ae178621a914,0,1,0,0,1,0,0,0,0,0,1,0,0,0,0,1
e657e6742a5584b8db300eae,1,0,0,0,0,0,0,1,0,1,0,0,0,0,1,0
e65b0d7bd4aa6e8b24f9a1f4,1,0,0,0,0,1,0,0,0,0,0,1,0,0,1,0
e65cac143a02803eecfbb798,1,0,0,0,0,0,0,1,0,0,1,0,0,1,0,0
e65e2a2653db391a1d5b316f,0,0,1,0,0,1,0,0,1,0,0,0,0,0,0,1
e66218ff217a9eb3bf2316da,0,1,0,0,0,0,0,1,1,0,0,0,0,0,1,0
e66ba8427f439d9011c64905,1,0,0,0,0,1,0,0,0,0,1,0,0,0,0,1
e66e17bee40f3c4863723fcd,0,1,0,0,0,0,1,0,0,0,0,1,1,0,0,0
e6715699ff7d5842b55129b8,0,0,0,1,0,1,0,0,0,0,1,0,1,0,0,0
e671f0cc3ac33df567fa985a,0,0,0,1,0,0,1,0,0,1,0,0,1,0,0,0
e678a44ad13bbdf51e454e87,0,0,0,1,0,0,1,0,0,1,0,0,1,0,0,0
e67ff7120e63e9b8f0b54b91,0,1,0,0,1,0,0,0,0,0,0,1,0,0,1,0
e68172aa6de3803fc1aa6b69,0,0,1,0,0,0,0,1,1,0,0,0,0,1,0,0
e68261deccb3a3e45c7a6456,1,0,0,0,0,1,0,0,0,0,1,0,0,0,0,1
e68c91601f8ae0a302d6ad14,0,0,0,1,0,1,0,0,1,0,0,0,0,0,1,0
e69cdd5ce8c27ed9c717f811,0,1,0,0,0,0,1,0,1,0,0,0,0,0,0,1
e69e40b929c206564d680e76,0,0,1,0,0,0,0,1,0,1,0,0,1,0,0,0
e69e85dcadb67340cbef834a,1,0,0,0,0,0,1,0,0,1,0,0,0,0,0,1
e6a0f6a10c4fb2d946ea1be9,1,0,0,0,0,0,1,0,0,0,0,1,0,1,0,0
e6a449b19f4aae9a1cd8b05f,0,0,1,0,1,0,0,0,0,0,0,1,0,1,0,0
e6a54057563eaf26fbaa5c01,0,0,0,1,0,1,0,0,0,0,1,0,1,0,0,0
e6a7cb03f471ed2be67500ef,0,0,1,0,0,1,0,0,0,0,0,1,1,0,0,0
e6afce341e0cf0187ea4be32,0,0,0,1,0,1,0,0,0,0,1,0,1,0,0,0
e6b2867de9d10986de701cba,0,0,1,0,1,0,0,0,0,0,0,1,0,1,0,0
e6b54e39260c2de661ce36aa,0,1,0,0,1,0,0,0,0,0,1,0,0,0,0,1
e6b75d371692724acab00c49,0,1,0,0,1,0,0,0,0,0,1,0,0,0,0,1
e6c05321198d09eaea3fe9ce,0,0,0,1,0,0,1,0,0,1,0,0,1,0,0,0
e6c75ceb94515d94ab19d843,0,0,0,1,0,1,0,0,1,0,0,0,0,0,1,0
e6d3a96c35bedaee982025a9,0,0,0,1,1,0,0,0,0,1,0,0,0,0,1,0
e6d56ed074abdc2b9e060550,0,1,0,0,0,0,0,1,0,0,1,0,1,0,0,0
e6d94a76c9f2b7c58e995c99,0,0,1,0,0,1,0,0,1,0,0,0,0,0,0,1
e6f1669a860db7845f54ec28,0,1,0,0,0,0,0,1,0,0,1,0,1,0,0,0
e6f3bb6cc9b054fb3b64f013,0,0,1,0,0,1,0,0,1,0,0,0,0,0,0,1
e6f7784ea6ea077ca6fc3f27,1,0,0,0,0,0,0,1,0,0,1,0,0,1,0,0
e6feeb4d024e06c0961e7dda,0,0,0,1,0,0,1,0,1,0,0,0,0,1,0,0
e6feef8266ac7787b90b022b,0,0,1,0,0,0,0,1,1,0,0,0,0,1,0,0
e70012e645692911ceca064f,0,1,0,0,0,0,0,1,0,0,1,0,1,0,0,0
e70851731451b69e1b6e3ba8,1,0,0,0,0,0,0,1,0,0,1,0,0,1,0,0
e70b5a8285890567a308e2ce,0,0,1,0,1,0,0,0,0,0,0,1,0,1,0,0
e7158e6cf4a634abdbfefead,0,0,1,0,0,1,0,0,1,0,0,0,0,0,0,1
e71f725d3bcc220c015ae3e3,0,1,0,0,0,0,1,0,1,0,0,0,0,0,0,1
e720df594e9c27cb19a9cc3e,0,0,0,1,0,0,1,0,0,1,0,0,1,0,0,0
e722ae3b9d72743c946f0cac,0,0,0,1,0,0,1,0,1,0,0,0,0,1,0,0
e72bb9945a5890ce9d1572cb,0,1,0,0,0,0,1,0,1,0,0,0,0,0,0,1
e732adcf0f941636079d573a,1,0,0,0,0,0,0,1,0,0,1,0,0,1,0,0
e735a1eaeb2de88d1151d9d9,1,0,0,0,0,0,1,0,0,0,0,1,0,1,0,0
e73efdc8ef16ffb3fef67bd3,0,1,0,0,1,0,0,0,0,0,1,0,0,0,0,1
e74341400d4b2ad5f790fe00,0,1,0,0,1,0,0,0,0,0,0,1,0,0,1,0
e7561336744d3b749fa48409,1,0,0,0,0,1,0,0,0,0,0,1,0,0,1,0
e75aa87b1b8c22780018db72,0,1,0,0,0,0,1,0,0,0,0,1,1,0,0,0
e75d0fe100d72391cdeaf09d,0,0,1,0,0,1,0,0,0,0,0,1,1,0,0,0
e762a67b82dd0515397f6b2a,0,0,0,1,0,0,1,0,0,1,0,0,1,0,0,0
e76de80fe27e23e2b7b91d87,1,0,0,0,0,0,0,1,0,0,1,0,0,1,0,0
e78016c4cbd02b8dbe791034,0,0,0,1,1,0,0,0,0,1,0,0,0,0,1,0
e7809019a397745649b4b0e7,0,0,0,1,0,1,0,0,1,0,0,0,0,0,1,0
e780edc18ab6bdfb563abb76,0,0,0,1,0,1,0,0,0,0,1,0,1,0,0,0
e78143fcdd5c97cf1417e444,0,0,1,0,1,0,0,0,0,0,0,1,0,1,0,0
e786e01d6718004845a5185b,0,0,1,0,1,0,0,0,0,1,0,0,0,0,0,1
e79d9d9628f334d6a94347b1,0,1,0,0,0,0,0,1,1,0,0,0,0,0,1,0
e7a10ec93e97d20781d44e78,0,1,0,0,1,0,0,0,0,0,0,1,0,0,1,0
e7a1f2501ed5c77c63ab218d,0,0,1,0,0,0,0,1,1,0,0,0,0,1,0,0
e7a92d3971e68cb80bbb3066,1,0,0,0,0,1,0,0,0,0,1,0,0,0,0,1
e7bf26e3488337ff28741569,0,0,1,0,1,0,0,0,0,1,0,0,0,0,0,1
e7bf5cdbbc72af954bf164b1,0,0,1,0,1,0,0,0,0,1,0,0,0,0,0,1
e7d3df5398a0df76db5fb67b,1,0,0,0,0,0,1,0,0,1,0,0,0,0,0,1
e7d9af37b5d71b1709050cf7,0,0,0,1,1,0,0,0,0,1,0,0,0,0,1,0
e7e93a4e92f7c7a2203177e5,0,0,1,0,0,1,0,0,1,0,0,0,0,0,0,1
e7f1788b3b2183c085119ab6,1,0,0,0,0,0,0,1,0,1,0,0,0,0,1,0
e7f40b8b5e4de9745acf3c9a,0,0,1,0,0,0,0,1,0,1,0,0,1,0,0,0
e7fbf04f0ea22aa74e6a97c0,1,0,0,0,0,1,0,0,0,0,1,0,0,0,0,1
e7fc9d30965b7cd926ff5153,0,1,0,0,1,0,0,0,0,0,1,0,0,0,0,1
e8088020b56668e3ee982fb0,1,0,0,0,0,0,1,0,0,1,0,0,0,0,0,1
e80a2197cadd04476eae9306,1,0,0,0,0,0,1,0,0,0,0,1,0,1,0,0
e814a61f03b53fbe3b4d8abb,1,0,0,0,0,0,1,0,0,1,0,0,0,0,0,1
e814d593b31b7c53f7b70023,0,0,1,0,0,1,0,0,1,0,0,0,0,0,0,1
e81741f160eb159dc5e0bf86,0,1,0,0,0,0,1,0,1,0,0,0,0,0,0,1
e818bc1b3f07becf424dc60a,0,1,0,0,0,0,0,1,1,0,0,0,0,0,1,0
e81e3bf8c7cb66064d085fb0,0,0,1,0,0,0,0,1,1,0,0,0,0,1,0,0
e82a22066fb3bf7401712250,0,0,0,1,0,1,0,0,1,0,0,0,0,0,1,0
e82f416de336b669b7f09137,0,0,0,1,1,0,0,0,0,0,1,0,0,1,0,0
e830490e0657c60aceb61753,0,0,0,1,0,1,0,0,1,0,0,0,0,0,1,0
e831cfdfaab5d8c5740f119a,0,0,1,0,1,0,0,0,0,0,0,1,0,1,0,0
e833070969dfcc19cbf3bccb,1,0,0,0,0,0,1,0,0,1,0,0,0,0,0,1
e8433598d716ed018174e751,1,0,0,0,0,0,0,1,0,1,0,0,0,0,1,0
e84a6d61149971eebc87c3ee,0,0,1,0,1,0,0,0,0,0,0,1,0,1,0,0
e84d22403046a1c097091a72,0,0,0,1,1,0,0,0,0,1,0,0,0,0,1,0
e84f6a5ffc9d89068a6b1ed1,0,1,0,0,0,0,0,1,0,0,1,0,1,0,0,0
e855df7ff2ff0510d66c8b4a,1,0,0,0,0,0,0,1,0,1,0,0,0,0,1,0
e8673dccf62537eb2d1c437f,0,0,1,0,0,0,0,1,0,1,0,0,1,0,0,0
e867a8bf9cb1136053fb7656,0,1,0,0,0,0,0,1,0,0,1,0,1,0,0,0
e8697794a6b549089d1d243c,0,0,1,0,1,0,0,0,0,1,0,0,0,0,0,1
e88678aa675bca90dd499246,1,0,0,0,0,1,0,0,0,0,0,1,0,0,1,0
e88e5e92724e3dd9796576d8,0,1,0,0,1,0,0,0,0,0,0,1,0,0,1,0
e898bc98df239aa3eca383a8,1,0,0,0,0,0,1,0,0,1,0,0,0,0,0,1
e8aac37501bc750836d3e61c,1,0,0,0,0,0,1,0,0,0,0,1,0,1,0,0
e8ac2ea351d897e1ec8f7a97,0,0,1,0,1,0,0,0,0,0,0,1,0,1,0,0
e8ad0ef38e7d105f47129726,0,0,0,1,0,0,1,0,0,1,0,0,1,0,0,0
e8ad92c30591a28ecfcc4c57,0,0,1,0,0,0,0,1,1,0,0,0,0,1,0,0
e8b6e9a79e560e57e87c6c93,0,0,0,1,1,0,0,0,0,1,0,0,0,0,1,0
e8bfbabad81f539817910bab,1,0,0,0,0,0,0,1,0,1,0,0,0,0,1,0
e8bfed3dcc21392c0b4787a8,0,1,0,0,0,0,0,1,1,0,0,0,0,0,1,0
e8c2a7db85f723cd57374447,0,1,0,0,0,0,0,1,1,0,0,0,0,0,1,0
e8d477024130fcc662509df6,0,0,0,1,0,0,1,0,0,1,0,0,1,0,0,0
e8d776a8ef599809e7cb12ac,1,0,0,0,0,0,1,0,0,1,0,0,0,0,0,1
e8d842c0da552ef16ebfdbe1,1,0,0,0,0,0,1,0,0,1,0,0,0,0,0,1
e8db1645b0702b617fa4c756,1,0,0,0,0,0,0,1,0,1,0,0,0,0,1,0
e8e822cdc5945b59cf2e9e2c,0,0,1,0,0,0,0,1,0,1,0,0,1,0,0,0
e8e8cf2ac260ad90ebec0522,0,0,0,1,1,0,0,0,0,1,0,0,0,0,1,0
e8ed0126862623f8ded121c7,1,0,0,0,0,0,0,1,0,0,1,0,0,1,0,0
e8edae3b4394b8e3c2411e02,1,0,0,0,0,1,0,0,0,0,0,1,0,0,1,0
e8f80fa48731d9b932b8e1e6,0,1,0,0,0,0,1,0,1,0,0,0,0,0,0,1
e8f922265c0a36156ab0ba5a,0,1,0,0,1,0,0,0,0,0,0,1,0,0,1,0
e913429ffc287e5db63e42e1,0,0,1,0,0,0,0,1,1,0,0,0,0,1,0,0
e9159954de0421c0d370bf67,0,0,0,1,1,0,0,0,0,0,1,0,0,1,0,0
e919ad000bf32d6ceb486c7c,0,0,0,1,1,0,0,0,0,1,0,0,0,0,1,0
e91ea34fb52b9caaeecdc1d1,0,1,0,0,0,0,0,1,1,0,0,0,0,0,1,0
e939c65edffe12d6df8b0b78,0,0,1,0,0,0,0,1,0,1,0,0,1,0,0,0
e94115cda94dd09c2edd3a5d,0,1,0,0,1,0,0,0,0,0,1,0,0,0,0,1
e94a22d29e18c963cdb10d39,0,0,0,1,0,1,0,0,0,0,1,0,1,0,0,0
e94d01e3d8b3fd97b955da4a,0,0,1,0,1,0,0,0,0,0,0,1,0,1,0,0
e94ea3c65ef34564ea22440e,0,0,0,1,0,1,0,0,1,0,0,0,0,0,1,0
e956ac565261066176aa5631,0,1,0,0,0,0,1,0,1,0,0,0,0,0,0,1
e95a990ba7296b3786d6778a,1,0,0,0,0,0,0,1,0,1,0,0,0,0,1,0
e961af858f72cf42b5693084,0,1,0,0,1,0,0,0,0,0,1,0,0,0,0,1
e9707f6af92b3dd4fee69dbe,0,0,1,0,0,1,0,0,0,0,0,1,1,0,0,0
e97be0b93995f5421d9be0bc,1,0,0,0,0,0,0,1,0,0,1,0,0,1,0,0
e97c663fa319cf2e2efd1e0b,0,0,1,0,0,1,0,0,0,0,0,1,1,0,0,0
e98d20a1474f3063f82305ac,0,0,1,0,0,1,0,0,0,0,0,1,1,0,0,0
e98fad0a7405c49fa1cfab02,1,0,0,0,0,1,0,0,0,0,0,1,0,0,1,0
e99277806d3633ff90d5bf23,0,0,0,1,0,0,1,0,0,1,0,0,1,0,0,0
e9948ef11a5ff6696b00d7bf,0,0,0,1,0,1,0,0,1,0,0,0,0,0,1,0
e9a7a94c0649cb5900599ca9,0,1,0,0,0,0,0,1,0,0,1,0,1,0,0,0
e9a9925912a47784897c7aa7,0,0,1,0,0,1,0,0,1,0,0,0,0,0,0,1
e9b47cd3d16a64ec7da8ce83,0,0,0,1,0,1,0,0,0,0,1,0,1,0,0,0
e9b54f6cd7f8eac431104f1d,0,0,1,0,0,0,0,1,1,0,0,0,0,1,0,0
e9b689e709dc6d76e05efde6,0,0,1,0,1,0,0,0,0,1,0,0,0,0,0,1
e9be2f9896aadc9052d3ef37,0,1,0,0,0,0,0,1,0,0,1,0,1,0,0,0
e9bea28a27c7e253608bb9b8,1,0,0,0,0,0,1,0,0,0,0,1,0,1,0,0
e9c1efae4e05954ce415278e,0,0,0,1,0,1,0,0,1,0,0,0,0,0,1,0
e9c386cd367a458e1b6d7e5e,0,0,0,1,0,0,1,0,1,0,0,0,0,1,0,0
e9ca5e4c4f3113fa5fee6d88,0,0,0,1,1,0,0,0,0,0,1,0,0,1,0,0
e9cf1d2d8aa3b3e438bf8158,1,0,0,0,0,1,0,0,0,0,1,0,0,0,0,1
e9cfc40fb114fe104ee7c792,0,0,1,0,1,0,0,0,0,0,0,1,0,1,0,0
e9dda60909735b61102277d5,0,0,1,0,0,1,0,0,0,0,0,1,1,0,0,0
e9dfbe5b2f8118710cf4b348,0,0,0,1,0,0,1,0,1,0,0,0,0,1,0,0
e9dfc5d1894de29618095eb6,1,0,0,0,0,0,0,1,0,1,0,0,0,0,1,0
e9f39da1e03b8d16df2f6d2f,0,1,0,0,1,0,0,0,0,0,0,1,0,0,1,0
e9fb04c4868fe645b3a540ca,0,0,1,0,0,1,0,0,0,0,0,1,1,0,0,0
e9fc5edf33b3f77ede5bc19d,0,0,1,0,1,0,0,0,0,1,0,0,0,0,0,1
e9fd9e3ce298fad12dd92ef8,1,0,0,0,0,0,0,1,0,0,1,0,0,1,0,0
ea0055504f772549fb05ee4c,1,0,0,0,0,0,1,0,0,0,0,1,0,1,0,0
ea00a678cde937cb679b1dd5,0,1,0,0,0,0,0,1,1,0,0,0,0,0,1,0
ea08cf1062a9bd808afc0e90,1,0,0,0,0,0,1,0,0,0,0,1,0,1,0,0
ea0a3ad8cb9a1708954a991b,0,0,1,0,0,0,0,1,0,1,0,0,1,0,0,0
ea10d7c1d82819320ff2ff52,1,0,0,0,0,0,0,1,0,0,1,0,0,1,0,0
ea11d6f383cae15fdb45e47b,0,1,0,0,0,0,1,0,1,0,0,0,0,0,0,1
ea12986a2565d169a57e1d94,0,0,0,1,0,0,1,0,0,1,0,0,1,0,0,0
ea1914b3e69dce59f3854383,1,0,0,0,0,0,0,1,0,0,1,0,0,1,0,0
ea1ccde9072a96ffe65a235d,0,1,0,0,0,0,1,0,1,0,0,0,0,0,0,1
ea2e275260ba7fd9349b9f62,0,0,0,1,0,0,1,0,0,1,0,0,1,0,0,0
ea31234e71dcbfce052afde4,0,1,0,0,1,0,0,0,0,0,1,0,0,0,0,1
ea33706d20597220a2daddcb,0,1,0,0,0,0,1,0,1,0,0,0,0,0,0,1
ea3414cf59d14f890b6417d9,0,0,1,0,0,1,0,0,1,0,0,0,0,0,0,1
ea36807b95bc605a5ac4c899,0,0,1,0,1,0,0,0,0,0,0,1,0,1,0,0
ea3e666812ed2c02361a7d86,0,1,0,0,1,0,0,0,0,0,0,1,0,0,1,0
ea52db8c73c3cb812221caf2,1,0,0,0,0,0,0,1,0,1,0,0,0,0,1,0
ea548f30dc70b88fb3b6fc4d,1,0,0,0,0,0,1,0,0,0,0,1,0,1,0,0
ea5c409d0c45fceef029aeae,0,0,1,0,0,0,0,1,1,0,0,0,0,1,0,0
ea6049f26e1608b0410bdf20,0,0,1,0,0,0,0,1,1,0,0,0,0,1,0,0
ea7782d39e11ce33acbeb7d0,0,1,0,0,0,0,1,0,1,0,0,0,0,0,0,1
ea796d14e46b7b94824485a4,0,0,0,1,0,1,0,0,0,0,1,0,1,0,0,0
ea87356a962c7859cc721e5d,1,0,0,0,0,0,0,1,0,1,0,0,0,0,1,0
ea8e05145619d361b3575b5c,0,0,1,0,0,0,0,1,0,1,0,0,1,0,0,0
ea9bad62c443deddaa65b546,0,0,0,1,0,1,0,0,1,0,0,0,0,0,1,0
eaa67283662e891cca5c3a36,0,1,0,0,1,0,0,0,0,0,1,0,0,0,0,1
eaa7706ca5380944a0348097,0,0,1,0,0,0,0,1,0,1,0,0,1,0,0,0
eaa9ba692e2f6c3c20d22e92,0,1,0,0,0,0,1,0,1,0,0,0,0,0,0,1
eaaaf8900b5a81ea1f8ceb10,0,0,0,1,1,0,0,0,0,0,1,0,0,1,0,0
eaacd16d5eae71a33fabc7a4,0,0,1,0,1,0,0,0,0,0,0,1,0,1,0,0
eab2a9105e795cb70ffb9aa0,0,1,0,0,0,0,0,1,0,0,1,0,1,0,0,0
eab5ff218e9fd9288a1ebfa2,0,0,1,0,0,0,0,1,1,0,0,0,0,1,0,0
eab904953f35ea297c1a8b78,1,0,0,0,0,0,0,1,0,1,0,0,0,0,1,0
eac174c73a1180c36101079e,1,0,0,0,0,0,0,1,0,1,0,0,0,0,1,0
eac30af6bb3cb6110a4d9012,0,0,0,1,0,1,0,0,0,0,1,0,1,0,0,0
eac3ad35313bfb5b2a1d7182,1,0,0,0,0,0,0,1,0,1,0,0,0,0,1,0
eac9de146f7321540ac0c603,0,0,0,1,0,0,1,0,0,1,0,0,1,0,0,0
eac9f5f5ffba93f0c528d793,0,0,1,0,0,0,0,1,1,0,0,0,0,1,0,0
eacbe5fb8fe8375b1866d90e,0,0,0,1,0,0,1,0,0,1,0,0,1,0,0,0
ead2c539cb49c8875c2c12cf,0,0,0,1,0,0,1,0,0,1,0,0,1,0,0,0
ead7e9bd69ccee4add2df145,1,0,0,0,0,0,0,1,0,1,0,0,0,0,1,0
eadfc1f29489b1b8a87603ab,0,1,0,0,1,0,0,0,0,0,0,1,0,0,1,0
eae04aacf929691a0913e545,0,0,0,1,0,0,1,0,0,1,0,0,1,0,0,0
eaed8b67117172d90324bc8e,1,0,0,0,0,0,1,0,0,0,0,1,0,1,0,0
eaee24e6b40b28d68930e941,0,1,0,0,0,0,1,0,1,0,0,0,0,0,0,1
eaee9a4aea9f589aecdce6b0,0,0,0,1,1,0,0,0,0,1,0,0,0,0,1,0
eaef8fb71897d4e676e7d493,1,0,0,0,0,1,0,0,0,0,1,0,0,0,0,1
eaf029f47c2f34dddab5503f,1,0,0,0,0,0,1,0,0,1,0,0,0,0,0,1
eaf0a1fd38f448053c378bdd,1,0,0,0,0,0,0,1,0,1,0,0,0,0,1,0
eaf2762f1558fee29ad8a2b8,0,0,1,0,0,0,0,1,1,0,0,0,0,1,0,0
eafa00190940bd187e9b2a25,1,0,0,0,0,0,0,1,0,0,1,0,0,1,0,0
eb028b7e535f1085b9a0f856,0,1,0,0,1,0,0,0,0,0,1,0,0,0,0,1
eb0ab354ce07b69ad1c9b985,0,1,0,0,1,0,0,0,0,0,0,1,0,0,1,0
eb16c19a7252af2c2d66339d,0,0,0,1,0,0,1,0,0,1,0,0,1,0,0,0
eb1b2269485c3d7c2cb352ff,0,0,0,1,0,0,1,0,1,0,0,0,0,1,0,0
eb1bf079d8dc4c76de57db00,0,0,0,1,0,0,1,0,1,0,0,0,0,1,0,0
eb21e41cdb9a755dc127527e,0,0,0,1,1,0,0,0,0,1,0,0,0,0,1,0
eb23a9dd2f2e85b7e3450d2b,1,0,0,0,0,0,1,0,0,0,0,1,0,1,0,0
eb2bbe756f3aa5e552d70bb1,0,0,0,1,0,0,1,0,0,1,0,0,1,0,0,0
eb2ce890dbb7fb6c9976882b,0,0,1,0,1,0,0,0,0,1,0,0,0,0,0,1
eb2e2c93981ac9a3055b2007,0,1,0,0,0,0,1,0,1,0,0,0,0,0,0,1
eb40727054a03f6937bf97b6,1,0,0,0,0,1,0,0,0,0,1,0,0,0,0,1
eb4977eac50c5cd95a6ae993,0,0,1,0,0,1,0,0,0,0,0,1,1,0,0,0
eb4ae6fc8b9351b2df8da829,0,0,0,1,1,0,0,0,0,0,1,0,0,1,0,0
eb4ce3bd0258e555a3c48ef9,0,0,0,1,0,1,0,0,1,0,0,0,0,0,1,0
eb4da6b0e9b968b5d61c5ff7,1,0,0,0,0,1,0,0,0,0,1,0,0,0,0,1
eb52cf5c396a9b9443b1de20,0,1,0,0,0,0,1,0,1,0,0,0,0,0,0,1
eb55f44dc168d4c91656b59d,0,0,1,0,0,1,0,0,0,0,0,1,1,0,0,0
eb5b4a6bfb35db1f73d44b0a,0,1,0,0,0,0,0,1,0,0,1,0,1,0,0,0
eb713c5b3d02c5d5c52a2bd7,1,0,0,0,0,0,0,1,0,1,0,0,0,0,1,0
eb8440ca6158795ea948112e,1,0,0,0,0,1,0,0,0,0,0,1,0,0,1,0
eb8e7608751f86a31517cb89,0,0,1,0,1,0,0,0,0,1,0,0,0,0,0,1
eb900546c45923565d99bdb4,1,0,0,0,0,0,0,1,0,1,0,0,0,0,1,0
eb924bec4f7ec2c72f20b0b1,1,0,0,0,0,0,1,0,0,0,0,1,0,1,0,0
eba3a82ee3340a5675dfb552,1,0,0,0,0,1,0,0,0,0,1,0,0,0,0,1
ebb74e82fd8e741e88be4261,0,0,0,1,1,0,0,0,0,1,0,0,0,0,1,0
ebba6a9f37534f214e6bab12,0,0,0,1,1,0,0,0,0,0,1,0,0,1,0,0
ebbc1efae8e90588475a9777,0,1,0,0,0,0,1,0,1,0,0,0,0,0,0,1
ebc7dda588d0e2a214fc906e,0,1,0,0,0,0,1,0,0,0,0,1,1,0,0,0
ebc84eeb04e54e082c0b02a4,0,0,1,0,1,0,0,0,0,1,0,0,0,0,0,1
ebce04f66b9d8e09b08c86db,0,0,0,1,0,1,0,0,0,0,1,0,1,0,0,0
ebcf15377a8c07023cf91cf7,0,0,1,0,0,1,0,0,1,0,0,0,0,0,0,1
ebd393b904fa5ed0e3e853dc,1,0,0,0,0,1,0,0,0,0,1,0,0,0,0,1
ebedba1eecff6534a6080c11,0,0,0,1,0,1,0,0,1,0,0,0,0,0,1,0
ebfba60ab5879b918a4697eb,0,0,1,0,1,0,0,0,0,0,0,1,0,1,0,0
ec06892e8ef67ccab1bdabb1,0,0,1,0,1,0,0,0,0,1,0,0,0,0,0,1
ec0bfbc370ccbbd033d6e27b,0,0,1,0,1,0,0,0,0,0,0,1,0,1,0,0
ec0f13e49de13d98cb171403,0,0,0,1,1,0,0,0,0,1,0,0,0,0,1,0
ec0fec47dff4caf61158b898,1,0,0,0,0,1,0,0,0,0,1,0,0,0,0,1
ec14dfe18f25b4316f68dc75,1,0,0,0,0,0,1,0,0,0,0,1,0,1,0,0
ec16fb64a7786e572bbc753c,0,1,0,0,1,0,0,0,0,0,0,1,0,0,1,0
ec1cf0e6495894baf4e2311d,0,1,0,0,0,0,1,0,0,0,0,1,1,0,0,0
ec21f984befefa751db28971,1,0,0,0,0,0,0,1,0,0,1,0,0,1,0,0
ec273cd3d3f843e700d3f236,0,0,0,1,0,1,0,0,0,0,1,0,1,0,0,0
ec2a07fb59dcef9e13e2f18a,1,0,0,0,0,0,1,0,0,1,0,0,0,0,0,1
ec35802b5e2affedde80185f,0,0,0,1,0,1,0,0,0,0,1,0,1,0,0,0
ec423d3013a1e8080063bcea,0,0,1,0,0,1,0,0,1,0,0,0,0,0,0,1
ec4b18b9ae543bbd8b682883,1,0,0,0,0,1,0,0,0,0,0,1,0,0,1,0
ec5458a8eadf9eeb572fb923,0,0,0,1,0,0,1,0,1,0,0,0,0,1,0,0
ec5a523a96a16d08dc2a9c4a,0,0,1,0,0,1,0,0,0,0,0,1,1,0,0,0
ec64244bac8270df02bd705f,0,0,1,0,0,1,0,0,0,0,0,1,1,0,0,0
ec6816c876d898ae563f40db,0,0,0,1,0,0,1,0,1,0,0,0,0,1,0,0
ec79b85c8c813a75deda69f4,1,0,0,0,0,1,0,0,0,0,0,1,0,0,1,0
ec7b190072449c4d8aa0e74f,0,1,0,0,1,0,0,0,0,0,1,0,0,0,0,1
ec7fa21acde3af4586fb30ab,0,0,1,0,0,1,0,0,0,0,0,1,1,0,0,0
ec9b53ecc10586a7f015a670,1,0,0,0,0,1,0,0,0,0,1,0,0,0,0,1
ec9dabd2766615086e6c7efb,0,1,0,0,1,0,0,0,0,0,0,1,0,0,1,0
ec9f7ff9f44d5343757e7b0d,0,1,0,0,0,0,0,1,1,0,0,0,0,0,1,0
eca074951f14abac2b53ef33,0,0,0,1,0,1,0,0,0,0,1,0,1,0,0,0
eca3a1e9ee60c9559d61e546,0,0,0,1,0,1,0,0,1,0,0,0,0,0,1,0
eca6ec7f6ceeb74f4db51ab8,1,0,0,0,0,0,1,0,0,0,0,1,0,1,0,0
ecaf052cebe449243acd503e,1,0,0,0,0,0,1,0,0,1,0,0,0,0,0,1
ecb4282f2d6c01c92487084f,0,1,0,0,0,0,1,0,1,0,0,0,0,0,0,1
ecbaec9cf99874574bff9eec,0,0,0,1,1,0,0,0,0,0,1,0,0,1,0,0
ecbb127eb21cf6e5f2b2ad22,0,0,1,0,1,0,0,0,0,0,0,1,0,1,0,0
ecc6d938d7ffbf1f5f938c52,0,0,0,1,1,0,0,0,0,1,0,0,0,0,1,0
ecca6555c6028c5461911a2a,0,0,1,0,1,0,0,0,0,1,0,0,0,0,0,1
eccbf4fdfe02255a6166b2c6,0,0,1,0,1,0,0,0,0,1,0,0,0,0,0,1
eccd2b99d493abe69cc4b82e,1,0,0,0,0,0,1,0,0,0,0,1,0,1,0,0
eccf6c07badec5b0a64c2f5b,1,0,0,0,0,1,0,0,0,0,1,0,0,0,0,1
ecd46eaacd4243a9c6aa91bf,0,1,0,0,1,0,0,0,0,0,0,1,0,0,1,0
ece652b2020293dfc8d7db14,0,0,0,1,1,0,0,0,0,1,0,0,0,0,1,0
ece9023541ce292b1aecc486,0,1,0,0,0,0,1,0,1,0,0,0,0,0,0,1
ecedf79831e0372386e93a9b,0,0,1,0,0,0,0,1,0,1,0,0,1,0,0,0
ecef10d5ec349cd25a7f424a,0,0,1,0,0,0,0,1,1,0,0,0,0,1,0,0
ecf1fddd638a4d6eb7748318,0,0,0,1,1,0,0,0,0,1,0,0,0,0,1,0
ecf55b1869d8ee286bd6a8b3,0,0,1,0,0,0,0,1,0,1,0,0,1,0,0,0
ecf5914cc4a1bd7ef9c300d0,1,0,0,0,0,1,0,0,0,0,0,1,0,0,1,0
ed056af365549453a53e3418,0,0,0,1,0,0,1,0,0,1,0,0,1,0,0,0
ed20309ec4f8752b5c4e2b21,0,0,1,0,1,0,0,0,0,0,0,1,0,1,0,0
ed25907982fe2dd976a98c72,0,0,0,1,1,0,0,0,0,0,1,0,0,1,0,0
ed2d047113f62ef388b0605e,1,0,0,0,0,0,0,1,0,0,1,0,0,1,0,0
ed3256d74e49772cd0acd375,1,0,0,0,0,1,0,0,0,0,0,1,0,0,1,0
ed3306d5682102bb330ff5e5,0,1,0,0,0,0,0,1,0,0,1,0,1,0,0,0
ed430006059b5a5cb128f14c,0,0,0,1,1,0,0,0,0,1,0,0,0,0,1,0
ed5e10ab676592c6f577e692,0,0,0,1,0,1,0,0,0,0,1,0,1,0,0,0
ed5e6d6276e51198b93d3a87,1,0,0,0,0,0,1,0,0,0,0,1,0,1,0,0
ed645cd824acc1ab67a85dde,0,0,1,0,0,0,0,1,0,1,0,0,1,0,0,0
ed670bed076a784cb783b713,0,1,0,0,0,0,1,0,0,0,0,1,1,0,0,0
ed709451bdfb16e4bad5c500,0,0,1,0,0,0,0,1,1,0,0,0,0,1,0,0
ed724983cd684ca9fbd4646c,0,0,0,1,0,0,1,0,0,1,0,0,1,0,0,0
ed793d07f54127cc2d7acb4a,0,0,0,1,0,0,1,0,0,1,0,0,1,0,0,0
ed79cb00db563e131d02a476,0,0,0,1,0,1,0,0,1,0,0,0,0,0,1,0
ed803b5956be28d6c60883ce,0,0,1,0,1,0,0,0,0,0,0,1,0,1,0,0
ed8425cc4a62d2cda31191aa,1,0,0,0,0,1,0,0,0,0,1,0,0,0,0,1
ed879870f46a0afd86523b75,0,1,0,0,0,0,0,1,1,0,0,0,0,0,1,0
ed89d25ed1ca12312b774c61,0,1,0,0,0,0,1,0,0,0,0,1,1,0,0,0
ed8b2fae1b75e1da744516db,1,0,0,0,0,0,1,0,0,0,0,1,0,1,0,0
ed9b6217f83172ad6f66bd9d,0,0,0,1,0,0,1,0,0,1,0,0,1,0,0,0
edad071955358f7c876aa72d,0,0,0,1,0,1,0,0,1,0,0,0,0,0,1,0
edba2ce68c675fb5a43e818c,1,0,0,0,0,0,1,0,0,0,0,1,0,1,0,0
edbc6f3e5800d87b95a833b3,1,0,0,0,0,1,0,0,0,0,0,1,0,0,1,0
edc025adeb373d07383346b4,0,0,0,1,0,0,1,0,0,1,0,0,1,0,0,0
edc66a63e5b4d59bcd04983d,0,0,1,0,0,0,0,1,1,0,0,0,0,1,0,0
edc7d8598c74c23222d30a07,0,1,0,0,1,0,0,0,0,0,0,1,0,0,1,0
edcb75dbd62c9e51f19080af,1,0,0,0,0,0,0,1,0,0,1,0,0,1,0,0
edd4bda4e85b6249fd75ebe0,0,1,0,0,0,0,0,1,1,0,0,0,0,0,1,0
eddac317722ab8f065c43c90,1,0,0,0,0,1,0,0,0,0,1,0,0,0,0,1
ede1a88a67cdf4b8356df6be,0,0,1,0,1,0,0,0,0,0,0,1,0,1,0,0
ede1b09e94e5fcd9f9433855,0,0,0,1,1,0,0,0,0,1,0,0,0,0,1,0
ede3463bc9627aac66519005,1,0,0,0,0,1,0,0,0,0,1,0,0,0,0,1
edf5fb17a1bf49b42912d0f0,1,0,0,0,0,0,1,0,0,1,0,0,0,0,0,1
ee0385d27494f63bb911ec9a,0,0,0,1,1,0,0,0,0,1,0,0,0,0,1,0
ee06050c1793620a1cdc9340,1,0,0,0,0,0,0,1,0,1,0,0,0,0,1,0
ee14380d0463e63381673c0f,0,0,1,0,1,0,0,0,0,1,0,0,0,0,0,1
ee16416de0b3a092c1ef8aa2,0,1,0,0,0,0,1,0,1,0,0,0,0,0,0,1
ee1aa5d23194b2c16616b119,1,0,0,0,0,0,0,1,0,0,1,0,0,1,0,0
ee1bee381acabc92abbb0758,0,1,0,0,1,0,0,0,0,0,0,1,0,0,1,0
ee1c7c7a549a8f277fc591f1,0,0,0,1,0,1,0,0,1,0,0,0,0,0,1,0
ee1de5bcad550960b563bd92,0,0,1,0,0,0,0,1,0,1,0,0,1,0,0,0
ee1ece2dd91a86bbe33eef44,0,0,0,1,0,1,0,0,1,0,0,0,0,0,1,0
ee2101f1fb5645e4b1005b08,1,0,0,0,0,1,0,0,0,0,1,0,0,0,0,1
ee26a57bcd358a4eb82449ca,1,0,0,0,0,0,0,1,0,1,0,0,0,0,1,0
ee29f8b3286ef0679501337f,1,0,0,0,0,0,1,0,0,1,0,0,0,0,0,1
ee39c2aed81b9468200f83a5,0,0,0,1,0,1,0,0,1,0,0,0,0,0,1,0
ee4b173a08d69a83e4e94ac7,1,0,0,0,0,1,0,0,0,0,1,0,0,0,0,1
ee5094adfa3054999cfc3865,0,0,0,1,0,0,1,0,0,1,0,0,1,0,0,0
ee5d8eff291bc2d1d61d4881,1,0,0,0,0,1,0,0,0,0,1,0,0,0,0,1
ee5e6332bf650e64f600db82,0,1,0,0,0,0,1,0,0,0,0,1,1,0,0,0
ee63deb8b544ed6b5cc9e649,0,0,1,0,0,1,0,0,0,0,0,1,1,0,0,0
ee78854df17a82aaba4c30d4,1,0,0,0,0,0,1,0,0,1,0,0,0,0,0,1
ee7f65a44475cb13a5a68df2,0,0,0,1,0,0,1,0,0,1,0,0,1,0,0,0
ee811ec4ae03a600377cfa84,0,1,0,0,1,0,0,0,0,0,1,0,0,0,0,1
ee829bb75b1dfb43a4c7b94c,0,1,0,0,0,0,1,0,0,0,0,1,1,0,0,0
ee840f7a19fae28dcf49a214,0,0,1,0,0,1,0,0,1,0,0,0,0,0,0,1
ee849c125c7afe0ca2846894,1,0,0,0,0,0,1,0,0,1,0,0,0,0,0,1
ee85113cfbd247d28f8f3ac2,0,0,0,1,0,0,1,0,1,0,0,0,0,1,0,0
ee855772c516ccc3a62ccf7c,0,1,0,0,0,0,0,1,0,0,1,0,1,0,0,0
ee95501f6c21d9c93202c4dc,0,0,0,1,0,0,1,0,1,0,0,0,0,1,0,0
ee97ca9f0400b31058e47ff2,0,1,0,0,0,0,1,0,1,0,0,0,0,0,0,1
ee992a39d0d35e0f59c3f315,0,0,1,0,1,0,0,0,0,0,0,1,0,1,0,0
ee99b919a248f4476ec3386a,1,0,0,0,0,1,0,0,0,0,0,1,0,0,1,0
ee9d74e35674b323b9e19564,0,0,0,1,0,1,0,0,1,0,0,0,0,0,1,0
eea4c87d7b4d02e5690daae3,0,0,1,0,1,0,0,0,0,1,0,0,0,0,0,1
eeae0b006b400866b9da8e96,0,1,0,0,0,0,0,1,1,0,0,0,0,0,1,0
eeb1bff7ae9fad2cde32738f,1,0,0,0,0,1,0,0,0,0,0,1,0,0,1,0
eeb5513200c5e24ecfc1da4f,1,0,0,0,0,1,0,0,0,0,0,1,0,0,1,0
eeb9ca75111f615b1332ec94,0,0,0,1,1,0,0,0,0,1,0,0,0,0,1,0
eebfc2da0c1de2a8fbf01dd9,0,0,0,1,0,1,0,0,1,0,0,0,0,0,1,0
eebfc76093a9fc4ce311fafb,1,0,0,0,0,0,1,0,0,1,0,0,0,0,0,1
eec2db3f9f11db9dbff4ba69,0,0,0,1,0,1,0,0,0,0,1,0,1,0,0,0
eec72921188cac8a00045cf7,0,0,0,1,0,1,0,0,0,0,1,0,1,0,0,0
eecbda7872c1e9e67cb78908,0,0,0,1,0,1,0,0,1,0,0,0,0,0,1,0
eed0a18eb847e7cb81364bde,1,0,0,0,0,0,0,1,0,1,0,0,0,0,1,0
eed626d73bf877aa762e1dfb,0,0,0,1,1,0,0,0,0,1,0,0,0,0,1,0
eed7c7c4e4473f37dd3b554d,0,0,1,0,1,0,0,0,0,1,0,0,0,0,0,1
eed90887ff246573e9f2b8a8,0,1,0,0,1,0,0,0,0,0,0,1,0,0,1,0
eedc980fb93ee02c078d823b,0,1,0,0,1,0,0,0,0,0,1,0,0,0,0,1
eee00a216a99f1478fe17f69,1,0,0,0,0,1,0,0,0,0,0,1,0,0,1,0
eee1522204769ec4602c37d0,0,1,0,0,0,0,0,1,0,0,1,0,1,0,0,0
eee3760a93323e20656bb23a,0,0,1,0,0,1,0,0,0,0,0,1,1,0,0,0
eee795574c049dae4869715b,1,0,0,0,0,1,0,0,0,0,1,0,0,0,0,1
eeeb845c069609487a8e81c7,0,1,0,0,0,0,1,0,0,0,0,1,1,0,0,0
ef114827d642c4f881194a52,1,0,0,0,0,0,1,0,0,1,0,0,0,0,0,1
ef120b4ed9e257347dbdbaea,1,0,0,0,0,1,0,0,0,0,0,1,0,0,1,0
ef219318c4fb697ccd543294,0,1,0,0,1,0,0,0,0,0,0,1,0,0,1,0
ef291c8710d861a87a7ff4a5,0,0,0,1,0,1,0,0,1,0,0,0,0,0,1,0
ef2a14686a9270f31c1112f6,0,0,0,1,0,0,1,0,0,1,0,0,1,0,0,0
ef2a56fe88ea3832d1ec756b,0,0,1,0,0,1,0,0,0,0,0,1,1,0,0,0
ef356f458daf617e62f842da,1,0,0,0,0,0,0,1,0,0,1,0,0,1,0,0
ef3a4c2772f54898153efe2d,1,0,0,0,0,0,0,1,0,1,0,0,0,0,1,0
ef450ed4350c2bfd40cab89d,0,0,0,1,0,0,1,0,0,1,0,0,1,0,0,0
ef47bfc00e4cb3624ff1ebe1,0,1,0,0,1,0,0,0,0,0,0,1,0,0,1,0
ef5a2c42802a6958cbbcd62a,0,0,0,1,0,0,1,0,0,1,0,0,1,0,0,0
ef5cc191514120ea84dc8d29,1,0,0,0,0,1,0,0,0,0,1,0,0,0,0,1
ef5de11142bb96b7bd4964e2,0,1,0,0,0,0,1,0,0,0,0,1,1,0,0,0
ef69488305135674b0a1ff3c,1,0,0,0,0,0,1,0,0,0,0,1,0,1,0,0
ef6aa85d526ae569f79c6915,0,1,0,0,0,0,0,1,0,0,1,0,1,0,0,0
ef84c84e0d773f870372af27,0,1,0,0,0,0,1,0,1,0,0,0,0,0,0,1
ef8584966e3ea370db7c3d92,1,0,0,0,0,0,1,0,0,0,0,1,0,1,0,0
ef9eee4ea8730c583a9d81cb,0,0,0,1,0,1,0,0,1,0,0,0,0,0,1,0
efa0c936ce4aa44de99c0f11,0,1,0,0,1,0,0,0,0,0,1,0,0,0,0,1
efb33a3e65816298190dc789,0,0,1,0,0,1,0,0,1,0,0,0,0,0,0,1
efbbb7489c4c5408e90501f8,0,0,0,1,1,0,0,0,0,1,0,0,0,0,1,0
efbd5012736dc11e1887b8d8,0,0,0,1,0,0,1,0,1,0,0,0,0,1,0,0
efbdcdf0d13dda7aa34c3431,1,0,0,0,0,1,0,0,0,0,1,0,0,0,0,1
efc4fa2007bbc030b4e89065,0,0,1,0,0,0,0,1,1,0,0,0,0,1,0,0
efc6b396abcfd26e1a4e467c,1,0,0,0,0,1,0,0,0,0,0,1,0,0,1,0
efcbd2868dc02172218a5c4d,0,0,1,0,1,0,0,0,0,0,0,1,0,1,0,0
efcf70cbb4841c384043a878,0,0,0,1,0,1,0,0,1,0,0,0,0,0,1,0
efd135299cd2d295b09a5292,0,0,1,0,0,1,0,0,0,0,0,1,1,0,0,0
efd32031782f9d1f1fd979ad,0,0,1,0,0,0,0,1,0,1,0,0,1,0,0,0
efd46b1847f40f38450c3787,0,0,1,0,1,0,0,0,0,1,0,0,0,0,0,1
efe32e90b929f9d536fac764,0,0,0,1,1,0,0,0,0,0,1,0,0,1,0,0
efe64edf8c590d00f038865f,0,0,0,1,0,1,0,0,0,0,1,0,1,0,0,0
efe84c6f3d37b8be807dcdab,0,0,0,1,1,0,0,0,0,0,1,0,0,1,0,0
efe9bdc65ba1bac454e6f7e4,0,0,0,1,1,0,0,0,0,1,0,0,0,0,1,0
efeb3f39b95a492663fb68a2,0,0,1,0,0,0,0,1,0,1,0,0,1,0,0,0
efeddb38a44aff72883611c1,1,0,0,0,0,0,0,1,0,0,1,0,0,1,0,0
efee49e4f2af4c4016543afe,0,0,0,1,0,0,1,0,0,1,0,0,1,0,0,0
effa76b1f9fe4a3a781c0bb0,0,0,0,1,0,1,0,0,0,0,1,0,1,0,0,0
f00163a1beeaa117646ff4b8,0,0,1,0,0,0,0,1,0,1,0,0,1,0,0,0
f00449b58edde278d52925b1,0,0,1,0,0,1,0,0,1,0,0,0,0,0,0,1
f0058b4d04da725bb5957038,1,0,0,0,0,1,0,0,0,0,1,0,0,0,0,1
f00f03927ffbe9999f66044a,0,0,1,0,1,0,0,0,0,1,0,0,0,0,0,1
f00f1ee5b43bd98ad46281e7,0,0,1,0,1,0,0,0,0,1,0,0,0,0,0,1
f00fb2b271d8748c93a96919,0,0,0,1,0,0,1,0,1,0,0,0,0,1,0,0
f0130f141eb110f61eb63f9a,0,1,0,0,1,0,0,0,0,0,1,0,0,0,0,1
f0190dd8b271157a4538a7e8,1,0,0,0,0,0,0,1,0,0,1,0,0,1,0,0
f01ad3b5323f99c4ce495568,0,0,0,1,0,0,1,0,0,1,0,0,1,0,0,0
f0211b50383ea3ca5ea02673,0,0,0,1,1,0,0,0,0,0,1,0,0,1,0,0
f0219e3bbd3b5bbed12c88e5,0,1,0,0,0,0,1,0,1,0,0,0,0,0,0,1
f02919a8569e7717bd3f5f7f,0,0,1,0,0,0,0,1,1,0,0,0,0,1,0,0
f0482ce42e09a04906132086,1,0,0,0,0,1,0,0,0,0,0,1,0,0,1,0
f04d18333e1bb63594ec344d,1,0,0,0,0,1,0,0,0,0,0,1,0,0,1,0
f060af203899e25a1649230e,0,0,0,1,0,1,0,0,0,0,1,0,1,0,0,0
f064bef24333b20d0620d43f,0,0,1,0,0,1,0,0,0,0,0,1,1,0,0,0
f06a1b5f86850016ceb6f332,0,0,0,1,0,1,0,0,0,0,1,0,1,0,0,0
f06bc737387c0353b49184cb,0,1,0,0,0,0,0,1,0,0,1,0,1,0,0,0
f06cec980e8f84da3e01ea21,1,0,0,0,0,0,0,1,0,0,1,0,0,1,0,0
f06e4d8a64b9f2392789a2d5,0,1,0,0,0,0,0,1,0,0,1,0,1,0,0,0
f07b309d6b706af07d5f774a,0,0,0,1,0,1,0,0,1,0,0,0,0,0,1,0
f082f5dff00c38b2b0ed00cc,1,0,0,0,0,0,1,0,0,1,0,0,0,0,0,1
f0904e792862014f84c0c058,1,0,0,0,0,1,0,0,0,0,0,1,0,0,1,0
f096a3856a02fc78989f49eb,0,0,0,1,0,1,0,0,0,0,1,0,1,0,0,0
f09a1fc0f1b7952e4a6df631,1,0,0,0,0,1,0,0,0,0,1,0,0,0,0,1
f09d5d31eb7f221b52080de4,0,0,0,1,0,1,0,0,1,0,0,0,0,0,1,0
f09d6b86f238b17c178d8731,0,0,1,0,0,0,0,1,1,0,0,0,0,1,0,0
f0a8b4b21788581903b264f5,0,0,1,0,1,0,0,0,0,0,0,1,0,1,0,0
f0a9696566988c50c5491f1a,0,0,1,0,0,0,0,1,1,0,0,0,0,1,0,0
f0af141e47cad77db66a0a03,1,0,0,0,0,0,0,1,0,1,0,0,0,0,1,0
f0be163928d5b0b552df1bbf,0,1,0,0,0,0,1,0,0,0,0,1,1,0,0,0
f0c56a4e402787d2e1a13d9e,0,0,1,0,0,1,0,0,1,0,0,0,0,0,0,1
f0ddef7dea374a3312a058ee,0,0,1,0,0,1,0,0,0,0,0,1,1,0,0,0
f0e56e4f40ad13e5984108e3,0,0,1,0,0,0,0,1,0,1,0,0,1,0,0,0
f0f69649e903bee2dc481d75,0,0,1,0,0,0,0,1,1,0,0,0,0,1,0,0
f0f6c9fd0966498076c3d031,0,0,0,1,1,0,0,0,0,1,0,0,0,0,1,0
f1044e2747bf7a3b1ee5f721,0,0,1,0,0,0,0,1,1,0,0,0,0,1,0,0
f106291368a40f9da652923b,0,0,0,1,0,0,1,0,0,1,0,0,1,0,0,0
f113ac168b185f8070f1e3a7,0,1,0,0,0,0,0,1,0,0,1,0,1,0,0,0
f116750a2a32c10188c58b2b,1,0,0,0,0,0,1,0,0,0,0,1,0,1,0,0
f118afad5be26012180ebc6c,0,1,0,0,0,0,0,1,0,0,1,0,1,0,0,0
f119c51566a7f423958de560,1,0,0,0,0,1,0,0,0,0,0,1,0,0,1,0
f1200133c92dc7b6df5abb1b,0,0,0,1,1,0,0,0,0,0,1,0,0,1,0,0
f1217e81eb93bba38ebe0f18,0,0,0,1,1,0,0,0,0,1,0,0,0,0,1,0
f123a5c8814cf9f99805040b,1,0,0,0,0,1,0,0,0,0,1,0,0,0,0,1
f123fcb26f47bbc0ae344f64,0,0,1,0,0,1,0,0,1,0,0,0,0,0,0,1
f1355d4e3c9af88a12213aed,0,1,0,0,0,0,1,0,0,0,0,1,1,0,0,0
f14b4b44f80d627cf3adf2bb,0,0,1,0,0,0,0,1,1,0,0,0,0,1,0,0
f14b7b54f7464055200af59d,0,1,0,0,0,0,0,1,1,0,0,0,0,0,1,0
f14dbc90952743d54d79be03,0,0,1,0,1,0,0,0,0,0,0,1,0,1,0,0
f14e6672c51d35dbdd0825d4,0,1,0,0,0,0,0,1,1,0,0,0,0,0,1,0
f14f3cc284ce821391a1153e,0,0,1,0,0,1,0,0,0,0,0,1,1,0,0,0
f169a1c0c5c826ebef2a41cc,0,1,0,0,1,0,0,0,0,0,0,1,0,0,1,0
f16bcbfeca6766efd49f46c2,1,0,0,0,0,0,0,1,0,1,0,0,0,0,1,0
f1713d39320bb492ec26e78e,0,0,0,1,0,1,0,0,1,0,0,0,0,0,1,0
f175f4c34fdfa576e7984f05,1,0,0,0,0,0,0,1,0,1,0,0,0,0,1,0
f17866fcd1ae20315a985aa9,1,0,0,0,0,1,0,0,0,0,0,1,0,0,1,0
f178933155a94bacc799f07d,0,1,0,0,0,0,1,0,1,0,0,0,0,0,0,1
f17d25b75c8e5fe2c16524cf,0,0,0,1,0,1,0,0,1,0,0,0,0,0,1,0
f1819ef209a0aaceb28aea2d,1,0,0,0,0,0,1,0,0,1,0,0,0,0,0,1
f181fcd04f8920339726261c,0,0,1,0,0,0,0,1,0,1,0,0,1,0,0,0
f18bf9e4c422caafbd79f0b7,0,0,1,0,0,0,0,1,1,0,0,0,0,1,0,0
f194a365f396f6e7c6208071,0,0,1,0,0,1,0,0,1,0,0,0,0,0,0,1
f19ba840409b004e28d2d4e0,0,0,1,0,1,0,0,0,0,1,0,0,0,0,0,1
f19c85fd84004aeebe7c2be6,0,1,0,0,0,0,1,0,1,0,0,0,0,0,0,1
f1a0b83ec2c01a98326b3f5c,0,1,0,0,1,0,0,0,0,0,0,1,0,0,1,0
f1a23c953cb3505bed18d1a0,1,0,0,0,0,1,0,0,0,0,0,1,0,0,1,0
f1a42a938c040f759ddc07ca,0,1,0,0,0,0,1,0,0,0,0,1,1,0,0,0
f1a890655437a90d59aae47b,0,0,0,1,0,0,1,0,1,0,0,0,0,1,0,0
f1af052d4e3bbf1819d3d757,0,1,0,0,1,0,0,0,0,0,1,0,0,0,0,1
f1b0a32b9b792b5d090f9ea9,0,0,0,1,0,1,0,0,1,0,0,0,0,0,1,0
f1bbcfbbb4e05232182fea2b,1,0,0,0,0,0,1,0,0,1,0,0,0,0,0,1
f1bc548b89a5e01face5b4a6,0,0,1,0,0,0,0,1,1,0,0,0,0,1,0,0
f1bfc96dbc6586320ec3bdfe,0,1,0,0,0,0,1,0,0,0,0,1,1,0,0,0
f1c12756c6787c15b88c8d19,1,0,0,0,0,1,0,0,0,0,1,0,0,0,0,1
f1c759c786750bb2e63cde07,1,0,0,0,0,0,1,0,0,0,0,1,0,1,0,0
f1ceed433f8932d27be25b2b,1,0,0,0,0,0,0,1,0,1,0,0,0,0,1,0
f1d4a7a6c4e9c0baa09b4775,0,0,1,0,1,0,0,0,0,0,0,1,0,1,0,0
f1d639898c98b96b124ffe58,0,1,0,0,0,0,0,1,0,0,1,0,1,0,0,0
f1d928ab4f79d8e8c1b52a2e,0,0,1,0,1,0,0,0,0,0,0,1,0,1,0,0
f1d9d26dd1ac263da235da3c,1,0,0,0,0,1,0,0,0,0,1,0,0,0,0,1
f1da0debcb67439c8074fb5a,0,1,0,0,0,0,1,0,1,0,0,0,0,0,0,1
f1de18f548a0940696ef3d0e,1,0,0,0,0,0,0,1,0,1,0,0,0,0,1,0
f1e588f10b4be51909f9b4f1,0,0,0,1,0,1,0,0,1,0,0,0,0,0,1,0
f1e8a032141f40a585c63fc9,0,1,0,0,0,0,1,0,1,0,0,0,0,0,0,1
f1e953d8d6bd6c56a1c83a84,0,1,0,0,1,0,0,0,0,0,0,1,0,0,1,0
f1eb42e469259133ae104ba7,0,0,0,1,0,1,0,0,0,0,1,0,1,0,0,0
f1f6dfa0452825727b145543,1,0,0,0,0,0,1,0,0,1,0,0,0,0,0,1
f1fdb48e5568dbdd2545fe8b,1,0,0,0,0,0,1,0,0,1,0,0,0,0,0,1
f20025fa248ff49e5658597a,0,1,0,0,0,0,0,1,1,0,0,0,0,0,1,0
f202f12eb9ede5661495f023,0,1,0,0,1,0,0,0,0,0,0,1,0,0,1,0
f2053a41f5a9ca0932a056fe,0,0,1,0,0,0,0,1,1,0,0,0,0,1,0,0
f2165f4ac1f4934130b0fae7,0,0,1,0,0,0,0,1,0,1,0,0,1,0,0,0
f2181f573b965219b2bb4ec6,0,0,0,1,1,0,0,0,0,0,1,0,0,1,0,0
f218f821b863201fff2b67f9,0,0,0,1,0,1,0,0,1,0,0,0,0,0,1,0
f21c3ee40e1eb7d35acd5b95,0,1,0,0,1,0,0,0,0,0,1,0,0,0,0,1
f232d9736cdc912dcee8164d,1,0,0,0,0,1,0,0,0,0,0,1,0,0,1,0
f2350b8ff37158898687b4e4,0,0,0,1,0,1,0,0,1,0,0,0,0,0,1,0
f23f8dbe091a3d8f50d39dfc,0,0,0,1,0,0,1,0,0,1,0,0,1,0,0,0
f2453c0f2888973194b969f4,0,0,1,0,1,0,0,0,0,1,0,0,0,0,0,1
f2501431250978e707e156df,0,0,0,1,0,1,0,0,0,0,1,0,1,0,0,0
f25131ee421b4226df8f5242,0,0,1,0,0,1,0,0,1,0,0,0,0,0,0,1
f251c172d9c7a314c7a744f9,0,0,0,1,1,0,0,0,0,0,1,0,0,1,0,0
f25751f44176cd5e7628718a,0,1,0,0,0,0,1,0,1,0,0,0,0,0,0,1
f25a1fc62b04dc20f01c128f,0,0,1,0,1,0,0,0,0,1,0,0,0,0,0,1
f26402fd900affd47c30964a,0,1,0,0,1,0,0,0,0,0,0,1,0,0,1,0
f265c0c16e3565dec76bca32,1,0,0,0,0,0,1,0,0,0,0,1,0,1,0,0
f26bb6a2e9b19395b90ff298,0,1,0,0,0,0,0,1,0,0,1,0,1,0,0,0
f27dc3cd934744e5bfff299b,0,0,0,1,0,0,1,0,0,1,0,0,1,0,0,0
f28a4cf454e6645e9a311ae9,1,0,0,0,0,1,0,0,0,0,0,1,0,0,1,0
f292002055bea93ba0b21a4b,0,0,0,1,0,0,1,0,1,0,0,0,0,1,0,0
f296a3a79fa9b3e25db1bfae,1,0,0,0,0,0,0,1,0,0,1,0,0,1,0,0
f298f3e6a28b6d7a43fdc2e2,0,0,1,0,0,1,0,0,1,0,0,0,0,0,0,1
f29a1f623c9c3ab1ae9763e5,0,0,0,1,0,0,1,0,0,1,0,0,1,0,0,0
f29a8becef5511cf7e19573e,1,0,0,0,0,0,1,0,0,0,0,1,0,1,0,0
f2a81d06d990a9de3c0f2c53,0,0,0,1,0,1,0,0,1,0,0,0,0,0,1,0
f2ab50e9de3e39fc1a1cb183,1,0,0,0,0,1,0,0,0,0,1,0,0,0,0,1
f2abb6d57b60ec59699ffa22,0,0,0,1,1,0,0,0,0,1,0,0,0,0,1,0
f2ad473be7e0fd1057e70023,0,1,0,0,0,0,0,1,1,0,0,0,0,0,1,0
f2b06096bd99a11fdfbdf0a2,0,1,0,0,0,0,1,0,0,0,0,1,1,0,0,0
f2b4c091fcfa91f46c5b0e99,1,0,0,0,0,0,1,0,0,1,0,0,0,0,0,1
f2b4eb3d61184ff7cbec08fd,0,1,0,0,0,0,0,1,1,0,0,0,0,0,1,0
f2b6bf397d2335df4bca40e3,0,0,1,0,0,1,0,0,0,0,0,1,1,0,0,0
f2ba60f96c0bf00fdba79e82,0,0,1,0,1,0,0,0,0,0,0,1,0,1,0,0
f2bd346d2c6747cb779a80e8,0,0,1,0,0,0,0,1,0,1,0,0,1,0,0,0
f2c1edc8ec43730f1e2ce610,0,0,0,1,0,0,1,0,1,0,0,0,0,1,0,0
f2c3d6321086bb60a28dcf8a,0,1,0,0,0,0,1,0,1,0,0,0,0,0,0,1
f2c41b1d26b71c5bdce00852,0,0,0,1,0,1,0,0,0,0,1,0,1,0,0,0
f2c7eac1003cc66cac8344f4,1,0,0,0,0,0,1,0,0,0,0,1,0,1,0,0
f2c88e1d4e86ec107b472bba,1,0,0,0,0,0,0,1,0,0,1,0,0,1,0,0
f2de11b16de111dd60829c3e,1,0,0,0,0,0,1,0,0,0,0,1,0,1,0,0
f2e1d82cfb699db4cb172938,0,0,0,1,0,0,1,0,0,1,0,0,1,0,0,0
f2f016ba2bc60c71fa1e3f84,1,0,0,0,0,0,0,1,0,0,1,0,0,1,0,0
f2f60fc50d8983fb15ea8d70,1,0,0,0,0,0,0,1,0,0,1,0,0,1,0,0
f30549cfe99b53a3fd88864c,0,0,1,0,1,0,0,0,0,0,0,1,0,1,0,0
f3054c52fce1fb49c015c225,0,0,0,1,0,0,1,0,0,1,0,0,1,0,0,0
f30832b56929622fd4ab9dba,1,0,0,0,0,0,0,1,0,0,1,0,0,1,0,0
f314ccf72270eb6bfdf6c927,0,0,1,0,0,1,0,0,0,0,0,1,1,0,0,0
f3316d72d8baa3ff8853f9e9,0,0,0,1,1,0,0,0,0,0,1,0,0,1,0,0
f3355ddfd1c51a7c5b72823a,0,0,1,0,0,1,0,0,0,0,0,1,1,0,0,0
f336eaded6ed661ff5b676f1,0,0,0,1,1,0,0,0,0,0,1,0,0,1,0,0
f340e103f2ae66470c6a9c5d,0,0,1,0,0,0,0,1,1,0,0,0,0,1,0,0
f341c6d48c917c7dbe15f8ba,0,1,0,0,1,0,0,0,0,0,1,0,0,0,0,1
f34402b10627176a2588b967,0,1,0,0,0,0,0,1,0,0,1,0,1,0,0,0
f34552ab526f8e61d3f2c27d,1,0,0,0,0,0,0,1,0,0,1,0,0,1,0,0
f34ba7bb078761cea8cb6601,0,0,0,1,0,0,1,0,0,1,0,0,1,0,0,0
f34ca8a3b1f567c4f39912c6,0,0,0,1,0,1,0,0,0,0,1,0,1,0,0,0
f34cf78bcf9ba5a74ceab1f7,0,0,1,0,1,0,0,0,0,0,0,1,0,1,0,0
f34d1e416084a0226b712f32,0,0,0,1,0,0,1,0,0,1,0,0,1,0,0,0
f34d798519a74ad5fa02610f,0,0,1,0,1,0,0,0,0,0,0,1,0,1,0,0
f34e69d0606a839d14532487,0,0,0,1,1,0,0,0,0,1,0,0,0,0,1,0
f3579ecb2d9570c1b3a74869,0,0,0,1,1,0,0,0,0,1,0,0,0,0,1,0
f361f293424898822eeaed9f,0,0,0,1,0,0,1,0,1,0,0,0,0,1,0,0
f363ec3a6badd3db2a6092be,1,0,0,0,0,0,0,1,0,0,1,0,0,1,0,0
f3660f3092131b8630055e23,0,0,1,0,0,0,0,1,0,1,0,0,1,0,0,0
f36b57adfb9972d88b09fa83,0,1,0,0,0,0,0,1,0,0,1,0,1,0,0,0
f376a9348ff1bbd9995a23b3,0,0,0,1,0,1,0,0,1,0,0,0,0,0,1,0
f378c5aeb01a0f0a5ec93b27,0,1,0,0,0,0,1,0,0,0,0,1,1,0,0,0
f37f3095c5455aefeeba96b8,0,1,0,0,0,0,1,0,0,0,0,1,1,0,0,0
f38e6a843f1684eaf1da781c,1,0,0,0,0,0,0,1,0,0,1,0,0,1,0,0
f3938f6eabd8c4411d9e0cfd,0,1,0,0,0,0,1,0,0,0,0,1,1,0,0,0
f3957a893a50e141a8dfce37,1,0,0,0,0,0,1,0,0,0,0,1,0,1,0,0
f39689c5e530f395b1638acf,1,0,0,0,0,0,0,1,0,1,0,0,0,0,1,0
f399213b8111028aa38d8ab1,0,0,1,0,0,1,0,0,1,0,0,0,0,0,0,1
f3a0bf5b9a4c0efe9ac64395,0,1,0,0,0,0,0,1,0,0,1,0,1,0,0,0
f3b537dd184f93c254159d9d,0,0,1,0,0,0,0,1,1,0,0,0,0,1,0,0
f3caeb929fd384e6486d3e8e,0,0,1,0,0,0,0,1,1,0,0,0,0,1,0,0
f3d5d6f3e3523008b18bc6a8,1,0,0,0,0,0,0,1,0,0,1,0,0,1,0,0
f3d937a24340b7e1a5603fa8,1,0,0,0,0,1,0,0,0,0,1,0,0,0,0,1
f3d982323d1f4a408dd02a86,1,0,0,0,0,1,0,0,0,0,0,1,0,0,1,0
f3daa937a2fd95fe29ea2590,1,0,0,0,0,1,0,0,0,0,0,1,0,0,1,0
f3dbab945a5de203b03fc99e,1,0,0,0,0,0,0,1,0,1,0,0,0,0,1,0
f3e014b1edf4350b483995ed,0,0,0,1,0,1,0,0,1,0,0,0,0,0,1,0
f3e157620337441b65b5efc9,1,0,0,0,0,1,0,0,0,0,0,1,0,0,1,0
f3f023e6a43ced3b6e27ce06,1,0,0,0,0,0,0,1,0,0,1,0,0,1,0,0
f3f33b40d45c2ee4587b719d,0,0,1,0,1,0,0,0,0,0,0,1,0,1,0,0
f3ffecf5d4009664e8412a14,0,1,0,0,0,0,1,0,1,0,0,0,0,0,0,1
f4067c4c93a450f88ffba437,1,0,0,0,0,1,0,0,0,0,0,1,0,0,1,0
f408274a1230a455591fc016,0,0,0,1,1,0,0,0,0,1,0,0,0,0,1,0
f410448ced0b3b423b3fa9b5,1,0,0,0,0,0,0,1,0,0,1,0,0,1,0,0
f410e8abb11a40a3d5a3b5a1,0,1,0,0,0,0,0,1,0,0,1,0,1,0,0,0
f412bed61b9e99ec67d5d225,1,0,0,0,0,0,0,1,0,1,0,0,0,0,1,0
f417c40b6df4eb52ed4ca8be,0,0,1,0,0,1,0,0,1,0,0,0,0,0,0,1
f420de300292b4db066232d4,0,0,1,0,1,0,0,0,0,0,0,1,0,1,0,0
f427ca3e826e312eb11d807a,1,0,0,0,0,0,1,0,0,0,0,1,0,1,0,0
f4297883f8980c69a91daccb,0,0,0,1,0,1,0,0,0,0,1,0,1,0,0,0
f42be055d6ecbdd1893c27bc,0,0,1,0,0,1,0,0,1,0,0,0,0,0,0,1
f42c65f3c0e3d9a041820b6f,1,0,0,0,0,0,0,1,0,0,1,0,0,1,0,0
f431303aae6943846439db34,0,0,1,0,0,1,0,0,1,0,0,0,0,0,0,1
f435c69230e6a96756e4c75a,0,0,0,1,1,0,0,0,0,0,1,0,0,1,0,0
f43d9feaa2ef8f84ae9ab3ea,0,0,0,1,1,0,0,0,0,1,0,0,0,0,1,0
f450f31f923393ba3a1ecb0e,0,0,1,0,0,0,0,1,1,0,0,0,0,1,0,0
f45844658982e78f50eaa9ea,0,0,0,1,1,0,0,0,0,1,0,0,0,0,1,0
f460163a8c00cfde2bd6b615,0,0,1,0,0,1,0,0,1,0,0,0,0,0,0,1
f47252c5b034436c9cf44ef8,0,0,0,1,0,1,0,0,1,0,0,0,0,0,1,0
f474c9163a313a54b00724c8,1,0,0,0,0,1,0,0,0,0,0,1,0,0,1,0
f48470df103b6e322021dae5,0,1,0,0,1,0,0,0,0,0,1,0,0,0,0,1
f485e239f63969601a4962a4,1,0,0,0,0,0,0,1,0,0,1,0,0,1,0,0
f4876c7624b384e4bfbb5074,0,0,1,0,0,0,0,1,0,1,0,0,1,0,0,0
f490882a0ca252cd3cb56b99,0,1,0,0,0,0,1,0,1,0,0,0,0,0,0,1
f491977fcf879ee3e48967fe,0,0,1,0,1,0,0,0,0,1,0,0,0,0,0,1
f496be343581ddb3782fdb8a,0,0,0,1,0,1,0,0,1,0,0,0,0,0,1,0
f49cdadaad4c0d68ca62d54e,0,1,0,0,0,0,0,1,1,0,0,0,0,0,1,0
f4aa0860fc0b7aa7c259e92e,1,0,0,0,0,1,0,0,0,0,0,1,0,0,1,0
f4b02614eddc7884293c543c,0,0,0,1,1,0,0,0,0,1,0,0,0,0,1,0
f4b08596ab4821b3e04f9b46,0,0,0,1,0,1,0,0,1,0,0,0,0,0,1,0
f4be3623ebfeb74577a33328,1,0,0,0,0,0,0,1,0,1,0,0,0,0,1,0
f4c0db5c18d4d9dc3f3c55ca,0,0,1,0,0,1,0,0,1,0,0,0,0,0,0,1
f4c7381c8871024676fa9708,0,1,0,0,0,0,1,0,0,0,0,1,1,0,0,0
f4c82de37b6f1633ba767bf5,0,0,1,0,0,0,0,1,0,1,0,0,1,0,0,0
f4c92e35f11bcde643b1da7b,0,1,0,0,1,0,0,0,0,0,0,1,0,0,1,0
f4d2ce7f434a33e6f46f3921,0,1,0,0,0,0,1,0,0,0,0,1,1,0,0,0
f4d47d92235d7b1073d339ba,1,0,0,0,0,0,1,0,0,0,0,1,0,1,0,0
f4dbb0d3b4f44a023b9dd451,0,1,0,0,0,0,1,0,0,0,0,1,1,0,0,0
f4dd0c6d64aa7a75800b5e01,0,0,1,0,1,0,0,0,0,1,0,0,0,0,0,1
f4ed2288afd007104d6308a4,0,0,1,0,1,0,0,0,0,1,0,0,0,0,0,1
f4ee6de0dd4a398f7427f46b,0,0,1,0,0,1,0,0,0,0,0,1,1,0,0,0
f4fc9ec019570eaefd33980a,0,1,0,0,0,0,1,0,1,0,0,0,0,0,0,1
f5029fa300ca7064a23468ed,0,0,1,0,1,0,0,0,0,1,0,0,0,0,0,1
f502cbf33bb98ea25cb3f165,0,1,0,0,1,0,0,0,0,0,0,1,0,0,1,0
f5035a43bd8522ecd588045b,1,0,0,0,0,0,0,1,0,1,0,0,0,0,1,0
f5049f097d5be4a90eb47c21,1,0,0,0,0,1,0,0,0,0,1,0,0,0,0,1
f505ebff3a59b3fb0d7a9450,1,0,0,0,0,0,1,0,0,0,0,1,0,1,0,0
f5071d451760112d93ad475d,0,0,0,1,0,1,0,0,0,0,1,0,1,0,0,0
f522a0f2951e031303a36491,0,0,1,0,1,0,0,0,0,1,0,0,0,0,0,1
f525572fda1918b4ab3b648b,0,0,0,1,0,1,0,0,0,0,1,0,1,0,0,0
f5263bc74736910ae9551444,0,0,1,0,0,1,0,0,1,0,0,0,0,0,0,1
f5266f7e9a982e09ad670b1b,0,0,1,0,0,1,0,0,0,0,0,1,1,0,0,0
f52a537d5d50fa634bc8e77e,1,0,0,0,0,0,1,0,0,0,0,1,0,1,0,0
f52b333e54214bc9ff5a4e22,1,0,0,0,0,0,1,0,0,0,0,1,0,1,0,0
f52ccf7a4b7b06cf3238dc5a,0,1,0,0,0,0,0,1,1,0,0,0,0,0,1,0
f52ea774c21bb0da1d003d39,0,1,0,0,1,0,0,0,0,0,0,1,0,0,1,0
f5339b3a2bb6611c9b0ec230,0,0,0,1,0,1,0,0,0,0,1,0,1,0,0,0
f53cb25c412898f0002a5ae9,0,0,0,1,0,0,1,0,0,1,0,0,1,0,0,0
f541e3b7a4cd9eac1d21d441,1,0,0,0,0,0,1,0,0,0,0,1,0,1,0,0
f544864477b8203609dacb57,1,0,0,0,0,1,0,0,0,0,0,1,0,0,1,0
f54a1113e696e8d81c9392a1,1,0,0,0,0,1,0,0,0,0,0,1,0,0,1,0
f54ed951332c047ff879f1e6,1,0,0,0,0,0,0,1,0,0,1,0,0,1,0,0
f55094c50c0f59373c669e7f,0,1,0,0,0,0,1,0,1,0,0,0,0,0,0,1
f55498459b28ab46f496c766,0,0,1,0,1,0,0,0,0,1,0,0,0,0,0,1
f555429657903e9f6f616802,1,0,0,0,0,0,0,1,0,0,1,0,0,1,0,0
f56b00f4bc721448cebcbf8f,1,0,0,0,0,0,0,1,0,1,0,0,0,0,1,0
f57ba31d15defaa9dd93efe9,0,1,0,0,1,0,0,0,0,0,1,0,0,0,0,1
f57f09a6831c6b60956f0e0a,0,0,1,0,0,0,0,1,0,1,0,0,1,0,0,0
f587a554e5574393fd25a413,0,1,0,0,1,0,0,0,0,0,0,1,0,0,1,0
f5912ada127e0dde28b456d1,0,0,0,1,0,0,1,0,1,0,0,0,0,1,0,0
f5a1a85147e64e839322d557,0,1,0,0,0,0,1,0,0,0,0,1,1,0,0,0
f5a521a76b083326472de072,0,0,0,1,1,0,0,0,0,1,0,0,0,0,1,0
f5bdd23a1e52f50a6eebd68f,0,0,0,1,0,0,1,0,1,0,0,0,0,1,0,0
f5c42d734a08ed5c9849837b,0,1,0,0,0,0,1,0,0,0,0,1,1,0,0,0
f5c9d505ac35def99e2c2b32,0,0,0,1,0,0,1,0,0,1,0,0,1,0,0,0
f5ce82860b874d97e717ea11,0,0,1,0,0,0,0,1,0,1,0,0,1,0,0,0
f5d88dd9dfb77cfe7f05ebd6,0,0,0,1,0,0,1,0,1,0,0,0,0,1,0,0
f5df2ce93c22055ffd074cdd,0,1,0,0,1,0,0,0,0,0,0,1,0,0,1,0
f5e21828dab3623bcb9034a6,1,0,0,0,0,0,0,1,0,0,1,0,0,1,0,0
f5e544aaf3a8c0ce22b157b9,0,0,0,1,0,0,1,0,0,1,0,0,1,0,0,0
f5e804bcb2017093e28b2ba2,1,0,0,0,0,0,1,0,0,0,0,1,0,1,0,0
f5f8720697adf160fc041f63,0,1,0,0,0,0,0,1,0,0,1,0,1,0,0,0
f5fe94e669a5d5c343b8db21,0,0,0,1,0,0,1,0,1,0,0,0,0,1,0,0
f60625a83403c84eb5341f6a,1,0,0,0,0,0,1,0,0,0,0,1,0,1,0,0
f6062eebd2483068f40b3ac1,0,1,0,0,0,0,0,1,1,0,0,0,0,0,1,0
f6090cd354cdf6d7a01c5098,1,0,0,0,0,0,0,1,0,1,0,0,0,0,1,0
f61303f46fc15cdc9bd5caf8,0,0,1,0,0,1,0,0,1,0,0,0,0,0,0,1
f61f16affd125faaff4168e3,1,0,0,0,0,0,1,0,0,0,0,1,0,1,0,0
f6220a817634aefdaaf3bacb,0,1,0,0,1,0,0,0,0,0,0,1,0,0,1,0
f63c55b117ac6fb27473c131,0,0,1,0,1,0,0,0,0,1,0,0,0,0,0,1
f64d40446165ba8916f0ccf3,1,0,0,0,0,1,0,0,0,0,1,0,0,0,0,1
f65130fa5fdfea531ddfa3b9,0,0,0,1,0,0,1,0,0,1,0,0,1,0,0,0
f6567f8ee3dbc05e27747e06,1,0,0,0,0,0,1,0,0,0,0,1,0,1,0,0
f65d1ec6c5eb16e32721d4d1,0,1,0,0,0,0,1,0,0,0,0,1,1,0,0,0
f65d7bd392b00a7001c2de56,0,0,1,0,1,0,0,0,0,0,0,1,0,1,0,0
f662775678e7cff42923bbd6,0,1,0,0,1,0,0,0,0,0,0,1,0,0,1,0
f662ef6ef9b9f00ca787a47e,0,0,0,1,0,0,1,0,0,1,0,0,1,0,0,0
f6694e9d2b88331665fb6ef1,0,1,0,0,0,0,0,1,0,0,1,0,1,0,0,0
f67eb44412289a2c7fc2d116,0,0,1,0,0,0,0,1,1,0,0,0,0,1,0,0
f68120fbd0c63d04f43ff0b7,0,0,1,0,0,0,0,1,1,0,0,0,0,1,0,0
f6820482e2fc8453508d25be,0,0,1,0,0,1,0,0,0,0,0,1,1,0,0,0
f68a88b2146a14e58a71bb74,0,0,1,0,1,0,0,0,0,1,0,0,0,0,0,1
f69c6b6a91ac14cf3befb2fa,0,1,0,0,1,0,0,0,0,0,0,1,0,0,1,0
f69e68a6a54100fff2b320ba,0,1,0,0,1,0,0,0,0,0,1,0,0,0,0,1
f6a5e6e46a22ed90a2d0dd9e,0,1,0,0,0,0,0,1,0,0,1,0,1,0,0,0
f6b0593e9526ad4d90633291,1,0,0,0,0,0,0,1,0,0,1,0,0,1,0,0
f6b993fc2c27d67d6b3690b1,0,1,0,0,0,0,1,0,1,0,0,0,0,0,0,1
f6cbbe1f7aa0657217c23959,0,1,0,0,0,0,1,0,0,0,0,1,1,0,0,0
f6d6603323ebbdf40687deb9,0,0,1,0,0,0,0,1,1,0,0,0,0,1,0,0
f6e0ba3b94ebdc744ae0bb38,0,1,0,0,0,0,1,0,1,0,0,0,0,0,0,1
f6e274923f4b76e8a9385f64,0,1,0,0,1,0,0,0,0,0,1,0,0,0,0,1
f6e7e690546f5c2459efe2f9,1,0,0,0,0,1,0,0,0,0,0,1,0,0,1,0
f6ea108a8da0c57709329180,1,0,0,0,0,1,0,0,0,0,1,0,0,0,0,1
f6ea7f2683c94b686694be30,0,0,0,1,0,0,1,0,1,0,0,0,0,1,0,0
f6ec086e63b9b26ed34c425b,0,1,0,0,0,0,0,1,0,0,1,0,1,0,0,0
f6f0d34e4c027b6edcf1dc6d,1,0,0,0,0,0,1,0,0,0,0,1,0,1,0,0
f6f2e822fe2025cb6b8fbfd2,1,0,0,0,0,0,0,1,0,0,1,0,0,1,0,0
f6f46da914cfc843aaa5ad92,0,0,0,1,0,1,0,0,0,0,1,0,1,0,0,0
f6f49e403b531a8c24400eee,0,1,0,0,0,0,1,0,0,0,0,1,1,0,0,0
f6f74b521b8ce58f7b83bdf4,1,0,0,0,0,0,1,0,0,1,0,0,0,0,0,1
f6fe3d916aafb2274dcdb3d7,1,0,0,0,0,1,0,0,0,0,1,0,0,0,0,1
f71a39fe2573ae886e0959d6,0,1,0,0,0,0,0,1,1,0,0,0,0,0,1,0
f725fbf76d1f28d201dba020,1,0,0,0,0,0,0,1,0,0,1,0,0,1,0,0
f729e1036e33b812e8bd2759,0,0,1,0,0,0,0,1,0,1,0,0,1,0,0,0
f72dbdd9cf51a6e38d3e110a,1,0,0,0,0,0,0,1,0,1,0,0,0,0,1,0
f7346d6c8f492380afc5bcf2,1,0,0,0,0,0,1,0,0,1,0,0,0,0,0,1
f747c88947f837eb60171012,0,1,0,0,1,0,0,0,0,0,0,1,0,0,1,0
f74ab4ec2dde97f53616971a,0,1,0,0,1,0,0,0,0,0,0,1,0,0,1,0
f75e9d1f813c7ff26890544c,0,0,0,1,1,0,0,0,0,1,0,0,0,0,1,0
f76238136022d6d127c030f1,1,0,0,0,0,0,0,1,0,0,1,0,0,1,0,0
f7660b6098a121c138237e33,0,1,0,0,0,0,1,0,0,0,0,1,1,0,0,0
f7665066c1acd311e14ee720,0,0,0,1,1,0,0,0,0,0,1,0,0,1,0,0
f766b28ef46edb69485e2000,0,0,1,0,0,0,0,1,1,0,0,0,0,1,0,0
f7685e5e202e770a32c0ef04,1,0,0,0,0,0,0,1,0,1,0,0,0,0,1,0
f775f2d46f00c2e606a7fce7,1,0,0,0,0,0,0,1,0,1,0,0,0,0,1,0
f77f74846c6f5258e8ec8e3e,0,0,1,0,0,0,0,1,0,1,0,0,1,0,0,0
f793da8d5b0d758d135a84b0,1,0,0,0,0,0,1,0,0,1,0,0,0,0,0,1
f79d8e6598258595b43a130b,1,0,0,0,0,0,0,1,0,1,0,0,0,0,1,0
f7a3f71bf1b93bce8c19d111,0,1,0,0,1,0,0,0,0,0,1,0,0,0,0,1
f7a58a18259cb04e08acf134,0,1,0,0,0,0,1,0,0,0,0,1,1,0,0,0
f7a73567aee69863aecf967b,0,0,1,0,0,0,0,1,0,1,0,0,1,0,0,0
f7af7611528f8ecf28a6804e,0,0,1,0,0,1,0,0,0,0,0,1,1,0,0,0
f7b121ed2634b59f16b43ba4,1,0,0,0,0,1,0,0,0,0,1,0,0,0,0,1
f7ba3650d7e44d2b812c443a,1,0,0,0,0,0,1,0,0,0,0,1,0,1,0,0
f7ba70847778fb90243a853b,1,0,0,0,0,0,1,0,0,1,0,0,0,0,0,1
f7bfce722fc639ef000b6bdf,0,1,0,0,0,0,0,1,1,0,0,0,0,0,1,0
f7c39b9c8e654a508f57de35,1,0,0,0,0,0,1,0,0,0,0,1,0,1,0,0
f7e70d0251d61339df6c9a97,0,1,0,0,0,0,0,1,1,0,0,0,0,0,1,0
f7eea22769f517acade54e34,0,0,1,0,0,0,0,1,0,1,0,0,1,0,0,0
f7f15784b7e5a6b2ba8ceb0a,0,0,0,1,0,0,1,0,0,1,0,0,1,0,0,0
f7fc69ff3abc3c4532190b5c,0,1,0,0,0,0,0,1,1,0,0,0,0,0,1,0
f8002b60ed48594990c939c8,1,0,0,0,0,0,1,0,0,1,0,0,0,0,0,1
f803f8f5dc417fbd583fbf41,0,1,0,0,0,0,1,0,1,0,0,0,0,0,0,1
f80d695bcd99f4b8a38ccbd1,1,0,0,0,0,0,1,0,0,1,0,0,0,0,0,1
f818eed845d47d3ba2033eb8,0,0,0,1,0,1,0,0,0,0,1,0,1,0,0,0
f8240062a8dac29e55c69631,0,1,0,0,0,0,0,1,1,0,0,0,0,0,1,0
f831e7f473d749d973cf0a22,0,0,1,0,0,1,0,0,1,0,0,0,0,0,0,1
f834d0f537f346b02c4625bc,0,0,0,1,0,0,1,0,0,1,0,0,1,0,0,0
f835491f1d7a58084710175a,1,0,0,0,0,0,1,0,0,0,0,1,0,1,0,0
f83c0076b061f1bb2869ee65,0,0,1,0,0,0,0,1,0,1,0,0,1,0,0,0
f8473348215cbc8b35d773a7,0,0,0,1,0,0,1,0,1,0,0,0,0,1,0,0
f86aa6023ab018247d718e0f,0,0,1,0,0,0,0,1,0,1,0,0,1,0,0,0
f86b80a1e0de8e56573eb446,0,1,0,0,0,0,0,1,0,0,1,0,1,0,0,0
f8762c637d2be198b6b031e7,0,0,0,1,0,0,1,0,0,1,0,0,1,0,0,0
f878a473563c4f0825b613f3,0,1,0,0,0,0,1,0,1,0,0,0,0,0,0,1
f892a682a0cead13c7b5029f,0,0,0,1,0,1,0,0,0,0,1,0,1,0,0,0
f893e3f72e8f7477ebdc9f49,1,0,0,0,0,0,0,1,0,0,1,0,0,1,0,0
f89ef5a011acdf3e810ba614,0,0,0,1,0,1,0,0,1,0,0,0,0,0,1,0
f8aba447ea1d7adc297e038b,0,0,0,1,0,1,0,0,1,0,0,0,0,0,1,0
f8b59cfb1a26e2c0fa8db6ee,1,0,0,0,0,0,0,1,0,0,1,0,0,1,0,0
f8b69f1b33a01427fa149fd5,0,0,1,0,0,1,0,0,0,0,0,1,1,0,0,0
f8c0f35e72b376c73d3e5e43,0,1,0,0,0,0,0,1,0,0,1,0,1,0,0,0
f8c22b61597cb8ece1d9b6ed,0,0,0,1,0,1,0,0,0,0,1,0,1,0,0,0
f8c26da647e3ae46488127bc,0,0,0,1,1,0,0,0,0,1,0,0,0,0,1,0
f8c84b6f70521667abd7e41d,0,0,1,0,0,0,0,1,0,1,0,0,1,0,0,0
f8c86583ca7d1e43aa0deddc,1,0,0,0,0,0,0,1,0,1,0,0,0,0,1,0
f8cc5bbe9d08681804d6aa2a,1,0,0,0,0,0,1,0,0,1,0,0,0,0,0,1
f8cfaa4eec0423f99b761a96,0,0,0,1,0,1,0,0,0,0,1,0,1,0,0,0
f8d04b1eea8f2550c4aa1405,0,1,0,0,1,0,0,0,0,0,0,1,0,0,1,0
f8e0cb17b991f8ca83516c9c,0,0,1,0,0,1,0,0,0,0,0,1,1,0,0,0
f8ecb53a299014a3c12d7ac4,1,0,0,0,0,0,0,1,0,0,1,0,0,1,0,0
f8f73cc45044a79a39ee71ff,0,0,0,1,0,0,1,0,0,1,0,0,1,0,0,0
f8f87038db1171e9646c3d08,0,0,0,1,1,0,0,0,0,1,0,0,0,0,1,0
f90bbf8c3faaf197494be8c3,0,0,1,0,1,0,0,0,0,1,0,0,0,0,0,1
f9219021c4c85ef72ad1ade8,0,0,0,1,0,0,1,0,1,0,0,0,0,1,0,0
f923bd8ba7061d5ea6fe46ac,0,0,1,0,0,1,0,0,0,0,0,1,1,0,0,0
f92776edf30a39193494f79f,0,0,0,1,0,0,1,0,0,1,0,0,1,0,0,0
f929969b21dbfb95fc82e2b9,0,0,1,0,1,0,0,0,0,0,0,1,0,1,0,0
f93a93e83706a17afe7f84bf,1,0,0,0,0,0,1,0,0,0,0,1,0,1,0,0
f93c2e636904979c5cc22189,0,1,0,0,0,0,0,1,1,0,0,0,0,0,1,0
f93f01a90071ca22934b1f57,1,0,0,0,0,0,0,1,0,0,1,0,0,1,0,0
f93f0c23a4eb3c017f942379,0,0,1,0,0,1,0,0,0,0,0,1,1,0,0,0
f946343ef9ac9801159dca39,0,0,0,1,1,0,0,0,0,0,1,0,0,1,0,0
f947cd7075b3f38e27004062,0,0,0,1,0,0,1,0,0,1,0,0,1,0,0,0
f94acdd42bb23035c65e714b,0,0,0,1,1,0,0,0,0,1,0,0,0,0,1,0
f94b313631e84671e267ed3d,1,0,0,0,0,0,0,1,0,0,1,0,0,1,0,0
f94d3296b4e046def6fd85be,0,0,1,0,0,1,0,0,1,0,0,0,0,0,0,1
f95acc8cca671bdc155ecd11,0,0,1,0,0,1,0,0,1,0,0,0,0,0,0,1
f9674a11e89aed7711cc4311,0,0,0,1,0,0,1,0,0,1,0,0,1,0,0,0
f969e0fe3858d482471350f5,0,0,0,1,0,1,0,0,1,0,0,0,0,0,1,0
f96a4a4593d7c7c89e82b68f,0,0,1,0,0,1,0,0,0,0,0,1,1,0,0,0
f96e42412fce0355e942eb93,1,0,0,0,0,0,1,0,0,1,0,0,0,0,0,1
f96f725309267c90f3d3cf8c,0,0,1,0,1,0,0,0,0,0,0,1,0,1,0,0
f970c91279138aa2d20f3c4a,0,1,0,0,0,0,1,0,0,0,0,1,1,0,0,0
f9761acde82e135f817d0ab6,0,1,0,0,0,0,0,1,1,0,0,0,0,0,1,0
f9777b66f196fa8469fa4a78,0,1,0,0,1,0,0,0,0,0,1,0,0,0,0,1
f97e3415d67b51017544a402,0,0,0,1,0,1,0,0,1,0,0,0,0,0,1,0
f9821d71fe1b21c60876604b,0,0,0,1,1,0,0,0,0,0,1,0,0,1,0,0
f9824fce90a53870f48e66e5,1,0,0,0,0,0,0,1,0,0,1,0,0,1,0,0
f98858145144677c6f482214,0,1,0,0,0,0,1,0,0,0,0,1,1,0,0,0
f98b024a9c037ac600bd554b,1,0,0,0,0,0,1,0,0,1,0,0,0,0,0,1
f99e401de7d0ebeede7c89ad,0,0,0,1,0,0,1,0,0,1,0,0,1,0,0,0
f9a8769225971b1fe3f2720a,0,0,0,1,1,0,0,0,0,0,1,0,0,1,0,0
f9aabd15c582831eba17d124,0,0,1,0,0,1,0,0,1,0,0,0,0,0,0,1
f9af911560ec3db80eb7771b,0,1,0,0,0,0,1,0,0,0,0,1,1,0,0,0
f9c202a40a60eb7d4c68b890,1,0,0,0,0,0,1,0,0,0,0,1,0,1,0,0
f9d7dcae4e5a36f2be54101b,0,1,0,0,1,0,0,0,0,0,0,1,0,0,1,0
f9df5e828015e5e1e8314000,1,0,0,0,0,1,0,0,0,0,0,1,0,0,1,0
f9e30c006d3c4ae9007c9f07,0,0,1,0,0,0,0,1,0,1,0,0,1,0,0,0
f9e7ad1e9ca6071e6222bc43,0,0,0,1,0,0,1,0,1,0,0,0,0,1,0,0
fa0057b1116ad0585bf613d4,0,0,1,0,1,0,0,0,0,1,0,0,0,0,0,1
fa0c5e020883fe7e379fceb4,1,0,0,0,0,0,1,0,0,0,0,1,0,1,0,0
fa0d2a7937c52ec1be27bfdc,1,0,0,0,0,0,0,1,0,0,1,0,0,1,0,0
fa13217bef95876469b06823,0,1,0,0,1,0,0,0,0,0,0,1,0,0,1,0
fa177dc4d36cb24378ff7e90,1,0,0,0,0,0,0,1,0,1,0,0,0,0,1,0
fa1bec54baf507c7d98dbb62,0,0,0,1,0,1,0,0,0,0,1,0,1,0,0,0
fa1d09264e665b4a099e934f,0,1,0,0,1,0,0,0,0,0,0,1,0,0,1,0
fa27fdf917bb55f9a6e8fa32,1,0,0,0,0,0,1,0,0,0,0,1,0,1,0,0
fa2ce6aea8556727a87eb6e0,0,0,1,0,0,1,0,0,0,0,0,1,1,0,0,0
fa3118cc890db8afa35f755c,0,0,0,1,1,0,0,0,0,0,1,0,0,1,0,0
fa3c8552f2885ee24b7e6795,0,0,1,0,1,0,0,0,0,0,0,1,0,1,0,0
fa44f53533f4bc70f98c8e64,1,0,0,0,0,0,0,1,0,0,1,0,0,1,0,0
fa4aa3d53239bbba4b866832,0,0,0,1,1,0,0,0,0,1,0,0,0,0,1,0
fa5d1f5dc85dbdb5c9ebde8e,0,0,0,1,0,0,1,0,1,0,0,0,0,1,0,0
fa5f2c0097900ef48b8947d1,0,0,0,1,0,0,1,0,1,0,0,0,0,1,0,0
fa6556c7f3aa71b34be03f2d,0,0,1,0,0,0,0,1,0,1,0,0,1,0,0,0
fa65fc173dca64e37bfadbd5,0,0,1,0,0,1,0,0,0,0,0,1,1,0,0,0
fa718f5c4ce7b2ec7d850460,0,0,1,0,1,0,0,0,0,0,0,1,0,1,0,0
fa71d798c3881b97205d8e19,0,1,0,0,0,0,0,1,0,0,1,0,1,0,0,0
fa72b747d9ead8567f363f3a,0,0,1,0,0,1,0,0,0,0,0,1,1,0,0,0
fa7b688172c569efd33c4107,0,0,1,0,0,0,0,1,0,1,0,0,1,0,0,0
fa8514a4a35234713d0f009e,0,0,1,0,0,0,0,1,1,0,0,0,0,1,0,0
fa861b7bbc7d37daceed5ea4,0,0,0,1,0,1,0,0,0,0,1,0,1,0,0,0
fa9335afd1ef2ad1e0c6c55f,1,0,0,0,0,1,0,0,0,0,1,0,0,0,0,1
faa5caa1fa064011fcc2a8bd,0,0,0,1,0,1,0,0,0,0,1,0,1,0,0,0
faafb0961615801dd3a03556,0,1,0,0,1,0,0,0,0,0,1,0,0,0,0,1
fab2511e67853f0b3cf6f69e,0,1,0,0,0,0,0,1,0,0,1,0,1,0,0,0
fac02d683ff6f7cba109da7f,1,0,0,0,0,1,0,0,0,0,1,0,0,0,0,1
fac044eebddd5858da58d62c,0,1,0,0,0,0,0,1,0,0,1,0,1,0,0,0
faca646d86238c1b253d55d0,1,0,0,0,0,0,1,0,0,1,0,0,0,0,0,1
facb697d9da7bd9920e5a5f7,0,0,0,1,0,0,1,0,0,1,0,0,1,0,0,0
facca569fa970ea27a889e6d,0,1,0,0,0,0,0,1,0,0,1,0,1,0,0,0
fad13f50e312cd8288b14c69,0,0,1,0,1,0,0,0,0,1,0,0,0,0,0,1
fad72be5e75336599a17782e,0,0,0,1,0,0,1,0,1,0,0,0,0,1,0,0
fadb558d8858358424b7f197,0,1,0,0,0,0,0,1,1,0,0,0,0,0,1,0
fadcb8b33e5568bf0ac14270,0,0,0,1,1,0,0,0,0,1,0,0,0,0,1,0
fae9e73e93df1439f72f277e,0,0,1,0,0,0,0,1,0,1,0,0,1,0,0,0
faefe182587cda4326e72945,0,0,0,1,0,0,1,0,0,1,0,0,1,0,0,0
faf12eb6b4e7e3a3756f47b5,1,0,0,0,0,0,1,0,0,1,0,0,0,0,0,1
faf975390152ddf58d7c88fa,0,0,1,0,1,0,0,0,0,1,0,0,0,0,0,1
fb029fd0cee0d892fc1c578c,0,0,1,0,0,0,0,1,0,1,0,0,1,0,0,0
fb0bb0b670aac2941f9ae297,0,1,0,0,1,0,0,0,0,0,1,0,0,0,0,1
fb18f04c92717aee524521d2,0,0,0,1,0,1,0,0,0,0,1,0,1,0,0,0
fb1dae663f8671b773276147,0,0,0,1,0,1,0,0,1,0,0,0,0,0,1,0
fb1f028e297fe9b002f4b3c4,0,0,0,1,0,1,0,0,1,0,0,0,0,0,1,0
fb245e8f4e6522ab0db47316,0,0,0,1,1,0,0,0,0,0,1,0,0,1,0,0
fb3d0e523bcd4adb8d02452c,1,0,0,0,0,0,0,1,0,0,1,0,0,1,0,0
fb3f1c17a7dd624f9d39e190,0,0,1,0,0,0,0,1,1,0,0,0,0,1,0,0
fb412065e7b032d5d560f93e,0,0,0,1,1,0,0,0,0,1,0,0,0,0,1,0
fb4c00a5d187584ca36c8d01,0,0,0,1,0,1,0,0,1,0,0,0,0,0,1,0
fb51ea4ef5eac07d5b99fd22,0,0,0,1,0,1,0,0,1,0,0,0,0,0,1,0
fb5ab741123d32844c43c07f,0,0,1,0,0,0,0,1,1,0,0,0,0,1,0,0
fb5fba4d0141f2ba34a3d432,0,0,0,1,1,0,0,0,0,1,0,0,0,0,1,0
fb6613b574ff231a146d7390,0,0,1,0,0,0,0,1,0,1,0,0,1,0,0,0
fb6f56d4ccbcb20000c135d6,0,0,0,1,0,1,0,0,1,0,0,0,0,0,1,0
fb71c6b3eb25630b56a2458e,0,0,0,1,0,0,1,0,1,0,0,0,0,1,0,0
fb7674e1d8b2380ca66b63ee,1,0,0,0,0,1,0,0,0,0,0,1,0,0,1,0
fb7c0fac935e53f7c4cba778,0,1,0,0,1,0,0,0,0,0,0,1,0,0,1,0
fb80fa9414b9569aaf94776e,0,1,0,0,0,0,0,1,1,0,0,0,0,0,1,0
fb83f710e8d75dabf646b66e,1,0,0,0,0,0,1,0,0,1,0,0,0,0,0,1
fb8641255af0c147b5bca017,1,0,0,0,0,0,1,0,0,0,0,1,0,1,0,0
fba97364ac02244769f089f6,0,0,0,1,1,0,0,0,0,1,0,0,0,0,1,0
fbaa3fe11cb2fad5bac3c394,1,0,0,0,0,1,0,0,0,0,0,1,0,0,1,0
fbae946d1363640d97219491,1,0,0,0,0,1,0,0,0,0,0,1,0,0,1,0
fbb52ce1e39cfeab02123715,1,0,0,0,0,0,1,0,0,1,0,0,0,0,0,1
fbb57c396b0094447a328953,1,0,0,0,0,1,0,0,0,0,0,1,0,0,1,0
fbc107baffdd5bd6c56b3532,1,0,0,0,0,0,0,1,0,0,1,0,0,1,0,0
fbceef515ce6fb4062684694,1,0,0,0,0,0,0,1,0,1,0,0,0,0,1,0
fbd09e02e43d09aae6a49dc1,0,0,0,1,0,1,0,0,0,0,1,0,1,0,0,0
fbd3454c7584b9b1e2c60eee,0,1,0,0,0,0,1,0,0,0,0,1,1,0,0,0
fbd4c068522098138e869e6a,0,0,1,0,1,0,0,0,0,1,0,0,0,0,0,1
fbd766499ef256197da15edc,1,0,0,0,0,0,0,1,0,0,1,0,0,1,0,0
fbdf0709b4e69ce4888c7463,1,0,0,0,0,0,0,1,0,1,0,0,0,0,1,0
fbe5f6ebbd2dea1efaa80bac,0,0,1,0,0,1,0,0,0,0,0,1,1,0,0,0
fbea79416c88108ea021fae9,1,0,0,0,0,0,1,0,0,0,0,1,0,1,0,0
fbfd87d6da1b554ca8cd0fcd,0,0,1,0,1,0,0,0,0,0,0,1,0,1,0,0
fbfde4ccfb84c3a17d229bf2,0,0,0,1,0,1,0,0,1,0,0,0,0,0,1,0
fbfedee69b92150023b910ab,0,0,1,0,1,0,0,0,0,1,0,0,0,0,0,1
fc0bd7f129ce1bbe59c0a8ba,0,0,0,1,1,0,0,0,0,0,1,0,0,1,0,0
fc10680e91c1e81ac3e3908b,0,0,1,0,0,0,0,1,0,1,0,0,1,0,0,0
fc153f66f332118112cd425e,0,1,0,0,0,0,0,1,1,0,0,0,0,0,1,0
fc1564f94791b6ed10ede5a8,0,1,0,0,0,0,0,1,0,0,1,0,1,0,0,0
fc1939cf70c8f74e1753c878,0,1,0,0,0,0,1,0,1,0,0,0,0,0,0,1
fc335b8b943841422d0fe027,1,0,0,0,0,0,1,0,0,1,0,0,0,0,0,1
fc37e83d15bf5e85f9c57169,1,0,0,0,0,0,1,0,0,0,0,1,0,1,0,0
fc389212dbe1c816be95b3db,0,1,0,0,0,0,0,1,0,0,1,0,1,0,0,0
fc394f1ffa4ff22e4f2eaf55,1,0,0,0,0,1,0,0,0,0,1,0,0,0,0,1
fc396a725773a04cdd93adf8,1,0,0,0,0,1,0,0,0,0,0,1,0,0,1,0
fc412c6e04682629161f75d5,0,1,0,0,0,0,1,0,0,0,0,1,1,0,0,0
fc4e157da16fafc7c3112db4,0,0,0,1,0,1,0,0,0,0,1,0,1,0,0,0
fc52556d930bd981f5b075bf,0,0,0,1,0,0,1,0,1,0,0,0,0,1,0,0
fc5feb2ad49471ee48f27ef8,0,0,0,1,0,0,1,0,0,1,0,0,1,0,0,0
fc60640d40bf1d1bc0642754,0,0,1,0,0,1,0,0,1,0,0,0,0,0,0,1
fc62e77d0c4ffb4a1d916844,0,1,0,0,0,0,1,0,0,0,0,1,1,0,0,0
fc681d07dbcba40e8aa28d0e,0,0,0,1,0,0,1,0,0,1,0,0,1,0,0,0
fc697ce292a88ded7365dc06,0,0,0,1,0,0,1,0,0,1,0,0,1,0,0,0
fc6afcac0ae4c1fd8e07b500,0,0,0,1,0,0,1,0,0,1,0,0,1,0,0,0
fc730b776305ee301119cc58,0,0,1,0,1,0,0,0,0,1,0,0,0,0,0,1
fc803431292741360bbc7c57,1,0,0,0,0,0,0,1,0,1,0,0,0,0,1,0
fc85458883d8bd2e47550f31,0,1,0,0,1,0,0,0,0,0,0,1,0,0,1,0
fc89795e85631bca14ffad2b,0,0,1,0,0,1,0,0,0,0,0,1,1,0,0,0
fc8aae495e3db48daab224db,0,1,0,0,0,0,1,0,0,0,0,1,1,0,0,0
fc8b2c261c0a253c7b89e975,0,0,0,1,0,0,1,0,1,0,0,0,0,1,0,0
fc8e3e5d95fbf8f6bc853d57,1,0,0,0,0,1,0,0,0,0,0,1,0,0,1,0
fca2d8199a84b48c278fd410,0,0,1,0,0,0,0,1,1,0,0,0,0,1,0,0
fca30c307f60bc7306376aa3,0,0,1,0,0,0,0,1,1,0,0,0,0,1,0,0
fca3bfdd9a6dbe2e58792249,0,1,0,0,0,0,0,1,0,0,1,0,1,0,0,0
fca59d76b06ba88e6ca6a578,0,1,0,0,1,0,0,0,0,0,0,1,0,0,1,0
fca9863459aa83415872370e,1,0,0,0,0,0,0,1,0,1,0,0,0,0,1,0
fcb66371cf494f111c29dc70,1,0,0,0,0,1,0,0,0,0,1,0,0,0,0,1
fcd87481d86123cf274b5a4b,0,1,0,0,1,0,0,0,0,0,1,0,0,0,0,1
fcdaf549762c80662496ab89,0,0,1,0,0,1,0,0,1,0,0,0,0,0,0,1
fcdd3cc8bdab0b2891b5db16,1,0,0,0,0,0,0,1,0,1,0,0,0,0,1,0
fce1877207ef438083c48624,1,0,0,0,0,1,0,0,0,0,1,0,0,0,0,1
fce209cb2bac7e7ab6b43f30,0,0,0,1,0,1,0,0,1,0,0,0,0,0,1,0
fce99ea110ffe86159363a7c,0,0,1,0,1,0,0,0,0,0,0,1,0,1,0,0
fcee0e8ff00179da5569bd54,0,0,0,1,0,1,0,0,1,0,0,0,0,0,1,0
fcefeac5b5900b1d87539613,1,0,0,0,0,0,0,1,0,1,0,0,0,0,1,0
fcf15a86a952d5994cc83d67,0,1,0,0,1,0,0,0,0,0,0,1,0,0,1,0
fcf6da0db661a5f6f06548da,1,0,0,0,0,0,1,0,0,0,0,1,0,1,0,0
fcf7c8c6ce5031816a77c8da,0,0,0,1,0,1,0,0,1,0,0,0,0,0,1,0
fcfa6a4abcd90734951150f2,0,0,0,1,0,1,0,0,1,0,0,0,0,0,1,0
fcfc03adcc4868e366b9b459,0,1,0,0,0,0,0,1,0,0,1,0,1,0,0,0
fcfc255bbe7bc7980807d6b7,0,0,1,0,0,1,0,0,1,0,0,0,0,0,0,1
fcfd998a486d0db8d3a1baf9,0,0,0,1,1,0,0,0,0,0,1,0,0,1,0,0
fd000e5337ad01e4d12ad1b1,0,0,0,1,1,0,0,0,0,0,1,0,0,1,0,0
fd0885af0e1efed707348146,1,0,0,0,0,0,0,1,0,0,1,0,0,1,0,0
fd09a8fedfe61472fe1ece54,0,1,0,0,1,0,0,0,0,0,1,0,0,0,0,1
fd0bf2695e76072e5574d6f2,1,0,0,0,0,1,0,0,0,0,1,0,0,0,0,1
fd12ae5370bfce913f572129,0,0,0,1,0,1,0,0,0,0,1,0,1,0,0,0
fd12fe66921d987f54d31e6f,0,0,0,1,0,0,1,0,0,1,0,0,1,0,0,0
fd1535a159bde20232a2ee10,1,0,0,0,0,0,0,1,0,1,0,0,0,0,1,0
fd15dd9d25c2722e6076f9f8,0,0,1,0,0,0,0,1,1,0,0,0,0,1,0,0
fd17e6e38741e60b2303c451,0,0,0,1,0,0,1,0,0,1,0,0,1,0,0,0
fd1991207e56616683dbbb76,0,0,0,1,1,0,0,0,0,0,1,0,0,1,0,0
fd26e85c2ca04ad7a8f49c03,0,0,0,1,0,0,1,0,0,1,0,0,1,0,0,0
fd29c8d56a616d63bbbef368,1,0,0,0,0,0,1,0,0,0,0,1,0,1,0,0
fd2ad0ba6611a54ca51d1211,0,0,1,0,0,1,0,0,0,0,0,1,1,0,0,0
fd3135ca94b033501ec8c5f5,1,0,0,0,0,0,0,1,0,1,0,0,0,0,1,0
fd36792fc69bbadf2e0aae7e,0,0,0,1,1,0,0,0,0,0,1,0,0,1,0,0
fd48deb584ff1346d99b8636,0,0,0,1,0,0,1,0,1,0,0,0,0,1,0,0
fd5749e90aa6ccdab51c56a2,0,0,1,0,0,1,0,0,0,0,0,1,1,0,0,0
fd57562ee6e446ad54d4d66b,0,0,0,1,0,0,1,0,0,1,0,0,1,0,0,0
fd611ffbab5d46d4e8bbc799,1,0,0,0,0,0,0,1,0,1,0,0,0,0,1,0
fd62185ad882a4f5c3c2f887,1,0,0,0,0,1,0,0,0,0,0,1,0,0,1,0
fd6a6be1b4aa4fbd49063c40,0,1,0,0,1,0,0,0,0,0,0,1,0,0,1,0
fd8dafbc014bba3a9bd50978,0,1,0,0,1,0,0,0,0,0,1,0,0,0,0,1
fd913982d29d3304c6440eca,0,0,0,1,1,0,0,0,0,0,1,0,0,1,0,0
fd9260b4e9986ea7bda933bb,0,1,0,0,0,0,0,1,1,0,0,0,0,0,1,0
fd938dc4f615065aeb5bbe41,1,0,0,0,0,0,0,1,0,0,1,0,0,1,0,0
fd93dc10cf682f35052b8b2f,0,0,1,0,0,0,0,1,1,0,0,0,0,1,0,0
fd948a9eb29d2c8a48391e0a,1,0,0,0,0,0,1,0,0,1,0,0,0,0,0,1
fd96904ff67dee066534c5ed,0,1,0,0,0,0,1,0,1,0,0,0,0,0,0,1
fd97e808101fe2d78f9b4581,0,0,1,0,0,1,0,0,0,0,0,1,1,0,0,0
fda114dbe5df4ae9e9186697,0,0,0,1,1,0,0,0,0,1,0,0,0,0,1,0
fda29505163411653e119502,0,1,0,0,0,0,0,1,0,0,1,0,1,0,0,0
fda98f4b49174c2e162d80f8,0,0,1,0,1,0,0,0,0,0,0,1,0,1,0,0
fdaa0d583e605497aeb69be9,0,1,0,0,0,0,1,0,1,0,0,0,0,0,0,1
fdaa91f2e10ce05335e80b03,1,0,0,0,0,1,0,0,0,0,1,0,0,0,0,1
fdac4ccea871917f67b977b4,0,1,0,0,0,0,1,0,0,0,0,1,1,0,0,0
fdb990fb52296c30946b6e97,0,0,0,1,1,0,0,0,0,1,0,0,0,0,1,0
fdbb3787193ae3bdaab6a42b,0,0,1,0,1,0,0,0,0,0,0,1,0,1,0,0
fdbeb3cfbfec0d38b5df5a04,0,0,1,0,0,0,0,1,1,0,0,0,0,1,0,0
fdc033ddce991c6d8621eba7,0,0,1,0,1,0,0,0,0,0,0,1,0,1,0,0
fdc2235f2da07b16e2c26941,1,0,0,0,0,1,0,0,0,0,1,0,0,0,0,1
fdca816d4ad49046385df107,0,1,0,0,0,0,1,0,1,0,0,0,0,0,0,1
fdcb79e0a753ec4ac2496b3a,0,0,1,0,0,0,0,1,1,0,0,0,0,1,0,0
fdcc100e5496063a757d3787,0,0,1,0,1,0,0,0,0,1,0,0,0,0,0,1
fdd060862ebd0a2d31a0584a,0,0,0,1,0,1,0,0,0,0,1,0,1,0,0,0
fddb77f8f073e35f428aa71c,0,0,1,0,0,1,0,0,0,0,0,1,1,0,0,0
fde6adf578f4f691762294c8,0,0,0,1,0,1,0,0,0,0,1,0,1,0,0,0
fdfb023175677f7998b663c9,1,0,0,0,0,0,0,1,0,0,1,0,0,1,0,0
fdfc758854aa0883caddc3b5,0,0,1,0,1,0,0,0,0,1,0,0,0,0,0,1
fe1464015b472378580670d7,0,1,0,0,0,0,0,1,0,0,1,0,1,0,0,0
fe148280ca8dfa05728a61d0,0,1,0,0,1,0,0,0,0,0,1,0,0,0,0,1
fe18e6f462bcb84302b02246,0,1,0,0,1,0,0,0,0,0,1,0,0,0,0,1
fe1cea959bcf7caae4ef8bab,0,1,0,0,0,0,1,0,0,0,0,1,1,0,0,0
fe24a1d0669a3d3e705b3853,0,0,0,1,1,0,0,0,0,1,0,0,0,0,1,0
fe26f42c537426c21c789797,0,0,0,1,0,0,1,0,0,1,0,0,1,0,0,0
fe28423c8e2c4d85a3928f9b,1,0,0,0,0,0,0,1,0,0,1,0,0,1,0,0
fe29940359a32335633b7382,0,0,0,1,0,1,0,0,1,0,0,0,0,0,1,0
fe431c155bc5490288a1fc86,0,0,1,0,1,0,0,0,0,0,0,1,0,1,0,0
fe48e3ee58a65d4486de9895,0,1,0,0,0,0,0,1,1,0,0,0,0,0,1,0
fe4922b651abb6345d68b752,1,0,0,0,0,0,1,0,0,1,0,0,0,0,0,1
fe5076cf947f0065d27d4504,1,0,0,0,0,0,0,1,0,0,1,0,0,1,0,0
fe50e68b5bd984bd39eaa03d,0,0,1,0,1,0,0,0,0,1,0,0,0,0,0,1
fe51bdf2ab6bb8b2d7dea732,0,0,1,0,1,0,0,0,0,0,0,1,0,1,0,0
fe5c3e8804d75224fcc0fd36,0,0,1,0,0,1,0,0,1,0,0,0,0,0,0,1
fe6620a0f81d479fd1bd3457,0,1,0,0,1,0,0,0,0,0,1,0,0,0,0,1
fe699024625252c230ead7a1,0,1,0,0,0,0,0,1,0,0,1,0,1,0,0,0
fe6e687d7200c9a189575f10,0,0,0,1,1,0,0,0,0,1,0,0,0,0,1,0
fe6f75ce6d9f2759c1a00305,1,0,0,0,0,0,0,1,0,0,1,0,0,1,0,0
fe73ee87d533b1809a582363,1,0,0,0,0,1,0,0,0,0,0,1,0,0,1,0
fe747bbc139aeed9d45f0f13,1,0,0,0,0,0,1,0,0,1,0,0,0,0,0,1
fe75b91f60376a0aa55adfab,0,0,1,0,1,0,0,0,0,0,0,1,0,1,0,0
fe78a44144a21df9eaa2c028,1,0,0,0,0,0,0,1,0,1,0,0,0,0,1,0
fe7fb299970746bb1dc7d9f7,0,1,0,0,1,0,0,0,0,0,0,1,0,0,1,0
feac220d1929a6e67668d571,0,0,1,0,0,0,0,1,1,0,0,0,0,1,0,0
feb46e795546739be60629f5,0,0,0,1,0,1,0,0,1,0,0,0,0,0,1,0
fec03af75c79bbb411c05b34,0,0,1,0,0,1,0,0,0,0,0,1,1,0,0,0
fec2cd7edcd16ac53571a67e,1,0,0,0,0,0,0,1,0,0,1,0,0,1,0,0
fec836f3a564b76d81a7b1c6,1,0,0,0,0,1,0,0,0,0,0,1,0,0,1,0
fec8b16dd008f097d3636d97,0,0,1,0,0,0,0,1,1,0,0,0,0,1,0,0
fece2986eafc8c93d3241f2e,0,0,1,0,0,1,0,0,0,0,0,1,1,0,0,0
fed1e3e6ea8cba223ce071d8,0,0,0,1,1,0,0,0,0,1,0,0,0,0,1,0
fed8ac2c814496420dc5c6ab,0,1,0,0,1,0,0,0,0,0,1,0,0,0,0,1
feddb49e795e85491eb73659,0,1,0,0,0,0,0,1,1,0,0,0,0,0,1,0
fee0b556959f65931588e262,0,0,1,0,1,0,0,0,0,0,0,1,0,1,0,0
fee4d25eeaf7a84653320f36,0,0,1,0,0,1,0,0,0,0,0,1,1,0,0,0
fee5da3115b5d37c43370504,0,0,1,0,1,0,0,0,0,0,0,1,0,1,0,0
fef47d2107119fa2acc937e4,0,0,1,0,1,0,0,0,0,1,0,0,0,0,0,1
fef73bab8e4dad2798ec8ec3,0,0,0,1,0,0,1,0,0,1,0,0,1,0,0,0
ff01e8c6890968af58d4505e,0,0,1,0,1,0,0,0,0,1,0,0,0,0,0,1
ff180e4ea3b474f2dd94e771,0,0,1,0,0,0,0,1,0,1,0,0,1,0,0,0
ff196c36361b83b61328aa24,0,0,0,1,1,0,0,0,0,0,1,0,0,1,0,0
ff2e982d2c1aabe2f28eae26,0,1,0,0,1,0,0,0,0,0,0,1,0,0,1,0
ff390309687b7888bd2c105f,1,0,0,0,0,0,0,1,0,1,0,0,0,0,1,0
ff3b414efd64bd0939e2f780,1,0,0,0,0,1,0,0,0,0,0,1,0,0,1,0
ff3c8fff95b687a590188158,0,0,0,1,1,0,0,0,0,0,1,0,0,1,0,0
ff3f3430431b20bba6902360,0,0,1,0,1,0,0,0,0,1,0,0,0,0,0,1
ff408848a0ccaf036bb5e49f,0,0,0,1,0,1,0,0,0,0,1,0,1,0,0,0
ff470980c7253018e0642608,0,0,0,1,1,0,0,0,0,1,0,0,0,0,1,0
ff500757bf1fbacb31e4f9c9,0,0,0,1,0,0,1,0,1,0,0,0,0,1,0,0
ff513155bb9e6a88926937cb,1,0,0,0,0,1,0,0,0,0,0,1,0,0,1,0
ff53ffa82ef9604907f1ac5c,0,0,1,0,0,1,0,0,0,0,0,1,1,0,0,0
ff64ae174c44195a069a675d,0,0,0,1,0,0,1,0,0,1,0,0,1,0,0,0
ff69619c6fe750ac850007a7,0,1,0,0,0,0,0,1,1,0,0,0,0,0,1,0
ff6e873ce4eea9fc9229fdb4,0,0,0,1,1,0,0,0,0,0,1,0,0,1,0,0
ff709b3d23521f60bf67c5ba,1,0,0,0,0,1,0,0,0,0,1,0,0,0,0,1
ff71942f48a62d9f721ff762,0,0,1,0,0,0,0,1,0,1,0,0,1,0,0,0
ff7a1e7e69244475e9034f5a,1,0,0,0,0,1,0,0,0,0,0,1,0,0,1,0
ff7e8150941128306c05b873,0,1,0,0,0,0,1,0,1,0,0,0,0,0,0,1
ff84fb81f3e6bde38d43ec80,0,1,0,0,1,0,0,0,0,0,1,0,0,0,0,1
ff86243b3dc92c4f514fbb3a,0,0,1,0,0,1,0,0,1,0,0,0,0,0,0,1
ff89ccadd55a0d4d0f3d9c0b,0,0,1,0,0,0,0,1,1,0,0,0,0,1,0,0
ff8de248d6b11c7862557554,0,0,0,1,0,1,0,0,1,0,0,0,0,0,1,0
ff90bbaa2abdd63c12795081,0,0,1,0,1,0,0,0,0,1,0,0,0,0,0,1
ff97b67c8686215974e8629a,0,0,0,1,0,1,0,0,1,0,0,0,0,0,1,0
ff9d02a0a1511b08ef332658,0,0,1,0,0,1,0,0,0,0,0,1,1,0,0,0
ffa2e4adb9b70f59e9f24c7e,0,1,0,0,0,0,0,1,0,0,1,0,1,0,0,0
ffa4332c46884c8a643e14fc,0,0,1,0,0,0,0,1,0,1,0,0,1,0,0,0
ffa48ac9f204fd6a59f83d94,1,0,0,0,0,0,0,1,0,1,0,0,0,0,1,0
ffb46ec81dc31fd0b46658c5,1,0,0,0,0,1,0,0,0,0,0,1,0,0,1,0
ffb633122ce6fecbbe23dea3,0,0,0,1,1,0,0,0,0,1,0,0,0,0,1,0
ffb824bf7448de7a9be5cec7,0,1,0,0,1,0,0,0,0,0,0,1,0,0,1,0
ffc49ca8018c2ea99927577f,0,0,0,1,1,0,0,0,0,1,0,0,0,0,1,0
ffc684d67c494e42f88f2c07,0,0,1,0,0,0,0,1,1,0,0,0,0,1,0,0
ffc92a745b607af2867f6c16,0,1,0,0,0,0,0,1,1,0,0,0,0,0,1,0
ffcc2e66065fda132162938b,0,0,1,0,0,0,0,1,1,0,0,0,0,1,0,0
ffe6f5b7b4f9c2d0747ce09a,0,0,0,1,0,0,1,0,1,0,0,0,0,1,0,0
fff1761822b687ff41d8a6d5,0,0,1,0,0,1,0,0,0,0,0,1,1,0,0,0
fff3eb9b3dca246514ae3168,0,0,1,0,0,1,0,0,0,0,0,1,1,0,0,0
fff7a24233d183617fb32035,0,0,1,0,0,0,0,1,1,0,0,0,0,1,0,0
fffa049b5aa4c38470c93102,0,0,1,0,1,0,0,0,0,0,0,1,0,1,0,0
fffbbf738f824f041f08a441,0,0,1,0,0,0,0,1,0,1,0,0,1,0,0,0
fffd5f86926aaded83a2bd1c,0,0,1,0,0,0,0,1,1,0,0,0,0,1,0,0
fffe63762e4e4a1eba0f7e15,0,0,0,1,0,1,0,0,0,0,1,0,1,0,0,0
